date,open,high,low,close,volume,ticker
2018-01-02,15.3,16.0,15.0,15.8,1617899.0,ALUA
2018-01-03,15.9,16.4,15.4,16.35,1572324.0,ALUA
2018-01-04,16.4,16.5,15.65,16.4,1346372.0,ALUA
2018-01-05,16.15,16.4,15.9,16.15,1177073.0,ALUA
2018-01-08,16.15,16.15,15.5,15.9,875677.0,ALUA
2018-01-09,15.9,16.15,15.55,15.75,613214.0,ALUA
2018-01-10,15.8,15.8,15.2,15.4,424104.0,ALUA
2018-01-11,15.4,15.6,15.15,15.4,446604.0,ALUA
2018-01-12,15.25,16.3,15.25,15.95,1299041.0,ALUA
2018-01-15,15.55,16.6,15.55,16.4,1950275.0,ALUA
2018-01-16,16.2,16.75,15.9,16.75,882011.0,ALUA
2018-01-17,16.4,16.75,16.2,16.55,906443.0,ALUA
2018-01-18,16.55,17.15,16.15,16.9,1578847.0,ALUA
2018-01-19,17.1,17.3,16.45,16.65,1422015.0,ALUA
2018-01-22,16.6,16.9,16.5,16.65,280790.0,ALUA
2018-01-23,16.75,17.0,16.2,16.8,792780.0,ALUA
2018-01-24,16.9,17.8,16.8,17.2,1517237.0,ALUA
2018-01-25,17.45,17.9,17.05,17.2,1006562.0,ALUA
2018-01-26,17.05,17.5,16.9,17.35,674267.0,ALUA
2018-01-29,17.3,17.4,17.0,17.1,1330062.0,ALUA
2018-01-30,17.3,17.3,16.4,17.2,1042337.0,ALUA
2018-01-31,16.95,17.15,16.75,17.0,1005392.0,ALUA
2018-02-01,17.0,17.15,16.4,16.7,533907.0,ALUA
2018-02-02,16.5,16.65,15.7,15.9,669653.0,ALUA
2018-02-05,15.7,15.7,14.85,15.1,604115.0,ALUA
2018-02-06,14.8,15.4,14.55,15.4,761966.0,ALUA
2018-02-07,15.45,16.0,15.1,15.95,1083627.0,ALUA
2018-02-08,16.0,16.5,15.2,15.9,591113.0,ALUA
2018-02-09,15.9,15.9,14.95,15.3,484388.0,ALUA
2018-02-14,15.4,15.65,15.1,15.15,338312.0,ALUA
2018-02-15,15.4,15.55,14.9,14.85,566891.0,ALUA
2018-02-16,14.9,15.25,14.9,15.15,480472.0,ALUA
2018-02-19,15.15,15.15,14.6,14.95,620188.0,ALUA
2018-02-20,14.95,15.1,14.3,14.75,951147.0,ALUA
2018-02-21,15.0,15.1,14.65,14.9,621090.0,ALUA
2018-02-22,14.9,15.0,14.3,14.7,457804.0,ALUA
2018-02-23,14.9,14.9,14.4,14.85,494859.0,ALUA
2018-02-26,14.8,14.95,14.6,14.7,306146.0,ALUA
2018-02-27,14.8,14.9,14.1,14.3,1167460.0,ALUA
2018-02-28,14.3,14.65,14.05,14.4,834115.0,ALUA
2018-03-01,14.3,14.65,13.8,14.15,779164.0,ALUA
2018-03-02,13.5,13.95,13.45,13.55,962933.0,ALUA
2018-03-05,13.4,13.8,13.4,13.8,727894.0,ALUA
2018-03-06,14.0,14.75,13.8,14.7,1130070.0,ALUA
2018-03-07,14.4,15.0,14.25,14.7,928171.0,ALUA
2018-03-08,14.7,15.3,14.5,14.7,543721.0,ALUA
2018-03-09,14.6,14.9,14.4,14.7,486071.0,ALUA
2018-03-12,14.7,15.0,14.5,14.8,371446.0,ALUA
2018-03-13,15.0,15.15,14.4,14.9,325772.0,ALUA
2018-03-14,14.9,14.9,14.4,14.7,771413.0,ALUA
2018-03-15,14.7,15.15,13.9,14.0,700082.0,ALUA
2018-03-16,14.1,14.3,13.7,13.85,361975.0,ALUA
2018-03-19,13.85,13.85,13.5,13.75,311303.0,ALUA
2018-03-20,13.75,14.0,13.3,13.8,506974.0,ALUA
2018-03-21,13.85,14.75,13.5,14.3,1425105.0,ALUA
2018-03-22,14.4,14.95,14.3,14.55,899603.0,ALUA
2018-03-23,14.55,14.9,14.0,14.1,427385.0,ALUA
2018-03-26,14.2,14.6,13.45,13.6,1303429.0,ALUA
2018-03-27,13.85,13.95,13.1,13.2,762862.0,ALUA
2018-03-28,13.3,13.7,13.1,13.6,741231.0,ALUA
2018-04-03,13.6,13.9,13.5,13.7,282925.0,ALUA
2018-04-04,13.65,13.9,13.5,13.65,232446.0,ALUA
2018-04-05,13.65,14.3,13.55,14.25,681008.0,ALUA
2018-04-06,14.25,14.3,13.7,13.8,318607.0,ALUA
2018-04-09,13.9,14.45,13.9,14.35,855706.0,ALUA
2018-04-10,14.5,14.85,14.3,14.8,1009205.0,ALUA
2018-04-11,14.9,15.0,14.5,14.65,292958.0,ALUA
2018-04-12,14.55,14.7,14.5,14.55,163374.0,ALUA
2018-04-13,14.5,14.7,14.3,14.5,194148.0,ALUA
2018-04-16,14.5,14.9,14.15,14.8,941844.0,ALUA
2018-04-17,14.8,15.25,14.8,15.05,1891427.0,ALUA
2018-04-18,15.2,15.45,15.1,15.45,1269112.0,ALUA
2018-04-19,15.5,15.75,15.1,15.7,1699554.0,ALUA
2018-04-20,15.75,15.8,15.5,15.5,885941.0,ALUA
2018-04-23,15.35,15.6,15.05,15.5,738820.0,ALUA
2018-04-24,15.3,15.65,14.4,14.8,1014680.0,ALUA
2018-04-25,14.8,14.8,14.3,14.75,668770.0,ALUA
2018-04-26,14.8,15.0,14.1,14.7,831322.0,ALUA
2018-04-27,14.85,15.2,14.6,15.05,655046.0,ALUA
2018-05-02,15.45,15.8,14.5,15.35,1366162.0,ALUA
2018-05-03,15.5,15.6,15.05,15.35,1496895.0,ALUA
2018-05-04,15.4,15.6,14.1,15.05,898656.0,ALUA
2018-05-07,15.05,15.4,14.0,14.15,863632.0,ALUA
2018-05-08,13.75,14.4,13.2,13.85,1859420.0,ALUA
2018-05-09,13.9,15.4,13.9,15.35,1523763.0,ALUA
2018-05-10,15.45,16.45,15.45,16.25,2151099.0,ALUA
2018-05-11,16.3,16.5,15.2,16.35,1035772.0,ALUA
2018-05-14,16.5,17.8,16.4,17.75,2182307.0,ALUA
2018-05-15,17.75,18.25,17.4,18.1,1915880.0,ALUA
2018-05-16,18.0,18.3,17.2,17.3,1536835.0,ALUA
2018-05-17,17.35,17.9,17.25,17.6,557419.0,ALUA
2018-05-18,17.6,17.85,17.4,17.8,297390.0,ALUA
2018-05-21,17.8,17.8,17.25,17.45,361241.0,ALUA
2018-05-22,17.85,17.95,17.3,17.35,637046.0,ALUA
2018-05-23,17.75,17.75,16.6,17.2,681809.0,ALUA
2018-05-24,17.0,17.15,16.55,16.85,272766.0,ALUA
2018-05-28,16.8,17.1,15.75,16.8,610335.0,ALUA
2018-05-29,16.8,16.8,15.8,16.15,498322.0,ALUA
2018-05-30,16.4,16.8,15.8,16.65,1481449.0,ALUA
2018-05-31,16.9,17.05,15.75,16.45,881286.0,ALUA
2018-06-01,16.5,17.0,15.3,15.85,700549.0,ALUA
2018-06-04,15.8,16.25,15.35,15.5,715056.0,ALUA
2018-06-05,15.55,16.3,15.55,16.3,830322.0,ALUA
2018-06-06,16.3,17.2,16.3,17.0,746764.0,ALUA
2018-06-07,17.4,17.4,16.5,16.9,328651.0,ALUA
2018-06-08,17.4,17.85,17.2,17.85,1065868.0,ALUA
2018-06-11,17.9,18.15,17.7,18.15,693040.0,ALUA
2018-06-12,18.15,18.5,16.95,17.7,619401.0,ALUA
2018-06-13,17.7,18.45,17.15,18.35,849855.0,ALUA
2018-06-14,18.3,19.25,18.3,19.0,1531497.0,ALUA
2018-06-15,19.0,19.1,18.65,19.0,625656.0,ALUA
2018-06-18,18.5,19.0,17.5,17.9,1288442.0,ALUA
2018-06-19,18.0,19.2,18.0,19.05,1974413.0,ALUA
2018-06-21,19.25,20.85,19.25,20.75,1764101.0,ALUA
2018-06-22,20.9,21.3,20.7,21.2,1208495.0,ALUA
2018-06-25,21.0,21.25,19.7,19.8,892473.0,ALUA
2018-06-26,20.0,20.35,19.1,19.8,782602.0,ALUA
2018-06-27,19.6,19.8,17.4,18.5,935621.0,ALUA
2018-06-28,18.5,19.3,18.3,19.3,1783245.0,ALUA
2018-06-29,19.55,20.8,19.55,20.65,1954978.0,ALUA
2018-07-02,20.8,21.0,19.8,20.25,660946.0,ALUA
2018-07-03,20.65,21.3,19.7,20.35,1208114.0,ALUA
2018-07-04,21.0,21.0,19.9,20.5,812392.0,ALUA
2018-07-05,20.85,21.2,20.05,21.15,1254382.0,ALUA
2018-07-06,21.0,21.65,20.55,21.65,1336388.0,ALUA
2018-07-10,21.8,22.3,21.25,22.3,1137714.0,ALUA
2018-07-11,22.0,22.4,20.9,21.75,804731.0,ALUA
2018-07-12,21.8,21.85,20.55,21.5,598242.0,ALUA
2018-07-13,21.0,21.7,20.3,21.0,933478.0,ALUA
2018-07-16,21.0,21.2,19.7,19.8,700701.0,ALUA
2018-07-17,20.25,20.3,19.4,20.0,622272.0,ALUA
2018-07-18,20.0,20.7,19.5,19.6,435456.0,ALUA
2018-07-19,19.7,20.15,18.8,18.8,768745.0,ALUA
2018-07-20,18.95,20.2,18.95,20.15,771762.0,ALUA
2018-07-23,20.1,21.0,20.0,21.0,732767.0,ALUA
2018-07-24,21.0,21.7,20.85,21.45,904235.0,ALUA
2018-07-25,21.3,21.75,21.1,21.65,537759.0,ALUA
2018-07-26,21.45,21.8,20.3,20.55,821859.0,ALUA
2018-07-27,20.85,20.85,20.05,20.5,413714.0,ALUA
2018-07-30,20.5,20.5,19.7,20.05,684616.0,ALUA
2018-07-31,19.8,19.9,19.4,19.85,609419.0,ALUA
2018-08-01,19.95,20.4,19.8,20.05,674434.0,ALUA
2018-08-02,20.2,20.35,19.75,20.3,359972.0,ALUA
2018-08-03,20.5,20.8,20.35,20.8,839910.0,ALUA
2018-08-06,20.5,20.95,19.95,20.3,616089.0,ALUA
2018-08-07,20.3,20.3,19.0,19.0,700640.0,ALUA
2018-08-08,19.2,19.2,17.7,17.75,822997.0,ALUA
2018-08-09,17.9,18.8,17.9,18.35,484065.0,ALUA
2018-08-10,18.0,19.45,17.05,19.45,747164.0,ALUA
2018-08-13,19.5,19.95,18.5,19.25,587318.0,ALUA
2018-08-14,19.85,19.95,19.0,19.95,529468.0,ALUA
2018-08-15,19.9,20.8,19.25,20.7,773086.0,ALUA
2018-08-16,20.65,21.0,19.95,20.45,682773.0,ALUA
2018-08-17,20.4,20.55,19.8,20.0,495725.0,ALUA
2018-08-21,19.9,20.7,19.35,20.7,1860120.0,ALUA
2018-08-22,20.7,21.1,20.6,20.95,1163531.0,ALUA
2018-08-23,20.9,21.35,20.65,21.0,922757.0,ALUA
2018-08-24,21.15,21.15,18.7,19.3,929063.0,ALUA
2018-08-27,19.15,20.0,18.6,18.7,386554.0,ALUA
2018-08-28,19.2,19.2,17.4,18.0,1094897.0,ALUA
2018-08-29,18.2,20.0,18.2,19.75,1099302.0,ALUA
2018-08-30,19.8,22.15,19.8,21.35,696970.0,ALUA
2018-08-31,22.0,23.15,21.8,23.05,1524385.0,ALUA
2018-09-03,22.95,23.0,21.15,21.75,1502849.0,ALUA
2018-09-04,21.75,21.9,21.0,21.2,570562.0,ALUA
2018-09-05,21.5,22.3,20.25,20.5,818462.0,ALUA
2018-09-06,21.05,21.05,19.3,19.6,1350829.0,ALUA
2018-09-07,19.9,20.45,19.55,20.25,1227431.0,ALUA
2018-09-10,21.0,21.0,20.3,20.4,547891.0,ALUA
2018-09-11,20.3,20.3,19.8,20.15,449868.0,ALUA
2018-09-12,20.2,20.35,19.8,20.0,565440.0,ALUA
2018-09-13,20.0,20.8,19.9,20.35,475116.0,ALUA
2018-09-14,20.6,21.1,20.4,20.4,360308.0,ALUA
2018-09-17,20.5,21.35,20.05,20.5,963069.0,ALUA
2018-09-18,20.5,21.1,20.4,20.8,1300494.0,ALUA
2018-09-19,20.6,21.0,19.8,20.5,1584332.0,ALUA
2018-09-20,20.0,20.85,19.8,20.0,1429685.0,ALUA
2018-09-21,20.0,20.7,19.8,19.95,1070668.0,ALUA
2018-09-24,20.25,20.35,19.6,20.2,621183.0,ALUA
2018-09-25,20.5,20.7,19.9,20.55,671462.0,ALUA
2018-09-26,20.65,21.0,20.0,20.95,830479.0,ALUA
2018-09-27,21.05,21.65,21.0,21.65,2954368.0,ALUA
2018-09-28,21.8,22.65,21.8,22.65,1602601.0,ALUA
2018-10-01,22.6,23.0,21.25,21.9,667869.0,ALUA
2018-10-02,21.1,21.7,20.55,21.0,613718.0,ALUA
2018-10-03,20.8,22.2,20.5,21.8,2214437.0,ALUA
2018-10-04,22.2,22.5,21.4,21.6,675156.0,ALUA
2018-10-05,21.6,22.0,20.65,21.0,311265.0,ALUA
2018-10-08,20.8,21.5,20.7,20.9,329265.0,ALUA
2018-10-09,21.0,21.4,19.6,20.0,622702.0,ALUA
2018-10-10,20.35,20.35,19.3,19.95,478624.0,ALUA
2018-10-11,19.9,20.0,18.8,18.8,596888.0,ALUA
2018-10-12,19.5,20.0,18.5,19.3,460004.0,ALUA
2018-10-16,19.3,19.55,19.0,19.2,166505.0,ALUA
2018-10-17,19.1,20.6,18.75,18.75,1116761.0,ALUA
2018-10-18,18.8,18.8,18.1,18.4,855060.0,ALUA
2018-10-19,18.45,19.25,18.2,19.0,758043.0,ALUA
2018-10-22,19.15,19.25,18.7,19.0,328821.0,ALUA
2018-10-23,19.0,19.25,18.25,18.7,150335.0,ALUA
2018-10-24,18.7,19.0,17.7,18.75,389009.0,ALUA
2018-10-25,18.75,19.15,18.25,18.55,537722.0,ALUA
2018-10-26,18.6,18.6,18.15,18.15,218084.0,ALUA
2018-10-29,18.1,18.6,17.0,17.7,315876.0,ALUA
2018-10-30,17.2,18.0,17.2,17.95,317631.0,ALUA
2018-10-31,18.1,18.55,17.9,18.5,532124.0,ALUA
2018-11-01,18.45,18.7,18.3,18.4,547562.0,ALUA
2018-11-02,18.45,19.2,18.35,18.6,381273.0,ALUA
2018-11-05,18.4,18.95,18.15,18.6,447791.0,ALUA
2018-11-06,18.1,18.8,18.1,18.65,129009.0,ALUA
2018-11-07,18.65,19.45,18.4,19.1,926002.0,ALUA
2018-11-08,19.4,19.4,18.2,18.7,395749.0,ALUA
2018-11-09,18.5,18.5,18.15,18.2,162223.0,ALUA
2018-11-12,18.4,18.4,17.8,18.05,118880.0,ALUA
2018-11-13,18.0,18.5,17.6,18.05,152169.0,ALUA
2018-11-14,18.1,18.7,17.9,18.0,371138.0,ALUA
2018-11-15,18.2,18.5,17.7,17.9,418862.0,ALUA
2018-11-16,18.35,18.7,17.9,18.65,234746.0,ALUA
2018-11-20,18.95,19.15,18.15,18.4,349958.0,ALUA
2018-11-21,18.6,18.8,18.0,18.1,371694.0,ALUA
2018-11-22,18.15,18.55,18.05,18.5,157669.0,ALUA
2018-11-23,18.55,19.15,18.5,19.15,409476.0,ALUA
2018-11-26,18.85,19.15,18.2,18.8,564638.0,ALUA
2018-11-27,19.05,19.05,18.2,18.55,251390.0,ALUA
2018-11-28,18.6,18.8,18.2,18.6,526407.0,ALUA
2018-11-29,18.5,19.1,18.3,19.05,323633.0,ALUA
2018-12-03,19.05,19.3,18.75,19.0,691037.0,ALUA
2018-12-04,19.2,19.2,18.45,18.7,381538.0,ALUA
2018-12-05,18.4,18.8,18.25,18.5,171588.0,ALUA
2018-12-06,18.25,18.75,18.25,18.6,387993.0,ALUA
2018-12-07,18.1,18.8,17.95,18.25,442335.0,ALUA
2018-12-10,18.1,18.3,17.8,18.3,349180.0,ALUA
2018-12-11,18.5,18.5,17.7,17.9,341559.0,ALUA
2018-12-12,18.0,18.2,17.55,17.8,487452.0,ALUA
2018-12-13,17.75,17.8,17.4,17.75,326429.0,ALUA
2018-12-14,17.7,17.75,17.45,17.6,317237.0,ALUA
2018-12-17,17.5,18.25,17.5,17.9,1237443.0,ALUA
2018-12-18,18.0,18.05,17.3,18.0,537227.0,ALUA
2018-12-19,18.0,18.4,17.9,18.25,799991.0,ALUA
2018-12-20,18.0,18.35,17.5,17.9,425095.0,ALUA
2018-12-21,17.7,18.05,16.5,17.5,364624.0,ALUA
2018-12-26,17.05,17.8,16.85,17.8,259613.0,ALUA
2018-12-27,17.8,18.2,17.25,18.1,152757.0,ALUA
2018-12-28,18.4,18.4,17.0,17.25,324991.0,ALUA
2019-01-02,17.95,17.95,17.0,17.15,262627.0,ALUA
2019-01-03,17.25,17.6,17.2,17.5,100135.0,ALUA
2019-01-04,17.5,17.8,17.35,17.6,508497.0,ALUA
2019-01-07,17.55,18.45,17.55,18.4,548509.0,ALUA
2019-01-08,18.4,18.7,18.0,18.7,877366.0,ALUA
2019-01-09,18.5,19.3,18.5,19.15,514444.0,ALUA
2019-01-10,19.15,19.2,18.7,19.0,653516.0,ALUA
2019-01-11,18.7,19.25,18.05,18.45,415526.0,ALUA
2019-01-14,18.75,18.9,17.8,18.1,536266.0,ALUA
2019-01-15,18.35,18.35,17.3,17.9,693288.0,ALUA
2019-01-16,17.9,18.25,17.75,18.05,241458.0,ALUA
2019-01-17,18.0,18.2,17.85,18.15,343421.0,ALUA
2019-01-18,18.1,18.4,18.0,18.25,348886.0,ALUA
2019-01-21,18.3,18.75,18.1,18.6,501202.0,ALUA
2019-01-22,18.7,18.7,18.1,18.35,396738.0,ALUA
2019-01-23,18.35,18.8,18.3,18.55,348686.0,ALUA
2019-01-24,18.7,18.7,18.25,18.5,263213.0,ALUA
2019-01-25,18.6,18.6,18.1,18.4,195660.0,ALUA
2019-01-28,18.15,18.3,17.6,17.9,226076.0,ALUA
2019-01-29,18.0,18.7,17.8,18.7,739060.0,ALUA
2019-01-30,18.7,19.45,18.7,19.3,1225481.0,ALUA
2019-01-31,19.3,19.5,18.7,19.0,457226.0,ALUA
2019-02-01,19.1,19.4,18.75,19.1,407539.0,ALUA
2019-02-04,19.1,19.1,18.5,18.5,581822.0,ALUA
2019-02-05,18.55,18.7,18.05,18.45,502782.0,ALUA
2019-02-06,18.5,18.7,18.15,18.15,324965.0,ALUA
2019-02-07,18.2,18.4,18.05,18.25,181337.0,ALUA
2019-02-08,18.3,18.65,18.15,18.6,232144.0,ALUA
2019-02-11,18.6,19.0,18.3,18.7,213554.0,ALUA
2019-02-12,18.7,18.9,18.4,18.55,296449.0,ALUA
2019-02-13,18.7,18.9,18.2,18.25,413013.0,ALUA
2019-02-14,18.45,18.6,18.15,18.55,177397.0,ALUA
2019-02-15,18.6,19.1,18.3,19.0,731889.0,ALUA
2019-02-18,19.0,20.1,18.95,20.0,1409274.0,ALUA
2019-02-19,20.0,20.35,19.15,19.6,1096043.0,ALUA
2019-02-20,19.55,20.1,19.1,19.4,927187.0,ALUA
2019-02-21,19.4,19.7,18.7,18.95,587935.0,ALUA
2019-02-22,18.8,19.3,18.5,18.95,356399.0,ALUA
2019-02-25,19.3,19.5,18.95,19.15,455180.0,ALUA
2019-02-26,19.25,19.3,18.5,19.0,317883.0,ALUA
2019-02-27,18.85,19.4,18.3,18.9,412147.0,ALUA
2019-02-28,18.8,19.0,18.25,18.7,571054.0,ALUA
2019-03-01,19.0,19.0,18.05,18.8,476224.0,ALUA
2019-03-06,18.85,18.85,17.8,18.4,337969.0,ALUA
2019-03-07,18.35,18.5,17.95,18.5,966646.0,ALUA
2019-03-08,18.75,18.75,17.6,18.1,503012.0,ALUA
2019-03-11,18.0,18.45,17.8,18.0,324581.0,ALUA
2019-03-12,18.4,18.5,17.8,18.2,439643.0,ALUA
2019-03-13,18.3,18.6,17.75,18.05,844051.0,ALUA
2019-03-14,18.0,18.3,17.65,18.0,480823.0,ALUA
2019-03-15,18.0,18.2,17.5,18.1,503692.0,ALUA
2019-03-18,18.3,18.4,17.3,17.8,1213898.0,ALUA
2019-03-19,17.8,18.15,17.15,17.65,810021.0,ALUA
2019-03-20,17.65,18.1,17.1,17.15,978033.0,ALUA
2019-03-21,17.2,17.6,16.5,16.7,988861.0,ALUA
2019-03-22,16.75,17.0,16.4,16.8,289814.0,ALUA
2019-03-25,17.0,17.2,16.55,16.7,355440.0,ALUA
2019-03-26,16.65,17.0,16.3,16.45,347510.0,ALUA
2019-03-27,16.4,16.8,16.0,16.8,269898.0,ALUA
2019-03-28,16.75,17.4,16.45,16.45,412138.0,ALUA
2019-03-29,16.6,17.4,16.6,17.3,603414.0,ALUA
2019-04-01,17.3,17.7,16.6,16.9,996677.0,ALUA
2019-04-03,16.85,17.25,15.8,16.1,655416.0,ALUA
2019-04-04,16.25,16.85,15.8,16.25,525624.0,ALUA
2019-04-05,16.25,16.95,16.25,16.85,1304213.0,ALUA
2019-04-08,16.8,17.2,16.7,17.1,309159.0,ALUA
2019-04-09,17.25,17.25,16.0,16.4,348333.0,ALUA
2019-04-10,16.4,16.6,16.0,16.4,260313.0,ALUA
2019-04-11,16.3,16.65,15.7,16.0,712413.0,ALUA
2019-04-12,16.0,16.45,14.9,14.95,823674.0,ALUA
2019-04-15,14.9,15.45,14.5,14.65,982228.0,ALUA
2019-04-16,14.7,15.25,14.7,15.2,569601.0,ALUA
2019-04-17,15.4,15.4,14.7,14.85,559896.0,ALUA
2019-04-22,14.8,14.95,14.5,14.8,381712.0,ALUA
2019-04-23,14.7,15.25,14.55,14.75,1084738.0,ALUA
2019-04-24,14.8,14.8,14.25,14.4,598049.0,ALUA
2019-04-25,14.15,14.55,13.5,14.55,1000136.0,ALUA
2019-04-26,14.5,15.55,14.5,15.5,1310204.0,ALUA
2019-04-29,15.0,15.85,14.8,15.4,397999.0,ALUA
2019-04-30,15.6,15.7,15.0,15.4,146586.0,ALUA
2019-05-02,15.3,15.65,15.0,15.45,305049.0,ALUA
2019-05-03,15.5,15.9,15.25,15.75,461449.0,ALUA
2019-05-06,15.5,15.9,15.0,15.45,327559.0,ALUA
2019-05-07,15.5,15.6,14.9,15.2,564089.0,ALUA
2019-05-08,15.2,15.75,14.9,15.05,705261.0,ALUA
2019-05-09,15.1,15.35,14.8,15.0,629281.0,ALUA
2019-05-10,14.85,15.65,14.85,15.45,1875081.0,ALUA
2019-05-13,15.0,15.85,14.85,15.7,496335.0,ALUA
2019-05-14,15.7,16.25,15.15,15.55,645759.0,ALUA
2019-05-15,15.65,15.65,15.25,15.6,172174.0,ALUA
2019-05-16,15.45,15.7,15.3,15.4,253147.0,ALUA
2019-05-17,15.5,15.85,15.15,15.6,285652.0,ALUA
2019-05-20,15.1,15.7,15.1,15.35,213905.0,ALUA
2019-05-21,15.3,15.65,15.1,15.5,371575.0,ALUA
2019-05-22,15.75,15.75,15.25,15.5,296990.0,ALUA
2019-05-23,15.3,15.5,15.15,15.35,237063.0,ALUA
2019-05-24,15.3,15.6,15.05,15.15,537020.0,ALUA
2019-05-27,15.35,15.35,15.0,15.3,222352.0,ALUA
2019-05-28,15.25,15.35,15.05,15.1,260196.0,ALUA
2019-05-29,15.25,15.25,14.85,15.15,362344.0,ALUA
2019-05-30,15.15,15.25,14.85,14.9,562502.0,ALUA
2019-05-31,15.1,15.1,14.8,14.95,449582.0,ALUA
2019-06-03,15.2,15.2,14.6,14.95,519057.0,ALUA
2019-06-04,15.0,15.3,14.8,15.0,924010.0,ALUA
2019-06-05,14.95,15.35,14.7,15.0,901424.0,ALUA
2019-06-06,15.0,15.7,14.85,15.55,928579.0,ALUA
2019-06-07,15.55,15.8,15.3,15.65,448075.0,ALUA
2019-06-10,15.65,16.2,15.35,16.1,1153652.0,ALUA
2019-06-11,16.5,16.7,15.85,16.6,952334.0,ALUA
2019-06-12,16.7,17.35,16.7,17.3,939439.0,ALUA
2019-06-13,17.0,17.55,16.7,17.0,608448.0,ALUA
2019-06-14,17.0,17.15,16.5,16.6,562452.0,ALUA
2019-06-18,16.7,17.3,16.6,16.7,871477.0,ALUA
2019-06-19,16.7,16.85,16.25,16.6,826551.0,ALUA
2019-06-21,16.5,16.8,15.9,16.3,1766172.0,ALUA
2019-06-24,16.1,16.3,15.25,16.0,489716.0,ALUA
2019-06-25,15.65,17.0,15.6,16.8,1007513.0,ALUA
2019-06-26,17.0,17.6,16.75,17.3,1442630.0,ALUA
2019-06-27,17.4,17.7,17.05,17.7,1820149.0,ALUA
2019-06-28,17.8,18.1,17.0,18.1,681559.0,ALUA
2019-07-01,18.1,18.85,18.1,18.6,952419.0,ALUA
2019-07-02,18.1,18.95,18.1,18.6,767556.0,ALUA
2019-07-03,18.8,19.35,18.55,19.2,1053286.0,ALUA
2019-07-04,19.45,19.45,18.85,19.2,353768.0,ALUA
2019-07-05,19.15,19.45,18.6,19.3,490327.0,ALUA
2019-07-10,19.3,19.35,18.0,19.0,565400.0,ALUA
2019-07-11,19.3,19.4,18.6,19.4,703115.0,ALUA
2019-07-12,19.45,19.6,18.9,19.0,505790.0,ALUA
2019-07-15,19.1,19.15,18.3,18.9,612607.0,ALUA
2019-07-16,18.9,19.2,18.45,18.75,513065.0,ALUA
2019-07-17,18.7,18.9,18.05,18.5,650136.0,ALUA
2019-07-18,18.5,18.5,17.65,18.05,949172.0,ALUA
2019-07-19,18.4,18.4,17.75,18.2,345527.0,ALUA
2019-07-22,17.8,18.0,17.25,17.7,324539.0,ALUA
2019-07-23,17.2,17.8,17.2,17.6,160315.0,ALUA
2019-07-24,18.0,18.0,17.35,17.5,481271.0,ALUA
2019-07-25,17.95,17.95,16.85,17.2,476817.0,ALUA
2019-07-26,16.85,17.5,16.85,17.5,303776.0,ALUA
2019-07-29,17.15,17.8,17.15,17.75,522447.0,ALUA
2019-07-30,17.75,17.95,17.35,17.35,434514.0,ALUA
2019-07-31,17.4,17.8,17.3,17.7,534344.0,ALUA
2019-08-01,17.6,18.0,17.3,17.5,374150.0,ALUA
2019-08-02,17.5,17.9,17.25,17.9,739700.0,ALUA
2019-08-05,17.65,17.8,17.3,17.65,403905.0,ALUA
2019-08-06,17.8,17.8,17.35,17.8,165453.0,ALUA
2019-08-07,17.6,17.6,17.05,17.5,221483.0,ALUA
2019-08-08,17.2,17.65,17.1,17.2,370531.0,ALUA
2019-08-09,17.0,18.0,17.0,17.6,607544.0,ALUA
2019-08-12,15.0,16.0,13.0,14.5,1356089.0,ALUA
2019-08-13,15.0,17.25,14.7,17.25,3646113.0,ALUA
2019-08-14,17.25,18.65,16.9,17.5,1974633.0,ALUA
2019-08-15,17.6,19.6,17.55,19.25,1917755.0,ALUA
2019-08-16,19.2,20.15,18.95,19.55,1021730.0,ALUA
2019-08-20,19.0,20.0,18.75,19.5,983140.0,ALUA
2019-08-21,19.5,21.0,19.4,20.9,1564853.0,ALUA
2019-08-22,20.85,21.85,20.35,20.75,950638.0,ALUA
2019-08-23,20.7,20.9,20.15,20.7,466657.0,ALUA
2019-08-26,20.7,21.2,20.45,21.0,601248.0,ALUA
2019-08-27,20.9,21.4,19.1,20.15,794872.0,ALUA
2019-08-28,20.1,20.9,19.8,20.25,373065.0,ALUA
2019-08-29,20.0,20.0,19.25,19.5,345859.0,ALUA
2019-08-30,19.05,21.2,19.05,21.2,1127046.0,ALUA
2019-09-02,20.0,22.4,20.0,22.0,997730.0,ALUA
2019-09-03,22.05,22.1,19.4,20.9,730768.0,ALUA
2019-09-04,20.9,21.7,20.8,21.1,558539.0,ALUA
2019-09-05,21.7,22.4,21.0,21.05,613704.0,ALUA
2019-09-06,21.55,21.7,20.35,20.5,955960.0,ALUA
2019-09-09,20.5,20.65,19.55,19.95,575525.0,ALUA
2019-09-10,19.95,20.45,19.65,20.45,632127.0,ALUA
2019-09-11,20.05,21.25,20.05,21.0,442860.0,ALUA
2019-09-12,21.0,21.85,21.0,21.6,467741.0,ALUA
2019-09-13,21.75,23.0,21.3,23.0,677628.0,ALUA
2019-09-16,23.0,23.75,22.3,23.45,947570.0,ALUA
2019-09-17,23.2,23.8,22.0,23.35,403274.0,ALUA
2019-09-18,23.3,23.8,22.85,23.4,154542.0,ALUA
2019-09-19,23.4,23.5,22.6,22.8,274722.0,ALUA
2019-09-20,23.15,23.4,22.65,22.7,233752.0,ALUA
2019-09-23,22.5,22.85,21.65,21.85,329153.0,ALUA
2019-09-24,21.8,22.4,20.9,21.7,312617.0,ALUA
2019-09-25,21.65,21.9,21.3,21.85,1134212.0,ALUA
2019-09-26,21.45,22.25,21.45,21.8,375847.0,ALUA
2019-09-27,22.0,22.4,21.5,21.6,328924.0,ALUA
2019-09-30,22.0,22.0,20.9,21.45,429704.0,ALUA
2019-10-01,21.35,22.35,21.2,22.25,438673.0,ALUA
2019-10-02,22.25,22.8,22.25,22.7,500430.0,ALUA
2019-10-03,22.7,22.7,21.9,22.7,348400.0,ALUA
2019-10-04,22.85,23.0,22.25,22.45,634668.0,ALUA
2019-10-07,22.85,22.85,22.5,22.7,494700.0,ALUA
2019-10-08,22.75,23.2,22.5,23.15,753806.0,ALUA
2019-10-09,23.25,23.5,22.95,23.45,651143.0,ALUA
2019-10-10,23.45,24.8,23.45,24.75,1009688.0,ALUA
2019-10-11,24.65,25.4,24.4,25.0,670626.0,ALUA
2019-10-15,24.9,24.9,24.0,24.6,315421.0,ALUA
2019-10-16,24.9,24.9,23.5,24.0,464217.0,ALUA
2019-10-17,23.6,24.85,23.5,24.8,576440.0,ALUA
2019-10-18,24.45,25.3,24.4,24.85,660694.0,ALUA
2019-10-21,25.1,25.1,23.9,24.15,685761.0,ALUA
2019-10-22,24.2,26.15,23.9,26.15,1406890.0,ALUA
2019-10-23,25.7,26.1,24.3,24.55,945470.0,ALUA
2019-10-24,24.6,26.6,24.6,26.3,1306233.0,ALUA
2019-10-25,26.5,28.95,26.5,27.95,1391950.0,ALUA
2019-10-28,29.05,29.65,26.0,28.4,839370.0,ALUA
2019-10-29,28.4,29.6,28.2,29.5,990458.0,ALUA
2019-10-30,29.55,31.5,29.55,31.45,873413.0,ALUA
2019-10-31,31.95,34.15,31.55,33.6,1015090.0,ALUA
2019-11-01,33.6,37.0,33.6,36.95,1420404.0,ALUA
2019-11-04,37.0,39.0,36.3,37.6,1121156.0,ALUA
2019-11-05,37.45,37.45,34.25,36.45,1176001.0,ALUA
2019-11-06,36.1,36.1,34.05,35.15,248047.0,ALUA
2019-11-07,34.5,36.2,33.25,34.3,765461.0,ALUA
2019-11-08,34.0,34.5,30.1,30.95,3087054.0,ALUA
2019-11-11,31.2,33.45,30.9,32.55,1043846.0,ALUA
2019-11-12,32.5,33.8,31.2,32.9,447491.0,ALUA
2019-11-13,32.8,33.35,31.45,32.45,633308.0,ALUA
2019-11-14,32.2,33.0,30.5,31.0,529845.0,ALUA
2019-11-15,31.1,32.2,30.0,32.1,334377.0,ALUA
2019-11-19,32.1,32.95,30.5,32.95,503777.0,ALUA
2019-11-20,33.0,34.4,32.5,34.4,954050.0,ALUA
2019-11-21,34.85,35.5,34.05,35.0,479842.0,ALUA
2019-11-22,35.55,36.3,34.5,35.4,589261.0,ALUA
2019-11-26,34.25,34.9,33.15,34.4,462538.0,ALUA
2019-11-27,34.85,34.85,32.5,33.8,1166695.0,ALUA
2019-11-28,33.85,34.7,33.4,34.5,458731.0,ALUA
2019-11-29,34.5,35.25,34.3,35.2,493972.0,ALUA
2019-12-02,33.5,33.5,30.75,31.0,1953177.0,ALUA
2019-12-03,30.5,30.75,29.0,29.3,1808905.0,ALUA
2019-12-04,29.35,30.25,28.3,29.4,1566674.0,ALUA
2019-12-05,29.85,30.6,29.35,30.55,1072243.0,ALUA
2019-12-06,30.85,31.7,30.85,31.5,834269.0,ALUA
2019-12-09,31.5,31.95,30.3,30.5,645378.0,ALUA
2019-12-10,30.4,31.4,30.3,31.0,564774.0,ALUA
2019-12-11,31.0,32.2,31.0,32.1,592908.0,ALUA
2019-12-12,32.2,32.8,31.5,32.0,370861.0,ALUA
2019-12-13,32.0,32.65,32.0,32.5,640381.0,ALUA
2019-12-16,32.8,33.3,31.0,32.6,670644.0,ALUA
2019-12-17,32.0,32.9,32.0,32.8,270274.0,ALUA
2019-12-18,33.0,33.3,32.0,32.7,1008095.0,ALUA
2019-12-19,33.0,33.25,31.9,31.9,569727.0,ALUA
2019-12-20,32.0,32.8,31.1,31.75,714455.0,ALUA
2019-12-23,32.0,32.4,31.5,31.9,535434.0,ALUA
2019-12-26,32.0,33.0,31.9,32.5,916458.0,ALUA
2019-12-27,32.5,33.25,32.0,32.45,464336.0,ALUA
2019-12-30,32.55,32.95,31.6,32.4,330835.0,ALUA
2020-01-02,32.4,32.8,31.15,32.0,568721.0,ALUA
2020-01-03,31.25,32.0,29.8,30.45,852801.0,ALUA
2020-01-06,30.2,31.15,28.5,31.0,377922.0,ALUA
2020-01-07,31.1,31.8,30.4,30.9,429416.0,ALUA
2020-01-08,31.0,31.4,29.75,29.9,772498.0,ALUA
2020-01-09,30.5,30.5,29.0,29.3,1197570.0,ALUA
2020-01-10,29.75,29.85,29.05,29.15,712176.0,ALUA
2020-01-13,29.4,29.85,28.2,29.1,636435.0,ALUA
2020-01-14,29.0,31.8,28.35,31.8,1173564.0,ALUA
2020-01-15,32.0,33.1,32.0,32.75,1598251.0,ALUA
2020-01-16,33.3,35.1,33.25,34.8,2211176.0,ALUA
2020-01-17,35.25,35.5,33.3,33.5,1200628.0,ALUA
2020-01-20,33.5,34.8,33.35,33.6,460379.0,ALUA
2020-01-21,33.7,34.0,32.3,33.5,541079.0,ALUA
2020-01-22,33.5,33.5,31.8,32.6,966554.0,ALUA
2020-01-23,33.0,33.15,31.9,33.0,554238.0,ALUA
2020-01-24,33.2,33.5,31.8,33.35,693237.0,ALUA
2020-01-27,34.7,35.5,34.0,34.85,2041371.0,ALUA
2020-01-28,35.1,35.5,33.6,34.65,999121.0,ALUA
2020-01-29,34.65,35.0,33.0,33.15,717349.0,ALUA
2020-01-30,33.25,33.35,32.05,33.0,850709.0,ALUA
2020-01-31,32.9,33.45,32.3,32.6,244240.0,ALUA
2020-02-03,32.7,33.45,32.1,32.55,270296.0,ALUA
2020-02-04,33.25,33.25,31.8,32.1,312446.0,ALUA
2020-02-05,31.8,33.0,31.5,31.95,302576.0,ALUA
2020-02-06,32.2,32.3,31.55,31.9,205587.0,ALUA
2020-02-07,32.5,32.5,31.6,31.9,198244.0,ALUA
2020-02-10,32.1,32.9,30.3,30.8,617542.0,ALUA
2020-02-11,30.7,30.7,29.2,29.35,585142.0,ALUA
2020-02-12,29.8,30.15,29.35,29.6,327599.0,ALUA
2020-02-13,29.6,29.6,27.4,28.3,755644.0,ALUA
2020-02-14,28.4,29.5,27.9,29.3,569074.0,ALUA
2020-02-17,29.5,30.7,29.4,30.7,456318.0,ALUA
2020-02-18,30.9,31.0,29.1,29.4,713883.0,ALUA
2020-02-19,29.1,30.0,29.1,29.4,368617.0,ALUA
2020-02-20,29.5,29.8,28.4,29.0,393439.0,ALUA
2020-02-21,29.0,29.4,28.6,28.8,213709.0,ALUA
2020-02-26,27.45,27.95,26.4,27.7,334027.0,ALUA
2020-02-27,27.75,28.0,25.5,25.65,465900.0,ALUA
2020-02-28,25.7,26.6,24.05,26.3,1584457.0,ALUA
2020-03-02,26.8,27.45,26.55,27.35,461986.0,ALUA
2020-03-03,27.5,28.0,25.5,26.1,674406.0,ALUA
2020-03-04,26.2,27.0,26.2,26.95,311922.0,ALUA
2020-03-05,27.0,27.3,25.7,25.85,307325.0,ALUA
2020-03-06,25.55,26.4,24.8,25.9,308092.0,ALUA
2020-03-09,24.2,24.85,23.0,23.4,523027.0,ALUA
2020-03-10,24.1,25.2,23.5,23.8,743169.0,ALUA
2020-03-11,24.0,24.1,21.2,21.6,741715.0,ALUA
2020-03-12,20.9,20.9,18.5,19.4,837099.0,ALUA
2020-03-13,20.0,21.2,19.35,20.5,893381.0,ALUA
2020-03-16,19.0,19.5,17.8,17.8,576567.0,ALUA
2020-03-17,18.5,18.7,17.05,17.25,635734.0,ALUA
2020-03-18,17.0,17.0,13.5,14.0,1467709.0,ALUA
2020-03-19,14.05,16.0,13.55,15.8,1705244.0,ALUA
2020-03-20,15.9,17.75,15.9,17.45,987013.0,ALUA
2020-03-25,18.05,19.0,17.6,18.55,723333.0,ALUA
2020-03-26,19.0,19.75,18.5,19.2,555300.0,ALUA
2020-03-27,18.5,19.0,17.0,18.05,651803.0,ALUA
2020-03-30,18.05,19.0,17.2,18.6,397874.0,ALUA
2020-04-01,18.0,19.35,18.0,19.15,485046.0,ALUA
2020-04-02,19.15,19.9,19.0,19.8,659248.0,ALUA
2020-04-03,19.6,20.5,19.5,20.5,434138.0,ALUA
2020-04-06,20.65,21.9,20.65,21.85,733186.0,ALUA
2020-04-07,22.0,22.8,21.9,22.75,718595.0,ALUA
2020-04-08,23.0,23.5,23.0,23.5,542629.0,ALUA
2020-04-13,24.0,24.8,22.05,24.6,1146733.0,ALUA
2020-04-14,24.95,26.3,24.6,25.9,1053479.0,ALUA
2020-04-15,26.0,26.3,24.0,26.1,818348.0,ALUA
2020-04-16,26.1,26.45,24.0,24.85,735550.0,ALUA
2020-04-17,25.0,26.0,24.9,25.8,523159.0,ALUA
2020-04-20,25.6,26.6,24.5,26.6,467426.0,ALUA
2020-04-21,26.4,26.6,25.65,26.25,561802.0,ALUA
2020-04-22,26.6,27.4,26.35,27.35,486197.0,ALUA
2020-04-23,27.9,27.9,26.7,27.65,795679.0,ALUA
2020-04-24,27.65,27.9,26.0,26.8,516150.0,ALUA
2020-04-27,27.5,27.8,26.8,27.8,400079.0,ALUA
2020-04-28,27.95,28.8,27.75,28.55,771083.0,ALUA
2020-04-29,29.0,29.3,27.0,29.1,766877.0,ALUA
2020-04-30,29.95,30.7,29.0,30.4,896596.0,ALUA
2020-05-04,30.8,30.9,29.4,30.05,434172.0,ALUA
2020-05-05,31.0,31.85,30.35,31.8,888008.0,ALUA
2020-05-06,31.95,32.35,30.5,31.8,949638.0,ALUA
2020-05-07,31.7,32.35,31.0,31.35,1097920.0,ALUA
2020-05-08,31.7,32.15,30.1,30.35,1051279.0,ALUA
2020-05-11,30.6,31.55,29.0,31.5,967925.0,ALUA
2020-05-12,31.5,32.25,30.05,31.25,1097813.0,ALUA
2020-05-13,32.0,32.1,28.4,30.5,655819.0,ALUA
2020-05-14,29.4,31.45,29.4,31.25,819834.0,ALUA
2020-05-15,31.5,32.15,31.45,31.6,788730.0,ALUA
2020-05-18,32.15,32.5,31.1,31.45,689801.0,ALUA
2020-05-19,31.45,32.0,31.0,31.55,638676.0,ALUA
2020-05-20,31.45,32.0,30.05,31.0,785533.0,ALUA
2020-05-21,31.0,31.5,30.5,31.5,926283.0,ALUA
2020-05-22,31.3,31.95,31.0,31.25,541589.0,ALUA
2020-05-26,31.25,32.0,30.7,31.45,311393.0,ALUA
2020-05-27,31.35,32.2,30.05,32.0,627712.0,ALUA
2020-05-28,32.0,33.2,31.1,32.95,1671783.0,ALUA
2020-05-29,33.0,34.0,32.5,33.9,945878.0,ALUA
2020-06-01,34.25,35.6,34.0,35.5,1161761.0,ALUA
2020-06-02,35.95,37.1,35.9,36.85,911040.0,ALUA
2020-06-03,36.9,38.4,36.1,37.7,930841.0,ALUA
2020-06-04,38.5,38.7,36.05,38.4,741673.0,ALUA
2020-06-05,38.5,40.3,38.5,40.1,1742884.0,ALUA
2020-06-08,40.2,42.1,40.2,42.0,774519.0,ALUA
2020-06-09,41.8,42.0,38.0,42.0,1098598.0,ALUA
2020-06-10,41.9,42.0,39.5,41.8,1220746.0,ALUA
2020-06-11,41.0,41.3,39.0,40.0,873609.0,ALUA
2020-06-12,40.5,41.0,38.05,39.9,645407.0,ALUA
2020-06-16,39.9,41.75,39.9,40.65,1179250.0,ALUA
2020-06-17,41.25,41.4,38.05,38.7,715567.0,ALUA
2020-06-18,38.6,38.6,34.8,37.5,970785.0,ALUA
2020-06-19,38.0,39.5,37.5,39.35,1107419.0,ALUA
2020-06-22,39.5,40.25,38.8,40.1,701426.0,ALUA
2020-06-23,40.1,41.1,40.0,40.7,1042685.0,ALUA
2020-06-24,40.6,40.65,39.5,40.4,632161.0,ALUA
2020-06-25,40.45,41.5,40.2,40.7,354301.0,ALUA
2020-06-26,40.7,40.7,38.05,38.4,480461.0,ALUA
2020-06-29,39.35,40.15,38.05,38.85,226384.0,ALUA
2020-06-30,39.0,39.0,35.8,36.5,784159.0,ALUA
2020-07-01,36.5,37.7,35.75,37.45,466986.0,ALUA
2020-07-02,37.6,38.35,36.2,37.0,395550.0,ALUA
2020-07-03,37.0,37.45,35.6,36.65,278939.0,ALUA
2020-07-06,37.1,38.9,36.95,37.9,1020812.0,ALUA
2020-07-07,37.0,38.0,36.8,36.95,453883.0,ALUA
2020-07-08,37.15,38.0,36.35,36.85,726423.0,ALUA
2020-07-13,37.8,37.9,36.35,36.5,726944.0,ALUA
2020-07-14,36.55,37.4,35.4,36.7,632335.0,ALUA
2020-07-15,37.4,37.5,36.8,37.35,512652.0,ALUA
2020-07-16,37.5,38.15,37.0,37.25,476632.0,ALUA
2020-07-17,37.5,38.3,37.3,38.3,525246.0,ALUA
2020-07-20,38.5,39.6,38.5,39.6,653244.0,ALUA
2020-07-21,39.65,40.35,39.65,40.25,603900.0,ALUA
2020-07-22,40.5,43.0,40.2,42.65,1197189.0,ALUA
2020-07-23,43.0,44.25,37.8,41.4,1137062.0,ALUA
2020-07-24,41.2,42.2,39.7,42.0,1235465.0,ALUA
2020-07-27,42.2,43.0,41.1,42.95,881462.0,ALUA
2020-07-28,43.0,43.5,42.0,43.0,597489.0,ALUA
2020-07-29,43.6,44.0,42.85,43.75,527797.0,ALUA
2020-07-30,44.0,44.95,42.2,44.95,685767.0,ALUA
2020-07-31,44.95,46.0,44.0,45.65,643672.0,ALUA
2020-08-03,46.0,47.85,44.2,47.0,1204318.0,ALUA
2020-08-04,49.8,51.0,44.1,47.9,1500728.0,ALUA
2020-08-05,48.3,48.35,45.5,46.75,1175593.0,ALUA
2020-08-06,46.0,46.95,45.05,46.7,716286.0,ALUA
2020-08-07,46.0,48.0,46.0,48.0,760415.0,ALUA
2020-08-10,48.15,49.3,48.0,49.2,575863.0,ALUA
2020-08-11,49.7,52.4,49.4,51.0,1483976.0,ALUA
2020-08-12,52.4,52.8,48.6,50.8,861665.0,ALUA
2020-08-13,51.0,51.6,50.9,51.4,881040.0,ALUA
2020-08-14,51.4,51.8,46.0,48.95,740215.0,ALUA
2020-08-18,48.3,48.75,45.0,45.95,642707.0,ALUA
2020-08-19,46.35,48.2,46.0,48.1,493812.0,ALUA
2020-08-20,48.95,50.0,48.1,49.8,563850.0,ALUA
2020-08-21,50.0,51.0,48.45,49.25,586798.0,ALUA
2020-08-24,49.0,50.5,47.5,50.2,750877.0,ALUA
2020-08-25,50.0,51.2,48.9,51.0,1007336.0,ALUA
2020-08-26,51.1,52.1,49.2,49.95,810318.0,ALUA
2020-08-27,49.0,50.4,47.8,48.0,553940.0,ALUA
2020-08-28,48.3,49.5,46.15,47.8,763151.0,ALUA
2020-08-31,48.0,49.2,47.8,49.1,429389.0,ALUA
2020-09-01,49.5,50.2,48.4,49.35,410854.0,ALUA
2020-09-02,49.45,49.45,47.5,48.05,292623.0,ALUA
2020-09-03,47.5,48.8,46.4,47.95,219696.0,ALUA
2020-09-04,47.65,48.5,46.8,48.45,225711.0,ALUA
2020-09-07,49.45,49.5,48.5,49.2,171691.0,ALUA
2020-09-08,49.0,49.6,48.2,49.6,470730.0,ALUA
2020-09-09,49.8,51.0,49.5,50.9,777088.0,ALUA
2020-09-10,51.0,51.8,50.0,51.4,675731.0,ALUA
2020-09-11,51.6,51.9,49.6,50.0,560164.0,ALUA
2020-09-14,50.2,51.0,48.6,50.5,647345.0,ALUA
2020-09-15,50.4,50.5,49.1,50.3,238838.0,ALUA
2020-09-16,49.25,49.5,45.5,49.0,901835.0,ALUA
2020-09-17,47.8,48.85,42.7,43.45,1312191.0,ALUA
2020-09-18,42.5,45.3,41.0,44.5,595417.0,ALUA
2020-09-21,41.9,43.7,41.9,42.9,434133.0,ALUA
2020-09-22,43.85,44.95,43.1,44.9,0.0,ALUA
2020-09-23,45.0,47.0,44.5,47.0,635276.0,ALUA
2020-09-24,47.5,47.8,46.6,46.75,653135.0,ALUA
2020-09-25,47.5,48.0,46.2,47.5,406723.0,ALUA
2020-09-28,47.5,48.5,47.5,48.5,457672.0,ALUA
2020-09-29,48.95,49.9,47.5,49.85,1259909.0,ALUA
2020-09-30,49.9,50.6,46.6,47.3,1177751.0,ALUA
2020-10-01,47.2,48.35,46.4,48.3,524310.0,ALUA
2020-10-02,48.7,50.2,48.0,50.1,1355757.0,ALUA
2020-10-05,50.3,51.0,49.5,51.0,853537.0,ALUA
2020-10-06,50.9,53.7,49.6,53.4,1782854.0,ALUA
2020-10-07,53.9,54.9,53.1,54.2,1778326.0,ALUA
2020-10-08,54.8,55.0,51.7,53.0,917104.0,ALUA
2020-10-09,53.0,53.9,52.0,53.0,612207.0,ALUA
2020-10-13,53.0,53.7,50.2,51.3,893684.0,ALUA
2020-10-14,51.5,52.9,50.2,52.8,1133752.0,ALUA
2020-10-15,52.9,54.3,52.7,54.3,1487523.0,ALUA
2020-10-16,54.0,54.5,52.7,53.9,988120.0,ALUA
2020-10-19,53.7,54.5,50.7,51.3,1268092.0,ALUA
2020-10-20,50.9,51.9,48.5,50.9,1216475.0,ALUA
2020-10-21,51.7,52.5,50.7,52.4,1944566.0,ALUA
2020-10-22,52.7,53.0,51.2,52.4,1140616.0,ALUA
2020-10-23,52.4,53.0,50.4,53.0,1307657.0,ALUA
2020-10-26,52.8,53.0,50.5,51.4,1060958.0,ALUA
2020-10-27,51.4,52.0,49.0,49.5,522358.0,ALUA
2020-10-28,48.5,49.5,46.0,47.0,1129003.0,ALUA
2020-10-29,47.1,49.0,47.1,48.85,457857.0,ALUA
2020-10-30,49.4,52.0,48.0,51.5,955419.0,ALUA
2020-11-02,51.5,52.6,51.0,51.3,554111.0,ALUA
2020-11-03,51.3,52.0,49.1,50.0,529523.0,ALUA
2020-11-04,50.0,50.5,48.9,49.6,415815.0,ALUA
2020-11-05,49.95,49.95,48.0,49.8,224884.0,ALUA
2020-11-06,50.0,50.9,49.7,49.95,527352.0,ALUA
2020-11-09,51.2,51.4,50.0,50.3,416983.0,ALUA
2020-11-10,50.3,50.5,48.9,48.95,489073.0,ALUA
2020-11-11,49.9,50.7,49.1,49.7,661441.0,ALUA
2020-11-12,49.9,50.1,49.15,50.1,498012.0,ALUA
2020-11-13,49.55,50.3,48.9,49.9,410355.0,ALUA
2020-11-16,50.0,50.7,48.95,49.95,1039821.0,ALUA
2020-11-17,49.9,50.3,49.35,49.8,342775.0,ALUA
2020-11-18,49.8,50.0,48.2,49.5,478073.0,ALUA
2020-11-19,49.5,49.8,47.8,48.0,505145.0,ALUA
2020-11-20,48.0,48.0,46.4,48.0,1928163.0,ALUA
2020-11-24,48.45,49.4,48.45,49.4,390007.0,ALUA
2020-11-25,49.0,51.0,48.05,50.9,999299.0,ALUA
2020-11-26,50.8,53.0,50.8,52.9,981363.0,ALUA
2020-11-27,53.5,54.2,52.7,53.3,1139687.0,ALUA
2020-11-30,53.5,54.2,52.0,52.7,1006252.0,ALUA
2020-12-01,52.5,53.4,51.2,52.8,970915.0,ALUA
2020-12-02,52.7,53.4,52.0,53.1,730953.0,ALUA
2020-12-03,53.1,53.4,52.2,52.4,590054.0,ALUA
2020-12-04,52.3,53.0,51.2,52.1,431037.0,ALUA
2020-12-09,51.2,53.0,48.1,49.0,668430.0,ALUA
2020-12-10,49.45,50.2,48.95,50.2,419394.0,ALUA
2020-12-11,50.5,50.6,49.05,49.65,762814.0,ALUA
2020-12-14,49.5,50.0,47.7,48.0,548195.0,ALUA
2020-12-15,48.5,49.3,47.8,47.95,1062139.0,ALUA
2020-12-16,48.0,49.3,47.6,49.2,753725.0,ALUA
2020-12-17,49.3,50.0,48.8,49.9,402419.0,ALUA
2020-12-18,50.1,50.5,49.1,49.75,548994.0,ALUA
2020-12-21,49.0,49.0,47.0,47.75,485621.0,ALUA
2020-12-22,47.5,49.0,46.9,49.0,630133.0,ALUA
2020-12-23,50.0,50.0,48.1,48.7,431425.0,ALUA
2020-12-28,48.45,49.5,46.2,47.1,727305.0,ALUA
2020-12-29,47.45,47.45,46.55,47.35,260670.0,ALUA
2020-12-30,47.8,48.4,46.0,47.45,698064.0,ALUA
2021-01-04,47.3,48.5,46.05,48.5,245652.0,ALUA
2021-01-05,47.8,51.2,47.0,51.1,795665.0,ALUA
2021-01-06,51.1,53.0,51.1,52.9,1366360.0,ALUA
2021-01-07,52.9,53.2,51.9,53.0,644647.0,ALUA
2021-01-08,53.4,53.5,51.1,53.4,732653.0,ALUA
2021-01-11,53.5,54.1,51.3,53.5,804967.0,ALUA
2021-01-12,53.0,53.5,51.7,53.2,530348.0,ALUA
2021-01-13,53.2,53.9,51.2,53.2,514318.0,ALUA
2021-01-14,53.0,53.5,49.5,51.5,489321.0,ALUA
2021-01-15,51.5,51.9,50.1,51.8,228009.0,ALUA
2021-01-18,51.8,52.7,51.5,52.6,298356.0,ALUA
2021-01-19,52.7,53.4,52.1,53.2,602576.0,ALUA
2021-01-20,53.2,54.0,52.0,53.5,554949.0,ALUA
2021-01-21,53.8,54.0,51.3,52.4,318970.0,ALUA
2021-01-22,52.4,52.8,49.2,50.0,457666.0,ALUA
2021-01-25,50.7,51.2,49.2,49.4,360914.0,ALUA
2021-01-26,49.5,50.6,49.5,50.5,195816.0,ALUA
2021-01-27,50.5,51.5,49.9,50.5,306098.0,ALUA
2021-01-28,50.5,51.4,49.2,49.4,211671.0,ALUA
2021-01-29,50.6,50.6,47.95,48.35,336866.0,ALUA
2021-02-01,48.75,50.0,47.6,48.6,593419.0,ALUA
2021-02-02,48.0,49.75,48.0,49.2,298407.0,ALUA
2021-02-03,49.85,49.85,47.85,48.3,833394.0,ALUA
2021-02-04,48.5,48.9,46.8,47.85,1046965.0,ALUA
2021-02-05,48.0,48.8,47.9,48.7,199871.0,ALUA
2021-02-08,48.65,49.3,48.5,48.7,334113.0,ALUA
2021-02-09,48.7,49.3,48.55,49.3,685307.0,ALUA
2021-02-10,49.5,49.55,49.15,49.55,259827.0,ALUA
2021-02-11,49.9,50.1,47.0,49.0,259779.0,ALUA
2021-02-12,49.1,49.4,48.85,49.25,285770.0,ALUA
2021-02-17,49.25,49.95,47.6,48.4,2245593.0,ALUA
2021-02-18,48.35,49.0,47.25,48.0,588156.0,ALUA
2021-02-19,47.8,48.3,47.05,47.3,553129.0,ALUA
2021-02-22,47.3,48.0,45.1,45.7,750206.0,ALUA
2021-02-23,46.0,46.45,43.45,44.0,546374.0,ALUA
2021-02-24,44.0,45.5,44.0,45.5,479516.0,ALUA
2021-02-25,46.05,46.5,45.3,46.2,441360.0,ALUA
2021-02-26,46.5,46.7,45.6,46.4,112079.0,ALUA
2021-03-01,46.4,47.2,46.2,47.15,315618.0,ALUA
2021-03-02,47.15,47.2,44.9,44.95,815200.0,ALUA
2021-03-03,45.1,46.3,43.75,44.0,431034.0,ALUA
2021-03-04,44.45,45.6,43.7,44.9,411626.0,ALUA
2021-03-05,45.0,45.7,42.5,43.5,346153.0,ALUA
2021-03-08,44.2,44.2,40.75,41.2,868349.0,ALUA
2021-03-09,41.8,41.95,39.8,39.9,879002.0,ALUA
2021-03-10,39.95,40.9,38.7,39.75,933080.0,ALUA
2021-03-11,40.0,41.75,39.8,41.6,727516.0,ALUA
2021-03-12,41.6,43.45,41.6,43.25,624483.0,ALUA
2021-03-15,44.0,45.45,43.5,45.3,712133.0,ALUA
2021-03-16,45.75,46.5,44.1,45.35,673666.0,ALUA
2021-03-17,46.0,46.4,43.35,45.2,1280186.0,ALUA
2021-03-18,45.4,45.4,43.3,44.1,798630.0,ALUA
2021-03-19,44.1,44.4,43.35,43.4,412269.0,ALUA
2021-03-22,43.4,44.4,42.8,44.3,372794.0,ALUA
2021-03-23,45.0,45.5,43.75,44.55,338094.0,ALUA
2021-03-25,43.45,43.5,42.15,42.3,650810.0,ALUA
2021-03-26,42.5,43.2,41.4,43.1,1191001.0,ALUA
2021-03-29,43.05,45.5,42.0,45.4,637866.0,ALUA
2021-03-30,45.3,47.5,44.7,47.4,795566.0,ALUA
2021-03-31,47.0,47.75,45.9,47.0,909534.0,ALUA
2021-04-05,47.4,47.75,46.35,47.15,323096.0,ALUA
2021-04-06,47.2,48.7,47.0,48.65,1794141.0,ALUA
2021-04-07,49.65,49.65,46.5,48.1,1405677.0,ALUA
2021-04-08,48.15,49.2,47.0,48.55,489495.0,ALUA
2021-04-09,48.9,49.3,46.9,48.25,674137.0,ALUA
2021-04-12,48.1,48.8,46.35,47.05,393671.0,ALUA
2021-04-13,46.6,47.45,46.4,47.05,461249.0,ALUA
2021-04-14,47.05,47.5,46.0,46.55,356092.0,ALUA
2021-04-15,46.0,46.3,44.8,45.05,464049.0,ALUA
2021-04-16,45.05,45.05,43.4,44.65,955987.0,ALUA
2021-04-19,44.8,44.95,43.75,44.5,323908.0,ALUA
2021-04-20,44.8,44.8,42.85,43.35,752579.0,ALUA
2021-04-21,43.3,44.0,42.1,43.95,584791.0,ALUA
2021-04-22,44.0,44.45,42.55,43.2,698372.0,ALUA
2021-04-23,43.4,44.7,42.55,44.3,519955.0,ALUA
2021-04-26,44.9,45.0,44.05,44.5,490605.0,ALUA
2021-04-27,44.8,45.4,44.35,44.85,412730.0,ALUA
2021-04-28,44.85,46.25,44.5,46.15,731551.0,ALUA
2021-04-29,47.0,47.0,45.5,46.6,251194.0,ALUA
2021-04-30,46.2,46.75,45.5,45.85,296275.0,ALUA
2021-05-03,45.8,46.3,45.05,45.4,349189.0,ALUA
2021-05-04,45.5,45.5,44.7,45.1,270255.0,ALUA
2021-05-05,45.2,45.8,44.3,45.35,532720.0,ALUA
2021-05-06,45.3,45.8,45.0,45.55,191031.0,ALUA
2021-05-07,45.0,47.15,44.8,46.9,670007.0,ALUA
2021-05-10,47.0,47.9,45.5,46.1,553158.0,ALUA
2021-05-11,46.0,46.0,45.0,45.7,339609.0,ALUA
2021-05-12,46.0,46.1,44.9,45.05,280163.0,ALUA
2021-05-13,45.3,45.95,44.6,45.8,390194.0,ALUA
2021-05-14,46.0,48.0,46.0,47.75,584720.0,ALUA
2021-05-17,48.0,48.7,47.8,48.45,1088143.0,ALUA
2021-05-18,48.7,49.0,47.5,48.45,406399.0,ALUA
2021-05-19,48.35,49.15,46.5,48.9,491279.0,ALUA
2021-05-20,48.75,50.0,48.75,49.95,893068.0,ALUA
2021-05-21,50.0,50.1,48.2,48.4,680866.0,ALUA
2021-05-26,48.85,48.85,47.3,48.1,305261.0,ALUA
2021-05-27,48.25,50.2,48.1,50.0,651985.0,ALUA
2021-05-28,50.0,51.9,49.7,51.9,1530011.0,ALUA
2021-05-31,51.8,52.8,51.5,52.7,745818.0,ALUA
2021-06-01,52.7,53.2,51.5,51.6,962986.0,ALUA
2021-06-02,51.6,53.1,50.0,52.9,1516594.0,ALUA
2021-06-03,53.0,54.6,52.8,54.5,1453123.0,ALUA
2021-06-04,54.9,57.0,54.5,56.6,1539067.0,ALUA
2021-06-07,57.0,58.0,53.9,56.0,1623085.0,ALUA
2021-06-08,56.4,56.9,53.9,55.2,952975.0,ALUA
2021-06-09,55.0,56.9,54.9,56.7,1021899.0,ALUA
2021-06-10,56.8,57.9,55.1,57.0,950465.0,ALUA
2021-06-11,57.0,58.0,55.0,57.4,1039321.0,ALUA
2021-06-14,57.8,58.4,57.1,58.3,1183525.0,ALUA
2021-06-15,58.4,58.9,56.7,58.4,897737.0,ALUA
2021-06-16,58.2,59.6,57.3,59.2,828927.0,ALUA
2021-06-17,59.5,60.0,57.2,58.5,541964.0,ALUA
2021-06-18,58.5,58.5,56.5,57.0,479649.0,ALUA
2021-06-22,57.4,57.6,54.0,57.3,1002527.0,ALUA
2021-06-23,57.4,59.1,56.6,59.0,999381.0,ALUA
2021-06-24,59.0,60.5,58.0,60.2,902892.0,ALUA
2021-06-25,58.0,59.7,57.0,59.5,860758.0,ALUA
2021-06-28,59.1,60.0,58.1,58.9,631607.0,ALUA
2021-06-29,58.9,60.4,57.4,60.3,1038322.0,ALUA
2021-06-30,60.4,61.4,57.5,58.2,583900.0,ALUA
2021-07-01,58.0,58.9,57.2,58.2,256897.0,ALUA
2021-07-02,58.9,59.3,57.3,58.8,569479.0,ALUA
2021-07-05,58.8,60.4,58.0,60.1,466421.0,ALUA
2021-07-06,60.2,60.3,57.9,59.0,409878.0,ALUA
2021-07-07,59.2,59.9,57.2,58.7,839301.0,ALUA
2021-07-08,58.5,58.5,57.2,57.8,263019.0,ALUA
2021-07-12,57.8,59.5,57.0,58.2,600143.0,ALUA
2021-07-13,58.6,59.2,57.7,58.4,298819.0,ALUA
2021-07-14,59.4,59.4,57.5,57.8,567663.0,ALUA
2021-07-15,57.6,58.3,56.6,57.2,417026.0,ALUA
2021-07-16,57.5,58.2,56.4,57.2,256517.0,ALUA
2021-07-19,56.6,56.9,55.0,55.5,613266.0,ALUA
2021-07-20,56.9,57.2,55.3,57.1,613521.0,ALUA
2021-07-21,56.9,59.3,56.8,59.2,698438.0,ALUA
2021-07-22,59.2,60.1,58.7,59.9,497867.0,ALUA
2021-07-23,60.0,60.5,59.0,59.9,276095.0,ALUA
2021-07-26,60.5,60.5,59.0,59.4,175761.0,ALUA
2021-07-27,59.0,59.5,58.0,59.1,294630.0,ALUA
2021-07-28,59.0,59.9,58.2,59.4,285079.0,ALUA
2021-07-29,59.4,60.7,59.4,60.4,479921.0,ALUA
2021-07-30,60.4,61.0,59.5,60.3,488605.0,ALUA
2021-08-02,60.4,61.7,60.0,61.5,733687.0,ALUA
2021-08-03,61.6,61.7,60.0,61.1,451617.0,ALUA
2021-08-04,61.5,61.7,59.2,59.8,324256.0,ALUA
2021-08-05,60.1,61.1,59.0,61.0,560792.0,ALUA
2021-08-06,61.0,61.5,60.0,61.0,774221.0,ALUA
2021-08-09,61.2,62.2,61.0,61.5,659382.0,ALUA
2021-08-10,62.0,62.7,61.0,62.3,1000802.0,ALUA
2021-08-11,62.4,64.4,61.5,64.3,1306030.0,ALUA
2021-08-12,62.5,64.5,62.5,63.9,1078560.0,ALUA
2021-08-13,64.3,64.3,62.2,63.3,788216.0,ALUA
2021-08-17,64.0,64.0,61.2,61.4,461570.0,ALUA
2021-08-18,61.1,61.9,60.7,61.3,503884.0,ALUA
2021-08-19,61.2,61.4,60.0,61.4,304183.0,ALUA
2021-08-20,62.0,62.0,60.5,61.3,517176.0,ALUA
2021-08-23,61.3,62.1,61.0,61.8,506783.0,ALUA
2021-08-24,62.1,63.2,61.9,62.5,549272.0,ALUA
2021-08-25,62.9,62.9,61.6,61.9,701693.0,ALUA
2021-08-26,62.7,62.7,60.5,61.0,585763.0,ALUA
2021-08-27,61.5,62.7,61.1,61.7,802912.0,ALUA
2021-08-30,62.4,64.6,61.8,64.3,850037.0,ALUA
2021-08-31,64.5,66.0,63.0,65.8,1422828.0,ALUA
2021-09-01,66.0,67.0,64.2,65.9,1641094.0,ALUA
2021-09-02,65.5,66.9,65.5,66.5,513983.0,ALUA
2021-09-03,66.6,66.9,65.9,66.3,1022638.0,ALUA
2021-09-06,66.9,67.8,66.3,67.3,897546.0,ALUA
2021-09-07,67.9,69.0,67.4,68.5,907551.0,ALUA
2021-09-08,68.5,69.0,67.2,67.5,1528626.0,ALUA
2021-09-09,67.2,69.5,66.0,66.1,536589.0,ALUA
2021-09-10,66.1,66.5,65.0,65.1,574622.0,ALUA
2021-09-13,69.9,71.4,65.3,65.9,1479904.0,ALUA
2021-09-14,66.6,67.4,65.6,66.5,1070937.0,ALUA
2021-09-15,68.3,68.3,65.5,66.0,999480.0,ALUA
2021-09-16,66.0,66.3,64.0,65.3,1050028.0,ALUA
2021-09-17,66.3,66.3,65.0,65.1,378549.0,ALUA
2021-09-20,63.0,63.0,59.0,60.8,1197996.0,ALUA
2021-09-21,61.0,63.0,60.5,62.4,328745.0,ALUA
2021-09-22,62.0,64.0,59.0,60.1,774321.0,ALUA
2021-09-23,61.1,62.7,59.2,62.4,952604.0,ALUA
2021-09-24,63.0,63.0,61.0,62.7,208615.0,ALUA
2021-09-27,63.0,63.2,60.5,62.2,342130.0,ALUA
2021-09-28,62.2,62.9,60.8,62.7,436623.0,ALUA
2021-09-29,63.0,63.9,62.8,63.6,394598.0,ALUA
2021-09-30,64.5,64.5,62.6,63.6,357769.0,ALUA
2021-10-01,63.8,64.0,62.3,63.2,600230.0,ALUA
2021-10-04,63.0,64.0,60.7,62.5,936700.0,ALUA
2021-10-05,62.5,63.4,60.7,62.9,531498.0,ALUA
2021-10-06,62.9,62.9,61.2,61.9,161575.0,ALUA
2021-10-07,62.8,62.8,61.4,61.8,232021.0,ALUA
2021-10-12,63.0,63.6,62.0,62.2,261006.0,ALUA
2021-10-13,62.3,62.9,61.2,62.5,295658.0,ALUA
2021-10-14,63.4,66.7,63.1,66.2,1408471.0,ALUA
2021-10-15,67.5,67.9,66.0,67.0,1507038.0,ALUA
2021-10-18,67.0,67.9,66.3,66.6,902000.0,ALUA
2021-10-19,66.7,67.8,66.0,67.5,777606.0,ALUA
2021-10-20,67.9,70.8,67.1,70.2,2462232.0,ALUA
2021-10-21,69.7,71.5,68.0,71.2,1308776.0,ALUA
2021-10-22,71.8,72.5,69.5,71.8,1132156.0,ALUA
2021-10-25,72.1,76.0,71.7,75.5,1810278.0,ALUA
2021-10-26,77.0,77.4,76.3,76.9,1354422.0,ALUA
2021-10-27,76.9,77.0,74.2,75.5,713671.0,ALUA
2021-10-28,76.2,78.1,75.0,78.0,631296.0,ALUA
2021-10-29,79.9,80.7,76.1,76.6,1037325.0,ALUA
2021-11-01,76.5,81.9,76.5,81.7,890373.0,ALUA
2021-11-02,81.0,84.5,79.6,84.2,1097719.0,ALUA
2021-11-03,85.0,88.9,84.5,88.7,1388898.0,ALUA
2021-11-04,89.5,91.7,85.5,91.5,1634221.0,ALUA
2021-11-05,92.5,97.3,91.0,96.7,3208988.0,ALUA
2021-11-08,96.4,101.25,95.7,100.75,2311840.0,ALUA
2021-11-09,101.5,102.0,96.0,97.2,1395476.0,ALUA
2021-11-10,96.1,98.9,93.3,98.8,2139474.0,ALUA
2021-11-11,98.5,102.75,97.5,101.75,1400099.0,ALUA
2021-11-12,101.75,103.5,99.1,103.0,1079184.0,ALUA
2021-11-15,103.0,105.0,98.6,103.25,863803.0,ALUA
2021-11-16,104.75,104.75,97.5,100.25,877651.0,ALUA
2021-11-17,100.25,100.75,91.5,95.3,942167.0,ALUA
2021-11-18,92.2,97.2,90.0,95.9,1040552.0,ALUA
2021-11-19,96.9,97.2,90.4,90.7,1140540.0,ALUA
2021-11-23,90.4,90.4,86.0,87.7,771784.0,ALUA
2021-11-24,89.0,90.6,87.6,90.5,627542.0,ALUA
2021-11-25,90.6,96.0,90.6,95.4,731997.0,ALUA
2021-11-26,95.0,95.0,88.6,90.6,409451.0,ALUA
2021-11-29,92.0,94.5,88.5,92.5,858328.0,ALUA
2021-11-30,91.4,92.4,86.6,90.1,1259358.0,ALUA
2021-12-01,91.8,93.4,90.5,93.3,914996.0,ALUA
2021-12-02,94.0,98.2,94.0,97.8,1047519.0,ALUA
2021-12-03,98.0,100.0,93.1,99.9,676391.0,ALUA
2021-12-06,99.0,103.75,98.0,103.0,658657.0,ALUA
2021-12-07,105.0,105.5,101.0,102.5,1051969.0,ALUA
2021-12-09,103.5,104.0,99.5,100.5,388166.0,ALUA
2021-12-10,101.0,103.75,99.1,101.5,255744.0,ALUA
2021-12-13,103.0,103.0,99.0,99.4,355560.0,ALUA
2021-12-14,99.4,101.0,98.1,99.9,327062.0,ALUA
2021-12-15,101.0,101.0,92.0,94.1,567437.0,ALUA
2021-12-16,94.2,96.3,94.2,95.4,419007.0,ALUA
2021-12-17,96.3,96.3,93.2,94.9,451252.0,ALUA
2021-12-20,97.4,97.4,90.8,92.2,914133.0,ALUA
2021-12-21,93.2,93.8,90.9,93.2,1010994.0,ALUA
2021-12-22,93.7,94.3,90.1,90.9,769268.0,ALUA
2021-12-23,90.8,93.6,90.8,93.1,386960.0,ALUA
2021-12-27,97.0,97.0,91.9,92.3,329037.0,ALUA
2021-12-28,92.5,93.0,86.4,87.592,1095809.0,ALUA
2021-12-29,88.0,92.0,86.7,91.7,907627.0,ALUA
2021-12-30,91.7,94.7,89.4,93.0,683612.0,ALUA
2022-01-03,90.7,94.9,89.0,93.9,507230.0,ALUA
2022-01-04,93.9,95.5,92.0,92.4,486412.0,ALUA
2022-01-05,92.6,93.8,90.7,90.9,311271.0,ALUA
2022-01-06,90.9,91.0,88.5,89.2,440005.0,ALUA
2022-01-07,90.0,90.1,88.7,89.9,192057.0,ALUA
2022-01-10,90.0,90.0,88.5,89.0,193928.0,ALUA
2022-01-11,89.0,90.6,88.8,89.8,220177.0,ALUA
2022-01-12,90.0,90.5,88.7,88.9,192163.0,ALUA
2022-01-13,90.0,91.0,88.7,90.8,367860.0,ALUA
2022-01-14,91.7,91.7,89.1,90.9,245215.0,ALUA
2022-01-17,90.5,90.7,88.8,90.5,178606.0,ALUA
2022-01-18,90.0,90.7,89.0,89.6,226213.0,ALUA
2022-01-19,90.0,90.6,89.0,89.6,205886.0,ALUA
2022-01-20,89.5,92.8,89.0,92.1,202433.0,ALUA
2022-01-21,92.4,92.4,89.6,89.9,176730.0,ALUA
2022-01-24,90.7,90.7,83.4,85.1,706117.0,ALUA
2022-01-25,87.1,87.6,85.3,87.3,421585.0,ALUA
2022-01-26,88.2,88.9,87.2,88.6,257215.0,ALUA
2022-01-27,89.0,89.9,88.7,88.8,198607.0,ALUA
2022-01-28,92.0,93.2,89.9,90.7,342107.0,ALUA
2022-01-31,91.5,93.2,91.1,92.9,297559.0,ALUA
2022-02-01,92.7,94.8,91.0,93.9,525619.0,ALUA
2022-02-02,94.7,95.8,93.2,93.9,331363.0,ALUA
2022-02-03,93.0,94.3,92.6,93.3,241200.0,ALUA
2022-02-04,94.6,94.7,92.9,94.2,277583.0,ALUA
2022-02-07,95.0,96.9,94.2,96.8,440849.0,ALUA
2022-02-08,96.7,98.0,96.6,96.9,646100.0,ALUA
2022-02-09,97.0,98.0,96.0,96.9,463401.0,ALUA
2022-02-10,97.2,99.0,96.2,97.9,458358.0,ALUA
2022-02-11,98.5,99.5,94.7,98.6,439328.0,ALUA
2022-02-14,99.0,99.4,97.0,99.2,406473.0,ALUA
2022-02-15,99.9,100.0,98.0,98.1,214182.0,ALUA
2022-02-16,98.4,100.0,97.5,100.0,353851.0,ALUA
2022-02-17,100.0,101.0,98.5,99.1,283527.0,ALUA
2022-02-18,98.3,99.9,95.0,97.0,348291.0,ALUA
2022-02-21,96.8,97.8,96.1,97.2,274337.0,ALUA
2022-02-22,99.0,99.0,97.0,98.0,323734.0,ALUA
2022-02-23,98.5,100.0,96.0,98.4,394487.0,ALUA
2022-02-24,98.6,99.0,94.6,95.0,630153.0,ALUA
2022-02-25,96.0,96.7,91.1,92.6,495232.0,ALUA
2022-03-02,94.0,96.9,92.5,92.9,671043.0,ALUA
2022-03-03,93.7,97.9,92.0,96.9,645675.0,ALUA
2022-03-04,98.9,99.0,95.6,98.9,764310.0,ALUA
2022-03-07,100.0,102.5,98.0,100.5,1238678.0,ALUA
2022-03-08,101.0,102.0,98.5,99.8,553716.0,ALUA
2022-03-09,99.5,101.5,96.0,96.8,454611.0,ALUA
2022-03-10,96.7,97.8,95.0,97.3,447010.0,ALUA
2022-03-11,98.0,98.9,92.0,95.6,295321.0,ALUA
2022-03-14,94.0,95.0,91.3,92.9,375466.0,ALUA
2022-03-15,92.9,93.0,90.5,90.6,604659.0,ALUA
2022-03-16,91.0,95.4,90.1,94.7,551606.0,ALUA
2022-03-17,95.7,98.5,94.1,98.1,586004.0,ALUA
2022-03-18,98.7,98.7,96.5,97.9,384993.0,ALUA
2022-03-21,99.4,101.0,98.0,99.5,647915.0,ALUA
2022-03-22,100.25,101.0,94.3,96.2,700832.0,ALUA
2022-03-23,96.5,97.7,91.6,94.6,1154409.0,ALUA
2022-03-25,96.0,98.5,94.6,97.8,479560.0,ALUA
2022-03-28,98.0,99.4,95.5,97.9,559018.0,ALUA
2022-03-29,98.0,98.5,95.0,96.7,413932.0,ALUA
2022-03-30,95.2,96.9,95.0,96.7,595618.0,ALUA
2022-03-31,96.7,98.0,95.3,96.4,340028.0,ALUA
2022-04-01,96.5,98.3,95.1,98.3,406015.0,ALUA
2022-04-04,98.8,99.0,96.5,98.9,420940.0,ALUA
2022-04-05,98.0,100.0,97.1,98.6,522191.0,ALUA
2022-04-06,98.0,99.1,97.0,97.5,205240.0,ALUA
2022-04-07,97.5,98.5,95.5,96.7,460322.0,ALUA
2022-04-08,95.4,97.7,95.2,95.6,236750.0,ALUA
2022-04-11,97.2,97.2,90.0,93.5,325807.0,ALUA
2022-04-12,94.9,95.9,92.1,93.9,358448.0,ALUA
2022-04-13,94.0,95.7,93.3,94.8,274692.0,ALUA
2022-04-18,94.0,95.8,92.2,94.9,391427.0,ALUA
2022-04-19,94.8,95.6,93.1,94.2,280393.0,ALUA
2022-04-20,94.0,94.7,92.5,94.4,338357.0,ALUA
2022-04-21,94.4,94.5,91.0,93.8,367251.0,ALUA
2022-04-22,93.9,95.8,91.2,95.1,206363.0,ALUA
2022-04-25,93.1,95.0,93.1,94.7,263169.0,ALUA
2022-04-26,94.0,94.8,92.7,93.8,333721.0,ALUA
2022-04-27,94.0,94.9,92.9,93.4,236999.0,ALUA
2022-04-28,93.4,93.8,88.0,92.5,515107.0,ALUA
2022-04-29,92.5,93.0,88.0,90.2,513844.0,ALUA
2022-05-02,90.9,92.7,88.1,91.4,461793.0,ALUA
2022-05-03,90.8,94.0,90.8,93.3,409815.0,ALUA
2022-05-04,93.2,94.5,92.0,93.2,314086.0,ALUA
2022-05-05,94.0,94.0,86.0,88.5,529316.0,ALUA
2022-05-06,89.0,89.7,87.6,88.3,460719.0,ALUA
2022-05-09,87.8,88.9,81.5,82.5,303913.0,ALUA
2022-05-10,83.0,88.0,83.0,87.5,865548.0,ALUA
2022-05-11,89.0,89.9,88.1,89.2,382279.0,ALUA
2022-05-12,88.0,89.2,83.9,84.8,624589.0,ALUA
2022-05-13,85.1,86.2,83.0,83.9,1437785.0,ALUA
2022-05-16,84.1,85.3,81.9,82.0,818507.0,ALUA
2022-05-17,83.0,85.6,82.2,84.5,817236.0,ALUA
2022-05-19,84.0,86.3,83.1,86.0,624085.0,ALUA
2022-05-20,86.4,87.5,85.9,87.1,373782.0,ALUA
2022-05-23,87.8,90.3,87.5,89.9,625590.0,ALUA
2022-05-24,90.7,91.0,89.1,90.9,366809.0,ALUA
2022-05-26,91.0,92.5,90.1,92.4,471487.0,ALUA
2022-05-27,92.8,93.8,91.0,92.3,273300.0,ALUA
2022-05-30,91.6,93.5,91.0,92.6,270070.0,ALUA
2022-05-31,92.0,93.0,89.3,90.0,816788.0,ALUA
2022-06-01,88.2,92.8,87.3,92.0,541551.0,ALUA
2022-06-02,92.0,92.0,89.9,90.8,808494.0,ALUA
2022-06-03,91.1,91.8,89.6,91.0,224421.0,ALUA
2022-06-06,91.0,91.9,87.5,89.0,750861.0,ALUA
2022-06-07,89.0,90.0,88.2,89.6,587044.0,ALUA
2022-06-08,90.4,91.7,88.5,91.3,658755.0,ALUA
2022-06-09,89.6,91.5,89.0,90.9,635213.0,ALUA
2022-06-10,89.9,91.0,89.4,90.4,530491.0,ALUA
2022-06-13,89.0,91.8,87.0,88.8,962295.0,ALUA
2022-06-14,90.0,91.0,85.0,85.5,840233.0,ALUA
2022-06-15,86.1,87.2,84.0,85.5,521261.0,ALUA
2022-06-16,85.3,85.7,82.6,85.0,2443393.0,ALUA
2022-06-21,85.1,87.0,84.5,85.1,548466.0,ALUA
2022-06-22,85.2,85.4,80.4,81.5,1072187.0,ALUA
2022-06-23,81.1,82.0,78.0,79.4,711972.0,ALUA
2022-06-24,80.0,80.4,76.5,77.5,1186682.0,ALUA
2022-06-27,77.5,79.2,76.3,76.6,795267.0,ALUA
2022-06-28,77.9,82.0,76.8,81.8,1040893.0,ALUA
2022-06-29,82.5,83.5,80.8,82.7,908868.0,ALUA
2022-06-30,82.5,85.5,81.4,84.4,572527.0,ALUA
2022-07-01,85.2,85.7,83.2,85.0,622212.0,ALUA
2022-07-04,83.9,86.9,82.0,86.7,961317.0,ALUA
2022-07-05,87.3,89.7,86.8,88.8,932163.0,ALUA
2022-07-06,90.2,91.5,86.5,91.0,786091.0,ALUA
2022-07-07,92.1,97.0,92.1,96.8,837417.0,ALUA
2022-07-08,96.8,105.25,95.0,104.75,1945091.0,ALUA
2022-07-11,104.5,106.5,97.5,105.75,848156.0,ALUA
2022-07-12,105.0,110.5,103.0,109.5,808105.0,ALUA
2022-07-13,110.0,112.25,106.5,110.5,592192.0,ALUA
2022-07-14,111.25,112.0,106.0,107.0,621480.0,ALUA
2022-07-15,108.0,112.5,108.0,112.5,396225.0,ALUA
2022-07-18,113.0,115.5,111.0,114.5,334422.0,ALUA
2022-07-19,116.5,123.0,113.0,119.75,764982.0,ALUA
2022-07-20,121.0,125.0,118.5,125.0,841359.0,ALUA
2022-07-21,126.0,137.25,125.0,132.5,1280007.0,ALUA
2022-07-22,132.5,141.5,132.5,139.25,973579.0,ALUA
2022-07-25,138.0,148.5,138.0,144.75,1008512.0,ALUA
2022-07-26,146.75,146.75,132.25,139.5,1089173.0,ALUA
2022-07-27,140.75,147.0,135.0,146.5,957098.0,ALUA
2022-07-28,146.75,150.0,141.75,147.5,1156224.0,ALUA
2022-07-29,147.0,147.0,137.75,141.0,937784.0,ALUA
2022-08-01,141.0,142.0,133.5,138.75,738128.0,ALUA
2022-08-02,140.0,141.75,136.0,138.25,524363.0,ALUA
2022-08-03,140.0,142.5,133.75,138.0,477113.0,ALUA
2022-08-04,140.0,141.0,133.0,136.0,969392.0,ALUA
2022-08-05,136.0,138.5,130.0,136.0,392522.0,ALUA
2022-08-08,136.0,142.0,135.0,140.75,534489.0,ALUA
2022-08-09,142.0,142.5,139.0,141.25,769410.0,ALUA
2022-08-10,143.0,144.0,140.25,143.0,855771.0,ALUA
2022-08-11,143.0,145.0,140.0,142.0,436863.0,ALUA
2022-08-12,144.75,144.75,139.0,140.75,783300.0,ALUA
2022-08-16,142.0,143.0,136.0,140.5,317898.0,ALUA
2022-08-17,141.0,141.0,134.75,137.0,638447.0,ALUA
2022-08-18,137.5,143.5,137.5,143.0,999991.0,ALUA
2022-08-19,142.5,143.5,139.0,142.0,1093049.0,ALUA
2022-08-22,142.5,144.0,137.75,139.0,845107.0,ALUA
2022-08-23,141.75,144.5,137.0,143.75,626501.0,ALUA
2022-08-24,143.75,147.5,141.0,144.75,744066.0,ALUA
2022-08-25,146.0,147.5,142.25,145.25,863637.0,ALUA
2022-08-26,145.0,147.75,141.5,147.0,737748.0,ALUA
2022-08-29,146.5,152.5,146.5,150.5,710784.0,ALUA
2022-08-30,150.75,155.0,147.0,154.0,857316.0,ALUA
2022-08-31,154.25,156.25,144.25,145.0,659048.0,ALUA
2022-09-01,143.75,147.75,140.0,147.25,705852.0,ALUA
2022-09-05,149.5,150.75,142.0,144.5,478063.0,ALUA
2022-09-06,144.5,147.25,140.0,144.5,384876.0,ALUA
2022-09-07,144.5,147.5,135.0,140.0,678873.0,ALUA
2022-09-08,142.25,142.5,137.5,138.0,1148749.0,ALUA
2022-09-09,139.0,141.0,135.25,140.0,810122.0,ALUA
2022-09-12,141.0,142.0,136.0,141.0,419418.0,ALUA
2022-09-13,138.0,141.75,137.5,139.75,420071.0,ALUA
2022-09-14,140.0,140.0,136.0,136.5,635702.0,ALUA
2022-09-15,138.0,138.0,133.5,134.25,636116.0,ALUA
2022-09-16,135.75,136.0,132.25,133.75,582632.0,ALUA
2022-09-19,134.0,135.75,132.5,133.5,750780.0,ALUA
2022-09-20,133.5,135.0,130.5,132.75,558572.0,ALUA
2022-09-21,133.0,134.5,131.25,134.0,363253.0,ALUA
2022-09-22,134.75,135.25,132.0,134.75,655308.0,ALUA
2022-09-23,134.75,136.0,131.0,136.0,735300.0,ALUA
2022-09-26,137.0,138.25,133.0,135.0,681415.0,ALUA
2022-09-27,136.0,137.5,129.0,132.75,683297.0,ALUA
2022-09-28,135.0,135.0,129.0,132.75,296429.0,ALUA
2022-09-29,131.0,134.0,130.0,133.75,304363.0,ALUA
2022-09-30,134.0,137.0,133.75,136.25,399902.0,ALUA
2022-10-03,138.5,140.0,137.5,139.25,554334.0,ALUA
2022-10-04,140.0,141.0,135.5,137.75,628061.0,ALUA
2022-10-05,140.0,140.0,130.0,133.0,1133002.0,ALUA
2022-10-06,133.0,136.25,132.0,134.0,404288.0,ALUA
2022-10-11,136.0,136.0,126.25,126.75,746167.0,ALUA
2022-10-12,127.5,128.25,124.0,127.5,713619.0,ALUA
2022-10-13,127.0,129.75,126.0,127.75,793205.0,ALUA
2022-10-14,127.0,127.75,124.75,126.5,404028.0,ALUA
2022-10-17,125.5,128.0,124.5,125.0,579277.0,ALUA
2022-10-18,126.0,126.5,121.75,122.5,615782.0,ALUA
2022-10-19,123.0,123.5,119.0,120.25,940246.0,ALUA
2022-10-20,120.0,122.0,116.0,119.5,881664.0,ALUA
2022-10-21,119.0,121.0,117.5,120.5,788876.0,ALUA
2022-10-24,121.25,124.5,118.25,124.25,828919.0,ALUA
2022-10-25,125.0,127.0,125.0,127.0,491818.0,ALUA
2022-10-26,125.5,132.0,125.5,131.25,708960.0,ALUA
2022-10-27,131.25,136.0,130.0,136.0,813903.0,ALUA
2022-10-28,136.0,139.0,135.5,138.75,555577.0,ALUA
2022-10-31,139.0,144.5,134.5,143.75,863602.0,ALUA
2022-11-01,144.75,147.0,141.5,143.0,509426.0,ALUA
2022-11-02,145.75,145.75,139.5,143.0,374922.0,ALUA
2022-11-03,141.0,144.5,139.0,140.0,317080.0,ALUA
2022-11-04,142.75,142.75,138.75,139.0,263400.0,ALUA
2022-11-07,139.0,139.25,132.75,133.75,231791.0,ALUA
2022-11-08,132.75,135.0,132.0,132.75,194357.0,ALUA
2022-11-09,135.0,138.75,132.5,137.0,613844.0,ALUA
2022-11-10,137.0,143.5,136.5,142.75,1034741.0,ALUA
2022-11-11,143.0,147.25,143.0,146.5,662998.0,ALUA
2022-11-14,146.75,150.0,146.0,149.0,887793.0,ALUA
2022-11-15,149.0,152.0,148.0,152.0,777061.0,ALUA
2022-11-16,152.75,153.0,146.5,151.25,453235.0,ALUA
2022-11-17,151.5,153.5,149.0,153.5,464050.0,ALUA
2022-11-18,153.5,155.0,153.0,155.0,361051.0,ALUA
2022-11-22,155.5,156.5,149.5,151.25,692450.0,ALUA
2022-11-23,150.5,153.0,148.0,150.5,610456.0,ALUA
2022-11-24,152.0,152.75,145.25,151.25,530848.0,ALUA
2022-11-25,152.0,152.5,148.25,152.5,477488.0,ALUA
2022-11-28,153.0,158.0,149.0,157.5,801823.0,ALUA
2022-11-29,157.5,164.0,157.0,164.0,809463.0,ALUA
2022-11-30,164.0,167.0,161.0,166.5,533968.0,ALUA
2022-12-01,166.0,169.25,163.0,168.5,819602.0,ALUA
2022-12-02,165.0,170.5,163.0,167.0,762163.0,ALUA
2022-12-05,165.0,167.0,164.0,165.0,497694.0,ALUA
2022-12-06,162.0,169.0,161.0,168.0,1019517.0,ALUA
2022-12-07,168.5,175.5,168.0,174.25,468877.0,ALUA
2022-12-12,174.5,179.5,171.5,177.0,621438.0,ALUA
2022-12-13,180.0,182.0,177.0,179.0,458365.0,ALUA
2022-12-14,180.0,180.0,171.5,176.25,541455.0,ALUA
2022-12-15,172.25,177.5,166.0,174.25,738275.0,ALUA
2022-12-16,175.0,175.5,169.0,174.0,298363.0,ALUA
2022-12-19,173.5,177.0,169.5,172.5,397096.0,ALUA
2022-12-20,172.5,175.75,170.75,174.5,42828.0,ALUA
2022-12-21,176.0,180.0,173.0,177.75,417179.0,ALUA
2022-12-22,178.0,179.0,173.0,177.5,640676.0,ALUA
2022-12-23,177.5,182.5,176.0,182.0,892909.0,ALUA
2022-12-26,182.5,185.0,180.0,184.5,517728.0,ALUA
2022-12-27,186.0,186.0,184.0,185.75,379566.0,ALUA
2022-12-28,181.25,190.0,181.25,188.5,605988.0,ALUA
2022-12-29,188.5,189.75,180.25,185.0,544636.0,ALUA
2022-12-30,188.0,188.0,178.0,180.25,618630.0,ALUA
2023-01-02,183.0,186.75,180.5,186.25,374436.0,ALUA
2023-01-03,186.0,188.75,180.5,185.0,1102139.0,ALUA
2023-01-04,185.0,189.0,183.0,186.75,516224.0,ALUA
2023-01-05,189.0,191.75,185.25,191.25,757313.0,ALUA
2023-01-06,192.0,196.0,190.0,194.75,716670.0,ALUA
2023-01-09,195.0,201.0,194.75,199.5,538132.0,ALUA
2023-01-10,199.5,204.0,196.5,203.0,839928.0,ALUA
2023-01-11,204.0,205.25,195.75,203.0,623952.0,ALUA
2023-01-12,202.0,209.0,200.0,208.75,867938.0,ALUA
2023-01-13,208.0,222.5,203.5,221.25,998068.0,ALUA
2023-01-16,225.0,230.0,218.0,225.5,572938.0,ALUA
2023-01-17,226.0,230.0,221.0,225.75,595620.0,ALUA
2023-01-18,224.0,231.0,202.0,208.75,1203079.0,ALUA
2023-01-19,208.0,208.0,194.0,203.25,488606.0,ALUA
2023-01-20,205.0,212.0,200.0,206.0,435087.0,ALUA
2023-01-23,213.5,214.0,206.5,210.25,380082.0,ALUA
2023-01-24,212.0,213.0,204.25,210.5,347740.0,ALUA
2023-01-25,208.0,212.0,208.0,211.0,392616.0,ALUA
2023-01-26,211.0,214.5,211.0,212.25,370269.0,ALUA
2023-01-27,214.0,215.0,205.0,213.0,235011.0,ALUA
2023-01-30,215.0,215.25,205.0,208.25,192087.0,ALUA
2023-01-31,210.75,213.75,206.5,210.0,698587.0,ALUA
2023-02-01,210.0,213.75,207.0,212.0,249885.0,ALUA
2023-02-02,212.0,214.0,205.5,210.75,439566.0,ALUA
2023-02-03,212.0,214.0,209.0,211.0,354035.0,ALUA
2023-02-06,210.0,212.0,202.5,208.0,360019.0,ALUA
2023-02-07,205.0,209.5,205.0,209.0,429009.0,ALUA
2023-02-08,210.0,211.75,205.0,211.5,291311.0,ALUA
2023-02-09,213.0,214.5,211.0,212.75,351314.0,ALUA
2023-02-10,213.0,215.0,205.5,209.0,412217.0,ALUA
2023-02-13,210.0,211.5,203.0,207.25,804177.0,ALUA
2023-02-14,205.0,210.5,205.0,210.25,490085.0,ALUA
2023-02-15,211.0,213.0,207.0,211.0,757690.0,ALUA
2023-02-16,211.0,213.0,206.25,209.0,670188.0,ALUA
2023-02-17,210.0,210.75,198.5,203.0,513203.0,ALUA
2023-02-22,201.0,203.75,195.75,198.75,330717.0,ALUA
2023-02-23,199.0,201.5,194.5,197.25,330398.0,ALUA
2023-02-24,196.0,199.0,189.0,199.0,270040.0,ALUA
2023-02-27,199.0,201.5,197.5,199.5,360065.0,ALUA
2023-02-28,198.0,203.0,196.5,198.75,346747.0,ALUA
2023-03-01,201.0,201.0,190.5,191.75,752224.0,ALUA
2023-03-02,190.25,195.75,188.0,194.75,884998.0,ALUA
2023-03-03,193.5,197.0,191.5,197.0,222665.0,ALUA
2023-03-06,195.0,201.75,194.5,200.75,477061.0,ALUA
2023-03-07,200.5,203.0,189.0,189.75,929845.0,ALUA
2023-03-08,191.0,195.0,187.0,192.0,1347749.0,ALUA
2023-03-09,192.5,199.0,191.0,197.75,1321736.0,ALUA
2023-03-10,199.75,200.0,190.0,195.75,301059.0,ALUA
2023-03-13,195.0,196.0,180.5,182.75,486637.0,ALUA
2023-03-14,186.0,189.0,176.0,179.5,516539.0,ALUA
2023-03-15,177.5,179.0,162.0,163.75,1280475.0,ALUA
2023-03-16,167.0,179.5,165.0,179.0,732374.0,ALUA
2023-03-17,179.75,192.75,177.5,191.75,570468.0,ALUA
2023-03-20,193.0,201.0,192.0,200.75,1365965.0,ALUA
2023-03-21,201.75,205.5,190.25,204.75,1155342.0,ALUA
2023-03-22,204.75,208.0,199.0,206.75,387894.0,ALUA
2023-03-23,207.5,210.5,200.25,207.5,547016.0,ALUA
2023-03-27,207.5,215.0,203.25,209.0,504600.0,ALUA
2023-03-28,210.0,217.0,207.5,216.75,916861.0,ALUA
2023-03-29,217.0,227.0,217.0,226.25,792166.0,ALUA
2023-03-30,228.0,234.0,225.25,228.0,1105828.0,ALUA
2023-03-31,229.0,232.0,216.5,218.25,584757.0,ALUA
2023-04-03,220.0,227.0,218.0,225.75,759200.0,ALUA
2023-04-04,227.75,235.0,226.0,232.5,1006496.0,ALUA
2023-04-05,235.0,249.75,223.5,243.0,920102.0,ALUA
2023-04-10,244.5,248.0,239.0,240.25,437996.0,ALUA
2023-04-11,242.0,245.0,236.0,240.5,633896.0,ALUA
2023-04-12,240.0,243.0,236.0,238.75,667456.0,ALUA
2023-04-13,239.0,244.25,236.0,241.75,365768.0,ALUA
2023-04-14,243.0,244.0,240.0,243.5,409408.0,ALUA
2023-04-17,242.0,246.0,240.0,245.25,589686.0,ALUA
2023-04-18,245.25,251.0,243.0,249.5,982239.0,ALUA
2023-04-19,249.5,254.0,237.5,252.0,734851.0,ALUA
2023-04-20,254.0,255.0,250.0,255.0,954033.0,ALUA
2023-04-21,257.5,279.0,257.0,277.5,1848128.0,ALUA
2023-04-24,280.0,299.0,278.0,298.0,1337511.0,ALUA
2023-04-25,300.0,315.0,298.5,312.5,1195142.0,ALUA
2023-04-26,314.5,323.0,291.0,322.0,1411139.0,ALUA
2023-04-27,325.0,331.0,304.0,310.0,1059484.0,ALUA
2023-04-28,308.0,317.0,296.0,315.5,1239853.0,ALUA
2023-05-02,319.0,320.0,310.0,314.0,540125.0,ALUA
2023-05-03,315.5,318.0,292.5,293.5,1241989.0,ALUA
2023-05-04,298.0,300.0,270.5,271.5,1374042.0,ALUA
2023-05-05,275.0,282.0,264.5,273.5,1450542.0,ALUA
2023-05-08,280.0,293.0,276.5,283.5,1234949.0,ALUA
2023-05-09,291.0,304.0,289.0,302.5,1116144.0,ALUA
2023-05-10,305.0,306.0,296.0,305.0,544289.0,ALUA
2023-05-11,305.5,318.5,298.0,300.0,1128616.0,ALUA
2023-05-12,303.0,312.0,296.0,306.0,844058.0,ALUA
2023-05-15,307.0,308.0,297.0,306.5,361327.0,ALUA
2023-05-16,306.5,320.0,305.5,319.5,948690.0,ALUA
2023-05-17,320.0,337.0,319.5,334.5,1200070.0,ALUA
2023-05-18,335.0,344.0,323.0,342.0,898079.0,ALUA
2023-05-19,344.0,358.0,340.0,355.0,858050.0,ALUA
2023-05-22,360.0,370.0,355.0,369.5,813615.0,ALUA
2023-05-23,373.0,378.0,351.0,362.5,1065982.0,ALUA
2023-05-24,369.0,373.0,352.0,363.5,591208.0,ALUA
2023-05-29,360.0,373.0,360.0,366.5,751511.0,ALUA
2023-05-30,368.0,373.0,362.0,367.5,543913.0,ALUA
2023-05-31,370.0,375.0,361.0,374.0,938464.0,ALUA
2023-06-01,375.0,387.5,365.0,384.5,946243.0,ALUA
2023-06-02,389.0,394.0,366.5,372.0,2175786.0,ALUA
2023-06-05,375.0,375.5,356.0,370.0,1624516.0,ALUA
2023-06-06,372.0,377.5,359.0,370.0,976346.0,ALUA
2023-06-07,370.0,373.0,358.0,360.5,1044716.0,ALUA
2023-06-08,362.0,366.0,346.0,363.0,980233.0,ALUA
2023-06-09,369.5,369.5,362.0,367.5,513682.0,ALUA
2023-06-12,363.0,368.0,360.5,365.0,298661.0,ALUA
2023-06-13,367.5,369.5,358.0,362.0,450193.0,ALUA
2023-06-14,367.0,367.5,346.5,350.0,632935.0,ALUA
2023-06-15,351.0,354.0,340.0,349.0,1032393.0,ALUA
2023-06-16,349.0,350.5,345.0,350.0,711080.0,ALUA
2023-06-21,351.0,368.0,343.0,365.5,1430204.0,ALUA
2023-06-22,369.5,377.5,366.0,375.5,1349283.0,ALUA
2023-06-23,378.0,380.0,365.0,369.5,837741.0,ALUA
2023-06-26,375.0,383.5,360.0,379.5,1059523.0,ALUA
2023-06-27,380.0,382.0,355.0,356.5,944701.0,ALUA
2023-06-28,363.5,364.0,345.0,347.5,756802.0,ALUA
2023-06-29,351.5,353.5,345.0,350.5,547139.0,ALUA
2023-06-30,351.0,367.0,346.0,363.5,822082.0,ALUA
2023-07-03,363.5,376.0,359.0,374.5,991774.0,ALUA
2023-07-04,378.0,382.0,370.0,375.0,691404.0,ALUA
2023-07-05,380.0,380.0,370.0,374.0,648385.0,ALUA
2023-07-06,376.0,376.0,357.0,369.5,547320.0,ALUA
2023-07-07,365.0,376.0,363.0,372.5,719395.0,ALUA
2023-07-10,372.5,379.0,372.5,378.0,515744.0,ALUA
2023-07-11,379.5,389.0,370.0,384.0,731215.0,ALUA
2023-07-12,388.0,392.5,383.0,391.0,652328.0,ALUA
2023-07-13,391.0,412.0,391.0,412.0,1201330.0,ALUA
2023-07-14,411.5,413.0,395.0,410.0,599243.0,ALUA
2023-07-17,400.0,418.0,400.0,417.5,418966.0,ALUA
2023-07-18,418.0,430.5,417.0,430.0,702940.0,ALUA
2023-07-19,433.0,439.0,420.5,438.5,847355.0,ALUA
2023-07-20,442.0,453.0,438.5,452.0,1261680.0,ALUA
2023-07-21,455.0,464.0,441.0,462.5,909212.0,ALUA
2023-07-24,465.0,480.0,445.0,454.5,778108.0,ALUA
2023-07-25,454.0,465.0,438.0,457.0,1163049.0,ALUA
2023-07-26,455.0,464.0,443.0,452.5,581023.0,ALUA
2023-07-27,451.5,459.0,440.0,458.0,772758.0,ALUA
2023-07-28,467.0,469.0,460.5,466.5,403222.0,ALUA
2023-07-31,467.0,476.0,455.0,462.5,495242.0,ALUA
2023-08-01,463.0,464.0,449.0,452.5,585662.0,ALUA
2023-08-02,452.5,455.0,434.0,453.5,555432.0,ALUA
2023-08-03,460.0,461.0,433.0,437.0,764523.0,ALUA
2023-08-04,441.5,452.0,429.0,430.5,531017.0,ALUA
2023-08-07,440.0,448.0,420.5,431.0,1141808.0,ALUA
2023-08-08,442.0,448.0,433.5,443.5,1905164.0,ALUA
2023-08-09,445.0,453.5,427.0,440.0,1215161.0,ALUA
2023-08-10,445.0,453.0,430.0,433.5,1410178.0,ALUA
2023-08-11,440.0,456.0,434.5,447.5,933228.0,ALUA
2023-08-14,447.0,480.0,447.0,474.0,971400.0,ALUA
2023-08-15,480.0,512.0,460.0,509.5,1136655.0,ALUA
2023-08-16,520.0,555.0,520.0,554.0,1341821.0,ALUA
2023-08-17,560.0,609.0,560.0,607.5,1373980.0,ALUA
2023-08-18,610.0,610.0,572.0,599.0,1093612.0,ALUA
2023-08-22,599.0,620.0,584.0,612.5,671328.0,ALUA
2023-08-23,620.0,652.0,615.0,649.0,618160.0,ALUA
2023-08-24,655.0,661.0,620.0,649.0,1086265.0,ALUA
2023-08-25,657.0,657.0,625.0,648.5,652433.0,ALUA
2023-08-28,648.5,665.0,648.0,660.0,942182.0,ALUA
2023-08-29,670.0,677.0,628.0,656.0,991974.0,ALUA
2023-08-30,655.5,656.0,639.0,646.5,1023490.0,ALUA
2023-08-31,646.5,654.5,615.5,622.5,691571.0,ALUA
2023-09-01,631.0,645.0,600.0,607.0,666224.0,ALUA
2023-09-04,595.0,614.5,591.0,602.0,600722.0,ALUA
2023-09-05,602.0,603.0,570.0,579.5,861568.0,ALUA
2023-09-06,582.0,610.0,580.0,586.0,843957.0,ALUA
2023-09-07,590.0,598.0,559.0,560.5,952383.0,ALUA
2023-09-08,572.0,588.0,528.0,564.5,1049981.0,ALUA
2023-09-12,531.5,541.0,512.0,539.5,2278693.0,ALUA
2023-09-13,544.0,580.0,539.5,575.0,1150820.0,ALUA
2023-09-14,580.0,615.0,580.0,613.5,1232185.0,ALUA
2023-09-15,619.0,640.0,603.0,639.0,1180882.0,ALUA
2023-09-18,650.0,655.0,640.0,654.5,939514.0,ALUA
2023-09-19,655.0,655.0,622.5,640.0,1028604.0,ALUA
2023-09-20,633.0,645.0,611.5,628.5,811951.0,ALUA
2023-09-21,624.0,624.0,590.0,593.5,713056.0,ALUA
2023-09-22,598.0,608.0,594.5,604.0,391358.0,ALUA
2023-09-25,605.0,615.0,571.0,605.5,475803.0,ALUA
2023-09-26,605.0,625.0,590.0,619.5,578876.0,ALUA
2023-09-27,624.0,643.0,621.0,625.5,565443.0,ALUA
2023-09-28,639.5,666.0,626.0,660.0,627362.0,ALUA
2023-09-29,658.0,677.0,619.0,657.0,562723.0,ALUA
2023-10-02,660.0,667.0,640.0,665.0,728206.0,ALUA
2023-10-03,667.0,678.0,652.0,676.0,1000959.0,ALUA
2023-10-04,676.0,719.5,655.0,719.0,1396877.0,ALUA
2023-10-05,720.0,779.5,720.0,763.0,1790609.0,ALUA
2023-10-06,772.0,843.0,770.0,841.0,2014552.0,ALUA
2023-10-09,848.0,940.0,843.0,915.0,1646787.0,ALUA
2023-10-10,950.0,1023.0,950.0,994.0,2369434.0,ALUA
2023-10-11,1020.0,1099.0,910.5,1084.0,1921394.0,ALUA
2023-10-12,1090.0,1200.0,1040.0,1170.5,3137437.0,ALUA
2023-10-17,1180.0,1320.0,1179.5,1276.5,3796800.0,ALUA
2023-10-18,1286.0,1300.0,1151.0,1216.0,3091177.0,ALUA
2023-10-19,1180.0,1190.0,1051.0,1080.5,2864116.0,ALUA
2023-10-20,1071.0,1130.0,1071.0,1120.5,2229970.0,ALUA
2023-10-23,1000.0,1064.0,860.0,903.5,2226968.0,ALUA
2023-10-24,913.0,985.0,850.0,925.0,1436895.0,ALUA
2023-10-25,926.0,980.0,905.0,979.0,1125878.0,ALUA
2023-10-26,998.0,1044.0,985.0,1019.0,1605458.0,ALUA
2023-10-27,1040.0,1075.5,950.0,1043.0,2034916.0,ALUA
2023-10-30,1070.0,1080.0,881.0,892.0,1394559.0,ALUA
2023-10-31,895.5,910.0,798.0,809.0,1753032.0,ALUA
2023-11-01,816.0,837.0,799.0,810.0,2420086.0,ALUA
2023-11-02,827.0,908.0,815.0,904.0,1863408.0,ALUA
2023-11-03,906.0,965.0,851.0,908.5,1597373.0,ALUA
2023-11-07,900.0,920.0,838.0,848.5,919487.0,ALUA
2023-11-08,852.0,886.0,799.0,805.5,883461.0,ALUA
2023-11-09,805.0,937.0,800.0,934.0,1627783.0,ALUA
2023-11-10,934.0,1020.5,934.0,1000.0,1258225.0,ALUA
2023-11-13,1028.0,1028.0,925.0,962.0,1351702.0,ALUA
2023-11-14,961.0,989.5,920.0,926.5,569311.0,ALUA
2023-11-15,918.0,950.0,899.5,907.5,719458.0,ALUA
2023-11-16,916.5,920.0,838.0,856.5,1040305.0,ALUA
2023-11-17,860.0,910.0,860.0,902.5,1732938.0,ALUA
2023-11-21,1035.0,1110.0,925.0,1022.5,2177175.0,ALUA
2023-11-22,1035.0,1139.0,1000.0,1079.0,2577679.0,ALUA
2023-11-23,1118.0,1118.0,1035.0,1111.0,1660244.0,ALUA
2023-11-24,1140.0,1140.0,1010.0,1038.0,1628406.0,ALUA
2023-11-27,1003.0,1040.0,878.0,912.5,2105117.0,ALUA
2023-11-28,945.0,952.5,816.0,834.0,1875071.0,ALUA
2023-11-29,855.0,910.0,855.0,895.5,1059268.0,ALUA
2023-11-30,925.0,966.0,880.0,953.0,2354635.0,ALUA
2023-12-01,985.0,1055.0,980.0,1050.0,2582081.0,ALUA
2023-12-04,1065.0,1080.0,950.0,1026.0,1373395.0,ALUA
2023-12-05,1026.0,1043.5,950.0,986.0,1682432.0,ALUA
2023-12-06,1000.0,1030.0,990.0,1024.5,1163605.0,ALUA
2023-12-07,1039.5,1100.0,1011.5,1097.0,2207651.0,ALUA
2023-12-11,1111.0,1145.0,1050.0,1119.0,1240139.0,ALUA
2023-12-12,1145.0,1145.0,1070.0,1115.5,1841285.0,ALUA
2023-12-13,1150.0,1180.0,1021.0,1044.5,1368631.0,ALUA
2023-12-14,1055.0,1070.0,993.0,1026.5,1901423.0,ALUA
2023-12-15,1030.0,1035.0,915.0,923.0,2276636.0,ALUA
2023-12-18,925.0,970.0,909.0,951.5,1525165.0,ALUA
2023-12-19,960.0,991.5,954.0,989.5,767450.0,ALUA
2023-12-20,992.0,1019.0,945.0,952.5,1142922.0,ALUA
2023-12-21,971.0,999.0,902.0,949.0,1543638.0,ALUA
2023-12-22,951.0,960.0,903.0,941.5,1075200.0,ALUA
2023-12-26,940.0,941.0,870.0,887.0,1395986.0,ALUA
2023-12-27,890.0,915.0,828.0,840.0,1469962.0,ALUA
2023-12-28,840.0,899.5,840.0,870.0,1398826.0,ALUA
2023-12-29,887.0,925.0,870.0,920.5,637588.0,ALUA
2024-01-02,920.0,920.0,894.0,902.5,580191.0,ALUA
2024-01-03,905.0,953.0,890.5,945.0,1697847.0,ALUA
2024-01-04,950.0,1018.0,947.5,1016.5,1225183.0,ALUA
2024-01-05,1016.5,1090.0,1015.0,1083.5,1611771.0,ALUA
2024-01-08,1080.0,1117.0,1045.0,1083.5,2114961.0,ALUA
2024-01-09,1083.0,1105.0,1042.5,1057.0,1287297.0,ALUA
2024-01-10,1054.0,1083.0,1026.0,1056.0,1176067.0,ALUA
2024-01-11,1062.0,1073.5,1008.0,1010.0,909047.0,ALUA
2024-01-12,1015.0,1020.0,935.0,959.0,1420959.0,ALUA
2024-01-15,959.0,974.0,950.5,967.5,709781.0,ALUA
2024-01-16,969.0,1007.0,960.0,998.5,1510522.0,ALUA
2024-01-17,1001.0,1048.0,1001.0,1040.5,1251548.0,ALUA
2024-01-18,1040.0,1061.0,1000.5,1020.5,999008.0,ALUA
2024-01-19,1020.5,1040.0,995.0,1007.0,823211.0,ALUA
2024-01-22,1025.0,1025.0,997.5,1010.5,1067566.0,ALUA
2024-01-23,1012.0,1059.0,1000.0,1048.0,1344071.0,ALUA
2024-01-24,1052.0,1079.0,1035.0,1075.0,1287479.0,ALUA
2024-01-25,1069.0,1110.0,1069.0,1086.0,1219111.0,ALUA
2024-01-26,1083.0,1083.0,1031.0,1039.5,961792.0,ALUA
2024-01-29,1040.0,1040.0,1000.0,1024.0,589930.0,ALUA
2024-01-30,1022.0,1048.0,1013.0,1016.5,472537.0,ALUA
2024-01-31,1018.0,1041.0,1000.0,1032.0,683042.0,ALUA
2024-02-01,1037.0,1073.0,1017.0,1070.0,996887.0,ALUA
2024-02-02,1070.5,1095.0,1050.0,1071.0,504548.0,ALUA
2024-02-05,1072.0,1080.0,1005.0,1042.0,631582.0,ALUA
2024-02-06,1030.0,1045.5,1000.0,1018.5,356703.0,ALUA
2024-02-07,992.0,1016.0,951.0,998.5,1082912.0,ALUA
2024-02-08,1000.0,1013.0,966.0,973.5,359511.0,ALUA
2024-02-09,980.0,1014.0,960.0,994.0,499119.0,ALUA
2024-02-14,995.0,1000.0,920.0,940.5,386420.0,ALUA
2024-02-15,940.0,948.0,901.5,904.5,563225.0,ALUA
2024-02-16,905.0,918.5,851.0,894.5,532811.0,ALUA
2024-02-19,898.5,939.0,870.0,912.5,623998.0,ALUA
2024-02-20,914.0,940.0,840.5,885.0,880604.0,ALUA
2024-02-21,900.0,902.5,820.0,826.0,772275.0,ALUA
2024-02-22,833.0,864.0,816.0,823.0,1185633.0,ALUA
2024-02-23,818.0,888.0,810.0,886.0,1296779.0,ALUA
2024-02-26,898.0,927.0,860.0,895.0,1335778.0,ALUA
2024-02-27,890.0,910.0,818.5,825.0,981603.0,ALUA
2024-02-28,820.0,830.0,750.0,752.0,1694023.0,ALUA
2024-02-29,755.0,794.0,750.0,776.5,834687.0,ALUA
2024-03-01,798.5,849.5,781.0,842.5,807981.0,ALUA
2024-03-04,850.0,879.0,800.0,806.0,828827.0,ALUA
2024-03-05,802.0,802.0,751.0,760.0,768872.0,ALUA
2024-03-06,779.5,785.0,727.5,740.5,1030509.0,ALUA
2024-03-07,741.0,785.0,700.0,756.0,1374685.0,ALUA
2024-03-08,761.0,778.0,715.0,748.5,1568977.0,ALUA
2024-03-11,745.5,750.0,704.5,716.5,653976.0,ALUA
2024-03-12,725.5,774.0,721.5,771.0,1625031.0,ALUA
2024-03-13,798.0,819.0,785.0,801.0,967860.0,ALUA
2024-03-14,809.0,809.0,760.0,795.5,659584.0,ALUA
2024-03-15,795.5,799.0,779.0,789.5,530811.0,ALUA
2024-03-18,780.0,820.0,780.0,789.5,832105.0,ALUA
2024-03-19,790.0,856.0,780.0,854.0,1026509.0,ALUA
2024-03-20,864.0,897.5,864.0,896.5,1023891.0,ALUA
2024-03-21,899.5,944.0,860.0,940.5,1066405.0,ALUA
2024-03-22,941.0,947.0,909.0,924.0,627760.0,ALUA
2024-03-25,930.0,948.0,901.0,914.0,715892.0,ALUA
2024-03-26,930.0,934.0,886.5,928.0,894703.0,ALUA
2024-03-27,935.0,940.0,862.0,888.0,871851.0,ALUA
2024-04-03,900.0,908.5,837.0,850.5,1247820.0,ALUA
2024-04-04,842.0,860.0,810.0,817.0,613896.0,ALUA
2024-04-05,826.0,826.0,785.0,801.0,1356349.0,ALUA
2024-04-08,825.0,842.0,786.0,836.0,806981.0,ALUA
2024-04-09,835.0,895.0,818.0,891.5,934759.0,ALUA
2024-04-10,891.0,892.0,855.0,861.0,342095.0,ALUA
2024-04-11,862.0,879.0,832.0,872.0,462673.0,ALUA
2024-04-12,851.0,877.0,851.0,863.5,264608.0,ALUA
2024-04-15,874.5,910.0,830.5,888.5,1546642.0,ALUA
2024-04-16,891.0,928.0,853.0,908.0,855911.0,ALUA
2024-04-17,932.0,933.0,845.0,849.0,893810.0,ALUA
2024-04-18,850.0,868.0,824.5,848.5,940472.0,ALUA
2024-04-19,856.0,864.0,834.0,859.5,950724.0,ALUA
2024-04-22,889.0,889.0,846.5,886.5,666023.0,ALUA
2024-04-23,887.0,901.0,840.0,850.5,726026.0,ALUA
2024-04-24,854.0,859.5,810.0,823.0,548464.0,ALUA
2024-04-25,810.0,862.0,810.0,857.5,680672.0,ALUA
2024-04-26,865.0,886.5,848.5,865.5,1249547.0,ALUA
2024-04-29,858.0,894.5,856.0,884.5,901626.0,ALUA
2024-04-30,884.0,900.0,842.0,844.0,1321540.0,ALUA
2024-05-02,844.0,872.0,831.0,863.0,920310.0,ALUA
2024-05-03,865.0,905.0,840.0,903.0,1342401.0,ALUA
2024-05-06,918.0,930.0,868.0,904.5,1068058.0,ALUA
2024-05-07,904.0,913.0,856.0,870.0,920878.0,ALUA
2024-05-08,865.0,882.0,856.5,858.5,753320.0,ALUA
2024-05-09,869.0,869.0,840.0,842.0,607352.0,ALUA
2024-05-10,850.0,953.0,840.0,918.5,1779813.0,ALUA
2024-05-13,920.0,944.0,871.5,882.0,1430269.0,ALUA
2024-05-14,884.0,895.0,856.0,869.5,1084400.0,ALUA
2024-05-15,875.0,907.0,870.0,902.5,939978.0,ALUA
2024-05-16,903.0,923.5,890.0,921.0,1082356.0,ALUA
2024-05-17,918.0,949.5,914.5,937.0,1265535.0,ALUA
2024-05-20,937.0,972.0,925.0,969.0,1080973.0,ALUA
2024-05-21,972.0,1031.0,972.0,1027.5,1878298.0,ALUA
2024-05-22,1035.0,1053.0,1018.0,1051.0,998396.0,ALUA
2024-05-23,1055.0,1055.0,1000.0,1026.5,871274.0,ALUA
2024-05-24,1015.5,1028.5,980.0,1010.5,1303984.0,ALUA
2024-05-27,990.0,1034.0,953.0,1029.0,953186.0,ALUA
2024-05-28,1022.0,1035.0,991.5,1031.0,939374.0,ALUA
2024-05-29,1034.0,1035.0,995.5,998.5,583097.0,ALUA
2024-05-30,1002.0,1021.5,997.0,1011.5,1199265.0,ALUA
2024-05-31,1009.0,1020.0,992.0,1011.5,1174637.0,ALUA
2024-06-03,1005.5,1030.5,1002.0,1023.5,662841.0,ALUA
2024-06-04,1014.5,1020.0,970.0,974.0,756508.0,ALUA
2024-06-05,974.0,990.0,950.0,969.0,548496.0,ALUA
2024-06-06,959.0,970.0,918.5,920.5,991771.0,ALUA
2024-06-07,920.5,972.0,920.5,944.0,486270.0,ALUA
2024-06-10,944.0,956.5,930.0,948.0,777602.0,ALUA
2024-06-11,949.0,960.0,917.0,922.5,880230.0,ALUA
2024-06-12,925.0,950.0,922.0,925.0,558790.0,ALUA
2024-06-13,959.5,960.0,890.5,911.0,1741574.0,ALUA
2024-06-14,910.0,912.0,883.0,890.0,1239794.0,ALUA
2024-06-18,890.0,905.0,847.0,852.0,1255807.0,ALUA
2024-06-19,858.0,877.0,851.0,867.5,548031.0,ALUA
2024-06-24,855.5,888.0,855.5,882.0,892104.0,ALUA
2024-06-25,877.0,890.0,870.0,884.0,984901.0,ALUA
2024-06-26,886.0,909.0,872.5,905.0,1010781.0,ALUA
2024-06-27,911.0,980.0,908.0,977.0,1710171.0,ALUA
2024-06-28,977.0,990.0,942.0,987.0,1203085.0,ALUA
2024-07-01,984.0,1016.0,960.0,1014.5,930753.0,ALUA
2024-07-02,1015.0,1075.0,1014.0,1068.5,1844580.0,ALUA
2024-07-03,1068.5,1080.0,997.0,1007.0,1058047.0,ALUA
2024-07-04,1010.0,1018.0,981.0,1004.5,284118.0,ALUA
2024-07-05,1006.0,1045.0,1001.5,1043.5,589192.0,ALUA
2024-07-08,1049.0,1057.0,1025.0,1041.5,457538.0,ALUA
2024-07-10,1040.0,1060.0,1020.0,1055.0,436645.0,ALUA
2024-07-11,1060.0,1070.0,1020.0,1050.0,634899.0,ALUA
2024-07-12,1055.0,1080.0,1025.0,1065.0,593653.0,ALUA
2024-07-15,1045.0,1045.0,920.0,928.0,786068.0,ALUA
2024-07-16,930.0,968.0,882.0,963.0,1365018.0,ALUA
2024-07-17,971.0,1050.0,950.0,1035.0,801143.0,ALUA
2024-07-18,1050.0,1080.0,1015.0,1065.0,1103685.0,ALUA
2024-07-19,1065.0,1080.0,1035.0,1050.0,673611.0,ALUA
2024-07-22,1070.0,1070.0,1020.0,1065.0,560235.0,ALUA
2024-07-23,1060.0,1095.0,1030.0,1080.0,977811.0,ALUA
2024-07-24,1075.0,1085.0,1015.0,1040.0,698986.0,ALUA
2024-07-25,1040.0,1040.0,989.0,993.0,619280.0,ALUA
2024-07-26,995.0,1040.0,950.0,980.0,244459.0,ALUA
2024-07-29,965.0,999.0,921.0,941.0,330129.0,ALUA
2024-07-30,945.0,960.0,901.0,905.0,362463.0,ALUA
2024-07-31,905.0,960.0,903.0,957.0,502856.0,ALUA
2024-08-01,965.0,995.0,950.0,981.0,843448.0,ALUA
2024-08-02,990.0,991.0,925.0,955.0,359053.0,ALUA
2024-08-05,925.0,944.0,870.0,913.0,925492.0,ALUA
2024-08-06,920.0,940.0,900.0,906.0,562519.0,ALUA
2024-08-07,910.0,919.0,877.0,880.0,767924.0,ALUA
2024-08-08,880.0,915.0,880.0,912.0,756228.0,ALUA
2024-08-09,912.0,953.0,906.0,952.0,1328644.0,ALUA
2024-08-12,952.0,984.0,910.0,926.0,741425.0,ALUA
2024-08-13,933.0,944.0,910.0,932.0,876775.0,ALUA
2024-08-14,932.0,955.0,921.0,932.0,588022.0,ALUA
2024-08-15,940.0,945.0,912.0,933.0,1384312.0,ALUA
2024-08-16,931.0,943.0,921.0,933.0,965946.0,ALUA
2024-08-19,929.0,941.0,895.0,920.0,938697.0,ALUA
2024-08-20,920.0,930.0,900.0,914.0,549537.0,ALUA
2024-08-21,914.0,920.0,880.0,886.0,1255298.0,ALUA
2024-08-22,889.0,928.0,879.0,912.0,2434693.0,ALUA
2024-08-23,924.0,924.0,892.0,907.0,953919.0,ALUA
2024-08-26,905.0,917.0,873.0,890.0,1184887.0,ALUA
2024-08-27,900.0,905.0,874.0,883.0,1122336.0,ALUA
2024-08-28,885.0,906.0,880.0,902.0,1137369.0,ALUA
2024-08-29,907.0,929.0,896.0,908.0,1245850.0,ALUA
2024-08-30,930.0,930.0,884.0,908.0,1893120.0,ALUA
2024-09-02,916.0,917.0,898.0,913.0,942982.0,ALUA
2024-09-03,914.0,914.0,887.0,896.0,1092639.0,ALUA
2024-09-04,905.0,907.0,877.0,893.0,777498.0,ALUA
2024-09-05,895.0,900.0,854.0,860.0,1342050.0,ALUA
2024-09-06,860.0,865.0,847.0,859.0,613944.0,ALUA
2024-09-09,849.0,890.0,849.0,855.0,1026326.0,ALUA
2024-09-10,855.0,873.0,847.0,865.0,1130950.0,ALUA
2024-09-11,870.0,910.0,861.0,909.0,1225942.0,ALUA
2024-09-12,909.0,921.0,903.0,916.0,1020487.0,ALUA
2024-09-13,915.0,924.0,882.0,919.0,660957.0,ALUA
2024-09-16,920.0,931.0,910.0,926.0,822574.0,ALUA
2024-09-17,925.0,928.0,912.0,919.0,650841.0,ALUA
2024-09-18,919.0,920.0,888.0,902.0,422794.0,ALUA
2024-09-19,905.0,914.0,869.0,891.0,2267684.0,ALUA
2024-09-20,887.0,894.0,868.0,876.0,1001245.0,ALUA
2024-09-23,876.0,889.0,854.0,886.0,1283168.0,ALUA
2024-09-24,886.0,907.0,880.0,904.0,1042831.0,ALUA
2024-09-25,902.0,904.0,892.0,898.0,509623.0,ALUA
2024-09-26,910.0,910.0,873.0,883.0,696640.0,ALUA
2024-09-27,884.0,895.0,870.0,882.0,925762.0,ALUA
2024-09-30,885.0,886.0,858.0,864.0,1008080.0,ALUA
2024-10-01,869.0,882.0,854.0,877.0,841389.0,ALUA
2024-10-02,881.0,890.0,878.0,888.0,479299.0,ALUA
2024-10-03,895.0,895.0,869.0,880.0,601863.0,ALUA
2024-10-04,880.0,886.0,871.0,878.0,239720.0,ALUA
2024-10-07,877.0,880.0,857.0,869.0,682810.0,ALUA
2024-10-08,869.0,876.0,855.0,867.0,435276.0,ALUA
2024-10-09,867.0,874.0,856.0,869.0,609280.0,ALUA
2024-10-10,872.0,874.0,858.0,872.0,1292168.0,ALUA
2024-10-14,872.0,875.0,847.0,860.0,1593237.0,ALUA
2024-10-15,860.0,862.0,843.0,849.0,810820.0,ALUA
2024-10-16,847.0,859.0,840.0,843.0,1180644.0,ALUA
2024-10-17,841.0,852.0,833.0,838.0,1740009.0,ALUA
2024-10-18,849.0,849.0,825.0,835.0,943271.0,ALUA
2024-10-21,821.0,835.0,819.0,827.0,680477.0,ALUA
2024-10-22,826.0,826.0,775.0,804.0,2303295.0,ALUA
2024-10-23,803.0,805.0,774.0,785.0,2106981.0,ALUA
2024-10-24,785.0,831.0,785.0,828.0,2365139.0,ALUA
2024-10-25,827.0,845.0,810.0,817.0,1158836.0,ALUA
2024-10-28,818.0,835.0,813.0,826.0,812931.0,ALUA
2024-10-29,820.0,844.0,816.0,832.0,804753.0,ALUA
2024-10-30,832.0,840.0,800.0,826.0,761409.0,ALUA
2024-10-31,807.0,844.0,807.0,843.0,788510.0,ALUA
2024-11-01,842.0,867.0,842.0,866.0,809285.0,ALUA
2024-11-04,864.0,890.0,860.0,880.0,965299.0,ALUA
2024-11-05,882.0,890.0,852.0,879.0,789719.0,ALUA
2024-11-06,875.0,885.0,853.0,861.0,681429.0,ALUA
2024-11-07,865.0,870.0,836.0,842.0,1358244.0,ALUA
2024-11-08,843.0,859.0,788.0,802.0,2429481.0,ALUA
2024-11-11,801.0,815.0,790.0,811.0,1126337.0,ALUA
2024-11-12,810.0,823.0,805.0,811.0,904138.0,ALUA
2024-11-13,815.0,815.0,795.0,810.0,1261224.0,ALUA
2024-11-14,810.0,848.0,807.0,838.0,1352836.0,ALUA
2024-11-15,849.0,865.0,843.0,864.0,1988581.0,ALUA
2024-11-19,860.0,895.0,855.0,872.0,1484252.0,ALUA
2024-11-20,880.0,884.0,842.0,856.0,1851724.0,ALUA
2024-11-21,865.0,876.0,843.0,874.0,1615972.0,ALUA
2024-11-22,862.0,922.0,862.0,920.0,2906496.0,ALUA
2024-11-25,938.0,969.0,926.0,963.0,4008477.0,ALUA
2024-11-26,963.0,990.0,945.0,985.0,2397416.0,ALUA
2024-11-27,986.0,999.0,931.0,940.0,2202979.0,ALUA
2024-11-28,940.0,950.0,937.0,944.0,658186.0,ALUA
2024-11-29,948.0,953.0,923.0,950.0,806518.0,ALUA
2024-12-02,959.0,985.0,939.0,978.0,1378841.0,ALUA
2024-12-03,968.0,993.0,966.0,985.0,1187488.0,ALUA
2024-12-04,985.0,994.0,929.0,952.0,1254097.0,ALUA
2024-12-05,936.0,960.0,918.0,931.0,940514.0,ALUA
2024-12-06,931.0,943.0,870.0,905.0,1261214.0,ALUA
2024-12-09,905.0,915.0,880.0,914.0,1307738.0,ALUA
2024-12-10,916.0,927.0,885.0,898.0,619714.0,ALUA
2024-12-11,911.0,911.0,870.0,894.0,798925.0,ALUA
2024-12-12,900.0,907.0,876.0,891.0,1420003.0,ALUA
2024-12-13,895.0,928.0,880.0,920.0,1017125.0,ALUA
2024-12-16,931.0,987.0,925.0,980.0,2416291.0,ALUA
2024-12-17,981.0,999.0,941.0,971.0,2205534.0,ALUA
2024-12-18,990.0,999.0,953.0,973.0,2038686.0,ALUA
2024-12-19,974.0,974.0,920.0,931.0,1141781.0,ALUA
2024-12-20,932.0,943.0,905.0,914.0,1104911.0,ALUA
2024-12-23,914.0,927.0,895.0,911.0,1235864.0,ALUA
2024-12-24,919.0,928.0,911.0,921.0,294356.0,ALUA
2024-12-26,923.0,938.0,880.0,914.0,1388387.0,ALUA
2024-12-27,915.0,928.0,887.0,903.0,889773.0,ALUA
2024-12-30,913.0,913.0,880.0,892.0,555964.0,ALUA
2025-01-02,892.0,906.0,883.0,893.0,975743.0,ALUA
2025-01-03,900.0,904.0,876.0,890.0,1027287.0,ALUA
2025-01-06,890.0,898.0,857.0,874.0,2178300.0,ALUA
2025-01-07,879.0,885.0,847.0,874.0,1753817.0,ALUA
2025-01-08,877.0,886.0,856.0,884.0,1149466.0,ALUA
2025-01-09,884.0,920.0,881.0,918.0,1443575.0,ALUA
2025-01-10,918.0,939.0,918.0,931.0,1591338.0,ALUA
2025-01-13,932.0,942.0,884.0,904.0,1305300.0,ALUA
2025-01-14,904.0,920.0,864.0,873.0,1308198.0,ALUA
2025-01-15,881.0,884.0,836.0,838.0,1988333.0,ALUA
2025-01-16,837.0,844.0,809.0,816.0,848612.0,ALUA
2025-01-17,820.0,826.0,782.0,811.0,1844126.0,ALUA
2025-01-20,815.0,828.0,803.0,812.0,845256.0,ALUA
2025-01-21,812.0,824.0,799.0,803.0,1095371.0,ALUA
2025-01-22,816.0,847.0,808.0,838.0,1036697.0,ALUA
2025-01-23,845.0,873.0,831.0,871.0,1371979.0,ALUA
2025-01-24,872.0,889.0,815.0,876.0,1037341.0,ALUA
2025-01-27,876.0,880.0,840.0,844.0,385266.0,ALUA
2025-01-28,846.0,858.0,817.0,821.0,632565.0,ALUA
2025-01-29,821.0,857.0,815.0,849.0,601735.0,ALUA
2025-01-30,860.0,863.0,845.0,858.0,588420.0,ALUA
2025-01-31,858.0,879.0,852.0,867.0,527714.0,ALUA
2025-02-03,858.0,870.0,805.0,856.0,483258.0,ALUA
2025-02-04,860.0,870.0,848.0,859.0,348143.0,ALUA
2025-02-05,859.0,874.0,830.0,835.0,1262284.0,ALUA
2025-02-06,835.0,842.0,807.0,827.0,978271.0,ALUA
2025-02-07,835.0,836.0,807.0,828.0,798745.0,ALUA
2025-02-10,810.0,875.0,782.0,872.0,3076206.0,ALUA
2025-02-11,870.0,870.0,810.0,821.0,1862560.0,ALUA
2025-02-12,801.0,821.0,785.0,794.0,1471137.0,ALUA
2025-02-13,800.0,807.0,786.0,803.0,610477.0,ALUA
2025-02-14,820.0,820.0,791.0,820.0,2047250.0,ALUA
2025-02-17,790.0,830.0,781.0,811.0,1379211.0,ALUA
2025-02-18,800.0,825.0,795.0,809.0,1745501.0,ALUA
2025-02-19,810.0,824.0,792.0,820.0,1490403.0,ALUA
2025-02-20,820.0,825.0,804.0,814.0,909488.0,ALUA
2025-02-21,820.0,840.0,795.0,824.0,956105.0,ALUA
2025-02-24,824.0,830.0,803.0,813.0,696467.0,ALUA
2025-02-25,820.0,820.0,796.0,805.0,399116.0,ALUA
2025-02-26,805.0,815.0,790.0,797.0,420098.0,ALUA
2025-02-27,795.0,810.0,769.0,775.0,1019557.0,ALUA
2025-02-28,780.0,785.0,744.0,759.0,905218.0,ALUA
2025-03-05,768.0,780.0,760.0,774.0,909172.0,ALUA
2025-03-06,774.0,801.0,770.0,796.0,883345.0,ALUA
2025-03-07,800.0,815.0,795.0,810.0,957611.0,ALUA
2025-03-10,819.0,819.0,771.0,790.0,608576.0,ALUA
2025-03-11,790.0,803.0,775.0,787.0,544590.0,ALUA
2025-03-12,787.0,805.0,780.0,802.0,459951.0,ALUA
2025-03-13,809.0,809.0,781.0,788.0,539243.0,ALUA
2025-03-14,780.0,815.0,778.0,805.0,457676.0,ALUA
2025-03-17,805.0,834.0,785.0,830.0,1034718.0,ALUA
2025-03-18,834.0,875.0,834.0,862.0,1430244.0,ALUA
2025-03-19,870.0,874.0,821.0,867.0,1348757.0,ALUA
2025-03-20,864.0,865.0,838.0,847.0,532647.0,ALUA
2025-03-21,838.0,860.0,831.0,851.0,895782.0,ALUA
2025-03-25,851.0,875.0,840.0,873.0,1204618.0,ALUA
2025-03-26,877.0,880.0,854.0,868.0,1495398.0,ALUA
2025-03-27,880.0,882.0,851.0,870.0,724454.0,ALUA
2025-03-28,869.0,880.0,852.0,873.0,895845.0,ALUA
2025-03-31,860.0,885.0,845.0,881.0,646258.0,ALUA
2025-04-01,881.0,885.0,851.0,866.0,769946.0,ALUA
2025-04-03,845.0,865.0,804.0,815.0,759599.0,ALUA
2025-04-04,798.0,799.0,733.0,793.0,1008860.0,ALUA
2025-04-07,782.0,793.0,741.0,787.0,763809.0,ALUA
2025-04-08,787.0,825.0,739.0,759.0,1014177.0,ALUA
2025-04-09,760.0,795.0,715.0,791.0,1532211.0,ALUA
2025-04-10,775.0,798.0,758.0,788.0,2476355.0,ALUA
2025-04-11,799.0,825.0,781.0,819.0,1234427.0,ALUA
2025-04-14,850.0,870.0,823.0,852.0,1072496.0,ALUA
2025-04-15,859.0,860.0,800.0,807.0,841513.0,ALUA
2025-04-16,805.0,819.0,755.0,761.0,920452.0,ALUA
2025-04-21,747.0,747.0,649.0,661.0,1897237.0,ALUA
2025-04-22,661.0,680.0,642.0,658.0,2013306.0,ALUA
2025-04-23,661.0,705.0,659.0,699.0,1933586.0,ALUA
2025-04-24,700.0,725.0,682.0,690.0,1041882.0,ALUA
2025-04-25,695.0,708.0,676.0,694.0,845671.0,ALUA
2025-04-28,699.0,700.0,665.0,693.0,528938.0,ALUA
2025-04-29,692.0,710.0,664.0,679.0,901989.0,ALUA
2025-04-30,679.0,683.0,640.0,659.0,594914.0,ALUA
2025-05-05,650.0,669.0,643.0,659.0,547350.0,ALUA
2025-05-06,664.0,683.0,662.0,679.0,684040.0,ALUA
2025-05-07,690.0,690.0,658.0,663.0,418396.0,ALUA
2025-05-08,663.0,673.0,633.0,649.0,317457.0,ALUA
2025-05-09,648.0,661.0,628.0,631.0,1166206.0,ALUA
2025-05-12,631.0,644.0,614.0,620.0,2623981.0,ALUA
2025-05-13,629.0,672.0,596.0,663.0,2361068.0,ALUA
2025-05-14,663.0,695.0,659.0,679.0,2024864.0,ALUA
2025-05-15,678.0,690.0,655.0,684.0,1084003.0,ALUA
2025-05-16,668.0,733.0,668.0,731.0,1722895.0,ALUA
2025-05-19,732.0,745.0,720.0,728.0,1053619.0,ALUA
2025-05-20,736.0,755.0,705.0,751.0,1728202.0,ALUA
2025-05-21,759.0,780.0,744.0,761.0,1662007.0,ALUA
2025-05-22,760.0,781.0,741.0,762.0,1003411.0,ALUA
2025-05-23,749.0,794.0,733.0,789.0,1467744.0,ALUA
2025-05-26,793.0,810.0,791.0,808.0,983187.0,ALUA
2025-05-27,815.0,825.0,801.0,817.0,726921.0,ALUA
2025-05-28,800.0,838.0,800.0,830.0,1082232.0,ALUA
2025-05-29,838.0,847.0,810.0,835.0,946584.0,ALUA
2025-05-30,825.0,840.0,793.0,797.0,963137.0,ALUA
2025-06-02,793.0,797.0,753.0,755.0,1261998.0,ALUA
2025-06-03,754.0,765.0,711.0,718.0,1430338.0,ALUA
2025-06-04,714.0,720.0,673.0,705.0,1219374.0,ALUA
2025-06-05,700.0,716.0,676.0,708.0,683451.0,ALUA
2025-06-06,710.0,718.0,680.0,707.0,1268319.0,ALUA
2025-06-09,708.0,708.0,677.0,678.0,694120.0,ALUA
2025-06-10,673.0,705.0,673.0,690.0,887680.0,ALUA
2025-06-11,700.0,705.0,679.0,686.0,906797.0,ALUA
2025-06-12,680.0,700.0,676.0,688.0,660347.0,ALUA
2025-06-13,689.0,692.0,645.0,658.0,1311143.0,ALUA
2025-06-17,655.0,669.0,625.0,632.0,1658800.0,ALUA
2025-06-18,649.0,649.0,623.0,628.0,690409.0,ALUA
2025-06-19,627.0,638.0,610.0,622.0,940872.0,ALUA
2025-06-23,621.0,625.0,582.0,584.0,1844875.0,ALUA
2025-06-24,588.0,633.0,588.0,629.0,1082225.0,ALUA
2025-06-25,628.0,665.0,614.0,656.0,853596.0,ALUA
2025-06-26,663.0,700.0,663.0,690.0,1580454.0,ALUA
2025-06-27,690.0,715.0,690.0,706.0,1455928.0,ALUA
2025-06-30,716.0,727.0,695.0,719.0,1534196.0,ALUA
2025-07-01,718.0,720.0,690.0,716.0,945653.0,ALUA
2025-07-02,716.0,747.0,710.0,736.0,1260542.0,ALUA
2025-07-03,750.0,754.0,712.0,726.0,1061613.0,ALUA
2025-07-04,723.0,735.0,713.0,725.0,459099.0,ALUA
2025-07-07,728.0,740.0,694.0,713.0,808151.0,ALUA
2025-07-08,713.0,721.0,689.0,698.0,916244.0,ALUA
2025-07-10,698.0,705.0,675.0,683.0,609486.0,ALUA
2025-07-11,686.0,690.0,670.0,683.0,525540.0,ALUA
2025-07-14,687.0,734.0,685.0,729.0,1191583.0,ALUA
2025-07-15,735.0,750.0,703.0,717.0,1002659.0,ALUA
2025-07-16,725.0,725.0,694.0,706.0,500085.0,ALUA
2025-07-17,708.0,715.0,696.0,699.0,858480.0,ALUA
2025-07-18,702.0,726.0,686.0,723.0,567030.0,ALUA
2025-07-21,711.0,735.0,705.0,708.0,548405.0,ALUA
2025-07-22,708.0,715.0,680.0,689.0,627483.0,ALUA
2025-07-23,690.0,695.0,682.0,691.0,911487.0,ALUA
2025-07-24,689.0,698.0,660.0,692.0,377696.0,ALUA
2025-07-25,692.0,715.0,690.0,711.0,969126.0,ALUA
2025-07-28,715.0,719.0,701.0,708.0,1171941.0,ALUA
2025-07-29,709.0,724.0,706.0,722.0,1195686.0,ALUA
2025-07-30,723.0,752.0,715.0,750.0,1584309.0,ALUA
2025-07-31,750.0,789.0,740.0,787.0,1594256.0,ALUA
2025-08-01,770.0,790.0,764.0,774.0,798500.0,ALUA
2025-08-04,783.0,783.0,743.0,745.0,621780.0,ALUA
2025-08-05,748.0,753.0,715.0,725.0,1455250.0,ALUA
2025-08-06,725.0,743.0,710.0,725.0,2383759.0,ALUA
2025-08-07,725.0,734.0,709.0,727.0,1249524.0,ALUA
2025-08-08,731.0,735.0,708.0,730.0,523543.0,ALUA
2025-08-11,731.0,731.0,711.0,714.0,546420.0,ALUA
2025-08-12,709.0,731.0,709.0,724.0,591859.0,ALUA
2025-08-13,726.0,730.0,704.0,714.0,593634.0,ALUA
2025-08-14,715.0,725.0,692.0,708.0,895445.0,ALUA
2025-08-18,693.0,713.0,693.0,707.0,845968.0,ALUA
2025-08-19,691.0,713.0,678.0,683.0,714926.0,ALUA
2025-08-20,676.0,695.0,665.0,679.0,1337277.0,ALUA
2025-08-21,680.0,685.0,672.0,678.0,796207.0,ALUA
2025-08-22,677.0,693.0,674.0,692.0,785539.0,ALUA
2025-08-25,693.0,715.0,675.0,712.0,1094932.0,ALUA
2025-08-26,700.0,734.0,700.0,725.0,813995.0,ALUA
2025-08-27,725.0,745.0,715.0,737.0,1289365.0,ALUA
2025-08-28,737.0,744.0,693.0,697.0,995993.0,ALUA
2025-08-29,700.0,727.0,676.0,723.0,938838.0,ALUA
2025-09-01,710.0,752.0,708.0,749.0,1618353.0,ALUA
2025-09-02,751.0,754.0,716.0,738.0,1406360.0,ALUA
2025-09-03,735.0,742.0,694.0,700.0,993075.0,ALUA
2025-09-04,710.0,717.0,685.0,696.0,949287.0,ALUA
2025-09-05,680.0,696.0,664.0,686.0,2029668.0,ALUA
2025-09-08,670.0,705.0,600.0,696.5,1572445.0,ALUA
2025-09-09,700.0,713.0,678.5,694.0,1218198.0,ALUA
2025-09-10,700.0,716.5,691.5,702.0,641358.0,ALUA
2025-09-11,702.0,713.0,676.0,682.0,1443179.0,ALUA
2025-09-12,686.0,702.0,660.0,666.0,420245.0,ALUA
2025-09-15,680.0,691.0,645.5,667.0,821401.0,ALUA
2025-09-16,668.0,686.0,660.5,684.5,470473.0,ALUA
2025-09-17,686.0,696.0,686.0,689.0,432831.0,ALUA
2025-09-18,689.0,700.0,633.0,659.5,1217470.0,ALUA
2025-09-19,645.0,659.5,616.0,653.0,1155176.0,ALUA
2025-09-22,655.0,675.0,629.0,643.0,1600435.0,ALUA
2025-09-23,641.0,664.5,611.0,639.5,932907.0,ALUA
2025-09-24,658.0,667.0,638.5,662.5,1356954.0,ALUA
2025-09-25,662.0,667.0,643.0,645.0,614702.0,ALUA
2025-09-26,648.0,664.0,635.5,662.5,701449.0,ALUA
2025-09-29,661.5,696.0,650.0,689.0,842020.0,ALUA
2025-09-30,691.0,710.0,678.0,696.0,813230.0,ALUA
2025-10-01,692.0,734.0,691.0,731.5,2006014.0,ALUA
2025-10-02,731.0,758.5,716.0,753.5,1687372.0,ALUA
2025-10-03,753.0,760.0,732.0,759.0,747483.0,ALUA
2025-10-06,755.0,765.0,733.0,736.5,605688.0,ALUA
2025-10-07,736.5,740.5,695.0,698.5,1339592.0,ALUA
2025-10-08,710.0,742.0,698.0,719.0,2645909.0,ALUA
2025-10-09,703.5,745.0,703.5,718.0,1300312.0,ALUA
2025-10-13,705.0,714.0,682.0,692.5,1171715.0,ALUA
2025-10-14,693.5,729.5,680.0,692.0,1669108.0,ALUA
2025-10-15,692.0,722.0,692.0,705.0,1439312.0,ALUA
2025-10-16,705.0,739.0,700.0,738.0,2423189.0,ALUA
2025-10-17,738.0,799.0,725.0,796.5,3180261.0,ALUA
2025-10-20,796.0,860.0,786.0,852.0,2755063.0,ALUA
2025-10-21,850.0,894.0,826.0,884.0,2675940.0,ALUA
2025-10-22,888.0,915.0,820.0,831.5,3231644.0,ALUA
2025-10-23,830.5,870.5,775.0,793.5,2209827.0,ALUA
2025-10-24,802.0,832.0,757.0,802.5,1981750.0,ALUA
2025-10-27,840.0,920.0,768.0,812.0,2329840.0,ALUA
2025-10-28,813.0,945.0,813.0,883.0,3090370.0,ALUA
2025-10-29,900.0,950.0,889.0,931.5,3367028.0,ALUA
2025-10-30,936.0,939.0,890.0,934.5,1585375.0,ALUA
2025-10-31,934.0,996.0,934.0,986.5,2145416.0,ALUA
2025-11-03,990.0,1029.0,970.0,1009.0,2400529.0,ALUA
2025-11-04,1008.0,1010.0,950.0,970.5,2192280.0,ALUA
2025-11-05,970.0,993.5,957.0,976.5,1144193.0,ALUA
2025-11-06,978.0,990.0,946.0,966.0,423108.0,ALUA
2025-11-07,965.0,992.0,908.0,984.5,1267096.0,ALUA
2025-11-10,991.0,1100.0,991.0,1098.0,4117977.0,ALUA
2025-11-11,1090.0,1170.0,1071.0,1124.0,3240782.0,ALUA
2025-11-12,1124.0,1166.0,1070.0,1078.0,1611010.0,ALUA
2025-11-13,1075.0,1100.0,982.5,988.5,3857906.0,ALUA
2025-11-14,1010.0,1136.0,1000.0,1121.0,4664791.0,ALUA
2025-11-17,1120.0,1168.0,1061.0,1078.0,2566481.0,ALUA
2025-11-18,1070.0,1075.0,1010.0,1064.0,1552086.0,ALUA
2025-11-19,1074.0,1100.0,1016.0,1049.0,1203209.0,ALUA
2025-11-20,1035.0,1080.0,1001.0,1028.0,1430778.0,ALUA
2025-11-21,1020.0,1045.0,980.0,1010.0,271816.0,ALUA
2025-11-25,999.0,1023.0,981.0,1006.0,686656.0,ALUA
2025-11-26,1024.0,1024.0,983.0,1013.0,1072623.0,ALUA
2025-11-27,1002.0,1040.0,1001.0,1035.0,591229.0,ALUA
2025-11-28,1049.0,1059.0,1033.0,1050.0,668622.0,ALUA
2025-12-01,1051.0,1094.0,1043.0,1089.0,1430505.0,ALUA
2025-12-02,1090.0,1110.0,1069.0,1076.0,1192814.0,ALUA
2025-12-03,1085.0,1092.0,1055.0,1072.0,557716.0,ALUA
2025-12-04,1079.0,1091.0,1050.0,1068.0,710865.0,ALUA
2025-12-05,1069.0,1080.0,1050.0,1065.0,658600.0,ALUA
2025-12-09,1067.0,1070.0,1024.0,1029.0,322605.0,ALUA
2025-12-10,1030.0,1039.0,989.0,993.0,1290734.0,ALUA
2025-12-11,996.0,1000.0,928.0,936.5,2728279.0,ALUA
2025-12-12,936.5,963.0,905.0,956.0,2234375.0,ALUA
2025-12-15,970.0,970.0,939.0,955.5,668663.0,ALUA
2025-12-16,945.0,1033.0,945.0,1030.0,2871998.0,ALUA
2025-12-17,1030.0,1072.0,1030.0,1067.0,1710923.0,ALUA
2025-12-18,1079.0,1104.0,1050.0,1100.0,1377327.0,ALUA
2025-12-19,1105.0,1105.0,1055.0,1081.0,1101141.0,ALUA
2025-12-22,1081.0,1105.0,1038.0,1046.0,1202229.0,ALUA
2025-12-23,1045.0,1045.0,997.0,1005.0,1938846.0,ALUA
2025-12-24,997.5,1009.0,925.0,1001.0,596061.0,ALUA
2025-12-26,1015.0,1020.0,985.0,1007.0,556661.0,ALUA
2025-12-29,1014.0,1020.0,959.0,975.0,695579.0,ALUA
2025-12-30,980.0,1010.0,975.0,993.5,616404.0,ALUA
2026-01-02,1000.0,1009.0,975.0,1004.0,389428.0,ALUA
2026-01-05,1007.0,1038.0,974.0,1022.0,1335558.0,ALUA
2026-01-06,1050.0,1050.0,1004.0,1031.0,969873.0,ALUA
2026-01-07,1010.0,1045.0,986.0,1001.0,1278146.0,ALUA
2026-01-08,1020.0,1026.0,970.0,975.0,1110091.0,ALUA
2026-01-09,977.0,1010.0,977.0,1005.0,1132541.0,ALUA
2026-01-12,1007.0,1022.0,986.0,995.0,543453.0,ALUA
2026-01-13,1009.0,1009.0,966.0,969.0,864775.0,ALUA
2026-01-14,975.0,992.0,936.0,960.0,1430012.0,ALUA
2026-01-15,955.0,979.0,940.0,975.0,724743.0,ALUA
2026-01-16,993.5,993.5,962.0,990.0,633831.0,ALUA
2026-01-19,992.0,1002.0,976.0,998.0,758266.0,ALUA
2026-01-20,987.0,1004.0,956.0,998.5,538856.0,ALUA
2026-01-21,998.0,1030.0,986.0,1028.0,1361169.0,ALUA
2026-01-22,1030.0,1060.0,1028.0,1056.0,1419265.0,ALUA
2026-01-23,1055.0,1079.0,1035.0,1076.0,1313919.0,ALUA
2026-01-26,1070.0,1098.0,1040.0,1080.0,1746615.0,ALUA
2026-01-27,1095.0,1095.0,1030.0,1036.0,1841810.0,ALUA
2026-01-28,1045.0,1060.0,1014.0,1031.0,1263897.0,ALUA
2026-01-29,1032.0,1052.0,1012.0,1046.0,1775862.0,ALUA
2026-01-30,1049.0,1064.0,1018.0,1045.0,954610.0,ALUA
2026-02-02,1045.0,1060.0,1006.0,1022.0,512098.0,ALUA
2026-02-03,1025.0,1030.0,973.0,989.0,1052176.0,ALUA
2026-02-04,980.0,998.0,970.0,975.5,506892.0,ALUA
2026-02-05,977.0,991.0,950.0,979.0,1075743.0,ALUA
2026-02-06,990.0,1030.0,980.0,1017.0,792472.0,ALUA
2026-02-09,1030.0,1031.0,976.0,983.5,622025.0,ALUA
2026-02-10,982.5,990.0,952.5,981.5,842582.0,ALUA
2026-02-11,982.0,998.0,973.0,996.5,396789.0,ALUA
2026-02-12,1000.0,1013.0,953.0,963.0,746341.0,ALUA
2026-02-13,960.0,995.0,950.0,990.5,493286.0,ALUA
2026-02-18,975.0,999.0,930.0,945.0,1268033.0,ALUA
2026-02-19,945.0,945.0,890.0,918.0,2346942.0,ALUA
2026-02-20,900.0,930.0,892.0,893.0,2280078.0,ALUA
2026-02-23,885.0,889.0,830.0,834.0,2677158.0,ALUA
2026-02-24,833.0,833.5,772.5,795.5,3667235.0,ALUA
2026-02-25,797.0,820.0,790.0,820.0,1680616.0,ALUA
2026-02-26,820.0,837.0,818.0,825.5,853273.0,ALUA
2026-02-27,830.0,831.5,785.0,811.5,511681.0,ALUA
2026-03-02,812.0,812.0,747.0,755.0,1844841.0,ALUA
2026-03-03,753.0,753.0,703.0,710.5,1330011.0,ALUA
2026-03-04,715.0,741.0,708.0,738.5,1341773.0,ALUA
2026-03-05,750.0,800.0,730.0,798.5,1193767.0,ALUA
2026-03-06,802.0,855.5,802.0,851.5,1562873.0,ALUA
2026-03-09,855.0,869.5,813.0,868.5,1196969.0,ALUA
2026-03-10,870.0,880.0,840.0,863.5,871199.0,ALUA
2026-03-11,850.0,879.5,840.0,876.5,1062575.0,ALUA
2026-03-12,870.0,887.0,840.0,844.0,902802.0,ALUA
2026-03-13,842.0,880.0,787.0,791.0,1398463.0,ALUA
2026-03-16,790.0,815.0,775.0,798.5,762263.0,ALUA
2026-03-17,799.0,815.0,795.0,800.5,868087.0,ALUA
2026-03-18,802.0,815.0,790.0,811.0,1021118.0,ALUA
2026-03-19,816.0,816.0,795.0,805.0,637414.0,ALUA
2026-03-20,807.0,812.0,785.0,793.0,571919.0,ALUA
2026-03-23,795.0,806.0,791.0,797.0,49075.0,ALUA
2026-03-25,797.5,809.0,787.0,787.5,324202.0,ALUA
2026-03-26,790.0,807.0,775.0,795.5,568730.0,ALUA
2026-03-27,796.0,815.5,785.0,809.0,360291.0,ALUA
2026-03-30,813.5,885.0,810.0,881.0,2463251.0,ALUA
2026-03-31,885.0,938.0,885.0,937.0,1663244.0,ALUA
2026-04-01,935.0,996.0,901.0,992.5,1996233.0,ALUA
2026-04-06,990.0,1030.0,970.0,1028.0,1664291.0,ALUA
2026-04-07,1029.0,1029.0,966.0,969.5,1148364.0,ALUA
2026-04-08,970.0,1010.0,935.5,941.0,1251494.0,ALUA
2026-04-09,955.0,978.0,905.5,975.5,851359.0,ALUA
2026-04-10,983.5,1002.0,970.5,997.0,720076.0,ALUA
2026-04-13,1004.0,1020.0,956.0,1010.0,964721.0,ALUA
2026-04-14,1010.0,1010.0,968.0,980.5,615630.0,ALUA
2026-04-15,985.0,1005.0,949.0,966.0,572051.0,ALUA
2026-04-16,965.0,988.0,942.5,949.0,683276.0,ALUA
2026-04-17,949.0,965.0,930.5,948.5,523964.0,ALUA
2026-04-20,950.0,962.0,925.0,951.0,476488.0,ALUA
2026-04-21,955.0,969.0,929.0,950.5,446200.0,ALUA
2026-04-22,952.5,964.5,942.0,962.5,980418.0,ALUA
2026-04-23,965.0,984.0,950.0,980.5,686978.0,ALUA
2026-04-24,980.0,999.5,965.5,994.0,523047.0,ALUA
2026-04-27,994.0,1007.0,988.0,999.5,720000.0,ALUA
2026-04-28,1000.0,1010.0,970.0,977.5,399709.0,ALUA
2026-04-29,970.5,989.0,962.0,986.0,487873.0,ALUA
2026-04-30,980.0,1005.0,963.5,970.0,494305.0,ALUA
2026-05-04,970.0,970.0,931.0,935.0,236604.0,ALUA
2026-05-05,940.0,941.0,881.0,910.0,767299.0,ALUA
2026-05-06,915.0,954.5,897.0,918.0,372573.0,ALUA
2026-05-07,916.0,918.0,900.0,908.5,466185.0,ALUA
2026-05-08,910.0,916.0,897.5,910.5,172976.0,ALUA
2026-05-11,911.5,922.0,890.5,920.0,553851.0,ALUA
2026-05-12,920.0,940.0,901.5,926.5,205746.0,ALUA
2026-05-13,928.0,945.0,920.5,945.0,596268.0,ALUA
2026-05-14,936.0,954.0,930.5,944.5,361649.0,ALUA
2026-05-15,935.0,942.0,922.0,940.5,188211.0,ALUA
2026-05-18,940.0,942.5,908.0,910.5,609611.0,ALUA
2026-05-19,915.0,919.5,894.5,909.5,228994.0,ALUA
2026-05-20,905.0,930.0,905.0,915.0,288562.0,ALUA
2026-05-21,940.0,940.0,899.0,928.0,1133890.0,ALUA
2026-05-22,915.0,949.0,910.0,938.5,243401.0,ALUA
2026-05-26,948.0,970.5,920.0,967.0,407494.0,ALUA
2026-05-27,967.5,1000.0,953.5,994.5,630630.0,ALUA
2026-05-28,995.0,1016.0,985.0,1005.0,496281.0,ALUA
2026-05-29,1000.0,1021.0,992.0,1019.0,811629.0,ALUA
2026-06-01,1025.0,1035.0,1010.0,1030.0,823070.0,ALUA
2026-06-02,1029.0,1029.0,980.0,1000.0,777086.0,ALUA
2026-06-03,1000.0,1018.0,985.0,1015.0,736048.0,ALUA
2026-06-04,1020.0,1028.0,991.5,1009.0,397730.0,ALUA
2026-06-05,1018.0,1018.0,960.5,976.0,629456.0,ALUA
2026-06-08,973.0,1005.0,966.5,997.5,355914.0,ALUA
2026-06-09,999.5,1025.0,988.5,1008.0,453043.0,ALUA
2026-06-10,1014.0,1018.0,995.5,1016.0,693513.0,ALUA
2026-06-11,1020.0,1030.0,1008.0,1027.0,1108541.0,ALUA
2026-06-12,1027.0,1034.0,1017.0,1029.0,604841.0,ALUA
2026-06-16,1030.0,1031.0,965.0,985.0,549338.0,ALUA
2026-06-17,997.0,1005.0,971.0,1001.0,237799.0,ALUA
2026-06-18,1010.0,1014.0,995.0,1010.0,205602.0,ALUA
2026-06-19,1010.0,1015.0,993.5,1000.0,198848.0,ALUA
2026-06-22,1001.0,1014.0,991.5,1006.0,205945.0,ALUA
2026-06-23,1010.0,1039.0,990.0,1033.0,759599.0,ALUA
2026-06-24,1025.0,1040.0,1011.0,1027.0,403778.0,ALUA
2026-06-25,1031.0,1045.0,984.5,990.0,697540.0,ALUA
2026-06-26,1000.0,1009.0,975.5,991.0,414618.0,ALUA
2026-06-29,990.0,1018.0,977.5,982.5,549295.0,ALUA
2026-06-30,990.0,1009.0,975.0,981.0,255534.0,ALUA
2026-07-01,980.0,991.0,970.0,983.0,360828.0,ALUA
2026-07-02,990.0,996.0,984.0,991.0,205065.0,ALUA
2026-07-03,993.5,998.5,980.0,993.0,216615.0,ALUA
2026-07-06,993.0,1010.0,988.5,993.0,394503.0,ALUA
2026-07-07,995.0,999.5,983.5,990.0,297401.0,ALUA
2026-07-08,1010.0,1010.0,960.0,968.5,466963.0,ALUA
2026-07-10,962.0,984.0,956.0,975.5,149257.0,ALUA
2026-07-13,980.0,987.0,960.0,964.5,473564.0,ALUA
2026-07-14,965.0,972.0,945.0,949.0,408208.0,ALUA
2026-07-15,950.0,972.0,940.5,959.5,329553.0,ALUA
2026-07-16,955.0,967.0,939.0,940.0,244362.0,ALUA
2026-07-17,940.0,959.0,930.0,949.5,295607.0,ALUA
2026-07-20,953.0,965.0,945.5,959.5,228813.0,ALUA
2026-07-21,960.0,974.0,960.0,973.0,262563.0,ALUA
2026-07-22,975.0,985.0,946.0,974.0,423924.0,ALUA
2026-07-23,975.0,986.0,971.5,982.5,344089.0,ALUA
2026-07-24,982.5,986.5,971.5,972.0,309855.0,ALUA
2026-07-27,977.0,985.0,972.0,984.5,279259.0,ALUA
2026-07-28,975.0,995.0,975.0,988.0,319272.0,ALUA
2026-07-29,989.5,998.0,972.0,973.0,251489.0,ALUA
2026-07-30,974.0,980.0,963.0,979.5,426092.0,ALUA
2026-07-31,979.0,980.0,960.0,977.5,149788.0,ALUA
2026-08-03,983.0,983.0,962.0,966.5,202319.0,ALUA
2026-08-04,970.0,974.0,925.0,933.0,466228.0,ALUA
2026-08-05,935.0,950.0,930.0,940.0,258410.0,ALUA
2026-08-06,955.0,955.0,922.0,936.0,284238.0,ALUA
2026-08-07,945.0,950.0,926.0,934.5,263672.0,ALUA
2026-08-10,935.0,955.0,922.0,951.5,639276.0,ALUA
2026-08-11,955.0,955.5,925.0,949.5,427079.0,ALUA
2026-08-12,947.5,951.0,930.0,931.0,193277.0,ALUA
2026-08-13,930.0,943.5,906.0,910.0,446749.0,ALUA
2026-08-14,920.0,920.0,890.0,898.0,226233.0,ALUA
2026-08-18,898.0,917.0,863.0,869.5,345616.0,ALUA
2026-08-19,875.0,894.5,845.5,864.5,572497.0,ALUA
2026-08-20,865.0,877.5,849.0,857.0,213960.0,ALUA
2026-08-21,870.0,925.0,860.0,870.5,239537.0,ALUA
2026-08-24,874.5,888.0,865.0,874.5,336242.0,ALUA
2026-08-25,884.0,884.0,861.0,873.0,286079.0,ALUA
