date,open,high,low,close,volume,ticker
2018-01-02,155.0,160.0,155.0,157.5,147297.0,BBAR
2018-01-03,157.5,159.95,154.9,155.0,98677.0,BBAR
2018-01-04,156.0,160.0,156.0,157.5,94223.0,BBAR
2018-01-05,160.0,163.45,159.45,161.60001,100872.0,BBAR
2018-01-08,161.89999,165.0,159.4,165.0,209483.0,BBAR
2018-01-09,164.95,164.95,158.0,162.3,56394.0,BBAR
2018-01-10,161.95,161.95,157.0,158.45,80222.0,BBAR
2018-01-11,157.64999,159.5,156.6,159.0,79098.0,BBAR
2018-01-12,159.5,165.0,159.0,165.0,83590.0,BBAR
2018-01-15,165.0,174.95,163.9,171.0,68810.0,BBAR
2018-01-16,171.0,171.0,164.55,168.0,89073.0,BBAR
2018-01-17,169.0,170.5,164.95,169.25,93343.0,BBAR
2018-01-18,168.5,169.5,165.2,168.45,52046.0,BBAR
2018-01-19,167.89999,168.45,163.0,164.45,45705.0,BBAR
2018-01-22,164.45,165.85,161.0,162.25,50307.0,BBAR
2018-01-23,164.0,164.2,162.3,163.95,39246.0,BBAR
2018-01-24,164.0,170.0,164.0,167.10001,68319.0,BBAR
2018-01-25,167.10001,168.1,165.0,167.95,118444.0,BBAR
2018-01-26,166.95,168.05,163.85,165.8,62160.0,BBAR
2018-01-29,166.10001,166.1,161.5,164.10001,284722.0,BBAR
2018-01-30,164.95,164.95,160.5,162.0,84469.0,BBAR
2018-01-31,155.14999,166.0,155.15,165.85001,50922.0,BBAR
2018-02-01,166.5,168.0,160.15,160.8,34193.0,BBAR
2018-02-02,155.05,160.0,149.0,150.05,133073.0,BBAR
2018-02-05,149.95,149.95,141.65,146.25,132639.0,BBAR
2018-02-06,142.0,153.0,138.65,151.0,136204.0,BBAR
2018-02-07,154.0,157.95,147.0,148.5,82693.0,BBAR
2018-02-08,154.95,154.95,143.2,144.64999,99889.0,BBAR
2018-02-09,143.0,145.0,138.0,143.8,177316.0,BBAR
2018-02-14,145.75,159.9,145.75,158.95,208050.0,BBAR
2018-02-15,160.0,165.0,158.5,162.5,90009.0,BBAR
2018-02-16,162.5,166.0,162.5,165.8,140947.0,BBAR
2018-02-19,166.0,167.0,160.1,160.64999,37007.0,BBAR
2018-02-20,162.0,164.0,160.7,163.60001,217206.0,BBAR
2018-02-21,160.0,166.0,160.0,164.7,124755.0,BBAR
2018-02-22,164.0,166.5,160.35,166.05,80694.0,BBAR
2018-02-23,166.0,167.5,162.0,162.89999,81068.0,BBAR
2018-02-26,163.5,166.0,159.05,160.2,132394.0,BBAR
2018-02-27,160.2,161.05,158.0,158.5,118208.0,BBAR
2018-02-28,158.5,161.0,157.5,159.0,49575.0,BBAR
2018-03-01,160.0,160.0,153.0,153.0,25175.0,BBAR
2018-03-02,154.95,155.0,150.0,151.5,92946.0,BBAR
2018-03-05,154.95,154.95,149.0,149.89999,131568.0,BBAR
2018-03-06,150.10001,156.45,150.1,154.64999,133789.0,BBAR
2018-03-07,155.10001,155.1,149.6,151.14999,51777.0,BBAR
2018-03-08,154.45,154.45,148.5,149.39999,54055.0,BBAR
2018-03-09,150.0,154.5,149.5,153.0,50154.0,BBAR
2018-03-12,153.10001,157.25,153.0,155.75,50876.0,BBAR
2018-03-13,156.05,156.05,154.0,154.2,28817.0,BBAR
2018-03-14,154.64999,158.0,154.0,157.45,41821.0,BBAR
2018-03-15,158.0,161.0,157.0,160.5,52088.0,BBAR
2018-03-16,160.5,161.0,158.6,159.35001,26871.0,BBAR
2018-03-19,159.35001,159.4,152.3,153.25,65083.0,BBAR
2018-03-20,153.2,156.95,152.0,152.2,75551.0,BBAR
2018-03-21,152.2,156.0,152.2,155.10001,74208.0,BBAR
2018-03-22,154.95,154.95,152.4,152.7,75215.0,BBAR
2018-03-23,152.0,152.0,150.3,151.14999,177914.0,BBAR
2018-03-26,152.3,155.95,151.8,152.7,283393.0,BBAR
2018-03-27,152.75,155.45,150.05,153.05,55082.0,BBAR
2018-03-28,153.0,153.0,148.55,151.10001,169571.0,BBAR
2018-04-03,152.35001,157.95,152.0,156.05,99253.0,BBAR
2018-04-04,156.0,156.0,153.3,154.7,23943.0,BBAR
2018-04-05,155.05,158.95,155.05,157.2,41931.0,BBAR
2018-04-06,157.5,157.5,155.35,156.3,41982.0,BBAR
2018-04-09,155.0,157.5,153.0,154.05,19823.0,BBAR
2018-04-10,156.95,158.0,154.25,156.3,30333.0,BBAR
2018-04-11,153.05,157.5,153.05,156.0,12324.0,BBAR
2018-04-12,156.0,156.45,154.0,154.75,43884.0,BBAR
2018-04-13,154.75,155.5,152.8,154.0,26039.0,BBAR
2018-04-16,153.95,153.95,150.0,150.0,13671.0,BBAR
2018-04-17,150.05,154.0,150.05,152.7,88399.0,BBAR
2018-04-18,152.7,153.5,150.05,152.89999,63003.0,BBAR
2018-04-19,152.0,153.0,151.0,152.2,43122.0,BBAR
2018-04-20,153.0,153.0,151.05,151.55,62619.0,BBAR
2018-04-23,151.10001,154.5,151.0,153.8,53442.0,BBAR
2018-04-24,155.0,155.0,152.0,153.5,58595.0,BBAR
2018-04-25,153.0,155.0,147.9,149.2,45077.0,BBAR
2018-04-26,149.0,150.0,141.3,147.39999,109324.0,BBAR
2018-04-27,147.39999,155.0,144.0,149.95,145620.0,BBAR
2018-05-02,151.5,152.0,143.05,144.8,54402.0,BBAR
2018-05-03,144.8,151.95,144.8,149.05,248209.0,BBAR
2018-05-04,149.05,150.0,137.0,140.35001,64437.0,BBAR
2018-05-07,141.45,141.45,129.0,131.10001,118726.0,BBAR
2018-05-08,130.0,132.0,122.55,125.4,297488.0,BBAR
2018-05-09,124.0,135.0,124.0,128.95,111029.0,BBAR
2018-05-10,131.0,139.0,131.0,136.2,72158.0,BBAR
2018-05-11,137.25,139.9,133.0,137.35001,145049.0,BBAR
2018-05-14,135.0,137.2,130.0,134.45,192500.0,BBAR
2018-05-15,135.5,148.95,135.5,139.5,189224.0,BBAR
2018-05-16,140.0,148.0,140.0,147.2,152414.0,BBAR
2018-05-17,146.95,150.95,140.0,144.35001,189331.0,BBAR
2018-05-18,144.35001,144.35,140.0,140.60001,236926.0,BBAR
2018-05-21,141.89999,141.9,139.0,139.8,30176.0,BBAR
2018-05-22,139.2,140.0,135.0,139.14999,33887.0,BBAR
2018-05-23,135.25,138.9,132.25,133.55,37812.0,BBAR
2018-05-24,131.0,135.5,128.75,130.75,26452.0,BBAR
2018-05-28,131.0,131.0,125.1,127.2,16157.0,BBAR
2018-05-29,127.0,127.2,120.0,121.1,121619.0,BBAR
2018-05-30,122.0,125.0,119.0,119.1,124136.0,BBAR
2018-05-31,121.0,122.0,117.2,119.9,85724.0,BBAR
2018-06-01,123.0,123.0,119.0,120.55,45439.0,BBAR
2018-06-04,124.8,128.0,123.0,125.85,181391.0,BBAR
2018-06-05,129.0,141.7,129.0,140.64999,159123.0,BBAR
2018-06-06,140.0,141.8,137.0,138.60001,219996.0,BBAR
2018-06-07,138.05,139.0,134.5,136.2,235129.0,BBAR
2018-06-08,142.5,146.9,140.0,145.35001,162976.0,BBAR
2018-06-11,145.3,149.75,145.0,148.89999,92804.0,BBAR
2018-06-12,149.2,149.2,142.05,144.0,105626.0,BBAR
2018-06-13,140.0,145.95,138.0,144.8,61352.0,BBAR
2018-06-14,144.8,148.0,134.5,135.8,94236.0,BBAR
2018-06-15,136.0,141.0,132.0,140.35001,223861.0,BBAR
2018-06-18,135.0,135.0,121.15,124.35,280159.0,BBAR
2018-06-19,127.95,135.0,125.0,133.2,231982.0,BBAR
2018-06-21,146.0,149.0,143.0,143.95,574908.0,BBAR
2018-06-22,144.0,144.0,134.5,137.45,205164.0,BBAR
2018-06-25,136.95,136.95,126.0,127.0,87274.0,BBAR
2018-06-26,128.0,130.0,126.25,126.85,45706.0,BBAR
2018-06-27,126.85,126.85,112.0,114.0,109978.0,BBAR
2018-06-28,117.0,127.3,115.0,121.85,120069.0,BBAR
2018-06-29,122.0,126.0,117.0,119.0,148325.0,BBAR
2018-07-02,114.9,116.5,109.0,111.0,169451.0,BBAR
2018-07-03,114.0,127.25,114.0,121.0,258504.0,BBAR
2018-07-04,123.0,124.0,121.0,123.0,61696.0,BBAR
2018-07-05,122.85,125.0,119.5,123.5,35256.0,BBAR
2018-07-06,125.0,126.95,119.2,120.95,32602.0,BBAR
2018-07-10,125.05,126.9,119.0,122.0,41097.0,BBAR
2018-07-11,120.0,122.25,118.0,122.0,74503.0,BBAR
2018-07-12,123.0,125.0,117.8,118.5,67244.0,BBAR
2018-07-13,118.0,120.0,116.05,117.75,53444.0,BBAR
2018-07-16,118.0,121.0,116.0,117.0,52384.0,BBAR
2018-07-17,119.95,122.0,115.15,121.0,47019.0,BBAR
2018-07-18,122.95,122.95,117.5,121.9,45924.0,BBAR
2018-07-19,118.0,122.85,118.0,120.6,49909.0,BBAR
2018-07-20,122.0,124.9,122.0,124.2,66136.0,BBAR
2018-07-23,123.0,126.95,121.15,125.0,15875.0,BBAR
2018-07-24,125.85,129.0,125.0,125.2,52332.0,BBAR
2018-07-25,127.15,132.7,126.7,131.0,92391.0,BBAR
2018-07-26,131.0,132.95,129.0,131.5,117311.0,BBAR
2018-07-27,134.5,135.25,128.0,132.0,54698.0,BBAR
2018-07-30,130.0,131.0,127.0,128.8,50394.0,BBAR
2018-07-31,129.95,129.95,125.2,127.0,71789.0,BBAR
2018-08-01,128.0,128.0,124.0,125.0,13447.0,BBAR
2018-08-02,124.0,124.0,121.9,122.5,14841.0,BBAR
2018-08-03,125.0,125.0,122.0,124.0,55191.0,BBAR
2018-08-06,124.0,126.0,120.0,121.5,28619.0,BBAR
2018-08-07,119.65,119.65,112.1,113.2,70473.0,BBAR
2018-08-08,114.0,115.0,111.0,115.0,78014.0,BBAR
2018-08-09,114.95,117.45,112.0,115.5,27427.0,BBAR
2018-08-10,109.95,109.95,104.0,108.6,243525.0,BBAR
2018-08-13,108.35,108.35,99.0,101.3,155136.0,BBAR
2018-08-14,101.55,102.0,97.6,102.0,166986.0,BBAR
2018-08-15,99.95,105.0,98.55,102.5,251893.0,BBAR
2018-08-16,102.5,104.0,99.4,100.0,315950.0,BBAR
2018-08-17,98.0,100.0,95.15,99.5,173623.0,BBAR
2018-08-21,100.0,101.0,98.55,99.1,335299.0,BBAR
2018-08-22,99.1,101.0,97.0,101.0,293247.0,BBAR
2018-08-23,102.6,103.95,98.75,99.55,109746.0,BBAR
2018-08-24,98.55,98.7,93.0,95.6,170380.0,BBAR
2018-08-27,95.6,99.0,93.0,94.25,459081.0,BBAR
2018-08-28,93.7,93.75,89.0,89.0,156011.0,BBAR
2018-08-29,89.05,92.8,89.0,91.5,323528.0,BBAR
2018-08-30,90.0,101.8,88.2,99.0,124637.0,BBAR
2018-08-31,96.25,110.0,96.25,110.0,371468.0,BBAR
2018-09-03,115.0,115.8,103.0,115.0,73010.0,BBAR
2018-09-04,109.9,109.9,100.0,102.1,378002.0,BBAR
2018-09-05,103.5,109.95,103.5,108.3,109837.0,BBAR
2018-09-06,113.1,124.95,113.1,120.5,431038.0,BBAR
2018-09-07,120.0,122.8,113.5,114.0,195923.0,BBAR
2018-09-10,114.0,116.0,109.5,110.5,113128.0,BBAR
2018-09-11,105.0,110.5,101.6,109.15,185581.0,BBAR
2018-09-12,110.0,115.4,109.2,115.0,69965.0,BBAR
2018-09-13,118.0,123.0,114.0,115.0,164049.0,BBAR
2018-09-14,114.0,118.0,113.25,115.0,86350.0,BBAR
2018-09-17,115.0,126.0,115.0,125.5,328397.0,BBAR
2018-09-18,125.0,130.0,125.0,130.0,169825.0,BBAR
2018-09-19,131.0,145.0,130.05,145.0,515071.0,BBAR
2018-09-20,150.3,160.0,146.5,157.5,456543.0,BBAR
2018-09-21,159.5,159.5,149.0,150.2,567563.0,BBAR
2018-09-24,150.2,150.2,141.05,143.45,108919.0,BBAR
2018-09-25,138.0,157.95,135.0,157.0,205213.0,BBAR
2018-09-26,160.0,161.5,155.0,158.25,424173.0,BBAR
2018-09-27,158.0,168.0,151.05,160.5,349304.0,BBAR
2018-09-28,157.0,165.0,156.0,160.0,593052.0,BBAR
2018-10-01,159.0,160.0,155.0,155.0,131986.0,BBAR
2018-10-02,157.1,162.0,152.0,159.9,112564.0,BBAR
2018-10-03,163.0,170.0,153.5,158.95,113568.0,BBAR
2018-10-04,155.75,155.75,145.0,146.0,85847.0,BBAR
2018-10-05,147.5,149.5,140.0,142.75,137107.0,BBAR
2018-10-08,140.6,143.0,138.0,138.0,33552.0,BBAR
2018-10-09,137.0,137.0,127.0,130.0,116062.0,BBAR
2018-10-10,128.0,132.0,120.0,120.0,271433.0,BBAR
2018-10-11,125.0,126.0,113.0,119.25,278616.0,BBAR
2018-10-12,123.0,131.5,122.55,129.0,227788.0,BBAR
2018-10-16,132.0,133.95,124.55,127.7,39188.0,BBAR
2018-10-17,127.25,127.25,123.4,123.4,37193.0,BBAR
2018-10-18,123.9,125.4,121.15,123.8,30392.0,BBAR
2018-10-19,125.0,125.0,120.0,124.5,49373.0,BBAR
2018-10-22,120.05,125.0,119.7,120.0,34920.0,BBAR
2018-10-23,119.0,123.5,117.1,122.0,52358.0,BBAR
2018-10-24,123.0,129.0,121.0,129.0,239754.0,BBAR
2018-10-25,129.95,136.35,128.5,134.0,170073.0,BBAR
2018-10-26,132.0,136.95,129.0,133.0,80326.0,BBAR
2018-10-29,133.65,138.0,133.25,136.0,119377.0,BBAR
2018-10-30,135.0,136.45,133.0,134.5,15635.0,BBAR
2018-10-31,133.95,134.0,130.0,132.0,43433.0,BBAR
2018-11-01,131.8,144.0,131.8,144.0,120493.0,BBAR
2018-11-02,141.75,150.95,139.5,148.0,255451.0,BBAR
2018-11-05,147.5,150.0,143.0,145.6,144443.0,BBAR
2018-11-06,145.0,149.0,139.0,139.05,7393.0,BBAR
2018-11-07,139.05,145.0,139.0,141.5,77757.0,BBAR
2018-11-08,141.75,143.0,139.05,141.0,37660.0,BBAR
2018-11-09,141.0,141.45,135.05,135.2,44966.0,BBAR
2018-11-12,135.4,139.7,134.0,139.0,43665.0,BBAR
2018-11-13,135.0,141.5,132.0,134.25,74807.0,BBAR
2018-11-14,132.0,138.9,132.0,137.0,22176.0,BBAR
2018-11-15,138.0,147.5,137.45,147.2,113974.0,BBAR
2018-11-16,147.0,155.0,147.0,152.0,133720.0,BBAR
2018-11-20,148.0,148.0,142.25,146.0,87079.0,BBAR
2018-11-21,144.5,152.5,144.5,147.6,166254.0,BBAR
2018-11-22,146.95,148.9,144.0,146.2,8682.0,BBAR
2018-11-23,146.0,154.0,146.0,148.9,115915.0,BBAR
2018-11-26,149.0,154.8,149.0,151.45,75294.0,BBAR
2018-11-27,149.55,153.95,145.0,147.5,164519.0,BBAR
2018-11-28,148.5,151.0,142.8,149.1,99307.0,BBAR
2018-11-29,149.2,150.9,142.5,150.9,22365.0,BBAR
2018-12-03,150.0,156.0,148.0,151.7,387684.0,BBAR
2018-12-04,152.0,152.0,146.6,150.0,49777.0,BBAR
2018-12-05,147.0,149.0,144.5,146.35,9976.0,BBAR
2018-12-06,145.0,154.3,143.0,151.0,94102.0,BBAR
2018-12-07,151.6,153.95,148.2,149.0,54742.0,BBAR
2018-12-10,152.0,152.0,144.0,145.5,65703.0,BBAR
2018-12-11,148.0,152.0,147.15,149.5,56680.0,BBAR
2018-12-12,148.7,153.5,145.0,147.5,65452.0,BBAR
2018-12-13,148.0,148.0,144.2,145.3,13038.0,BBAR
2018-12-14,144.0,149.4,140.0,146.0,45560.0,BBAR
2018-12-17,144.0,144.0,135.0,135.2,29685.0,BBAR
2018-12-18,135.25,141.0,135.25,140.0,47487.0,BBAR
2018-12-19,141.0,143.8,138.5,141.0,127217.0,BBAR
2018-12-20,139.0,141.0,134.5,140.95,36960.0,BBAR
2018-12-21,134.0,138.0,128.0,130.0,57037.0,BBAR
2018-12-26,130.0,132.0,121.25,132.0,268159.0,BBAR
2018-12-27,130.1,140.55,130.1,139.0,99261.0,BBAR
2018-12-28,142.0,144.0,136.35,141.5,17614.0,BBAR
2019-01-02,142.0,146.0,139.0,140.25,76604.0,BBAR
2019-01-03,140.0,142.45,137.5,141.7,121904.0,BBAR
2019-01-04,142.0,150.0,142.0,147.6,196149.0,BBAR
2019-01-07,148.0,155.0,146.0,152.0,152800.0,BBAR
2019-01-08,152.25,155.0,147.0,154.0,78567.0,BBAR
2019-01-09,153.0,165.0,153.0,157.0,160166.0,BBAR
2019-01-10,157.0,160.0,155.0,159.9,108515.0,BBAR
2019-01-11,163.0,163.0,156.0,157.35,52213.0,BBAR
2019-01-14,157.3,160.95,155.0,155.75,77326.0,BBAR
2019-01-15,157.0,159.5,152.5,157.3,105205.0,BBAR
2019-01-16,155.5,165.95,155.5,163.0,153336.0,BBAR
2019-01-17,165.0,167.0,160.1,161.1,99348.0,BBAR
2019-01-18,164.9,165.5,162.5,164.5,61343.0,BBAR
2019-01-21,164.8,168.9,161.0,162.45,30718.0,BBAR
2019-01-22,161.2,162.85,155.1,157.0,98011.0,BBAR
2019-01-23,159.0,160.0,155.0,157.5,109803.0,BBAR
2019-01-24,159.8,162.0,157.0,160.45,119051.0,BBAR
2019-01-25,159.5,161.0,155.8,158.5,57288.0,BBAR
2019-01-28,156.0,162.95,148.0,162.0,61927.0,BBAR
2019-01-29,163.5,166.0,155.0,165.5,63895.0,BBAR
2019-01-30,167.0,170.0,166.0,169.5,80515.0,BBAR
2019-01-31,170.45,171.0,164.95,169.0,124181.0,BBAR
2019-02-01,170.5,170.5,166.0,167.0,119727.0,BBAR
2019-02-04,170.0,172.0,163.0,171.7,146387.0,BBAR
2019-02-05,172.0,176.0,168.0,175.0,131571.0,BBAR
2019-02-06,175.4,176.0,168.0,168.4,67649.0,BBAR
2019-02-07,168.0,168.0,160.1,163.5,123441.0,BBAR
2019-02-08,163.0,168.0,160.5,167.15,63165.0,BBAR
2019-02-11,167.2,169.8,165.1,166.45,31123.0,BBAR
2019-02-12,166.55,173.55,166.55,172.0,111868.0,BBAR
2019-02-13,172.5,173.0,165.5,167.8,46270.0,BBAR
2019-02-14,170.0,170.0,164.75,166.2,27999.0,BBAR
2019-02-15,168.0,169.5,163.6,163.8,52390.0,BBAR
2019-02-18,163.8,165.0,160.0,160.0,30513.0,BBAR
2019-02-19,160.7,162.1,154.8,154.8,126272.0,BBAR
2019-02-20,153.0,161.5,151.9,153.0,358917.0,BBAR
2019-02-21,152.0,154.0,148.5,148.5,51144.0,BBAR
2019-02-22,149.05,158.0,149.05,158.0,171989.0,BBAR
2019-02-25,158.0,161.0,153.5,155.7,92619.0,BBAR
2019-02-26,155.7,155.7,150.0,152.5,29379.0,BBAR
2019-02-27,153.0,153.0,147.5,148.0,79550.0,BBAR
2019-02-28,150.0,150.0,142.9,145.0,141535.0,BBAR
2019-03-01,146.05,147.0,139.5,140.0,694101.0,BBAR
2019-03-06,142.0,144.5,134.55,138.0,236971.0,BBAR
2019-03-07,138.3,147.0,135.0,144.5,128612.0,BBAR
2019-03-08,145.6,150.0,143.95,145.5,56928.0,BBAR
2019-03-11,149.9,153.05,147.0,147.5,52789.0,BBAR
2019-03-12,147.55,154.25,141.0,141.0,54755.0,BBAR
2019-03-13,143.0,146.5,140.5,143.4,57688.0,BBAR
2019-03-14,143.3,143.3,138.0,138.5,91204.0,BBAR
2019-03-15,139.25,145.95,139.25,144.0,113387.0,BBAR
2019-03-18,144.6,151.0,144.3,148.0,111834.0,BBAR
2019-03-19,150.05,154.15,145.3,145.3,115567.0,BBAR
2019-03-20,149.0,152.95,148.0,148.5,167668.0,BBAR
2019-03-21,150.25,150.25,142.05,143.3,93136.0,BBAR
2019-03-22,143.25,143.25,134.5,135.5,60648.0,BBAR
2019-03-25,136.0,141.95,136.0,138.45,108926.0,BBAR
2019-03-26,139.05,141.0,132.75,135.0,45247.0,BBAR
2019-03-27,130.0,134.9,130.0,134.9,65525.0,BBAR
2019-03-28,135.0,137.0,132.5,135.0,31955.0,BBAR
2019-03-29,138.0,140.65,135.1,137.05,94829.0,BBAR
2019-04-01,137.0,142.9,135.0,135.6,69012.0,BBAR
2019-04-03,133.0,133.0,127.0,128.25,64536.0,BBAR
2019-04-04,128.0,133.0,128.0,130.5,122167.0,BBAR
2019-04-05,131.0,134.9,131.0,133.0,30246.0,BBAR
2019-04-08,132.1,134.8,132.0,134.0,47063.0,BBAR
2019-04-09,133.0,133.3,124.1,127.5,72151.0,BBAR
2019-04-10,128.2,131.3,128.0,128.3,127963.0,BBAR
2019-04-11,125.6,127.95,123.2,126.0,210105.0,BBAR
2019-04-12,126.65,129.5,126.5,128.95,106374.0,BBAR
2019-04-15,129.95,135.0,128.5,135.0,130325.0,BBAR
2019-04-16,138.0,138.0,130.3,130.3,148282.0,BBAR
2019-04-17,129.5,135.0,129.5,131.95,127192.0,BBAR
2019-04-22,127.0,127.0,121.0,123.5,271564.0,BBAR
2019-04-23,123.3,126.0,120.25,125.0,33686.0,BBAR
2019-04-24,120.95,120.95,112.0,115.0,215662.0,BBAR
2019-04-25,109.95,117.0,107.0,115.0,177274.0,BBAR
2019-04-26,120.95,120.95,116.0,120.9,102228.0,BBAR
2019-04-29,119.05,120.65,114.0,115.0,154707.0,BBAR
2019-04-30,117.95,121.0,114.5,120.0,76834.0,BBAR
2019-05-02,120.0,125.75,120.0,124.5,60449.0,BBAR
2019-05-03,124.7,134.35,124.7,131.05,163010.0,BBAR
2019-05-06,130.5,135.0,128.0,131.0,91342.0,BBAR
2019-05-07,129.5,132.05,125.05,129.6,40167.0,BBAR
2019-05-08,131.95,133.7,131.25,133.4,10798.0,BBAR
2019-05-09,134.0,138.75,134.0,138.0,50653.0,BBAR
2019-05-10,138.3,142.0,130.0,132.0,171122.0,BBAR
2019-05-13,129.0,129.0,124.0,125.0,75560.0,BBAR
2019-05-14,125.0,129.0,124.0,125.0,69371.0,BBAR
2019-05-15,129.95,129.95,126.5,126.5,24132.0,BBAR
2019-05-16,128.9,132.75,128.9,131.0,71759.0,BBAR
2019-05-17,132.0,132.0,126.6,129.0,178681.0,BBAR
2019-05-20,129.15,130.9,123.4,129.5,83143.0,BBAR
2019-05-21,132.0,138.4,132.0,138.0,118174.0,BBAR
2019-05-22,140.0,140.0,136.2,136.2,75941.0,BBAR
2019-05-23,138.0,140.25,135.5,139.25,88930.0,BBAR
2019-05-24,140.0,143.75,138.0,143.5,62192.0,BBAR
2019-05-27,143.7,146.0,143.4,145.0,26349.0,BBAR
2019-05-28,143.35,143.35,134.5,136.0,374094.0,BBAR
2019-05-29,132.0,132.65,128.5,130.95,199448.0,BBAR
2019-05-30,130.7,134.35,130.7,133.75,88052.0,BBAR
2019-05-31,131.5,135.75,131.5,134.5,114540.0,BBAR
2019-06-03,135.0,136.0,129.0,131.3,142093.0,BBAR
2019-06-04,131.0,137.25,131.0,137.25,341035.0,BBAR
2019-06-05,136.8,140.7,136.8,140.5,207013.0,BBAR
2019-06-06,140.15,143.25,139.5,142.0,126464.0,BBAR
2019-06-07,143.6,145.0,139.5,141.8,128054.0,BBAR
2019-06-10,144.0,146.75,142.0,142.6,122793.0,BBAR
2019-06-11,260.0,273.0,153.5,153.5,482916.0,BBAR
2019-06-12,161.0,165.55,158.0,163.0,472862.0,BBAR
2019-06-13,158.95,163.75,152.0,158.0,295101.0,BBAR
2019-06-14,159.8,163.0,159.5,161.5,209242.0,BBAR
2019-06-18,164.1,167.0,159.75,162.8,262007.0,BBAR
2019-06-19,163.55,165.0,158.0,158.5,68616.0,BBAR
2019-06-21,158.5,161.0,156.0,156.05,311121.0,BBAR
2019-06-24,156.25,157.0,153.05,156.7,125661.0,BBAR
2019-06-25,158.0,159.5,154.05,159.25,147641.0,BBAR
2019-06-26,156.85,162.7,155.95,156.0,155810.0,BBAR
2019-06-27,156.0,161.5,156.0,158.1,292755.0,BBAR
2019-06-28,161.45,162.0,159.05,161.0,172363.0,BBAR
2019-07-01,162.45,163.0,159.5,159.5,86997.0,BBAR
2019-07-02,162.0,164.9,159.95,164.0,355369.0,BBAR
2019-07-03,164.55,167.4,163.5,163.5,144940.0,BBAR
2019-07-04,163.7,166.95,163.0,165.0,36601.0,BBAR
2019-07-05,166.65,169.5,166.0,166.0,60109.0,BBAR
2019-07-10,168.0,170.9,165.7,169.45,224019.0,BBAR
2019-07-11,170.0,173.5,170.0,171.9,212347.0,BBAR
2019-07-12,174.0,174.0,170.55,173.7,75428.0,BBAR
2019-07-15,173.3,175.85,165.9,166.75,246475.0,BBAR
2019-07-16,166.15,170.9,166.15,167.5,91437.0,BBAR
2019-07-17,166.5,168.2,163.5,164.0,48307.0,BBAR
2019-07-18,163.85,163.85,156.2,159.15,132446.0,BBAR
2019-07-19,159.0,161.0,157.15,158.75,70420.0,BBAR
2019-07-22,157.0,158.0,152.8,154.0,196178.0,BBAR
2019-07-23,153.0,156.9,153.0,156.0,71328.0,BBAR
2019-07-24,155.9,160.5,155.9,157.3,47209.0,BBAR
2019-07-25,159.0,159.0,154.55,158.0,70171.0,BBAR
2019-07-26,158.05,172.05,158.05,171.05,136611.0,BBAR
2019-07-29,173.0,177.5,169.4,175.2,118691.0,BBAR
2019-07-30,175.0,176.0,172.05,174.0,127561.0,BBAR
2019-07-31,173.0,173.0,167.0,170.0,69774.0,BBAR
2019-08-01,170.0,173.0,168.9,170.95,196752.0,BBAR
2019-08-02,169.8,171.3,164.6,171.0,43853.0,BBAR
2019-08-05,164.2,169.0,162.05,165.95,100369.0,BBAR
2019-08-06,165.85,169.0,164.2,169.0,240088.0,BBAR
2019-08-07,167.95,168.0,157.0,166.4,103846.0,BBAR
2019-08-08,161.0,169.9,161.0,168.6,74398.0,BBAR
2019-08-09,169.0,184.0,168.1,184.0,249584.0,BBAR
2019-08-12,130.0,130.0,90.0,97.2,694666.0,BBAR
2019-08-13,110.0,117.0,104.0,115.35,1126138.0,BBAR
2019-08-14,118.1,119.25,107.35,112.0,209783.0,BBAR
2019-08-15,118.9,121.1,110.1,118.75,368800.0,BBAR
2019-08-16,118.5,119.95,110.0,110.8,228719.0,BBAR
2019-08-20,104.9,104.9,94.5,94.9,417759.0,BBAR
2019-08-21,97.0,99.6,96.5,98.45,286137.0,BBAR
2019-08-22,99.9,100.55,98.0,98.55,178208.0,BBAR
2019-08-23,98.45,98.6,91.5,93.5,250419.0,BBAR
2019-08-26,94.0,94.0,87.5,87.65,156978.0,BBAR
2019-08-27,86.0,87.0,83.1,83.5,266268.0,BBAR
2019-08-28,87.3,91.5,87.0,89.5,566473.0,BBAR
2019-08-29,86.0,88.45,80.0,80.0,351327.0,BBAR
2019-08-30,82.5,92.1,82.5,86.3,484211.0,BBAR
2019-09-02,86.0,95.5,82.1,94.0,80695.0,BBAR
2019-09-03,98.95,98.95,79.5,80.5,207825.0,BBAR
2019-09-04,82.0,88.25,81.55,87.2,388619.0,BBAR
2019-09-05,90.0,91.8,88.0,90.75,249663.0,BBAR
2019-09-06,95.0,96.0,93.0,95.0,291284.0,BBAR
2019-09-09,97.3,100.0,90.5,95.5,135532.0,BBAR
2019-09-10,93.5,98.0,92.5,98.0,105185.0,BBAR
2019-09-11,97.5,100.0,95.0,97.75,69065.0,BBAR
2019-09-12,97.9,101.0,96.0,99.95,64634.0,BBAR
2019-09-13,100.8,105.0,100.0,105.0,164208.0,BBAR
2019-09-16,105.0,108.5,102.05,104.4,99384.0,BBAR
2019-09-17,104.0,104.5,98.35,104.45,121884.0,BBAR
2019-09-18,105.0,105.0,98.6,101.5,47584.0,BBAR
2019-09-19,102.0,102.0,98.1,101.5,60785.0,BBAR
2019-09-20,102.0,103.7,96.8,97.1,48448.0,BBAR
2019-09-23,97.35,98.0,91.0,95.95,60732.0,BBAR
2019-09-24,95.9,96.0,89.8,90.5,114971.0,BBAR
2019-09-25,89.5,92.45,88.5,91.8,63594.0,BBAR
2019-09-26,95.8,95.8,90.1,90.9,39824.0,BBAR
2019-09-27,92.0,95.2,91.5,95.0,77785.0,BBAR
2019-09-30,94.45,94.45,90.2,93.5,101165.0,BBAR
2019-10-01,95.0,97.0,93.0,95.5,49599.0,BBAR
2019-10-02,95.6,97.5,95.05,97.0,26872.0,BBAR
2019-10-03,97.0,97.0,93.0,95.2,39509.0,BBAR
2019-10-04,95.4,101.95,95.4,101.4,74060.0,BBAR
2019-10-07,99.0,104.0,97.65,98.0,114273.0,BBAR
2019-10-08,98.0,100.15,94.65,96.5,37775.0,BBAR
2019-10-09,96.8,98.0,95.0,97.0,28300.0,BBAR
2019-10-10,97.0,103.35,97.0,103.35,32295.0,BBAR
2019-10-11,104.9,105.0,100.95,102.15,65946.0,BBAR
2019-10-15,99.0,101.0,97.5,100.5,126630.0,BBAR
2019-10-16,100.5,100.5,97.5,99.95,88556.0,BBAR
2019-10-17,98.35,102.0,97.3,102.0,91942.0,BBAR
2019-10-18,99.6,101.7,98.6,101.35,108014.0,BBAR
2019-10-21,97.25,102.8,97.25,102.8,220915.0,BBAR
2019-10-22,101.5,104.0,100.0,103.5,298478.0,BBAR
2019-10-23,101.55,105.9,96.15,101.5,461788.0,BBAR
2019-10-24,97.0,104.4,95.15,104.3,72771.0,BBAR
2019-10-25,100.05,108.0,99.0,104.6,309465.0,BBAR
2019-10-28,100.75,113.0,96.15,96.4,384357.0,BBAR
2019-10-29,96.85,98.5,90.6,92.0,219203.0,BBAR
2019-10-30,93.25,94.8,88.05,94.4,320184.0,BBAR
2019-10-31,95.0,96.0,92.5,94.6,173334.0,BBAR
2019-11-01,94.5,97.0,94.25,96.0,495639.0,BBAR
2019-11-04,95.45,101.0,95.45,100.1,445465.0,BBAR
2019-11-05,102.0,103.0,98.5,99.55,368662.0,BBAR
2019-11-06,100.0,103.9,93.0,94.1,230660.0,BBAR
2019-11-07,94.1,97.5,92.75,95.0,285955.0,BBAR
2019-11-08,95.7,99.0,90.55,91.65,532885.0,BBAR
2019-11-11,92.0,92.4,87.9,89.7,316696.0,BBAR
2019-11-12,91.0,91.0,82.9,84.45,595052.0,BBAR
2019-11-13,85.0,87.5,82.05,82.85,253826.0,BBAR
2019-11-14,82.55,85.6,79.3,81.4,378472.0,BBAR
2019-11-15,81.1,83.2,78.5,82.0,376904.0,BBAR
2019-11-19,81.7,86.6,79.25,86.6,430164.0,BBAR
2019-11-20,87.0,94.4,87.0,93.95,690760.0,BBAR
2019-11-21,95.35,95.35,92.1,95.1,402844.0,BBAR
2019-11-22,95.9,97.3,92.0,94.4,287982.0,BBAR
2019-11-26,94.7,95.5,87.15,90.85,539884.0,BBAR
2019-11-27,90.0,97.7,89.7,97.5,398221.0,BBAR
2019-11-28,97.5,99.0,96.5,97.4,70424.0,BBAR
2019-11-29,99.0,99.0,96.0,96.1,53628.0,BBAR
2019-12-02,96.7,99.1,92.5,92.5,171969.0,BBAR
2019-12-03,93.45,93.45,91.5,92.8,184878.0,BBAR
2019-12-04,92.0,101.0,92.0,99.05,209571.0,BBAR
2019-12-05,98.75,101.05,97.5,99.95,308306.0,BBAR
2019-12-06,100.0,110.0,100.0,107.2,363902.0,BBAR
2019-12-09,107.1,111.5,106.0,107.85,182656.0,BBAR
2019-12-10,109.0,109.75,102.5,105.0,202156.0,BBAR
2019-12-11,102.2,105.3,102.2,105.0,154332.0,BBAR
2019-12-12,104.5,110.5,104.5,110.45,204472.0,BBAR
2019-12-13,110.5,120.2,110.45,120.0,426672.0,BBAR
2019-12-16,120.0,125.0,117.0,118.3,272121.0,BBAR
2019-12-17,118.5,121.5,113.5,116.5,394084.0,BBAR
2019-12-18,117.0,125.15,116.45,123.0,347214.0,BBAR
2019-12-19,124.0,127.0,122.0,124.0,394171.0,BBAR
2019-12-20,125.0,127.0,121.0,124.7,191853.0,BBAR
2019-12-23,126.5,134.9,125.0,133.0,210153.0,BBAR
2019-12-26,135.3,152.0,135.3,148.85,492956.0,BBAR
2019-12-27,148.0,151.85,141.0,142.0,211097.0,BBAR
2019-12-30,143.0,147.0,135.3,141.0,257374.0,BBAR
2020-01-02,140.55,143.0,137.65,139.0,84258.0,BBAR
2020-01-03,140.0,141.0,133.0,134.55,96134.0,BBAR
2020-01-06,134.5,142.0,133.0,142.0,200451.0,BBAR
2020-01-07,146.95,146.95,137.45,142.9,73027.0,BBAR
2020-01-08,144.0,145.0,137.25,142.8,120192.0,BBAR
2020-01-09,144.0,151.0,143.0,150.0,164659.0,BBAR
2020-01-10,150.05,156.6,150.05,156.6,201867.0,BBAR
2020-01-13,156.9,157.0,152.0,153.0,143725.0,BBAR
2020-01-14,150.0,150.0,142.15,148.65,156434.0,BBAR
2020-01-15,148.45,149.0,139.5,140.25,261738.0,BBAR
2020-01-16,144.75,146.55,141.0,145.75,193443.0,BBAR
2020-01-17,146.0,151.35,145.8,147.65,128676.0,BBAR
2020-01-20,149.65,152.5,146.75,150.0,97619.0,BBAR
2020-01-21,151.95,151.95,141.9,143.0,85055.0,BBAR
2020-01-22,143.9,147.4,140.3,147.2,121344.0,BBAR
2020-01-23,148.0,148.0,139.0,140.0,255538.0,BBAR
2020-01-24,138.95,141.75,130.0,133.0,407562.0,BBAR
2020-01-27,128.55,128.55,123.5,127.0,309309.0,BBAR
2020-01-28,127.2,133.0,127.1,131.8,256295.0,BBAR
2020-01-29,133.0,135.8,130.0,130.25,252858.0,BBAR
2020-01-30,130.45,132.75,126.5,132.0,70902.0,BBAR
2020-01-31,133.5,134.0,126.35,132.15,105871.0,BBAR
2020-02-03,133.15,138.4,133.1,138.4,130441.0,BBAR
2020-02-04,139.0,142.5,128.0,132.3,507366.0,BBAR
2020-02-05,134.0,135.0,129.1,135.0,271647.0,BBAR
2020-02-06,136.0,137.65,133.0,136.0,256132.0,BBAR
2020-02-07,136.05,141.0,135.8,139.0,202143.0,BBAR
2020-02-10,139.15,141.0,137.5,138.45,30834.0,BBAR
2020-02-11,137.5,137.5,132.1,135.0,94772.0,BBAR
2020-02-12,136.0,138.0,131.15,135.95,89338.0,BBAR
2020-02-13,132.0,132.0,121.5,124.9,555843.0,BBAR
2020-02-14,126.8,126.8,121.05,123.9,258470.0,BBAR
2020-02-17,122.5,125.75,122.5,124.95,75856.0,BBAR
2020-02-18,124.65,125.5,118.1,121.5,618299.0,BBAR
2020-02-19,125.5,126.0,120.1,120.1,152413.0,BBAR
2020-02-20,120.85,124.95,119.5,124.8,133660.0,BBAR
2020-02-21,125.95,126.35,121.35,124.5,64439.0,BBAR
2020-02-26,118.0,118.65,115.1,116.85,238617.0,BBAR
2020-02-27,116.4,117.0,107.5,116.0,345226.0,BBAR
2020-02-28,115.2,115.2,109.5,111.9,284997.0,BBAR
2020-03-02,111.65,117.0,111.05,116.0,200349.0,BBAR
2020-03-03,119.9,123.0,114.0,115.0,252097.0,BBAR
2020-03-04,118.0,122.0,114.5,121.0,280915.0,BBAR
2020-03-05,121.0,122.1,116.2,120.8,92686.0,BBAR
2020-03-06,120.85,120.85,114.1,115.0,203886.0,BBAR
2020-03-09,104.9,105.0,97.5,97.5,844130.0,BBAR
2020-03-10,102.5,110.0,100.15,110.0,330941.0,BBAR
2020-03-11,106.4,106.4,98.0,98.85,409457.0,BBAR
2020-03-12,90.5,90.5,77.0,80.5,1850790.0,BBAR
2020-03-13,86.0,87.9,79.95,85.0,563006.0,BBAR
2020-03-16,77.35,85.2,75.0,78.0,341791.0,BBAR
2020-03-17,79.0,84.0,77.35,83.5,422929.0,BBAR
2020-03-18,79.7,79.7,68.4,73.1,485717.0,BBAR
2020-03-19,71.0,77.9,70.0,72.0,352327.0,BBAR
2020-03-20,71.15,81.8,71.0,72.0,278782.0,BBAR
2020-03-25,77.0,80.5,77.0,79.0,525066.0,BBAR
2020-03-26,79.15,82.0,74.4,75.5,379874.0,BBAR
2020-03-27,70.0,71.7,68.0,69.3,625110.0,BBAR
2020-03-30,68.0,70.0,67.0,69.85,258986.0,BBAR
2020-04-01,71.0,74.95,70.0,73.9,221321.0,BBAR
2020-04-02,75.0,79.0,74.9,77.8,255503.0,BBAR
2020-04-03,79.45,79.45,76.1,78.4,164778.0,BBAR
2020-04-06,81.0,82.0,76.8,79.0,278745.0,BBAR
2020-04-07,80.0,82.0,78.0,78.0,359405.0,BBAR
2020-04-08,79.5,83.0,78.0,82.6,150702.0,BBAR
2020-04-13,81.75,85.7,78.2,85.7,237004.0,BBAR
2020-04-14,86.05,91.45,86.05,89.0,649513.0,BBAR
2020-04-15,86.7,98.5,84.1,94.8,404025.0,BBAR
2020-04-16,96.0,97.75,86.8,92.5,392401.0,BBAR
2020-04-17,93.0,96.0,91.7,95.0,238093.0,BBAR
2020-04-20,95.1,101.25,95.0,98.5,294526.0,BBAR
2020-04-21,99.5,100.0,94.5,94.5,190903.0,BBAR
2020-04-22,96.0,96.6,92.0,93.15,130641.0,BBAR
2020-04-23,93.0,93.7,89.1,89.75,391149.0,BBAR
2020-04-24,88.0,89.1,84.1,87.3,220812.0,BBAR
2020-04-27,88.0,92.0,82.45,92.0,546719.0,BBAR
2020-04-28,95.0,106.0,95.0,105.0,701406.0,BBAR
2020-04-29,109.0,110.0,102.95,108.5,642991.0,BBAR
2020-04-30,109.25,111.5,101.3,102.6,434656.0,BBAR
2020-05-04,102.7,106.45,96.1,106.35,413837.0,BBAR
2020-05-05,106.0,108.5,101.2,108.0,861011.0,BBAR
2020-05-06,105.4,112.2,101.6,111.9,761137.0,BBAR
2020-05-07,111.9,127.0,109.4,123.6,745115.0,BBAR
2020-05-08,124.5,129.65,122.7,123.95,904079.0,BBAR
2020-05-11,124.0,138.95,118.0,138.3,723318.0,BBAR
2020-05-12,139.0,148.0,135.05,138.0,1349780.0,BBAR
2020-05-13,137.0,138.75,133.0,135.0,503455.0,BBAR
2020-05-14,135.95,143.0,132.55,139.5,432342.0,BBAR
2020-05-15,142.0,146.75,136.0,140.0,377157.0,BBAR
2020-05-18,145.0,146.5,139.75,145.0,505697.0,BBAR
2020-05-19,141.8,144.0,134.5,137.0,730793.0,BBAR
2020-05-20,139.0,140.55,136.0,140.5,247348.0,BBAR
2020-05-21,140.5,148.0,138.1,145.45,459903.0,BBAR
2020-05-22,144.2,147.55,140.0,141.25,616702.0,BBAR
2020-05-26,145.0,148.0,143.15,143.5,203921.0,BBAR
2020-05-27,145.0,145.0,136.0,139.9,415948.0,BBAR
2020-05-28,139.9,139.9,131.0,132.0,227443.0,BBAR
2020-05-29,134.9,136.0,122.45,128.0,349765.0,BBAR
2020-06-01,128.0,134.0,128.0,134.0,227200.0,BBAR
2020-06-02,136.0,142.0,136.0,142.0,627478.0,BBAR
2020-06-03,142.05,158.5,142.05,154.8,970747.0,BBAR
2020-06-04,154.0,155.5,149.0,155.5,606578.0,BBAR
2020-06-05,157.0,162.0,157.0,160.3,669765.0,BBAR
2020-06-08,163.5,177.1,163.4,174.5,482107.0,BBAR
2020-06-09,168.5,170.1,155.0,162.9,615157.0,BBAR
2020-06-10,161.4,170.05,156.0,162.8,369555.0,BBAR
2020-06-11,160.05,160.85,148.1,150.55,418884.0,BBAR
2020-06-12,156.0,159.8,145.0,157.1,256013.0,BBAR
2020-06-16,155.0,160.0,148.2,149.75,377398.0,BBAR
2020-06-17,150.0,151.0,140.0,142.25,168475.0,BBAR
2020-06-18,137.95,137.95,128.65,131.0,353218.0,BBAR
2020-06-19,134.1,142.5,132.0,142.25,679940.0,BBAR
2020-06-22,142.5,143.0,132.0,137.4,154297.0,BBAR
2020-06-23,139.9,142.5,135.0,135.3,217474.0,BBAR
2020-06-24,135.9,139.0,133.05,136.5,147803.0,BBAR
2020-06-25,140.05,154.0,140.05,153.0,702682.0,BBAR
2020-06-26,147.95,147.95,140.5,141.6,398321.0,BBAR
2020-06-29,146.95,147.0,138.0,144.0,195664.0,BBAR
2020-06-30,141.95,141.95,130.25,136.35,924133.0,BBAR
2020-07-01,136.0,141.2,134.0,139.6,136909.0,BBAR
2020-07-02,141.05,144.0,134.1,137.7,215759.0,BBAR
2020-07-03,134.5,139.0,134.5,137.25,94701.0,BBAR
2020-07-06,147.9,158.5,147.0,155.0,819616.0,BBAR
2020-07-07,153.0,155.0,145.0,152.2,214263.0,BBAR
2020-07-08,154.1,157.75,151.3,153.6,202326.0,BBAR
2020-07-13,154.7,161.95,154.0,155.0,345658.0,BBAR
2020-07-14,154.9,159.0,150.0,159.0,348438.0,BBAR
2020-07-15,161.05,162.0,157.6,160.8,208492.0,BBAR
2020-07-16,160.0,162.75,157.7,160.5,292061.0,BBAR
2020-07-17,161.5,163.5,158.0,159.75,321879.0,BBAR
2020-07-20,162.35,162.35,156.0,160.3,206207.0,BBAR
2020-07-21,160.35,170.4,158.0,162.6,451485.0,BBAR
2020-07-22,164.95,172.5,160.25,172.0,292581.0,BBAR
2020-07-23,170.95,180.8,167.75,175.0,462426.0,BBAR
2020-07-24,173.95,183.45,169.05,171.0,426314.0,BBAR
2020-07-27,173.55,183.7,173.55,182.5,167650.0,BBAR
2020-07-28,182.5,182.5,171.2,175.8,532865.0,BBAR
2020-07-29,176.15,178.8,171.0,173.45,245142.0,BBAR
2020-07-30,169.9,179.05,164.0,176.4,304212.0,BBAR
2020-07-31,177.95,179.0,172.5,176.0,157447.0,BBAR
2020-08-03,171.95,196.1,166.8,189.25,1008046.0,BBAR
2020-08-04,202.1,206.0,179.0,183.5,760890.0,BBAR
2020-08-05,184.95,186.95,172.5,176.85,330288.0,BBAR
2020-08-06,176.45,177.5,170.0,176.9,289100.0,BBAR
2020-08-07,174.55,180.95,172.0,180.5,145917.0,BBAR
2020-08-10,182.05,183.0,177.5,177.8,151117.0,BBAR
2020-08-11,179.95,180.0,172.15,173.0,178615.0,BBAR
2020-08-12,172.9,172.9,161.0,164.0,322200.0,BBAR
2020-08-13,165.0,169.0,163.25,163.5,345906.0,BBAR
2020-08-14,163.5,163.5,155.3,156.8,339141.0,BBAR
2020-08-18,149.45,152.75,145.0,147.0,477261.0,BBAR
2020-08-19,147.9,152.7,146.15,151.0,302890.0,BBAR
2020-08-20,149.95,152.0,148.0,151.5,155698.0,BBAR
2020-08-21,151.0,157.0,148.05,148.9,251230.0,BBAR
2020-08-24,148.9,149.75,142.5,145.15,369621.0,BBAR
2020-08-25,145.95,152.9,141.85,149.5,282931.0,BBAR
2020-08-26,151.45,151.45,142.1,144.0,116229.0,BBAR
2020-08-27,146.95,146.95,133.0,135.95,352090.0,BBAR
2020-08-28,139.75,152.0,137.0,151.5,212394.0,BBAR
2020-08-31,155.95,155.95,145.2,149.0,392572.0,BBAR
2020-09-01,149.95,150.5,144.0,145.95,145009.0,BBAR
2020-09-02,142.95,144.0,139.0,139.5,128582.0,BBAR
2020-09-03,140.1,144.85,137.25,139.0,86180.0,BBAR
2020-09-04,138.8,139.8,134.5,138.0,69381.0,BBAR
2020-09-07,139.8,143.5,138.15,142.0,43501.0,BBAR
2020-09-08,139.9,143.0,137.0,143.0,100616.0,BBAR
2020-09-09,146.0,147.55,144.0,146.0,123400.0,BBAR
2020-09-10,146.6,151.25,146.6,147.5,155382.0,BBAR
2020-09-11,148.65,148.65,143.1,144.3,89978.0,BBAR
2020-09-14,146.25,146.25,138.05,138.15,184302.0,BBAR
2020-09-15,137.5,140.0,133.0,134.5,126279.0,BBAR
2020-09-16,129.5,130.25,122.0,122.95,474528.0,BBAR
2020-09-17,121.5,122.0,115.9,117.3,494390.0,BBAR
2020-09-18,114.55,124.95,114.55,120.0,212359.0,BBAR
2020-09-21,118.0,121.0,117.5,120.0,123681.0,BBAR
2020-09-22,123.0,123.0,117.95,121.7,0.0,BBAR
2020-09-23,123.0,123.0,116.95,118.4,402491.0,BBAR
2020-09-24,118.05,125.0,118.05,124.1,159255.0,BBAR
2020-09-25,124.55,125.75,120.0,124.2,73570.0,BBAR
2020-09-28,125.6,128.0,122.0,124.5,65468.0,BBAR
2020-09-29,123.8,126.5,120.3,122.1,220260.0,BBAR
2020-09-30,124.6,125.8,118.0,119.9,386403.0,BBAR
2020-10-01,122.1,125.9,120.4,125.9,101061.0,BBAR
2020-10-02,125.3,128.5,123.3,128.25,76498.0,BBAR
2020-10-05,127.05,130.0,126.0,129.95,118700.0,BBAR
2020-10-06,131.6,136.45,124.0,126.0,264342.0,BBAR
2020-10-07,126.8,127.5,123.5,124.75,294126.0,BBAR
2020-10-08,127.0,128.75,125.1,128.75,98908.0,BBAR
2020-10-09,131.0,131.0,127.5,130.2,185580.0,BBAR
2020-10-13,128.1,128.75,124.0,127.0,265136.0,BBAR
2020-10-14,129.5,131.5,127.0,130.8,263820.0,BBAR
2020-10-15,130.7,135.0,129.0,133.8,155230.0,BBAR
2020-10-16,136.0,143.0,132.65,143.0,292302.0,BBAR
2020-10-19,144.95,151.65,140.8,142.3,360744.0,BBAR
2020-10-20,146.2,147.0,139.5,142.15,188192.0,BBAR
2020-10-21,142.15,147.35,142.15,146.4,253713.0,BBAR
2020-10-22,147.0,158.25,147.0,155.5,479288.0,BBAR
2020-10-23,156.05,159.0,150.5,155.0,237119.0,BBAR
2020-10-26,156.0,156.0,143.5,145.5,174945.0,BBAR
2020-10-27,146.0,146.7,134.0,135.0,157564.0,BBAR
2020-10-28,129.9,130.5,122.0,122.5,263724.0,BBAR
2020-10-29,124.5,128.0,119.0,124.0,118981.0,BBAR
2020-10-30,125.05,127.0,121.6,125.0,98373.0,BBAR
2020-11-02,126.2,141.0,126.2,140.5,174468.0,BBAR
2020-11-03,140.8,146.6,136.0,139.4,148230.0,BBAR
2020-11-04,140.0,143.9,135.5,136.0,84667.0,BBAR
2020-11-05,137.0,147.1,137.0,144.4,186815.0,BBAR
2020-11-06,147.0,148.0,139.0,142.5,71079.0,BBAR
2020-11-09,147.1,153.65,147.1,153.6,244798.0,BBAR
2020-11-10,154.1,164.3,150.2,162.9,464461.0,BBAR
2020-11-11,164.2,165.5,156.7,158.55,341608.0,BBAR
2020-11-12,158.0,158.0,148.15,149.0,127370.0,BBAR
2020-11-13,149.0,155.55,149.0,153.0,126943.0,BBAR
2020-11-16,158.0,162.0,156.05,157.0,173961.0,BBAR
2020-11-17,156.0,161.0,152.0,160.0,141895.0,BBAR
2020-11-18,159.9,159.9,151.8,152.5,148604.0,BBAR
2020-11-19,153.0,157.0,150.0,152.2,178059.0,BBAR
2020-11-20,150.3,155.45,150.0,154.7,88933.0,BBAR
2020-11-24,154.0,163.5,152.7,163.1,169190.0,BBAR
2020-11-25,164.0,167.0,159.65,166.5,186552.0,BBAR
2020-11-26,165.0,167.5,164.0,167.0,72002.0,BBAR
2020-11-27,167.0,176.0,164.0,175.5,256071.0,BBAR
2020-11-30,176.95,177.0,167.75,171.5,229071.0,BBAR
2020-12-01,170.75,174.0,165.75,171.0,131983.0,BBAR
2020-12-02,172.8,172.8,164.0,169.4,125218.0,BBAR
2020-12-03,169.25,175.0,167.6,168.45,71056.0,BBAR
2020-12-04,168.45,169.95,166.0,168.5,47750.0,BBAR
2020-12-09,167.5,167.5,158.0,159.0,100954.0,BBAR
2020-12-10,160.0,161.0,157.5,161.0,41393.0,BBAR
2020-12-11,160.85,162.05,158.0,162.0,64525.0,BBAR
2020-12-14,161.0,162.0,153.05,158.0,145660.0,BBAR
2020-12-15,158.85,159.2,152.9,158.75,101791.0,BBAR
2020-12-16,161.0,161.0,153.8,154.0,178373.0,BBAR
2020-12-17,150.05,158.0,149.2,152.0,403537.0,BBAR
2020-12-18,151.05,153.5,143.0,145.5,269029.0,BBAR
2020-12-21,142.5,145.75,137.0,143.4,222983.0,BBAR
2020-12-22,143.35,149.5,142.0,147.75,238437.0,BBAR
2020-12-23,147.7,154.5,145.0,154.0,71192.0,BBAR
2020-12-28,154.15,156.25,148.0,152.45,142486.0,BBAR
2020-12-29,151.0,158.9,151.0,154.5,99473.0,BBAR
2020-12-30,155.0,161.7,152.25,153.75,152267.0,BBAR
2021-01-04,159.0,159.0,148.55,153.0,65208.0,BBAR
2021-01-05,150.0,152.3,148.6,150.0,86177.0,BBAR
2021-01-06,148.05,151.0,148.05,148.35,56827.0,BBAR
2021-01-07,148.0,152.0,145.2,146.0,114339.0,BBAR
2021-01-08,147.0,149.0,145.1,145.5,45333.0,BBAR
2021-01-11,145.6,149.75,137.2,140.5,183490.0,BBAR
2021-01-12,140.5,147.0,139.5,147.0,180612.0,BBAR
2021-01-13,147.15,151.0,146.75,147.1,97683.0,BBAR
2021-01-14,146.4,150.5,146.0,149.0,58622.0,BBAR
2021-01-15,148.8,150.0,145.3,145.45,38194.0,BBAR
2021-01-18,145.45,147.0,140.0,144.4,15553.0,BBAR
2021-01-19,144.0,148.0,140.9,144.0,87901.0,BBAR
2021-01-20,140.0,148.5,140.0,148.0,123019.0,BBAR
2021-01-21,149.0,149.0,141.0,143.0,42879.0,BBAR
2021-01-22,141.0,145.5,139.0,139.8,63342.0,BBAR
2021-01-25,143.0,143.0,134.0,135.0,129023.0,BBAR
2021-01-26,138.1,145.0,136.5,142.4,103061.0,BBAR
2021-01-27,143.0,150.0,137.1,149.3,211609.0,BBAR
2021-01-28,151.0,151.0,144.0,145.9,81856.0,BBAR
2021-01-29,145.1,147.9,140.6,141.8,38245.0,BBAR
2021-02-01,141.35,143.45,141.35,143.0,63567.0,BBAR
2021-02-02,143.0,146.5,140.5,140.5,69891.0,BBAR
2021-02-03,143.5,143.5,140.9,141.5,116844.0,BBAR
2021-02-04,141.6,146.5,141.6,145.2,111784.0,BBAR
2021-02-05,146.0,151.0,145.0,150.9,80152.0,BBAR
2021-02-08,151.2,156.0,151.2,153.9,213769.0,BBAR
2021-02-09,153.2,156.0,151.1,152.75,166641.0,BBAR
2021-02-10,152.75,155.0,151.5,151.5,89717.0,BBAR
2021-02-11,153.6,154.0,151.1,151.75,114544.0,BBAR
2021-02-12,152.0,154.0,148.0,149.0,198870.0,BBAR
2021-02-17,154.0,155.0,148.9,151.4,127785.0,BBAR
2021-02-18,153.0,163.0,145.85,151.9,346316.0,BBAR
2021-02-19,151.0,151.0,147.65,148.5,118265.0,BBAR
2021-02-22,148.0,149.65,138.35,142.8,76561.0,BBAR
2021-02-23,135.0,141.0,134.1,136.0,84651.0,BBAR
2021-02-24,138.2,143.0,136.0,141.2,150003.0,BBAR
2021-02-25,143.5,145.0,137.0,138.3,54914.0,BBAR
2021-02-26,140.0,140.0,136.75,136.9,38298.0,BBAR
2021-03-01,140.0,141.0,135.15,137.1,186820.0,BBAR
2021-03-02,137.3,139.0,133.2,133.5,108022.0,BBAR
2021-03-03,134.0,135.85,130.0,132.0,74747.0,BBAR
2021-03-04,133.2,138.0,129.5,136.4,199714.0,BBAR
2021-03-05,136.95,138.0,132.0,134.3,54327.0,BBAR
2021-03-08,128.0,134.5,127.1,129.8,97038.0,BBAR
2021-03-09,129.5,133.0,126.0,131.0,157405.0,BBAR
2021-03-10,130.4,137.5,129.0,137.25,185178.0,BBAR
2021-03-11,138.0,143.95,135.25,142.1,321264.0,BBAR
2021-03-12,142.95,145.85,140.0,144.0,267440.0,BBAR
2021-03-15,146.0,151.0,145.85,150.4,396421.0,BBAR
2021-03-16,150.1,154.0,145.7,147.2,312641.0,BBAR
2021-03-17,147.5,149.5,143.85,144.5,283636.0,BBAR
2021-03-18,146.3,148.0,137.5,138.15,358401.0,BBAR
2021-03-19,141.0,144.0,138.05,139.35,55203.0,BBAR
2021-03-22,139.5,141.0,137.0,140.45,170661.0,BBAR
2021-03-23,143.0,143.0,138.0,138.95,164955.0,BBAR
2021-03-25,138.0,138.0,130.5,132.6,276330.0,BBAR
2021-03-26,132.95,134.95,128.5,129.65,137531.0,BBAR
2021-03-29,130.0,135.0,127.1,133.75,57934.0,BBAR
2021-03-30,133.0,133.75,131.0,132.8,56944.0,BBAR
2021-03-31,130.2,133.5,130.0,130.0,202822.0,BBAR
2021-04-05,131.95,133.5,129.55,131.9,244473.0,BBAR
2021-04-06,132.0,137.5,132.0,135.95,95731.0,BBAR
2021-04-07,139.9,139.9,132.05,132.9,131170.0,BBAR
2021-04-08,132.5,135.4,131.7,134.95,66037.0,BBAR
2021-04-09,137.45,137.9,133.5,134.05,147829.0,BBAR
2021-04-12,137.0,137.0,130.1,130.4,132380.0,BBAR
2021-04-13,130.7,132.7,127.95,129.3,173475.0,BBAR
2021-04-14,130.0,132.75,127.05,127.65,107370.0,BBAR
2021-04-15,129.5,129.5,126.0,126.45,182856.0,BBAR
2021-04-16,126.0,133.2,124.5,131.0,100624.0,BBAR
2021-04-19,132.0,136.0,130.0,132.35,117486.0,BBAR
2021-04-20,132.15,132.15,127.0,129.4,90249.0,BBAR
2021-04-21,129.5,132.5,127.25,132.1,114249.0,BBAR
2021-04-22,132.9,132.9,128.05,128.95,88472.0,BBAR
2021-04-23,129.95,129.95,126.25,127.0,175288.0,BBAR
2021-04-26,129.0,132.0,128.4,131.2,91084.0,BBAR
2021-04-27,132.1,136.0,132.0,134.45,315847.0,BBAR
2021-04-28,139.0,141.0,137.0,138.6,464644.0,BBAR
2021-04-29,138.6,140.5,137.0,138.8,71130.0,BBAR
2021-04-30,138.75,138.75,133.0,134.5,260953.0,BBAR
2021-05-03,134.0,136.65,131.75,132.0,347601.0,BBAR
2021-05-04,131.5,133.0,129.0,132.9,169514.0,BBAR
2021-05-05,135.0,135.0,131.0,132.45,90851.0,BBAR
2021-05-06,132.0,136.5,130.0,134.05,139097.0,BBAR
2021-05-07,134.55,144.0,134.55,142.85,422210.0,BBAR
2021-05-10,146.75,150.0,145.5,148.2,389649.0,BBAR
2021-05-11,149.35,150.5,146.25,147.2,174877.0,BBAR
2021-05-12,146.25,147.2,140.0,140.2,62739.0,BBAR
2021-05-13,142.15,149.5,142.15,149.45,114983.0,BBAR
2021-05-14,154.5,158.0,151.5,156.45,584516.0,BBAR
2021-05-17,157.1,165.0,152.0,164.5,408318.0,BBAR
2021-05-18,164.0,164.5,160.6,162.3,414878.0,BBAR
2021-05-19,162.0,162.2,158.0,160.7,204666.0,BBAR
2021-05-20,161.5,170.0,161.5,169.9,387437.0,BBAR
2021-05-21,169.9,170.5,165.05,167.0,253383.0,BBAR
2021-05-26,162.85,168.5,156.0,168.05,301682.0,BBAR
2021-05-27,167.05,175.0,167.05,174.9,230635.0,BBAR
2021-05-28,175.5,182.8,175.5,181.8,212286.0,BBAR
2021-05-31,181.7,190.9,176.45,190.5,131057.0,BBAR
2021-06-01,190.0,193.0,187.5,192.45,203100.0,BBAR
2021-06-02,196.0,204.5,195.5,203.65,470359.0,BBAR
2021-06-03,203.4,207.0,197.25,206.5,327906.0,BBAR
2021-06-04,206.0,212.0,202.4,211.15,318255.0,BBAR
2021-06-07,213.0,220.95,212.0,213.9,442563.0,BBAR
2021-06-08,214.0,219.95,209.45,210.0,247586.0,BBAR
2021-06-09,209.95,227.0,206.2,223.7,266814.0,BBAR
2021-06-10,228.0,232.95,222.0,223.45,425598.0,BBAR
2021-06-11,218.7,218.7,210.05,211.6,364504.0,BBAR
2021-06-14,214.2,220.0,214.15,214.3,133721.0,BBAR
2021-06-15,214.0,216.75,206.25,213.55,138087.0,BBAR
2021-06-16,216.0,216.0,212.0,214.65,215995.0,BBAR
2021-06-17,214.0,217.0,208.9,211.85,87244.0,BBAR
2021-06-18,208.1,210.0,204.0,209.8,124894.0,BBAR
2021-06-22,207.0,212.0,195.0,211.0,340229.0,BBAR
2021-06-23,212.85,216.15,204.0,204.5,147350.0,BBAR
2021-06-24,207.0,209.85,202.3,203.25,94923.0,BBAR
2021-06-25,195.5,200.0,188.0,197.1,368456.0,BBAR
2021-06-28,197.1,197.1,190.0,190.85,225980.0,BBAR
2021-06-29,189.9,191.0,185.0,185.35,163095.0,BBAR
2021-06-30,185.5,187.0,184.1,184.35,109008.0,BBAR
2021-07-01,185.35,188.0,181.15,183.4,78215.0,BBAR
2021-07-02,183.4,190.0,181.1,189.05,82110.0,BBAR
2021-07-05,189.0,194.0,188.0,192.15,44630.0,BBAR
2021-07-06,194.0,194.0,185.0,186.6,84705.0,BBAR
2021-07-07,184.5,187.0,180.8,186.35,164917.0,BBAR
2021-07-08,182.15,183.05,180.0,181.05,171303.0,BBAR
2021-07-12,182.0,192.0,181.55,191.75,235112.0,BBAR
2021-07-13,189.85,194.0,188.0,193.1,223976.0,BBAR
2021-07-14,195.0,199.9,191.2,192.4,116896.0,BBAR
2021-07-15,193.3,193.3,186.6,186.8,76912.0,BBAR
2021-07-16,187.2,189.8,186.1,187.1,73205.0,BBAR
2021-07-19,183.05,185.2,175.05,183.9,230136.0,BBAR
2021-07-20,181.95,185.7,180.05,183.05,115963.0,BBAR
2021-07-21,188.05,191.5,186.0,191.05,144889.0,BBAR
2021-07-22,189.8,189.8,185.65,185.75,79690.0,BBAR
2021-07-23,185.0,187.1,182.0,184.7,125205.0,BBAR
2021-07-26,185.05,190.0,185.05,188.6,84196.0,BBAR
2021-07-27,185.25,192.0,182.5,191.2,31051.0,BBAR
2021-07-28,193.5,193.5,188.05,191.85,70128.0,BBAR
2021-07-29,192.0,196.0,185.15,193.25,210080.0,BBAR
2021-07-30,193.1,193.6,186.0,188.8,81219.0,BBAR
2021-08-02,191.5,191.5,185.2,186.25,20609.0,BBAR
2021-08-03,185.0,188.0,182.1,185.0,74061.0,BBAR
2021-08-04,185.15,186.5,181.1,183.65,40709.0,BBAR
2021-08-05,186.0,187.15,185.15,187.0,43770.0,BBAR
2021-08-06,188.4,189.65,183.05,186.55,83164.0,BBAR
2021-08-09,186.55,188.75,181.6,187.6,82844.0,BBAR
2021-08-10,187.5,196.0,185.05,195.95,198375.0,BBAR
2021-08-11,195.95,200.0,190.25,198.55,138891.0,BBAR
2021-08-12,196.4,198.0,193.0,196.05,99637.0,BBAR
2021-08-13,195.2,195.2,192.0,195.2,16221.0,BBAR
2021-08-17,195.2,198.0,190.2,192.45,30931.0,BBAR
2021-08-18,193.1,197.25,188.2,193.25,52218.0,BBAR
2021-08-19,190.6,192.9,188.2,192.5,83995.0,BBAR
2021-08-20,193.0,199.9,192.0,199.15,104249.0,BBAR
2021-08-23,200.0,206.3,199.1,205.3,155173.0,BBAR
2021-08-24,210.0,219.0,208.5,218.5,304495.0,BBAR
2021-08-25,222.05,235.0,219.5,231.5,239807.0,BBAR
2021-08-26,228.0,235.5,220.25,228.05,218987.0,BBAR
2021-08-27,235.15,245.95,235.0,241.05,429407.0,BBAR
2021-08-30,245.0,263.5,245.0,261.4,464462.0,BBAR
2021-08-31,260.55,263.95,250.1,252.9,363475.0,BBAR
2021-09-01,254.1,264.0,245.0,248.95,204086.0,BBAR
2021-09-02,250.05,258.0,244.5,245.55,119267.0,BBAR
2021-09-03,244.5,249.95,240.0,244.35,42189.0,BBAR
2021-09-06,245.0,246.5,240.55,245.0,46139.0,BBAR
2021-09-07,254.05,263.8,253.5,263.0,658919.0,BBAR
2021-09-08,261.0,262.35,247.75,253.7,214716.0,BBAR
2021-09-09,261.7,264.75,247.45,251.9,284688.0,BBAR
2021-09-10,252.25,259.0,246.2,249.4,221289.0,BBAR
2021-09-13,285.0,288.0,259.0,271.55,845949.0,BBAR
2021-09-14,274.9,276.0,250.8,258.45,273051.0,BBAR
2021-09-15,260.0,262.4,249.0,251.75,187830.0,BBAR
2021-09-16,248.6,262.8,242.9,257.9,131213.0,BBAR
2021-09-17,257.9,262.95,249.05,250.65,71096.0,BBAR
2021-09-20,243.6,243.6,225.1,226.1,359157.0,BBAR
2021-09-21,229.95,232.5,220.75,224.4,77581.0,BBAR
2021-09-22,228.8,235.55,228.5,232.55,225873.0,BBAR
2021-09-23,235.0,236.95,229.8,231.95,66601.0,BBAR
2021-09-24,235.0,235.0,229.0,231.8,33474.0,BBAR
2021-09-27,231.8,242.5,231.25,241.2,118854.0,BBAR
2021-09-28,246.5,246.5,235.0,242.45,39853.0,BBAR
2021-09-29,240.1,248.5,240.1,244.0,40325.0,BBAR
2021-09-30,244.75,253.9,244.75,247.95,95486.0,BBAR
2021-10-01,247.95,251.5,245.0,247.35,43038.0,BBAR
2021-10-04,254.0,254.0,239.5,242.95,57654.0,BBAR
2021-10-05,244.05,249.0,243.1,245.0,128421.0,BBAR
2021-10-06,247.95,247.95,237.0,244.9,36456.0,BBAR
2021-10-07,246.15,249.0,239.0,241.15,69962.0,BBAR
2021-10-12,241.2,243.5,236.1,238.1,54198.0,BBAR
2021-10-13,241.85,241.85,234.5,237.0,32878.0,BBAR
2021-10-14,237.5,244.0,236.0,243.6,58978.0,BBAR
2021-10-15,245.0,254.0,243.0,246.85,134370.0,BBAR
2021-10-18,246.85,254.95,246.05,253.0,84128.0,BBAR
2021-10-19,253.0,257.0,248.35,254.6,108846.0,BBAR
2021-10-20,260.05,277.5,259.3,275.35,275172.0,BBAR
2021-10-21,273.9,274.0,267.0,274.0,192570.0,BBAR
2021-10-22,274.0,277.95,267.0,274.55,60545.0,BBAR
2021-10-25,276.95,290.0,276.05,288.9,114594.0,BBAR
2021-10-26,290.0,300.0,284.4,285.45,126793.0,BBAR
2021-10-27,284.0,290.5,267.1,267.8,286081.0,BBAR
2021-10-28,267.8,278.0,262.0,271.45,97116.0,BBAR
2021-10-29,270.95,271.0,255.95,257.55,167215.0,BBAR
2021-11-01,262.95,272.7,259.65,269.65,181207.0,BBAR
2021-11-02,266.0,280.0,262.0,276.8,183288.0,BBAR
2021-11-03,280.95,287.5,273.0,286.85,220692.0,BBAR
2021-11-04,285.95,285.95,273.0,275.7,157939.0,BBAR
2021-11-05,275.05,280.9,269.0,272.45,154509.0,BBAR
2021-11-08,279.0,282.0,274.0,281.35,206447.0,BBAR
2021-11-09,280.0,287.0,278.0,284.45,192766.0,BBAR
2021-11-10,282.55,294.45,281.0,288.7,224982.0,BBAR
2021-11-11,293.0,296.0,283.6,284.75,286392.0,BBAR
2021-11-12,289.5,289.5,270.8,281.6,245532.0,BBAR
2021-11-15,290.0,290.0,268.0,270.4,187821.0,BBAR
2021-11-16,271.7,273.0,250.45,252.25,262634.0,BBAR
2021-11-17,254.0,262.0,236.25,242.8,216932.0,BBAR
2021-11-18,244.0,252.2,235.0,250.9,197933.0,BBAR
2021-11-19,253.0,253.0,234.55,237.45,153268.0,BBAR
2021-11-23,226.0,232.0,220.0,222.8,287771.0,BBAR
2021-11-24,223.0,234.5,216.0,220.35,234719.0,BBAR
2021-11-25,219.85,227.5,219.85,226.2,79149.0,BBAR
2021-11-26,224.5,224.5,205.05,213.0,428909.0,BBAR
2021-11-29,215.0,218.5,203.5,205.95,213835.0,BBAR
2021-11-30,204.5,209.95,199.5,208.75,193880.0,BBAR
2021-12-01,210.05,230.5,210.05,229.05,382007.0,BBAR
2021-12-02,229.0,239.0,225.0,237.9,145959.0,BBAR
2021-12-03,242.0,246.0,225.0,231.85,213469.0,BBAR
2021-12-06,234.35,242.0,229.5,235.4,101309.0,BBAR
2021-12-07,236.05,239.1,229.4,229.7,216137.0,BBAR
2021-12-09,235.0,235.0,219.05,219.65,114415.0,BBAR
2021-12-10,218.0,223.6,212.0,212.65,92004.0,BBAR
2021-12-13,214.0,216.5,201.0,201.75,47365.0,BBAR
2021-12-14,202.5,206.75,201.0,204.4,77619.0,BBAR
2021-12-15,205.0,207.45,200.15,206.25,103089.0,BBAR
2021-12-16,207.0,220.0,205.5,216.9,136415.0,BBAR
2021-12-17,216.95,223.4,214.0,216.5,186409.0,BBAR
2021-12-20,216.0,216.85,206.0,213.25,136987.0,BBAR
2021-12-21,216.5,222.5,215.0,218.5,103171.0,BBAR
2021-12-22,219.9,221.0,213.5,214.05,112470.0,BBAR
2021-12-23,214.05,222.0,214.05,218.4,62731.0,BBAR
2021-12-27,218.5,222.95,217.25,222.7,80220.0,BBAR
2021-12-28,226.5,228.35,210.0,211.7,122452.0,BBAR
2021-12-29,213.1,224.0,204.0,223.7,245250.0,BBAR
2021-12-30,225.0,230.5,221.3,224.3,160811.0,BBAR
2022-01-03,223.95,228.0,219.8,223.6,91085.0,BBAR
2022-01-04,220.7,225.95,217.1,218.25,100826.0,BBAR
2022-01-05,218.0,220.0,212.0,212.55,126795.0,BBAR
2022-01-06,209.7,220.0,208.0,217.4,52020.0,BBAR
2022-01-07,218.0,222.25,217.75,220.9,31650.0,BBAR
2022-01-10,220.9,220.9,215.75,218.0,12404.0,BBAR
2022-01-11,220.0,222.95,216.0,219.55,57216.0,BBAR
2022-01-12,222.9,224.95,218.35,223.2,61654.0,BBAR
2022-01-13,224.9,230.0,218.55,227.8,71073.0,BBAR
2022-01-14,225.5,228.2,220.2,223.5,38230.0,BBAR
2022-01-17,223.0,227.0,220.0,223.1,8678.0,BBAR
2022-01-18,223.25,226.6,212.0,215.9,84690.0,BBAR
2022-01-19,217.05,224.0,214.45,216.0,63730.0,BBAR
2022-01-20,219.5,226.5,216.75,222.1,59341.0,BBAR
2022-01-21,222.0,224.45,217.25,219.6,30930.0,BBAR
2022-01-24,218.5,218.5,206.85,208.5,157797.0,BBAR
2022-01-25,207.95,223.0,205.5,221.7,87309.0,BBAR
2022-01-26,224.0,228.0,217.0,224.05,96460.0,BBAR
2022-01-27,226.5,227.0,220.05,225.0,49786.0,BBAR
2022-01-28,233.0,240.0,226.7,237.5,199218.0,BBAR
2022-01-31,240.0,249.25,229.0,247.1,82162.0,BBAR
2022-02-01,245.95,251.8,237.5,243.75,113103.0,BBAR
2022-02-02,243.75,248.0,232.75,234.65,64737.0,BBAR
2022-02-03,232.95,235.75,229.0,234.95,153648.0,BBAR
2022-02-04,236.95,238.25,232.25,236.4,195941.0,BBAR
2022-02-07,237.6,239.95,232.0,235.75,54366.0,BBAR
2022-02-08,235.0,239.55,231.0,231.45,49139.0,BBAR
2022-02-09,233.0,234.5,220.0,226.1,116700.0,BBAR
2022-02-10,228.0,232.95,225.0,227.85,55503.0,BBAR
2022-02-11,230.0,236.0,224.5,225.1,82899.0,BBAR
2022-02-14,225.15,230.0,223.0,226.6,34565.0,BBAR
2022-02-15,230.0,232.25,225.0,230.05,39280.0,BBAR
2022-02-16,233.0,239.5,226.55,238.1,106896.0,BBAR
2022-02-17,237.0,242.4,235.0,236.55,44347.0,BBAR
2022-02-18,236.55,245.0,232.9,243.9,139854.0,BBAR
2022-02-21,245.0,245.0,234.0,237.2,135240.0,BBAR
2022-02-22,239.5,250.0,237.0,241.25,206828.0,BBAR
2022-02-23,245.0,248.0,234.0,246.25,118927.0,BBAR
2022-02-24,244.0,244.0,225.0,233.2,408584.0,BBAR
2022-02-25,234.3,237.0,226.0,231.3,109773.0,BBAR
2022-03-02,227.0,227.2,215.0,224.85,255781.0,BBAR
2022-03-03,229.0,230.5,217.75,228.2,241691.0,BBAR
2022-03-04,227.95,227.95,206.0,210.3,1085705.0,BBAR
2022-03-07,209.6,212.0,197.0,197.55,331442.0,BBAR
2022-03-08,198.05,209.5,198.0,208.75,155938.0,BBAR
2022-03-09,209.5,213.5,208.0,210.0,131408.0,BBAR
2022-03-10,214.0,220.0,210.0,219.3,154807.0,BBAR
2022-03-11,222.0,225.0,212.05,214.9,117285.0,BBAR
2022-03-14,210.4,214.0,205.1,206.3,121079.0,BBAR
2022-03-15,202.05,209.0,202.05,205.5,160010.0,BBAR
2022-03-16,206.0,222.0,206.0,220.4,146937.0,BBAR
2022-03-17,221.95,222.0,218.2,219.35,179468.0,BBAR
2022-03-18,221.45,225.0,218.0,220.4,161724.0,BBAR
2022-03-21,225.9,228.95,221.8,224.4,178455.0,BBAR
2022-03-22,225.3,231.5,225.3,230.4,191563.0,BBAR
2022-03-23,230.0,240.5,228.0,230.5,414845.0,BBAR
2022-03-25,242.0,245.95,234.75,237.15,175370.0,BBAR
2022-03-28,235.95,235.95,230.6,231.15,169219.0,BBAR
2022-03-29,237.9,237.9,226.0,226.95,105213.0,BBAR
2022-03-30,225.0,231.0,225.0,227.95,122377.0,BBAR
2022-03-31,232.2,232.2,224.3,225.0,31720.0,BBAR
2022-04-01,224.0,230.5,224.0,230.5,84116.0,BBAR
2022-04-04,230.5,234.95,227.3,228.2,145389.0,BBAR
2022-04-05,226.5,233.5,220.5,220.85,117046.0,BBAR
2022-04-06,218.0,225.0,217.0,217.6,130578.0,BBAR
2022-04-07,219.0,222.0,214.0,215.05,124415.0,BBAR
2022-04-08,215.0,219.0,213.65,215.25,181766.0,BBAR
2022-04-11,215.3,219.0,209.35,209.7,64023.0,BBAR
2022-04-12,210.5,214.95,202.5,204.9,240591.0,BBAR
2022-04-13,205.0,205.5,200.5,204.0,110434.0,BBAR
2022-04-18,208.0,209.9,204.45,205.5,146700.0,BBAR
2022-04-19,210.0,210.0,205.5,209.65,110457.0,BBAR
2022-04-20,214.0,221.0,206.95,219.3,337659.0,BBAR
2022-04-21,219.4,222.0,210.5,212.2,211130.0,BBAR
2022-04-22,214.0,218.4,210.85,212.0,50634.0,BBAR
2022-04-25,211.0,214.0,205.0,213.7,169162.0,BBAR
2022-04-26,213.0,213.0,206.5,207.75,105698.0,BBAR
2022-04-27,207.0,212.0,204.5,207.1,177567.0,BBAR
2022-04-28,207.0,210.9,204.0,206.85,100928.0,BBAR
2022-04-29,208.35,211.0,201.6,202.2,151999.0,BBAR
2022-05-02,203.0,203.2,196.25,198.6,327115.0,BBAR
2022-05-03,201.0,208.4,200.75,207.7,201102.0,BBAR
2022-05-04,207.6,210.75,203.0,208.65,235306.0,BBAR
2022-05-05,207.0,207.0,198.05,199.95,260348.0,BBAR
2022-05-06,198.0,206.5,196.0,204.3,121825.0,BBAR
2022-05-09,204.95,205.0,193.5,193.65,111441.0,BBAR
2022-05-10,194.5,196.6,187.0,191.5,188718.0,BBAR
2022-05-11,193.0,196.0,192.5,195.5,93805.0,BBAR
2022-05-12,195.0,200.0,188.35,198.45,62938.0,BBAR
2022-05-13,200.0,209.5,200.0,209.0,186997.0,BBAR
2022-05-16,212.0,219.9,207.25,215.3,211782.0,BBAR
2022-05-17,215.5,223.05,215.5,217.65,93431.0,BBAR
2022-05-19,216.7,217.5,212.0,212.65,77125.0,BBAR
2022-05-20,210.0,214.8,200.9,207.8,91433.0,BBAR
2022-05-23,208.0,217.9,207.0,216.6,106134.0,BBAR
2022-05-24,217.0,222.95,213.8,219.85,203306.0,BBAR
2022-05-26,219.85,226.0,218.25,224.85,131581.0,BBAR
2022-05-27,222.0,226.5,220.0,222.45,86248.0,BBAR
2022-05-30,222.0,226.0,220.0,222.35,130374.0,BBAR
2022-05-31,224.6,224.6,210.75,212.5,456361.0,BBAR
2022-06-01,213.0,215.8,204.5,207.35,171369.0,BBAR
2022-06-02,207.25,212.9,202.5,205.65,272372.0,BBAR
2022-06-03,206.25,210.5,206.25,209.15,84882.0,BBAR
2022-06-06,213.3,213.3,201.05,202.9,201954.0,BBAR
2022-06-07,201.0,206.0,201.0,203.4,163194.0,BBAR
2022-06-08,203.4,204.9,194.7,195.15,332519.0,BBAR
2022-06-09,196.0,196.55,187.5,190.85,452596.0,BBAR
2022-06-10,190.0,195.25,185.8,195.15,331069.0,BBAR
2022-06-13,194.75,198.8,189.1,191.6,267324.0,BBAR
2022-06-14,199.0,199.0,192.7,197.05,132674.0,BBAR
2022-06-15,199.0,206.0,199.0,203.5,333910.0,BBAR
2022-06-16,203.0,205.0,199.0,203.05,349489.0,BBAR
2022-06-21,207.9,207.9,200.0,201.0,153269.0,BBAR
2022-06-22,202.9,206.4,198.5,202.7,116969.0,BBAR
2022-06-23,204.75,204.75,191.0,196.7,94373.0,BBAR
2022-06-24,197.75,200.15,192.05,192.3,78964.0,BBAR
2022-06-27,192.0,198.9,187.45,198.2,100405.0,BBAR
2022-06-28,200.3,206.1,198.5,205.35,71606.0,BBAR
2022-06-29,205.4,209.0,202.05,204.6,97291.0,BBAR
2022-06-30,204.5,205.0,198.0,201.0,150095.0,BBAR
2022-07-01,202.0,205.0,194.5,204.55,115021.0,BBAR
2022-07-04,194.0,195.0,184.75,185.25,284719.0,BBAR
2022-07-05,194.9,208.0,194.9,198.85,610532.0,BBAR
2022-07-06,204.1,204.1,194.1,202.65,170331.0,BBAR
2022-07-07,204.0,223.15,203.25,222.65,837921.0,BBAR
2022-07-08,222.5,242.0,213.75,223.7,481621.0,BBAR
2022-07-11,222.8,224.5,212.0,223.8,166315.0,BBAR
2022-07-12,222.5,229.7,216.0,223.35,144642.0,BBAR
2022-07-13,221.0,229.0,218.0,218.1,105261.0,BBAR
2022-07-14,212.4,220.0,210.5,213.35,79508.0,BBAR
2022-07-15,220.0,226.9,214.0,226.1,50956.0,BBAR
2022-07-18,230.0,235.5,225.75,233.4,229107.0,BBAR
2022-07-19,233.4,237.0,229.5,232.65,192341.0,BBAR
2022-07-20,231.5,233.5,227.0,230.0,176216.0,BBAR
2022-07-21,230.0,241.0,220.0,236.9,206760.0,BBAR
2022-07-22,238.0,239.9,222.9,235.5,252106.0,BBAR
2022-07-25,240.0,253.0,236.6,251.85,131986.0,BBAR
2022-07-26,253.95,260.0,249.5,257.75,144700.0,BBAR
2022-07-27,258.5,277.8,248.05,274.85,288181.0,BBAR
2022-07-28,281.2,285.0,266.0,271.4,254546.0,BBAR
2022-07-29,272.0,280.0,257.0,259.95,485791.0,BBAR
2022-08-01,260.0,261.5,241.8,247.95,112017.0,BBAR
2022-08-02,245.0,259.0,245.0,255.05,214350.0,BBAR
2022-08-03,257.5,262.0,252.0,257.55,159832.0,BBAR
2022-08-04,250.0,263.95,249.0,253.2,276195.0,BBAR
2022-08-05,253.5,257.0,252.5,254.0,73410.0,BBAR
2022-08-08,254.0,262.0,253.4,260.65,114705.0,BBAR
2022-08-09,261.9,261.9,252.0,254.0,72304.0,BBAR
2022-08-10,260.0,260.0,252.2,255.0,24158.0,BBAR
2022-08-11,260.6,266.45,256.15,263.4,178763.0,BBAR
2022-08-12,268.0,273.0,262.5,272.1,183078.0,BBAR
2022-08-16,270.0,275.0,268.2,270.45,154566.0,BBAR
2022-08-17,269.0,274.9,268.2,272.5,118747.0,BBAR
2022-08-18,274.9,283.0,271.1,282.3,200498.0,BBAR
2022-08-19,283.85,283.85,269.55,273.4,155986.0,BBAR
2022-08-22,273.0,283.9,266.05,280.4,217524.0,BBAR
2022-08-23,283.5,293.0,280.0,290.85,207742.0,BBAR
2022-08-24,290.0,314.0,286.0,306.4,398159.0,BBAR
2022-08-25,306.0,316.0,300.0,310.3,136800.0,BBAR
2022-08-26,311.0,314.9,299.0,311.3,83723.0,BBAR
2022-08-29,311.0,321.1,305.0,316.4,207567.0,BBAR
2022-08-30,317.0,321.95,306.0,316.5,133564.0,BBAR
2022-08-31,316.5,320.0,296.3,296.75,132262.0,BBAR
2022-09-01,296.0,299.0,290.0,290.3,70287.0,BBAR
2022-09-05,285.0,307.0,285.0,304.0,112652.0,BBAR
2022-09-06,296.0,305.0,293.9,298.0,141797.0,BBAR
2022-09-07,298.0,313.0,290.0,311.45,191821.0,BBAR
2022-09-08,312.0,318.0,305.0,312.15,139662.0,BBAR
2022-09-09,312.0,324.5,312.0,323.5,99023.0,BBAR
2022-09-12,325.0,331.5,314.0,315.95,199177.0,BBAR
2022-09-13,316.0,322.0,306.0,306.4,80563.0,BBAR
2022-09-14,309.3,318.4,308.9,315.3,94637.0,BBAR
2022-09-15,315.0,320.5,308.1,311.3,47664.0,BBAR
2022-09-16,309.5,316.7,307.0,316.7,49216.0,BBAR
2022-09-19,319.5,342.0,316.0,339.45,201958.0,BBAR
2022-09-20,340.0,346.0,330.0,344.55,635504.0,BBAR
2022-09-21,345.5,346.9,333.75,341.0,420198.0,BBAR
2022-09-22,342.0,347.0,330.95,345.7,280088.0,BBAR
2022-09-23,328.0,329.5,316.5,319.9,878097.0,BBAR
2022-09-26,319.9,319.9,299.5,307.5,669948.0,BBAR
2022-09-27,308.0,315.5,304.0,304.95,146463.0,BBAR
2022-09-28,304.5,315.0,303.5,313.55,296782.0,BBAR
2022-09-29,312.0,315.0,301.05,311.6,405742.0,BBAR
2022-09-30,319.0,324.95,311.5,315.85,50894.0,BBAR
2022-10-03,324.5,326.5,315.0,325.8,68234.0,BBAR
2022-10-04,325.5,332.0,325.5,328.0,79754.0,BBAR
2022-10-05,325.0,334.9,320.0,331.7,80406.0,BBAR
2022-10-06,331.0,332.0,325.5,328.4,35137.0,BBAR
2022-10-11,319.0,328.0,303.8,304.9,249747.0,BBAR
2022-10-12,300.0,309.0,298.9,299.1,128080.0,BBAR
2022-10-13,299.0,315.95,299.0,312.55,175955.0,BBAR
2022-10-14,315.0,316.95,303.5,305.85,30753.0,BBAR
2022-10-17,303.0,315.0,303.0,310.25,101027.0,BBAR
2022-10-18,312.0,319.0,299.0,303.4,203773.0,BBAR
2022-10-19,299.3,307.0,296.25,300.85,60123.0,BBAR
2022-10-20,308.9,308.9,298.55,300.15,32498.0,BBAR
2022-10-21,306.5,311.3,301.5,310.9,143911.0,BBAR
2022-10-24,310.0,310.0,300.0,306.15,59221.0,BBAR
2022-10-25,304.3,314.15,303.4,314.1,233455.0,BBAR
2022-10-26,314.2,315.0,305.85,307.2,154118.0,BBAR
2022-10-27,305.0,315.55,305.0,313.9,184135.0,BBAR
2022-10-28,316.0,316.0,302.0,306.15,157022.0,BBAR
2022-10-31,310.4,320.0,309.0,311.55,181092.0,BBAR
2022-11-01,311.55,326.0,309.3,322.8,281269.0,BBAR
2022-11-02,324.7,327.5,311.5,314.15,60683.0,BBAR
2022-11-03,320.0,323.0,312.5,315.3,181077.0,BBAR
2022-11-04,315.0,322.0,315.0,318.7,68030.0,BBAR
2022-11-07,318.0,328.0,308.0,309.3,122292.0,BBAR
2022-11-08,310.0,322.9,300.0,309.35,38937.0,BBAR
2022-11-09,310.0,317.45,292.7,296.5,297272.0,BBAR
2022-11-10,310.0,310.0,288.5,290.2,154849.0,BBAR
2022-11-11,293.5,298.0,288.5,293.9,70709.0,BBAR
2022-11-14,297.0,298.0,287.25,292.5,241037.0,BBAR
2022-11-15,294.1,298.0,291.0,291.4,328701.0,BBAR
2022-11-16,292.0,296.5,287.9,290.0,190048.0,BBAR
2022-11-17,291.0,298.0,285.0,297.5,182314.0,BBAR
2022-11-18,297.5,305.0,296.4,299.0,175559.0,BBAR
2022-11-22,300.0,304.0,290.0,303.95,92237.0,BBAR
2022-11-23,305.2,322.95,300.0,322.45,596409.0,BBAR
2022-11-24,324.95,329.3,320.0,327.5,67269.0,BBAR
2022-11-25,320.0,349.5,320.0,343.1,456854.0,BBAR
2022-11-28,343.5,354.0,338.0,353.0,344236.0,BBAR
2022-11-29,350.0,359.5,340.55,346.65,120249.0,BBAR
2022-11-30,346.0,351.0,340.5,350.3,126236.0,BBAR
2022-12-01,358.0,358.0,342.0,352.0,168596.0,BBAR
2022-12-02,350.5,350.5,335.0,338.8,87978.0,BBAR
2022-12-05,346.5,349.9,325.0,326.25,195107.0,BBAR
2022-12-06,323.2,333.0,323.2,330.0,31084.0,BBAR
2022-12-07,330.0,346.0,328.0,344.0,210408.0,BBAR
2022-12-12,331.5,337.9,322.7,328.55,422549.0,BBAR
2022-12-13,338.0,338.0,321.95,322.2,192972.0,BBAR
2022-12-14,324.0,325.0,313.5,321.0,156169.0,BBAR
2022-12-15,320.0,326.5,314.5,325.7,46361.0,BBAR
2022-12-16,325.7,329.95,323.0,326.0,89041.0,BBAR
2022-12-19,326.0,338.5,325.0,338.5,74958.0,BBAR
2022-12-20,338.5,347.1,338.0,342.25,7014.0,BBAR
2022-12-21,347.0,392.75,347.0,383.5,495388.0,BBAR
2022-12-22,388.0,392.9,379.0,391.7,168025.0,BBAR
2022-12-23,391.5,410.75,388.2,399.2,232851.0,BBAR
2022-12-26,392.0,412.0,392.0,409.45,58487.0,BBAR
2022-12-27,412.0,419.0,400.0,417.9,146931.0,BBAR
2022-12-28,420.0,451.5,418.0,441.95,237926.0,BBAR
2022-12-29,450.0,454.8,436.0,440.85,203483.0,BBAR
2022-12-30,438.0,462.0,424.0,455.2,68010.0,BBAR
2023-01-02,455.2,477.0,451.5,467.55,52943.0,BBAR
2023-01-03,464.0,467.0,429.0,430.05,410771.0,BBAR
2023-01-04,431.0,443.5,420.0,440.2,335950.0,BBAR
2023-01-05,443.0,466.7,438.0,463.5,536188.0,BBAR
2023-01-06,479.5,489.55,467.0,473.0,302492.0,BBAR
2023-01-09,477.0,490.0,459.5,471.35,168719.0,BBAR
2023-01-10,472.0,478.0,460.2,465.95,137168.0,BBAR
2023-01-11,470.0,513.5,462.0,505.55,238040.0,BBAR
2023-01-12,505.5,540.5,500.0,528.45,239047.0,BBAR
2023-01-13,529.0,556.0,515.0,550.15,243808.0,BBAR
2023-01-16,555.0,581.0,549.0,572.4,99752.0,BBAR
2023-01-17,572.0,592.0,553.0,592.0,238748.0,BBAR
2023-01-18,600.0,609.0,522.5,529.3,623579.0,BBAR
2023-01-19,535.0,554.5,497.0,542.15,606939.0,BBAR
2023-01-20,540.0,579.0,540.0,572.7,179552.0,BBAR
2023-01-23,576.0,600.0,560.0,565.35,113273.0,BBAR
2023-01-24,565.35,573.0,550.5,561.55,375115.0,BBAR
2023-01-25,562.0,590.95,545.5,585.2,222967.0,BBAR
2023-01-26,589.0,595.0,576.5,587.6,222627.0,BBAR
2023-01-27,589.0,594.0,567.0,569.0,100410.0,BBAR
2023-01-30,569.0,575.0,542.65,547.75,92433.0,BBAR
2023-01-31,547.0,577.75,540.0,569.5,103631.0,BBAR
2023-02-01,583.3,583.3,540.0,549.5,164241.0,BBAR
2023-02-02,557.0,570.0,537.1,545.95,158052.0,BBAR
2023-02-03,546.0,549.4,515.0,518.95,128983.0,BBAR
2023-02-06,519.0,534.95,495.0,531.45,142587.0,BBAR
2023-02-07,535.0,553.5,526.55,529.4,118771.0,BBAR
2023-02-08,539.5,540.0,520.0,537.0,68180.0,BBAR
2023-02-09,540.0,545.0,531.65,535.15,107333.0,BBAR
2023-02-10,535.0,545.0,529.5,539.55,86976.0,BBAR
2023-02-13,550.0,570.0,530.0,569.95,143314.0,BBAR
2023-02-14,569.95,589.5,558.0,585.0,247468.0,BBAR
2023-02-15,585.0,595.0,560.0,573.2,51433.0,BBAR
2023-02-16,588.9,598.5,563.0,593.9,144394.0,BBAR
2023-02-17,592.0,597.0,549.0,566.4,189689.0,BBAR
2023-02-22,565.0,591.0,558.0,565.35,58024.0,BBAR
2023-02-23,575.0,586.0,570.0,584.7,310318.0,BBAR
2023-02-24,595.0,613.0,585.0,611.85,503640.0,BBAR
2023-02-27,611.0,629.5,610.0,624.6,185360.0,BBAR
2023-02-28,624.5,631.5,615.0,626.15,132579.0,BBAR
2023-03-01,626.0,636.0,613.0,633.05,155310.0,BBAR
2023-03-02,635.0,636.0,604.0,605.0,193663.0,BBAR
2023-03-03,603.0,636.0,595.0,612.6,75298.0,BBAR
2023-03-06,605.0,632.0,601.0,630.3,205319.0,BBAR
2023-03-07,640.0,643.5,600.0,612.35,114902.0,BBAR
2023-03-08,614.0,655.0,607.5,651.3,152064.0,BBAR
2023-03-09,653.5,673.65,627.0,633.05,87694.0,BBAR
2023-03-10,630.0,633.0,595.0,597.9,131243.0,BBAR
2023-03-13,590.0,600.0,568.0,573.65,164207.0,BBAR
2023-03-14,580.9,597.85,555.25,561.05,114416.0,BBAR
2023-03-15,545.0,545.0,512.0,513.8,508059.0,BBAR
2023-03-16,516.0,554.1,507.9,548.8,137779.0,BBAR
2023-03-17,540.4,540.4,517.0,521.05,127075.0,BBAR
2023-03-20,520.6,535.0,510.0,510.3,151229.0,BBAR
2023-03-21,528.85,547.0,526.0,539.95,198550.0,BBAR
2023-03-22,536.95,546.1,518.0,535.7,140926.0,BBAR
2023-03-23,540.0,543.4,499.0,503.5,348169.0,BBAR
2023-03-27,510.0,542.5,506.0,539.0,202718.0,BBAR
2023-03-28,540.25,551.0,530.25,546.7,209074.0,BBAR
2023-03-29,544.6,567.4,542.0,561.1,230525.0,BBAR
2023-03-30,566.95,570.2,551.25,564.95,217086.0,BBAR
2023-03-31,574.95,574.95,532.5,537.7,152935.0,BBAR
2023-04-03,541.0,559.0,533.5,554.0,143326.0,BBAR
2023-04-04,551.35,557.0,534.45,550.55,259487.0,BBAR
2023-04-05,551.0,552.1,541.2,549.2,165049.0,BBAR
2023-04-10,550.0,564.9,547.0,563.8,161754.0,BBAR
2023-04-11,572.75,601.35,571.05,600.45,237479.0,BBAR
2023-04-12,608.0,622.0,600.0,619.95,94516.0,BBAR
2023-04-13,621.5,639.0,610.05,631.8,240405.0,BBAR
2023-04-14,636.0,666.8,635.0,664.45,286874.0,BBAR
2023-04-17,653.1,703.0,653.1,681.45,492176.0,BBAR
2023-04-18,696.3,713.6,685.5,688.85,237458.0,BBAR
2023-04-19,688.6,688.6,645.0,647.1,205260.0,BBAR
2023-04-20,647.1,681.0,641.55,666.9,147345.0,BBAR
2023-04-21,668.0,684.9,658.05,672.0,137735.0,BBAR
2023-04-24,679.0,689.0,668.0,684.5,153305.0,BBAR
2023-04-25,669.0,694.0,669.0,683.7,239473.0,BBAR
2023-04-26,698.0,698.0,663.05,684.5,68478.0,BBAR
2023-04-27,672.5,688.0,645.5,652.45,128854.0,BBAR
2023-04-28,651.5,651.5,635.0,650.25,116474.0,BBAR
2023-05-02,646.95,646.95,610.0,635.05,126409.0,BBAR
2023-05-03,636.5,642.1,601.0,602.95,188052.0,BBAR
2023-05-04,603.0,607.5,571.6,590.1,302705.0,BBAR
2023-05-05,596.0,637.7,596.0,625.75,186180.0,BBAR
2023-05-08,630.0,654.5,628.0,646.85,253560.0,BBAR
2023-05-09,652.5,655.0,637.5,650.3,65428.0,BBAR
2023-05-10,650.65,665.0,646.95,661.6,107686.0,BBAR
2023-05-11,670.0,697.0,644.75,685.4,108235.0,BBAR
2023-05-12,681.85,730.0,681.05,707.9,244372.0,BBAR
2023-05-15,700.3,727.4,682.2,726.05,103441.0,BBAR
2023-05-16,730.0,738.0,688.25,691.05,216780.0,BBAR
2023-05-17,703.0,727.5,699.0,717.05,76872.0,BBAR
2023-05-18,713.6,721.9,695.0,711.05,75960.0,BBAR
2023-05-19,711.0,720.0,694.0,712.65,106494.0,BBAR
2023-05-22,720.0,729.0,699.0,705.95,131513.0,BBAR
2023-05-23,700.0,738.0,700.0,721.2,83072.0,BBAR
2023-05-24,714.5,732.6,689.15,730.9,161681.0,BBAR
2023-05-29,725.0,735.0,705.5,729.8,24811.0,BBAR
2023-05-30,729.8,738.5,718.0,738.1,67785.0,BBAR
2023-05-31,750.0,750.0,710.0,724.05,130035.0,BBAR
2023-06-01,710.0,762.0,710.0,756.2,151538.0,BBAR
2023-06-02,760.0,780.0,750.0,753.15,81085.0,BBAR
2023-06-05,753.5,779.0,743.7,778.25,62365.0,BBAR
2023-06-06,793.0,876.55,793.0,872.1,403562.0,BBAR
2023-06-07,884.0,920.0,870.0,904.3,299510.0,BBAR
2023-06-08,912.0,924.0,876.25,883.75,257647.0,BBAR
2023-06-09,884.0,914.5,882.0,901.1,89253.0,BBAR
2023-06-12,902.0,919.85,883.25,902.25,149721.0,BBAR
2023-06-13,904.5,929.0,894.55,913.1,223621.0,BBAR
2023-06-14,917.0,942.0,903.0,922.2,99456.0,BBAR
2023-06-15,923.0,979.7,923.0,953.0,197298.0,BBAR
2023-06-16,945.0,1009.0,925.0,997.45,332652.0,BBAR
2023-06-21,1014.05,1068.0,1000.0,1055.7,324688.0,BBAR
2023-06-22,1040.0,1059.5,979.75,1001.5,210764.0,BBAR
2023-06-23,999.0,1038.0,992.0,1010.6,134818.0,BBAR
2023-06-26,1058.0,1100.0,1015.0,1076.35,191594.0,BBAR
2023-06-27,1045.0,1076.35,1020.0,1026.95,115890.0,BBAR
2023-06-28,1060.0,1076.7,995.0,999.7,131733.0,BBAR
2023-06-29,1029.0,1029.0,952.0,979.1,594106.0,BBAR
2023-06-30,1000.0,1030.0,979.0,1020.65,89877.0,BBAR
2023-07-03,1035.0,1070.0,1000.0,1064.8,105693.0,BBAR
2023-07-04,1100.0,1100.0,1047.25,1079.95,88298.0,BBAR
2023-07-05,1080.0,1080.0,1035.0,1059.85,382548.0,BBAR
2023-07-06,1034.0,1043.45,980.25,989.75,217309.0,BBAR
2023-07-07,1018.5,1024.0,985.0,1019.8,93553.0,BBAR
2023-07-10,1010.0,1022.95,985.0,1012.25,59794.0,BBAR
2023-07-11,996.9,1019.0,989.0,1017.6,72370.0,BBAR
2023-07-12,1022.0,1039.15,1009.45,1020.9,152181.0,BBAR
2023-07-13,1039.0,1076.9,1031.0,1062.2,183408.0,BBAR
2023-07-14,1047.0,1062.0,1002.0,1038.1,69919.0,BBAR
2023-07-17,1080.0,1090.0,1042.0,1069.15,101077.0,BBAR
2023-07-18,1075.0,1090.0,1051.0,1068.1,82624.0,BBAR
2023-07-19,1077.9,1077.9,1036.0,1072.45,121667.0,BBAR
2023-07-20,1035.0,1080.0,1035.0,1077.25,161348.0,BBAR
2023-07-21,1083.0,1100.0,1060.0,1098.65,271415.0,BBAR
2023-07-24,1100.0,1125.0,1042.0,1067.05,235556.0,BBAR
2023-07-25,1063.0,1089.9,1045.0,1084.75,241493.0,BBAR
2023-07-26,1102.55,1109.6,1084.0,1099.45,148006.0,BBAR
2023-07-27,1087.0,1094.95,1011.0,1012.3,215383.0,BBAR
2023-07-28,1031.0,1060.0,1031.0,1048.55,194931.0,BBAR
2023-07-31,1025.0,1074.0,1025.0,1038.3,107623.0,BBAR
2023-08-01,1030.0,1050.0,997.35,1006.25,153281.0,BBAR
2023-08-02,1000.0,1000.0,967.0,975.8,94197.0,BBAR
2023-08-03,975.8,998.0,950.0,960.35,138146.0,BBAR
2023-08-04,980.0,1004.75,980.0,995.5,106777.0,BBAR
2023-08-07,995.5,999.5,975.05,986.75,147469.0,BBAR
2023-08-08,983.25,1035.0,983.25,1018.75,179694.0,BBAR
2023-08-09,1020.0,1045.0,1000.0,1007.85,120903.0,BBAR
2023-08-10,1020.0,1066.0,1012.0,1050.65,243961.0,BBAR
2023-08-11,1077.65,1079.65,1007.0,1062.95,338299.0,BBAR
2023-08-14,950.0,1141.5,950.0,1025.15,180001.0,BBAR
2023-08-15,1028.0,1090.0,1025.15,1074.55,273411.0,BBAR
2023-08-16,1087.0,1189.0,1087.0,1176.75,267182.0,BBAR
2023-08-17,1189.0,1200.0,1165.5,1172.5,129134.0,BBAR
2023-08-18,1175.0,1224.0,1100.0,1214.15,192602.0,BBAR
2023-08-22,1223.0,1239.5,1160.5,1236.55,220951.0,BBAR
2023-08-23,1246.7,1329.5,1213.0,1300.85,152312.0,BBAR
2023-08-24,1275.05,1333.25,1274.5,1298.6,173695.0,BBAR
2023-08-25,1286.05,1398.0,1270.0,1391.9,182171.0,BBAR
2023-08-28,1400.0,1540.0,1400.0,1513.1,106643.0,BBAR
2023-08-29,1546.0,1620.0,1450.0,1609.45,222303.0,BBAR
2023-08-30,1616.0,1626.0,1511.0,1549.8,182661.0,BBAR
2023-08-31,1550.0,1550.0,1454.25,1490.7,111542.0,BBAR
2023-09-01,1475.0,1522.8,1411.0,1420.55,80060.0,BBAR
2023-09-04,1420.0,1444.0,1363.0,1408.0,38333.0,BBAR
2023-09-05,1362.55,1406.95,1301.0,1329.25,83590.0,BBAR
2023-09-06,1335.0,1418.2,1300.0,1308.55,92618.0,BBAR
2023-09-07,1300.0,1343.0,1200.05,1224.25,190593.0,BBAR
2023-09-08,1231.0,1299.0,1118.05,1135.1,466154.0,BBAR
2023-09-12,1137.7,1218.0,1120.0,1207.15,264183.0,BBAR
2023-09-13,1209.0,1265.0,1141.4,1184.45,202402.0,BBAR
2023-09-14,1201.0,1249.95,1190.0,1212.1,197029.0,BBAR
2023-09-15,1210.0,1226.95,1151.0,1198.0,80580.0,BBAR
2023-09-18,1198.0,1236.0,1189.0,1211.35,69472.0,BBAR
2023-09-19,1214.9,1227.3,1155.0,1194.85,80918.0,BBAR
2023-09-20,1201.0,1213.8,1150.0,1177.75,122438.0,BBAR
2023-09-21,1178.0,1198.0,1125.0,1137.0,98091.0,BBAR
2023-09-22,1136.0,1182.0,1120.5,1148.15,119570.0,BBAR
2023-09-25,1145.0,1160.0,1095.0,1109.7,141560.0,BBAR
2023-09-26,1113.0,1139.0,1076.0,1077.25,291644.0,BBAR
2023-09-27,1095.0,1109.45,1041.0,1052.5,389673.0,BBAR
2023-09-28,1061.0,1134.95,1061.0,1115.1,176119.0,BBAR
2023-09-29,1141.0,1149.0,1015.0,1024.45,158353.0,BBAR
2023-10-02,1024.0,1059.5,1008.0,1032.95,161303.0,BBAR
2023-10-03,1028.0,1059.0,1005.05,1044.6,146597.0,BBAR
2023-10-04,1055.0,1140.0,1044.0,1139.4,94870.0,BBAR
2023-10-05,1150.0,1195.0,1130.0,1189.9,138906.0,BBAR
2023-10-06,1199.0,1228.0,1159.5,1197.85,257769.0,BBAR
2023-10-09,1190.0,1239.0,1160.0,1179.7,174510.0,BBAR
2023-10-10,1199.0,1255.0,1177.0,1205.95,282418.0,BBAR
2023-10-11,1215.1,1269.0,1100.0,1208.25,107488.0,BBAR
2023-10-12,1250.0,1335.0,1187.0,1276.0,213413.0,BBAR
2023-10-17,1320.0,1390.0,1280.0,1362.05,301008.0,BBAR
2023-10-18,1388.0,1388.0,1250.0,1280.95,228314.0,BBAR
2023-10-19,1281.0,1297.9,1180.0,1192.15,228161.0,BBAR
2023-10-20,1210.0,1299.0,1156.0,1286.25,287771.0,BBAR
2023-10-23,1221.9,1325.0,1191.0,1311.15,682314.0,BBAR
2023-10-24,1330.0,1359.0,1170.0,1181.25,312908.0,BBAR
2023-10-25,1166.0,1308.0,1135.0,1288.7,495448.0,BBAR
2023-10-26,1287.0,1337.25,1235.0,1263.05,235184.0,BBAR
2023-10-27,1208.0,1265.0,1208.0,1228.9,233700.0,BBAR
2023-10-30,1200.0,1230.0,1055.0,1081.45,141381.0,BBAR
2023-10-31,1130.0,1165.0,1036.2,1145.1,117703.0,BBAR
2023-11-01,1150.0,1280.5,1108.0,1262.2,345232.0,BBAR
2023-11-02,1280.0,1313.0,1261.0,1295.95,81775.0,BBAR
2023-11-03,1299.0,1359.0,1179.0,1221.6,95330.0,BBAR
2023-11-07,1220.0,1244.0,1150.0,1188.55,35138.0,BBAR
2023-11-08,1200.0,1233.0,1110.0,1121.5,100547.0,BBAR
2023-11-09,1105.0,1230.0,1105.0,1182.6,101507.0,BBAR
2023-11-10,1230.0,1250.0,1190.0,1234.0,88675.0,BBAR
2023-11-13,1239.5,1267.95,1172.0,1174.45,59190.0,BBAR
2023-11-14,1175.0,1200.0,1164.0,1186.2,71602.0,BBAR
2023-11-15,1175.0,1220.0,1160.0,1173.65,102961.0,BBAR
2023-11-16,1175.0,1217.95,1128.0,1139.8,136268.0,BBAR
2023-11-17,1139.0,1230.0,1129.0,1227.25,142494.0,BBAR
2023-11-21,1400.0,1517.0,1312.0,1436.65,371848.0,BBAR
2023-11-22,1454.0,1565.6,1360.0,1378.75,727707.0,BBAR
2023-11-23,1388.0,1438.0,1300.0,1405.55,328312.0,BBAR
2023-11-24,1428.0,1702.5,1428.0,1693.7,650550.0,BBAR
2023-11-27,1730.0,1820.0,1658.0,1690.9,572348.0,BBAR
2023-11-28,1700.0,1729.0,1485.0,1527.3,371919.0,BBAR
2023-11-29,1535.0,1582.0,1472.0,1530.85,299289.0,BBAR
2023-11-30,1540.0,1600.0,1463.0,1589.55,138227.0,BBAR
2023-12-01,1600.0,1690.0,1553.0,1679.65,135660.0,BBAR
2023-12-04,1689.0,1689.0,1600.0,1646.3,116527.0,BBAR
2023-12-05,1635.0,1744.0,1603.0,1732.9,109308.0,BBAR
2023-12-06,1725.0,1785.0,1651.5,1727.4,423516.0,BBAR
2023-12-07,1754.0,1781.0,1680.0,1750.2,278653.0,BBAR
2023-12-11,1796.0,1890.25,1780.0,1875.7,349707.0,BBAR
2023-12-12,1890.0,1930.0,1790.0,1855.8,516615.0,BBAR
2023-12-13,1865.0,1948.5,1785.0,1888.65,205277.0,BBAR
2023-12-14,1900.0,1924.0,1830.0,1859.1,155469.0,BBAR
2023-12-15,1853.0,1890.0,1683.0,1706.45,165824.0,BBAR
2023-12-18,1690.0,1774.5,1640.0,1710.8,86673.0,BBAR
2023-12-19,1725.0,1776.0,1648.0,1653.8,257719.0,BBAR
2023-12-20,1654.0,1772.9,1622.0,1750.4,351418.0,BBAR
2023-12-21,1791.0,1925.0,1736.5,1819.6,454621.0,BBAR
2023-12-22,1840.0,1874.75,1760.0,1854.55,191659.0,BBAR
2023-12-26,1886.0,1886.0,1743.0,1786.15,107575.0,BBAR
2023-12-27,1794.0,1835.0,1733.0,1739.45,275909.0,BBAR
2023-12-28,1740.0,1795.0,1702.5,1753.2,171106.0,BBAR
2023-12-29,1810.0,1810.0,1702.55,1775.25,67853.0,BBAR
2024-01-02,1775.0,1840.0,1700.0,1765.05,304826.0,BBAR
2024-01-03,1762.0,1824.0,1710.0,1780.5,265896.0,BBAR
2024-01-04,1785.0,1825.0,1779.0,1819.3,373650.0,BBAR
2024-01-05,1821.0,1930.0,1800.0,1905.3,340685.0,BBAR
2024-01-08,1960.0,2050.0,1910.0,2039.8,138794.0,BBAR
2024-01-09,2080.0,2085.0,1914.0,1920.65,268747.0,BBAR
2024-01-10,1900.0,1958.0,1886.0,1930.4,430489.0,BBAR
2024-01-11,1962.95,1992.0,1860.5,1879.3,190872.0,BBAR
2024-01-12,1900.0,1918.0,1855.0,1899.1,123130.0,BBAR
2024-01-15,1949.0,1949.0,1875.0,1893.8,76625.0,BBAR
2024-01-16,1893.0,1940.0,1853.0,1908.9,124948.0,BBAR
2024-01-17,1910.0,2103.15,1887.0,2082.45,200767.0,BBAR
2024-01-18,2080.0,2200.0,2080.0,2145.2,214802.0,BBAR
2024-01-19,2180.0,2300.0,2152.0,2278.65,105648.0,BBAR
2024-01-22,2260.0,2479.9,2235.0,2465.6,163095.0,BBAR
2024-01-23,2470.0,2548.0,2336.0,2429.6,240198.0,BBAR
2024-01-24,2430.0,2525.9,2385.0,2504.65,316588.0,BBAR
2024-01-25,2520.0,2682.35,2430.0,2624.9,429847.0,BBAR
2024-01-26,2639.0,2675.0,2400.0,2621.0,348799.0,BBAR
2024-01-29,2635.0,2635.0,2465.0,2549.55,313197.0,BBAR
2024-01-30,2558.0,2630.0,2550.0,2595.25,295838.0,BBAR
2024-01-31,2618.3,2680.0,2479.35,2598.9,378905.0,BBAR
2024-02-01,2655.0,2665.0,2520.0,2631.55,458590.0,BBAR
2024-02-02,2650.0,2704.4,2575.0,2660.45,431420.0,BBAR
2024-02-05,2735.0,2770.0,2465.0,2500.75,383839.0,BBAR
2024-02-06,2509.0,2590.0,2401.0,2436.1,315875.0,BBAR
2024-02-07,2340.0,2393.0,2201.0,2237.35,620596.0,BBAR
2024-02-08,2238.0,2268.0,2124.7,2153.9,200191.0,BBAR
2024-02-09,2199.0,2277.0,2100.0,2238.65,759234.0,BBAR
2024-02-14,2239.0,2279.0,2150.0,2190.35,194877.0,BBAR
2024-02-15,2260.0,2260.0,2167.5,2210.35,122246.0,BBAR
2024-02-16,2122.0,2239.0,2083.0,2142.6,142404.0,BBAR
2024-02-19,2070.0,2225.0,2070.0,2174.55,62727.0,BBAR
2024-02-20,2200.0,2281.0,2136.85,2151.05,207969.0,BBAR
2024-02-21,2180.0,2180.0,2081.0,2148.9,74501.0,BBAR
2024-02-22,2140.0,2277.55,2139.0,2193.35,218657.0,BBAR
2024-02-23,2200.0,2348.1,2090.0,2337.9,338968.0,BBAR
2024-02-26,2340.0,2449.0,2250.0,2288.15,135092.0,BBAR
2024-02-27,2284.0,2388.05,2210.0,2215.2,243561.0,BBAR
2024-02-28,2230.0,2267.5,2110.0,2203.0,104266.0,BBAR
2024-02-29,2200.0,2369.95,2197.1,2231.9,297195.0,BBAR
2024-03-01,2260.0,2365.0,2101.0,2300.05,122653.0,BBAR
2024-03-04,2401.0,2466.0,2260.0,2319.6,263254.0,BBAR
2024-03-05,2315.0,2430.0,2200.8,2229.45,142020.0,BBAR
2024-03-06,2280.0,2466.0,2160.0,2390.65,946922.0,BBAR
2024-03-07,2450.0,2599.9,2400.0,2495.75,599527.0,BBAR
2024-03-08,2550.0,2599.0,2463.4,2550.65,390787.0,BBAR
2024-03-11,2550.0,2550.0,2350.0,2383.35,329686.0,BBAR
2024-03-12,2450.0,2682.0,2400.0,2579.9,1510620.0,BBAR
2024-03-13,2650.0,2770.55,2600.0,2736.6,496594.0,BBAR
2024-03-14,2730.0,2773.9,2633.85,2661.9,557407.0,BBAR
2024-03-15,2601.0,2799.35,2601.0,2795.5,390410.0,BBAR
2024-03-18,2800.0,2925.0,2735.0,2891.85,292250.0,BBAR
2024-03-19,2940.0,2969.0,2818.4,2844.05,268041.0,BBAR
2024-03-20,2850.0,3019.95,2850.0,2996.75,521445.0,BBAR
2024-03-21,3006.0,3082.0,2900.0,3038.1,549211.0,BBAR
2024-03-22,3044.0,3126.0,3043.0,3089.15,284200.0,BBAR
2024-03-25,3200.0,3242.0,3034.1,3050.95,366207.0,BBAR
2024-03-26,3089.0,3152.5,2990.0,3043.3,181374.0,BBAR
2024-03-27,3044.1,3084.9,2985.0,3068.65,145771.0,BBAR
2024-04-03,3075.0,3142.5,2949.0,3122.65,354442.0,BBAR
2024-04-04,3120.0,3180.75,3028.55,3042.6,207404.0,BBAR
2024-04-05,3040.0,3195.0,3010.0,3186.2,496839.0,BBAR
2024-04-08,3220.0,3300.0,3110.0,3179.45,452040.0,BBAR
2024-04-09,3191.0,3267.45,3110.0,3187.75,353729.0,BBAR
2024-04-10,3186.0,3204.9,3044.0,3090.7,279508.0,BBAR
2024-04-11,3110.0,3174.1,3053.0,3157.0,187943.0,BBAR
2024-04-12,3179.5,3179.5,3018.1,3070.7,333173.0,BBAR
2024-04-15,3000.0,3036.5,2875.0,2922.4,507697.0,BBAR
2024-04-16,2922.4,2980.0,2825.0,2920.2,388557.0,BBAR
2024-04-17,3000.0,3000.0,2763.8,2842.25,137978.0,BBAR
2024-04-18,2842.0,2940.0,2825.7,2859.8,151766.0,BBAR
2024-04-19,2860.0,3070.25,2860.0,3038.2,406293.0,BBAR
2024-04-22,3062.0,3355.0,3062.0,3327.55,610025.0,BBAR
2024-04-23,3365.0,3450.0,3255.9,3320.65,286954.0,BBAR
2024-04-24,3300.0,3300.0,3112.0,3128.85,799346.0,BBAR
2024-04-25,3142.7,3250.0,3130.05,3234.1,265791.0,BBAR
2024-04-26,3234.0,3373.0,3234.0,3363.25,266694.0,BBAR
2024-04-29,3360.0,3455.0,3277.0,3430.0,262467.0,BBAR
2024-04-30,3536.0,3649.0,3445.05,3508.8,381512.0,BBAR
2024-05-02,3480.0,3634.25,3480.0,3610.4,419298.0,BBAR
2024-05-03,3620.0,3950.0,3620.0,3933.85,653997.0,BBAR
2024-05-06,4020.0,4260.65,4000.0,4250.45,921777.0,BBAR
2024-05-07,4305.7,4305.7,3980.0,4008.05,684280.0,BBAR
2024-05-08,3875.0,4239.0,3834.0,3853.7,823403.0,BBAR
2024-05-09,3830.0,3839.0,3651.0,3774.3,394523.0,BBAR
2024-05-10,3815.0,3887.0,3682.55,3744.1,303525.0,BBAR
2024-05-13,3701.0,3810.0,3565.3,3663.0,204176.0,BBAR
2024-05-14,3625.0,3900.0,3625.0,3872.25,223984.0,BBAR
2024-05-15,4000.0,4210.0,3920.05,4194.2,453124.0,BBAR
2024-05-16,4195.0,4260.0,4030.0,4235.9,355784.0,BBAR
2024-05-17,4240.0,4310.0,4100.0,4130.6,454234.0,BBAR
2024-05-20,4130.6,4480.0,3989.95,4462.6,343231.0,BBAR
2024-05-21,4490.0,4574.5,4364.0,4547.3,524482.0,BBAR
2024-05-22,4600.0,4600.0,4300.0,4397.95,336817.0,BBAR
2024-05-23,4390.0,4390.0,4050.0,4077.5,523854.0,BBAR
2024-05-24,4082.8,4165.0,4000.0,4099.7,757764.0,BBAR
2024-05-27,4125.0,4330.0,4125.0,4253.7,206281.0,BBAR
2024-05-28,4253.0,4253.0,4030.0,4121.95,566224.0,BBAR
2024-05-29,4172.0,4250.0,4022.45,4180.5,421088.0,BBAR
2024-05-30,4255.0,4658.8,4255.0,4630.25,773086.0,BBAR
2024-05-31,4720.0,4790.0,4450.0,4715.25,509412.0,BBAR
2024-06-03,4691.0,5060.0,4675.0,4870.75,323856.0,BBAR
2024-06-04,4768.0,4768.0,4490.0,4534.8,1326308.0,BBAR
2024-06-05,4449.0,4675.0,4250.0,4558.45,659035.0,BBAR
2024-06-06,4471.95,4471.95,4001.0,4094.15,371619.0,BBAR
2024-06-07,4105.0,4301.1,4010.0,4108.85,337717.0,BBAR
2024-06-10,4001.0,4500.0,4000.05,4289.8,605341.0,BBAR
2024-06-11,4360.0,4360.0,4161.2,4239.2,220283.0,BBAR
2024-06-12,4250.0,4452.95,4240.0,4347.5,407250.0,BBAR
2024-06-13,4550.0,4649.95,4200.0,4560.8,558767.0,BBAR
2024-06-14,4589.0,4600.0,4244.0,4418.2,278651.0,BBAR
2024-06-18,4480.0,4492.0,4310.0,4371.35,199470.0,BBAR
2024-06-19,4310.0,4370.0,4290.0,4304.65,353187.0,BBAR
2024-06-24,4124.6,4132.95,3915.0,4084.2,634979.0,BBAR
2024-06-25,4085.95,4180.45,4085.95,4138.25,276447.0,BBAR
2024-06-26,4138.0,4170.0,4043.0,4109.25,255293.0,BBAR
2024-06-27,4134.1,4289.0,4065.0,4269.8,316676.0,BBAR
2024-06-28,4259.0,4259.0,4134.4,4188.8,365976.0,BBAR
2024-07-01,4129.0,4148.0,3953.0,3972.6,343894.0,BBAR
2024-07-02,4000.0,4099.0,3940.0,3977.15,496589.0,BBAR
2024-07-03,4000.0,4055.0,3760.0,3869.5,583594.0,BBAR
2024-07-04,3871.5,3980.0,3853.0,3923.55,220557.0,BBAR
2024-07-05,3750.0,3850.0,3650.0,3697.5,361710.0,BBAR
2024-07-08,3769.0,3834.0,3683.0,3819.85,299830.0,BBAR
2024-07-10,3905.0,4100.0,3905.0,4055.0,554331.0,BBAR
2024-07-11,4090.0,4120.0,4000.0,4065.0,283531.0,BBAR
2024-07-12,4060.0,4120.0,3945.0,4030.0,299862.0,BBAR
2024-07-15,3990.0,4030.0,3500.0,3540.0,542568.0,BBAR
2024-07-16,3540.0,3650.0,3240.0,3575.0,936879.0,BBAR
2024-07-17,3610.0,3675.0,3450.0,3505.0,263020.0,BBAR
2024-07-18,3515.0,3580.0,3390.0,3455.0,195873.0,BBAR
2024-07-19,3480.0,3630.0,3480.0,3590.0,237574.0,BBAR
2024-07-22,3595.0,3700.0,3550.0,3575.0,249919.0,BBAR
2024-07-23,3635.0,3825.0,3600.0,3815.0,437380.0,BBAR
2024-07-24,3895.0,3965.0,3670.0,3685.0,202987.0,BBAR
2024-07-25,3675.0,3715.0,3540.0,3560.0,268092.0,BBAR
2024-07-26,3565.0,3850.0,3515.0,3565.0,172753.0,BBAR
2024-07-29,3515.0,3595.0,3395.0,3420.0,229725.0,BBAR
2024-07-30,3380.0,3475.0,3320.0,3340.0,387366.0,BBAR
2024-07-31,3430.0,3710.0,3290.0,3680.0,294766.0,BBAR
2024-08-01,3700.0,3830.0,3560.0,3685.0,259422.0,BBAR
2024-08-02,3550.0,3585.0,3405.0,3450.0,196516.0,BBAR
2024-08-05,3300.0,3550.0,3010.0,3480.0,379193.0,BBAR
2024-08-06,3570.0,3720.0,3480.0,3670.0,261039.0,BBAR
2024-08-07,3790.0,3790.0,3540.0,3595.0,111253.0,BBAR
2024-08-08,3750.0,3895.0,3750.0,3865.0,407951.0,BBAR
2024-08-09,3865.0,4015.0,3815.0,3995.0,372613.0,BBAR
2024-08-12,4000.0,4055.0,3960.0,4025.0,252229.0,BBAR
2024-08-13,4015.0,4090.0,3945.0,4045.0,171682.0,BBAR
2024-08-14,4000.0,4255.0,4000.0,4180.0,434054.0,BBAR
2024-08-15,4280.0,4425.0,4260.0,4410.0,612164.0,BBAR
2024-08-16,4430.0,4485.0,4310.0,4330.0,482500.0,BBAR
2024-08-19,4380.0,4500.0,4310.0,4445.0,322161.0,BBAR
2024-08-20,4450.0,4485.0,4320.0,4445.0,330108.0,BBAR
2024-08-21,4430.0,4440.0,4250.0,4320.0,387736.0,BBAR
2024-08-22,4300.0,4300.0,4035.0,4065.0,334108.0,BBAR
2024-08-23,4025.0,4220.0,4025.0,4135.0,292505.0,BBAR
2024-08-26,4150.0,4150.0,3955.0,4005.0,236561.0,BBAR
2024-08-27,4020.0,4090.0,4020.0,4060.0,159975.0,BBAR
2024-08-28,4055.0,4085.0,3985.0,4075.0,154703.0,BBAR
2024-08-29,4075.0,4295.0,4025.0,4270.0,401573.0,BBAR
2024-08-30,4525.0,4590.0,4340.0,4390.0,490915.0,BBAR
2024-09-02,4390.0,4580.0,4325.0,4445.0,311650.0,BBAR
2024-09-03,4435.0,4720.0,4340.0,4550.0,574803.0,BBAR
2024-09-04,4650.0,4950.0,4600.0,4930.0,872436.0,BBAR
2024-09-05,4940.0,5050.0,4790.0,4795.0,642226.0,BBAR
2024-09-06,4790.0,4790.0,4480.0,4620.0,259044.0,BBAR
2024-09-09,4690.0,4760.0,4545.0,4600.0,347690.0,BBAR
2024-09-10,4550.0,4550.0,4320.0,4505.0,309594.0,BBAR
2024-09-11,4430.0,4715.0,4425.0,4570.0,361782.0,BBAR
2024-09-12,4620.0,4680.0,4540.0,4610.0,259411.0,BBAR
2024-09-13,4650.0,4760.0,4625.0,4755.0,305850.0,BBAR
2024-09-16,4870.0,4995.0,4690.0,4705.0,388038.0,BBAR
2024-09-17,4705.0,4775.0,4590.0,4665.0,446488.0,BBAR
2024-09-18,4805.0,4870.0,4645.0,4825.0,432892.0,BBAR
2024-09-19,4955.0,5050.0,4835.0,4930.0,498340.0,BBAR
2024-09-20,4915.0,4920.0,4755.0,4845.0,279492.0,BBAR
2024-09-23,4840.0,4875.0,4675.0,4750.0,146591.0,BBAR
2024-09-24,4755.0,4790.0,4620.0,4650.0,334220.0,BBAR
2024-09-25,4650.0,4650.0,4405.0,4465.0,605581.0,BBAR
2024-09-26,4480.0,4525.0,4360.0,4390.0,341407.0,BBAR
2024-09-27,4390.0,4540.0,4390.0,4470.0,135364.0,BBAR
2024-09-30,4465.0,4465.0,4195.0,4270.0,788299.0,BBAR
2024-10-01,4270.0,4380.0,4150.0,4340.0,211341.0,BBAR
2024-10-02,4315.0,4350.0,4250.0,4310.0,83445.0,BBAR
2024-10-03,4260.0,4585.0,4260.0,4550.0,241218.0,BBAR
2024-10-04,4600.0,4605.0,4500.0,4585.0,228575.0,BBAR
2024-10-07,4530.0,4530.0,4380.0,4420.0,263290.0,BBAR
2024-10-08,4445.0,4600.0,4445.0,4595.0,231238.0,BBAR
2024-10-09,4570.0,4740.0,4450.0,4665.0,346657.0,BBAR
2024-10-10,4640.0,4780.0,4450.0,4710.0,217724.0,BBAR
2024-10-14,4870.0,4935.0,4675.0,4720.0,245032.0,BBAR
2024-10-15,4750.0,4780.0,4650.0,4715.0,222607.0,BBAR
2024-10-16,4715.0,4750.0,4480.0,4525.0,329109.0,BBAR
2024-10-17,4525.0,4640.0,4500.0,4530.0,223815.0,BBAR
2024-10-18,4535.0,4660.0,4465.0,4645.0,311374.0,BBAR
2024-10-21,4595.0,4690.0,4565.0,4675.0,269663.0,BBAR
2024-10-22,4675.0,4695.0,4570.0,4630.0,188754.0,BBAR
2024-10-23,4565.0,4590.0,4470.0,4505.0,229107.0,BBAR
2024-10-24,4565.0,4845.0,4545.0,4820.0,387987.0,BBAR
2024-10-25,4850.0,5240.0,4850.0,5210.0,705960.0,BBAR
2024-10-28,5330.0,5550.0,5280.0,5320.0,594409.0,BBAR
2024-10-29,5380.0,5550.0,5290.0,5310.0,374374.0,BBAR
2024-10-30,5320.0,5390.0,5140.0,5220.0,248884.0,BBAR
2024-10-31,5300.0,5340.0,5070.0,5280.0,154008.0,BBAR
2024-11-01,5320.0,5520.0,5320.0,5390.0,169616.0,BBAR
2024-11-04,5400.0,5520.0,5290.0,5360.0,268305.0,BBAR
2024-11-05,5350.0,5590.0,5250.0,5420.0,404165.0,BBAR
2024-11-06,5570.0,5880.0,5480.0,5800.0,933354.0,BBAR
2024-11-07,5860.0,6240.0,5800.0,6120.0,645639.0,BBAR
2024-11-08,6100.0,6300.0,5760.0,5900.0,319748.0,BBAR
2024-11-11,5900.0,6130.0,5630.0,5980.0,181592.0,BBAR
2024-11-12,5980.0,6140.0,5870.0,6120.0,149876.0,BBAR
2024-11-13,6130.0,6200.0,6010.0,6180.0,250284.0,BBAR
2024-11-14,6200.0,6350.0,6000.0,6210.0,195836.0,BBAR
2024-11-15,6220.0,6350.0,5960.0,6030.0,344937.0,BBAR
2024-11-19,6540.0,6600.0,6320.0,6370.0,557249.0,BBAR
2024-11-20,6500.0,6550.0,6280.0,6430.0,250337.0,BBAR
2024-11-21,6540.0,6590.0,5940.0,6080.0,611414.0,BBAR
2024-11-22,6100.0,6180.0,5920.0,6070.0,624084.0,BBAR
2024-11-25,6150.0,6190.0,5890.0,6120.0,329673.0,BBAR
2024-11-26,6100.0,6310.0,5850.0,6280.0,436825.0,BBAR
2024-11-27,6150.0,6330.0,5970.0,6030.0,318053.0,BBAR
2024-11-28,6050.0,6080.0,5960.0,6070.0,75134.0,BBAR
2024-11-29,6070.0,6240.0,5950.0,6170.0,193475.0,BBAR
2024-12-02,6310.0,6470.0,5980.0,6440.0,313865.0,BBAR
2024-12-03,6420.0,6540.0,6270.0,6430.0,270412.0,BBAR
2024-12-04,6430.0,6430.0,6020.0,6140.0,478084.0,BBAR
2024-12-05,6140.0,6290.0,6010.0,6060.0,345993.0,BBAR
2024-12-06,6100.0,6190.0,5970.0,6090.0,162448.0,BBAR
2024-12-09,6090.0,6350.0,5960.0,6250.0,206791.0,BBAR
2024-12-10,6250.0,6260.0,5890.0,6000.0,498485.0,BBAR
2024-12-11,6000.0,6170.0,5700.0,6150.0,471511.0,BBAR
2024-12-12,6150.0,6300.0,6060.0,6120.0,429013.0,BBAR
2024-12-13,6120.0,6320.0,6060.0,6240.0,764176.0,BBAR
2024-12-16,6280.0,7200.0,6280.0,7170.0,1264573.0,BBAR
2024-12-17,7170.0,7600.0,7110.0,7360.0,430789.0,BBAR
2024-12-18,7580.0,7900.0,7010.0,7030.0,623683.0,BBAR
2024-12-19,7050.0,7430.0,6630.0,6670.0,392840.0,BBAR
2024-12-20,6600.0,6970.0,6300.0,6940.0,277071.0,BBAR
2024-12-23,7010.0,7450.0,6970.0,7170.0,218491.0,BBAR
2024-12-24,7290.0,7600.0,7150.0,7560.0,93174.0,BBAR
2024-12-26,7620.0,7890.0,7480.0,7780.0,337517.0,BBAR
2024-12-27,7820.0,7920.0,7470.0,7810.0,398188.0,BBAR
2024-12-30,7800.0,7810.0,7400.0,7560.0,372555.0,BBAR
2025-01-02,7560.0,8600.0,7560.0,8570.0,525189.0,BBAR
2025-01-03,8610.0,8910.0,8210.0,8700.0,677215.0,BBAR
2025-01-06,8880.0,9590.0,8880.0,9480.0,684201.0,BBAR
2025-01-07,9450.0,9860.0,9210.0,9280.0,686777.0,BBAR
2025-01-08,9270.0,9300.0,8780.0,9080.0,664834.0,BBAR
2025-01-09,9290.0,9520.0,9180.0,9350.0,328947.0,BBAR
2025-01-10,9180.0,9450.0,8800.0,9410.0,481888.0,BBAR
2025-01-13,9310.0,9430.0,8550.0,8640.0,1215487.0,BBAR
2025-01-14,8700.0,9370.0,8700.0,9190.0,480497.0,BBAR
2025-01-15,9460.0,9480.0,8970.0,9140.0,344097.0,BBAR
2025-01-16,9300.0,9350.0,8910.0,8990.0,205548.0,BBAR
2025-01-17,9100.0,9170.0,8510.0,8630.0,394119.0,BBAR
2025-01-20,8550.0,8990.0,8550.0,8650.0,122388.0,BBAR
2025-01-21,8680.0,9190.0,8560.0,9120.0,404687.0,BBAR
2025-01-22,9010.0,9480.0,9010.0,9470.0,373216.0,BBAR
2025-01-23,9470.0,9500.0,9110.0,9150.0,329273.0,BBAR
2025-01-24,9150.0,9230.0,8430.0,8880.0,344088.0,BBAR
2025-01-27,8800.0,8870.0,8130.0,8210.0,500333.0,BBAR
2025-01-28,8310.0,8450.0,7940.0,8140.0,360937.0,BBAR
2025-01-29,8250.0,8830.0,8130.0,8760.0,246412.0,BBAR
2025-01-30,8840.0,9250.0,8770.0,8950.0,228308.0,BBAR
2025-01-31,8950.0,9130.0,8660.0,8770.0,171792.0,BBAR
2025-02-03,8720.0,8720.0,8200.0,8420.0,219937.0,BBAR
2025-02-04,8500.0,8750.0,8440.0,8540.0,165674.0,BBAR
2025-02-05,8540.0,8700.0,8370.0,8450.0,132733.0,BBAR
2025-02-06,8440.0,8900.0,8380.0,8800.0,149687.0,BBAR
2025-02-07,8830.0,9040.0,8230.0,8370.0,344680.0,BBAR
2025-02-10,8410.0,8850.0,8160.0,8200.0,296074.0,BBAR
2025-02-11,8360.0,8400.0,7570.0,7640.0,567544.0,BBAR
2025-02-12,7630.0,7900.0,7210.0,7630.0,564516.0,BBAR
2025-02-13,7630.0,8010.0,7630.0,7980.0,285837.0,BBAR
2025-02-14,8010.0,8210.0,7920.0,8170.0,244897.0,BBAR
2025-02-17,7860.0,8100.0,7350.0,7540.0,663286.0,BBAR
2025-02-18,7580.0,8230.0,7570.0,8040.0,843819.0,BBAR
2025-02-19,8080.0,8290.0,7880.0,8180.0,449103.0,BBAR
2025-02-20,8200.0,8250.0,7860.0,8150.0,287526.0,BBAR
2025-02-21,8210.0,8350.0,7800.0,7870.0,175605.0,BBAR
2025-02-24,7960.0,8080.0,7570.0,7840.0,426566.0,BBAR
2025-02-25,7570.0,7860.0,7430.0,7610.0,344501.0,BBAR
2025-02-26,7560.0,7900.0,7560.0,7640.0,169061.0,BBAR
2025-02-27,7670.0,7980.0,7250.0,7350.0,302906.0,BBAR
2025-02-28,7300.0,7650.0,6990.0,7550.0,327465.0,BBAR
2025-03-05,7600.0,7910.0,7400.0,7880.0,207257.0,BBAR
2025-03-06,7790.0,8130.0,7470.0,7750.0,328901.0,BBAR
2025-03-07,7800.0,7980.0,7300.0,7640.0,229082.0,BBAR
2025-03-10,7260.0,7530.0,6880.0,7050.0,540463.0,BBAR
2025-03-11,7150.0,7500.0,6900.0,7170.0,344203.0,BBAR
2025-03-12,7180.0,7700.0,7180.0,7600.0,350758.0,BBAR
2025-03-13,7540.0,7700.0,7410.0,7470.0,208609.0,BBAR
2025-03-14,7560.0,7860.0,7550.0,7820.0,195653.0,BBAR
2025-03-17,7850.0,7930.0,7710.0,7740.0,115164.0,BBAR
2025-03-18,7680.0,7680.0,7270.0,7630.0,265494.0,BBAR
2025-03-19,7760.0,8190.0,7760.0,8140.0,316101.0,BBAR
2025-03-20,8140.0,8140.0,7910.0,7930.0,174640.0,BBAR
2025-03-21,8000.0,8250.0,7850.0,8180.0,173206.0,BBAR
2025-03-25,8220.0,8790.0,8220.0,8620.0,606024.0,BBAR
2025-03-26,8690.0,8840.0,8380.0,8450.0,433354.0,BBAR
2025-03-27,8570.0,8830.0,8140.0,8240.0,303146.0,BBAR
2025-03-28,8190.0,8240.0,8000.0,8130.0,177345.0,BBAR
2025-03-31,8000.0,8140.0,7820.0,7950.0,216821.0,BBAR
2025-04-01,8000.0,8140.0,7880.0,8000.0,182260.0,BBAR
2025-04-03,7920.0,7920.0,7720.0,7820.0,101564.0,BBAR
2025-04-04,7550.0,7550.0,6770.0,7080.0,653198.0,BBAR
2025-04-07,6700.0,7220.0,6600.0,6700.0,434329.0,BBAR
2025-04-08,7150.0,7300.0,6710.0,6800.0,533141.0,BBAR
2025-04-09,6810.0,7590.0,6430.0,7360.0,505842.0,BBAR
2025-04-10,7400.0,7470.0,6950.0,7330.0,351168.0,BBAR
2025-04-11,7520.0,8260.0,7510.0,7990.0,901432.0,BBAR
2025-04-14,8470.0,9000.0,8100.0,8610.0,607446.0,BBAR
2025-04-15,8630.0,8680.0,8200.0,8260.0,352261.0,BBAR
2025-04-16,8250.0,8430.0,7810.0,7920.0,263206.0,BBAR
2025-04-21,7920.0,7920.0,7280.0,7460.0,170066.0,BBAR
2025-04-22,7470.0,8060.0,7450.0,8010.0,378290.0,BBAR
2025-04-23,8110.0,8700.0,8110.0,8430.0,537725.0,BBAR
2025-04-24,8430.0,8860.0,8280.0,8340.0,328384.0,BBAR
2025-04-25,8400.0,8640.0,8340.0,8430.0,292891.0,BBAR
2025-04-28,8450.0,8620.0,8070.0,8220.0,182187.0,BBAR
2025-04-29,8210.0,8350.0,8120.0,8250.0,228279.0,BBAR
2025-04-30,8140.0,8240.0,7950.0,8000.0,93868.0,BBAR
2025-05-05,7780.0,8100.0,7650.0,7770.0,424793.0,BBAR
2025-05-06,7720.0,8060.0,7720.0,8000.0,250122.0,BBAR
2025-05-07,7940.0,7990.0,7610.0,7690.0,348257.0,BBAR
2025-05-08,7760.0,7850.0,7540.0,7730.0,161283.0,BBAR
2025-05-09,7900.0,7990.0,7670.0,7850.0,346251.0,BBAR
2025-05-12,7950.0,8290.0,7850.0,8210.0,252271.0,BBAR
2025-05-13,8290.0,8560.0,8160.0,8470.0,387588.0,BBAR
2025-05-14,8420.0,8540.0,8290.0,8540.0,191608.0,BBAR
2025-05-15,8200.0,8350.0,8040.0,8290.0,513750.0,BBAR
2025-05-16,8390.0,8390.0,8180.0,8340.0,361771.0,BBAR
2025-05-19,8390.0,8900.0,8390.0,8670.0,430578.0,BBAR
2025-05-20,8660.0,8710.0,8450.0,8590.0,267668.0,BBAR
2025-05-21,8640.0,8750.0,8350.0,8470.0,153069.0,BBAR
2025-05-22,8500.0,8840.0,8150.0,8240.0,543365.0,BBAR
2025-05-23,8130.0,8390.0,8070.0,8370.0,148143.0,BBAR
2025-05-26,8320.0,8530.0,8320.0,8410.0,67648.0,BBAR
2025-05-27,8400.0,8460.0,8180.0,8230.0,219682.0,BBAR
2025-05-28,7850.0,8300.0,7600.0,8170.0,317116.0,BBAR
2025-05-29,8000.0,8020.0,7780.0,7840.0,725092.0,BBAR
2025-05-30,7790.0,7970.0,7700.0,7860.0,433355.0,BBAR
2025-06-02,7840.0,7850.0,7390.0,7490.0,411170.0,BBAR
2025-06-03,7500.0,7800.0,7350.0,7570.0,337245.0,BBAR
2025-06-04,7360.0,7460.0,6930.0,7050.0,705563.0,BBAR
2025-06-05,7080.0,7140.0,6890.0,6940.0,436335.0,BBAR
2025-06-06,6940.0,7250.0,6850.0,7180.0,393581.0,BBAR
2025-06-09,7140.0,7140.0,6950.0,7030.0,290799.0,BBAR
2025-06-10,7040.0,7480.0,7040.0,7280.0,634009.0,BBAR
2025-06-11,7300.0,7370.0,7130.0,7150.0,313837.0,BBAR
2025-06-12,7160.0,7460.0,7120.0,7410.0,259761.0,BBAR
2025-06-13,7400.0,7410.0,7000.0,7130.0,278837.0,BBAR
2025-06-17,7080.0,7080.0,6660.0,6750.0,371577.0,BBAR
2025-06-18,6700.0,6810.0,6580.0,6600.0,335211.0,BBAR
2025-06-19,6620.0,6740.0,6530.0,6720.0,73139.0,BBAR
2025-06-23,6520.0,6560.0,6320.0,6470.0,242882.0,BBAR
2025-06-24,6500.0,7070.0,6500.0,7000.0,401988.0,BBAR
2025-06-25,6940.0,6940.0,6710.0,6780.0,176184.0,BBAR
2025-06-26,6810.0,6990.0,6750.0,6790.0,137982.0,BBAR
2025-06-27,6760.0,6780.0,6640.0,6730.0,150788.0,BBAR
2025-06-30,6720.0,6850.0,6420.0,6580.0,370952.0,BBAR
2025-07-01,6680.0,6680.0,6420.0,6630.0,215343.0,BBAR
2025-07-02,6600.0,6790.0,6580.0,6680.0,112860.0,BBAR
2025-07-03,6670.0,6780.0,6590.0,6640.0,89900.0,BBAR
2025-07-04,6620.0,6710.0,6540.0,6670.0,80645.0,BBAR
2025-07-07,6670.0,6670.0,6470.0,6530.0,336993.0,BBAR
2025-07-08,6530.0,6800.0,6490.0,6770.0,337281.0,BBAR
2025-07-10,6710.0,6710.0,6470.0,6510.0,137443.0,BBAR
2025-07-11,6470.0,6470.0,6170.0,6210.0,334708.0,BBAR
2025-07-14,6050.0,6360.0,6000.0,6330.0,381669.0,BBAR
2025-07-15,6330.0,6470.0,6250.0,6430.0,216847.0,BBAR
2025-07-16,6420.0,6600.0,5950.0,6270.0,255442.0,BBAR
2025-07-17,6290.0,6540.0,6260.0,6500.0,267819.0,BBAR
2025-07-18,6530.0,6690.0,6460.0,6480.0,258229.0,BBAR
2025-07-21,6510.0,6610.0,6370.0,6380.0,112187.0,BBAR
2025-07-22,6380.0,6520.0,6160.0,6200.0,252167.0,BBAR
2025-07-23,6300.0,6480.0,6210.0,6450.0,225871.0,BBAR
2025-07-24,6380.0,6700.0,6360.0,6680.0,128565.0,BBAR
2025-07-25,6810.0,6950.0,6750.0,6850.0,296959.0,BBAR
2025-07-28,6840.0,6960.0,6750.0,6800.0,239596.0,BBAR
2025-07-29,6900.0,7170.0,6760.0,7130.0,415448.0,BBAR
2025-07-30,7130.0,7230.0,6910.0,7190.0,230376.0,BBAR
2025-07-31,7200.0,7340.0,7140.0,7190.0,162775.0,BBAR
2025-08-01,7200.0,7200.0,6900.0,6950.0,168631.0,BBAR
2025-08-04,6990.0,7210.0,6970.0,7150.0,225533.0,BBAR
2025-08-05,7100.0,7410.0,7020.0,7380.0,214459.0,BBAR
2025-08-06,7380.0,7670.0,7360.0,7640.0,191911.0,BBAR
2025-08-07,7590.0,7780.0,7350.0,7360.0,259074.0,BBAR
2025-08-08,7400.0,7450.0,7220.0,7320.0,146008.0,BBAR
2025-08-11,7350.0,7500.0,7220.0,7360.0,149001.0,BBAR
2025-08-12,7330.0,7500.0,7240.0,7390.0,206939.0,BBAR
2025-08-13,7380.0,7600.0,7180.0,7220.0,98002.0,BBAR
2025-08-14,7360.0,7360.0,6720.0,6860.0,158314.0,BBAR
2025-08-18,6930.0,7240.0,6810.0,7020.0,209438.0,BBAR
2025-08-19,7020.0,7120.0,6460.0,6500.0,496649.0,BBAR
2025-08-20,6520.0,6680.0,6440.0,6510.0,202253.0,BBAR
2025-08-21,6320.0,6540.0,6020.0,6210.0,371106.0,BBAR
2025-08-22,6300.0,6380.0,6140.0,6160.0,250755.0,BBAR
2025-08-25,6150.0,6180.0,5760.0,5810.0,300336.0,BBAR
2025-08-26,5900.0,5900.0,5700.0,5770.0,311112.0,BBAR
2025-08-27,5780.0,5840.0,5500.0,5520.0,539597.0,BBAR
2025-08-28,5620.0,5780.0,5600.0,5610.0,336710.0,BBAR
2025-08-29,5610.0,5680.0,5470.0,5520.0,207925.0,BBAR
2025-09-01,5650.0,5650.0,5250.0,5380.0,271104.0,BBAR
2025-09-02,5390.0,5650.0,5230.0,5620.0,573483.0,BBAR
2025-09-03,5650.0,5690.0,5440.0,5540.0,452300.0,BBAR
2025-09-04,5580.0,5850.0,5510.0,5720.0,276731.0,BBAR
2025-09-05,5840.0,5840.0,5410.0,5640.0,596875.0,BBAR
2025-09-08,5175.0,5175.0,4482.5,4507.5,1397505.0,BBAR
2025-09-09,4600.0,4650.0,4385.0,4400.0,761865.0,BBAR
2025-09-10,4550.0,4710.0,4475.0,4655.0,206773.0,BBAR
2025-09-11,4695.0,4750.0,4542.5,4592.5,266476.0,BBAR
2025-09-12,4680.0,4680.0,4310.0,4447.5,368612.0,BBAR
2025-09-15,4500.0,4500.0,4277.5,4320.0,243696.0,BBAR
2025-09-16,4350.0,4530.0,4320.0,4400.0,322929.0,BBAR
2025-09-17,4410.0,4570.0,4360.0,4410.0,253289.0,BBAR
2025-09-18,4430.0,4430.0,4102.5,4230.0,522452.0,BBAR
2025-09-19,4220.0,4307.5,3995.0,4007.5,660741.0,BBAR
2025-09-22,4315.0,4820.0,4167.5,4732.5,544526.0,BBAR
2025-09-23,4900.0,5020.0,4557.5,4780.0,356467.0,BBAR
2025-09-24,5000.0,5335.0,4707.5,4727.5,702369.0,BBAR
2025-09-25,4700.0,4725.0,4310.0,4347.5,341764.0,BBAR
2025-09-26,4350.0,4575.0,4265.0,4322.5,408629.0,BBAR
2025-09-29,4400.0,4440.0,4285.0,4412.5,261229.0,BBAR
2025-09-30,4450.0,4457.5,4160.0,4247.5,201550.0,BBAR
2025-10-01,4257.5,4447.5,4172.5,4177.5,188618.0,BBAR
2025-10-02,4180.0,4290.0,4015.0,4255.0,542953.0,BBAR
2025-10-03,4250.0,4285.0,4107.5,4212.5,242499.0,BBAR
2025-10-06,4252.5,4290.0,4100.0,4225.0,204554.0,BBAR
2025-10-07,4200.0,4282.5,4120.0,4140.0,298290.0,BBAR
2025-10-08,4140.0,4307.5,4080.0,4260.0,322868.0,BBAR
2025-10-09,4272.5,4750.0,4272.5,4722.5,514889.0,BBAR
2025-10-13,4740.0,4877.5,4400.0,4800.0,937862.0,BBAR
2025-10-14,4800.0,4870.0,4467.5,4630.0,512231.0,BBAR
2025-10-15,4645.0,4860.0,4525.0,4632.5,210765.0,BBAR
2025-10-16,4650.0,4810.0,4550.0,4712.5,100636.0,BBAR
2025-10-17,4740.0,4882.5,4690.0,4847.5,140798.0,BBAR
2025-10-20,4800.0,5070.0,4775.0,4895.0,419704.0,BBAR
2025-10-21,4805.0,5360.0,4805.0,5070.0,424422.0,BBAR
2025-10-22,5060.0,5190.0,4920.0,5090.0,331707.0,BBAR
2025-10-23,4995.0,5420.0,4995.0,5245.0,482013.0,BBAR
2025-10-24,5400.0,5430.0,5185.0,5280.0,305348.0,BBAR
2025-10-27,6255.0,7050.0,6255.0,6915.0,1045037.0,BBAR
2025-10-28,6900.0,7675.0,6755.0,7410.0,1680313.0,BBAR
2025-10-29,7440.0,7945.0,7240.0,7695.0,972522.0,BBAR
2025-10-30,7650.0,7860.0,7240.0,7600.0,902477.0,BBAR
2025-10-31,7630.0,8470.0,7630.0,8320.0,1066591.0,BBAR
2025-11-03,8320.0,9090.0,8320.0,8900.0,1466687.0,BBAR
2025-11-04,8860.0,8990.0,8400.0,8585.0,1183726.0,BBAR
2025-11-05,8585.0,8790.0,8315.0,8610.0,475152.0,BBAR
2025-11-06,8580.0,8650.0,8150.0,8290.0,111175.0,BBAR
2025-11-07,8225.0,8295.0,7690.0,7820.0,1367706.0,BBAR
2025-11-10,8000.0,8300.0,7585.0,7660.0,529459.0,BBAR
2025-11-11,7680.0,7910.0,7510.0,7635.0,334189.0,BBAR
2025-11-12,7630.0,7880.0,7630.0,7805.0,319625.0,BBAR
2025-11-13,7840.0,7885.0,7235.0,7440.0,478545.0,BBAR
2025-11-14,7350.0,8045.0,7270.0,7845.0,461423.0,BBAR
2025-11-17,7890.0,8200.0,7675.0,7700.0,153080.0,BBAR
2025-11-18,7600.0,7700.0,7270.0,7645.0,226639.0,BBAR
2025-11-19,7650.0,7830.0,7490.0,7495.0,128480.0,BBAR
2025-11-20,7675.0,7780.0,7210.0,7365.0,138523.0,BBAR
2025-11-21,7280.0,7500.0,6965.0,7030.0,70139.0,BBAR
2025-11-25,7000.0,7450.0,6900.0,7430.0,379342.0,BBAR
2025-11-26,7430.0,8095.0,7180.0,8085.0,537843.0,BBAR
2025-11-27,8100.0,8200.0,7760.0,8170.0,174173.0,BBAR
2025-11-28,8200.0,8425.0,8100.0,8195.0,421582.0,BBAR
2025-12-01,8265.0,8295.0,7970.0,8260.0,299694.0,BBAR
2025-12-02,8300.0,8400.0,8105.0,8260.0,320558.0,BBAR
2025-12-03,8295.0,8700.0,8090.0,8645.0,383859.0,BBAR
2025-12-04,8650.0,8850.0,8450.0,8500.0,817154.0,BBAR
2025-12-05,8700.0,8850.0,8335.0,8410.0,360106.0,BBAR
2025-12-09,8370.0,8410.0,8125.0,8305.0,256666.0,BBAR
2025-12-10,8290.0,8595.0,8225.0,8410.0,387149.0,BBAR
2025-12-11,8440.0,8685.0,8260.0,8490.0,604011.0,BBAR
2025-12-12,8490.0,8670.0,8310.0,8485.0,187899.0,BBAR
2025-12-15,8525.0,8790.0,8400.0,8605.0,125732.0,BBAR
2025-12-16,8650.0,8835.0,8400.0,8725.0,265028.0,BBAR
2025-12-17,8710.0,8880.0,8525.0,8820.0,194766.0,BBAR
2025-12-18,8900.0,9620.0,8730.0,9595.0,472897.0,BBAR
2025-12-19,9595.0,9750.0,9340.0,9440.0,282866.0,BBAR
2025-12-22,9450.0,9590.0,9240.0,9470.0,263285.0,BBAR
2025-12-23,9480.0,9720.0,9225.0,9340.0,140271.0,BBAR
2025-12-24,9110.0,9550.0,9110.0,9275.0,9938.0,BBAR
2025-12-26,9115.0,9500.0,9000.0,9310.0,139625.0,BBAR
2025-12-29,9260.0,9715.0,9260.0,9360.0,226151.0,BBAR
2025-12-30,9360.0,9550.0,9040.0,9140.0,176731.0,BBAR
2026-01-02,9300.0,9460.0,9005.0,9420.0,100345.0,BBAR
2026-01-05,9430.0,9570.0,9245.0,9400.0,388627.0,BBAR
2026-01-06,9395.0,9650.0,9260.0,9270.0,289614.0,BBAR
2026-01-07,9250.0,9260.0,8730.0,9080.0,397299.0,BBAR
2026-01-08,9295.0,9440.0,8830.0,9405.0,417133.0,BBAR
2026-01-09,9300.0,9705.0,9300.0,9615.0,278863.0,BBAR
2026-01-12,9590.0,9710.0,9465.0,9695.0,204285.0,BBAR
2026-01-13,9600.0,9700.0,9370.0,9475.0,190917.0,BBAR
2026-01-14,9460.0,9600.0,8940.0,9010.0,337925.0,BBAR
2026-01-15,9160.0,9290.0,8540.0,8800.0,303681.0,BBAR
2026-01-16,8840.0,9080.0,8610.0,8805.0,108484.0,BBAR
2026-01-19,8835.0,8980.0,8480.0,8585.0,85699.0,BBAR
2026-01-20,8605.0,9025.0,8500.0,8780.0,182390.0,BBAR
2026-01-21,8780.0,9085.0,8650.0,9050.0,326381.0,BBAR
2026-01-22,9140.0,9550.0,8665.0,9350.0,232675.0,BBAR
2026-01-23,9300.0,9820.0,9300.0,9805.0,375446.0,BBAR
2026-01-26,9780.0,10400.0,9675.0,9935.0,224726.0,BBAR
2026-01-27,9855.0,10580.0,9855.0,10540.0,261163.0,BBAR
2026-01-28,10600.0,10920.0,10110.0,10300.0,445136.0,BBAR
2026-01-29,10260.0,10300.0,9830.0,10180.0,286054.0,BBAR
2026-01-30,10160.0,10400.0,9950.0,10170.0,159690.0,BBAR
2026-02-02,10350.0,10370.0,9915.0,9955.0,183213.0,BBAR
2026-02-03,9930.0,10100.0,9615.0,9735.0,179074.0,BBAR
2026-02-04,9785.0,10050.0,9070.0,9295.0,376900.0,BBAR
2026-02-05,9400.0,9470.0,8715.0,8750.0,243195.0,BBAR
2026-02-06,8920.0,9125.0,8785.0,8970.0,322339.0,BBAR
2026-02-09,9075.0,9125.0,8510.0,9050.0,423870.0,BBAR
2026-02-10,9095.0,9300.0,8705.0,9260.0,183646.0,BBAR
2026-02-11,9200.0,9295.0,8910.0,8975.0,71428.0,BBAR
2026-02-12,9000.0,9110.0,8155.0,8180.0,416445.0,BBAR
2026-02-13,8180.0,8285.0,7900.0,7955.0,140760.0,BBAR
2026-02-18,7930.0,7995.0,7520.0,7680.0,226933.0,BBAR
2026-02-19,7715.0,8095.0,7535.0,8010.0,286054.0,BBAR
2026-02-20,8200.0,8245.0,7865.0,8235.0,236677.0,BBAR
2026-02-23,8075.0,8355.0,7740.0,7790.0,160438.0,BBAR
2026-02-24,7790.0,8335.0,7620.0,8200.0,576444.0,BBAR
2026-02-25,8185.0,8380.0,7950.0,8065.0,211366.0,BBAR
2026-02-26,8025.0,8385.0,7685.0,7820.0,167128.0,BBAR
2026-02-27,7825.0,7825.0,7240.0,7285.0,236881.0,BBAR
2026-03-02,7030.0,7380.0,6785.0,6870.0,649428.0,BBAR
2026-03-03,6870.0,7000.0,6550.0,6895.0,508584.0,BBAR
2026-03-04,7000.0,7140.0,6700.0,6815.0,229755.0,BBAR
2026-03-05,6885.0,7085.0,6600.0,6845.0,386170.0,BBAR
2026-03-06,6880.0,7040.0,6685.0,6870.0,167652.0,BBAR
2026-03-09,6750.0,6995.0,6650.0,6960.0,157574.0,BBAR
2026-03-10,7000.0,7350.0,6820.0,7075.0,450083.0,BBAR
2026-03-11,7090.0,7405.0,7090.0,7290.0,166687.0,BBAR
2026-03-12,7280.0,7280.0,6950.0,6990.0,228186.0,BBAR
2026-03-13,6970.0,7140.0,6450.0,6550.0,290125.0,BBAR
2026-03-16,6615.0,6635.0,6275.0,6330.0,332641.0,BBAR
2026-03-17,6350.0,6565.0,6315.0,6410.0,273593.0,BBAR
2026-03-18,6400.0,6595.0,6315.0,6390.0,164653.0,BBAR
2026-03-19,6340.0,6800.0,6200.0,6760.0,258868.0,BBAR
2026-03-20,6720.0,6830.0,6490.0,6590.0,310625.0,BBAR
2026-03-23,6590.0,7130.0,6545.0,6995.0,120221.0,BBAR
2026-03-25,6970.0,7330.0,6875.0,7255.0,639449.0,BBAR
2026-03-26,7040.0,7190.0,6815.0,7085.0,277838.0,BBAR
2026-03-27,7025.0,7360.0,6895.0,6950.0,409313.0,BBAR
2026-03-30,7090.0,7160.0,6845.0,7120.0,324148.0,BBAR
2026-03-31,7220.0,7970.0,7120.0,7940.0,664160.0,BBAR
2026-04-01,8130.0,8135.0,7850.0,8060.0,413666.0,BBAR
2026-04-06,8100.0,8115.0,7720.0,7905.0,234659.0,BBAR
2026-04-07,7950.0,7950.0,7620.0,7750.0,294714.0,BBAR
2026-04-08,8000.0,8350.0,7990.0,8130.0,486510.0,BBAR
2026-04-09,8130.0,8140.0,7755.0,7915.0,742024.0,BBAR
2026-04-10,7850.0,8220.0,7850.0,7990.0,353909.0,BBAR
2026-04-13,7925.0,8180.0,7735.0,7925.0,183673.0,BBAR
2026-04-14,7930.0,8080.0,7800.0,7820.0,393197.0,BBAR
2026-04-15,7965.0,7965.0,7730.0,7840.0,219840.0,BBAR
2026-04-16,7920.0,8070.0,7660.0,8045.0,351657.0,BBAR
2026-04-17,8050.0,8150.0,7925.0,8000.0,524536.0,BBAR
2026-04-20,7975.0,8285.0,7805.0,8270.0,360330.0,BBAR
2026-04-21,8250.0,8320.0,8060.0,8110.0,322430.0,BBAR
2026-04-22,8110.0,8250.0,7665.0,7685.0,290065.0,BBAR
2026-04-23,7555.0,7785.0,7100.0,7155.0,514334.0,BBAR
2026-04-24,7160.0,7330.0,7005.0,7205.0,237356.0,BBAR
2026-04-27,7230.0,7420.0,7230.0,7355.0,274969.0,BBAR
2026-04-28,7335.0,7485.0,7210.0,7455.0,311295.0,BBAR
2026-04-29,7375.0,7490.0,7055.0,7120.0,371119.0,BBAR
2026-04-30,7160.0,7245.0,6985.0,7180.0,159512.0,BBAR
2026-05-04,7145.0,7145.0,6850.0,6935.0,297452.0,BBAR
2026-05-05,7010.0,7285.0,6860.0,7200.0,316813.0,BBAR
