date,open,high,low,close,volume,ticker
2018-01-02,46.8,48.5,46.5,46.75,276139.0,EDN
2018-01-03,47.0,48.5,45.8,46.05,311270.0,EDN
2018-01-04,46.8,48.0,46.8,47.35,251900.0,EDN
2018-01-05,47.4,47.85,46.5,47.5,300661.0,EDN
2018-01-08,47.55,48.45,47.25,48.35,526546.0,EDN
2018-01-09,48.4,49.7,47.7,48.0,354731.0,EDN
2018-01-10,47.95,47.95,47.05,47.95,483335.0,EDN
2018-01-11,48.6,51.25,48.0,49.6,1631300.0,EDN
2018-01-12,51.0,51.6,49.65,50.1,489441.0,EDN
2018-01-15,50.1,53.85,50.1,53.5,316500.0,EDN
2018-01-16,53.5,53.7,51.5,53.2,622193.0,EDN
2018-01-17,54.0,56.0,53.7,54.9,311545.0,EDN
2018-01-18,55.5,56.5,54.9,55.45,440170.0,EDN
2018-01-19,55.5,56.0,52.5,55.85,380295.0,EDN
2018-01-22,56.0,57.5,55.0,57.4,290978.0,EDN
2018-01-23,57.5,58.45,56.05,57.5,264100.0,EDN
2018-01-24,57.65,59.6,57.65,59.5,226751.0,EDN
2018-01-25,59.8,61.0,59.25,61.0,305503.0,EDN
2018-01-26,62.0,62.5,61.0,62.1,217395.0,EDN
2018-01-29,63.0,63.0,59.0,60.05,354312.0,EDN
2018-01-30,60.15,60.5,57.6,58.25,298280.0,EDN
2018-01-31,58.5,61.4,58.5,61.05,387935.0,EDN
2018-02-01,62.0,63.0,58.6,59.65,283832.0,EDN
2018-02-02,59.0,59.2,55.8,56.05,638642.0,EDN
2018-02-05,57.0,57.0,52.2,53.0,580674.0,EDN
2018-02-06,51.0,56.5,50.0,56.0,875005.0,EDN
2018-02-07,57.0,60.1,55.05,56.1,480422.0,EDN
2018-02-08,56.6,57.3,53.5,55.35,259947.0,EDN
2018-02-09,55.3,55.9,51.0,53.5,501105.0,EDN
2018-02-14,55.0,57.5,53.5,56.95,251441.0,EDN
2018-02-15,57.5,59.5,56.45,56.65,284846.0,EDN
2018-02-16,56.2,58.7,56.0,57.0,320454.0,EDN
2018-02-19,57.0,59.5,57.0,58.4,73300.0,EDN
2018-02-20,59.3,59.45,57.0,57.05,197310.0,EDN
2018-02-21,58.0,58.75,57.1,58.6,183411.0,EDN
2018-02-22,56.0,58.8,56.0,58.2,131977.0,EDN
2018-02-23,58.6,59.25,57.05,57.3,287396.0,EDN
2018-02-26,58.05,58.95,56.15,57.7,260073.0,EDN
2018-02-27,58.4,58.4,56.65,57.4,388734.0,EDN
2018-02-28,57.5,58.0,55.5,57.95,612160.0,EDN
2018-03-01,57.95,59.35,56.0,57.1,579136.0,EDN
2018-03-02,55.8,56.5,54.3,55.55,398632.0,EDN
2018-03-05,55.5,56.35,54.2,55.1,275802.0,EDN
2018-03-06,55.35,58.0,54.1,56.85,313211.0,EDN
2018-03-07,56.8,58.0,56.0,57.0,154753.0,EDN
2018-03-08,57.9,59.0,57.2,58.75,162029.0,EDN
2018-03-09,58.9,61.25,58.9,60.2,246876.0,EDN
2018-03-12,61.75,61.75,59.8,60.15,329933.0,EDN
2018-03-13,60.05,60.95,60.05,60.6,163281.0,EDN
2018-03-14,60.5,60.9,59.55,59.75,168048.0,EDN
2018-03-15,60.5,60.5,57.9,59.85,405785.0,EDN
2018-03-16,60.0,60.6,58.5,59.2,95153.0,EDN
2018-03-19,59.2,59.2,55.2,58.0,180297.0,EDN
2018-03-20,59.0,59.0,56.75,57.1,70915.0,EDN
2018-03-21,57.0,58.3,56.6,57.05,112676.0,EDN
2018-03-22,57.25,59.0,57.25,57.6,279934.0,EDN
2018-03-23,57.0,57.6,56.8,57.05,98831.0,EDN
2018-03-26,57.6,60.35,56.3,57.9,170103.0,EDN
2018-03-27,57.9,58.9,57.0,57.1,196305.0,EDN
2018-03-28,57.0,58.0,56.0,56.8,170062.0,EDN
2018-04-03,57.0,58.25,56.45,57.45,288027.0,EDN
2018-04-04,58.0,58.15,56.45,57.6,93689.0,EDN
2018-04-05,57.7,59.1,57.7,58.45,128507.0,EDN
2018-04-06,58.65,58.65,57.8,58.15,119273.0,EDN
2018-04-09,58.15,58.5,57.8,58.1,134115.0,EDN
2018-04-10,57.7,58.15,56.45,57.65,183856.0,EDN
2018-04-11,56.05,57.3,55.2,57.05,180599.0,EDN
2018-04-12,57.0,58.95,56.95,58.8,269299.0,EDN
2018-04-13,58.8,59.0,57.2,58.25,219915.0,EDN
2018-04-16,58.6,58.65,56.9,57.05,243940.0,EDN
2018-04-17,57.1,58.1,56.0,56.2,261836.0,EDN
2018-04-18,57.0,58.0,56.1,56.4,376048.0,EDN
2018-04-19,56.0,57.5,54.2,57.5,481035.0,EDN
2018-04-20,58.0,58.0,55.5,56.75,217761.0,EDN
2018-04-23,55.5,57.0,55.5,55.8,248829.0,EDN
2018-04-24,56.35,57.25,55.25,56.0,336574.0,EDN
2018-04-25,55.9,56.0,53.55,54.85,202849.0,EDN
2018-04-26,54.6,56.0,53.0,54.5,322227.0,EDN
2018-04-27,53.0,55.5,53.0,54.05,111116.0,EDN
2018-05-02,54.55,57.8,52.5,55.55,336634.0,EDN
2018-05-03,56.0,56.25,53.0,55.1,330189.0,EDN
2018-05-04,55.5,55.95,52.0,52.6,339605.0,EDN
2018-05-07,51.5,52.25,50.0,51.15,357645.0,EDN
2018-05-08,50.0,50.9,44.5,49.6,1059800.0,EDN
2018-05-09,49.0,50.8,48.65,50.25,611636.0,EDN
2018-05-10,50.0,53.0,50.0,52.7,201897.0,EDN
2018-05-11,52.5,57.95,50.0,52.05,576404.0,EDN
2018-05-14,51.4,54.95,51.4,53.4,747278.0,EDN
2018-05-15,54.0,57.0,53.5,54.0,776139.0,EDN
2018-05-16,54.5,55.5,53.5,55.1,451368.0,EDN
2018-05-17,55.3,57.0,54.25,55.75,597228.0,EDN
2018-05-18,56.8,59.6,56.8,59.15,688139.0,EDN
2018-05-21,59.2,60.0,57.1,58.4,352163.0,EDN
2018-05-22,58.5,59.85,57.0,58.25,500131.0,EDN
2018-05-23,57.5,59.0,57.0,58.0,210534.0,EDN
2018-05-24,59.05,60.4,57.8,60.0,221496.0,EDN
2018-05-28,60.0,60.5,58.0,60.1,71047.0,EDN
2018-05-29,58.0,59.8,56.5,57.35,499358.0,EDN
2018-05-30,56.9,57.95,55.4,57.45,1238438.0,EDN
2018-05-31,58.0,58.0,55.0,55.35,882121.0,EDN
2018-06-01,55.5,57.5,55.5,55.9,642313.0,EDN
2018-06-04,55.9,56.9,54.5,56.0,467761.0,EDN
2018-06-05,56.05,59.5,56.05,57.5,219634.0,EDN
2018-06-06,57.5,58.5,56.3,57.45,324738.0,EDN
2018-06-07,57.2,58.1,56.55,57.7,68648.0,EDN
2018-06-08,59.15,60.55,57.5,60.0,510335.0,EDN
2018-06-11,61.0,62.0,60.55,61.4,236599.0,EDN
2018-06-12,60.55,61.25,59.0,59.65,171424.0,EDN
2018-06-13,59.85,60.45,57.7,59.75,148422.0,EDN
2018-06-14,59.55,61.8,58.0,59.1,323354.0,EDN
2018-06-15,59.35,61.95,59.3,60.0,192592.0,EDN
2018-06-18,59.0,59.0,50.1,56.5,354444.0,EDN
2018-06-19,56.5,59.0,56.4,58.3,477746.0,EDN
2018-06-21,62.95,63.95,59.5,59.65,612808.0,EDN
2018-06-22,59.7,59.7,55.35,55.45,262049.0,EDN
2018-06-25,55.45,56.3,52.5,53.95,284321.0,EDN
2018-06-26,54.0,56.0,51.5,53.6,102530.0,EDN
2018-06-27,53.25,53.25,48.5,51.0,411525.0,EDN
2018-06-28,51.0,52.9,48.5,52.4,247730.0,EDN
2018-06-29,52.0,52.5,46.15,46.9,592644.0,EDN
2018-07-02,47.35,47.35,40.2,43.9,2440442.0,EDN
2018-07-03,45.5,49.4,45.0,49.2,415818.0,EDN
2018-07-04,48.0,51.0,47.2,50.5,129167.0,EDN
2018-07-05,49.9,49.9,46.5,47.0,377935.0,EDN
2018-07-06,47.15,48.5,44.25,44.55,515927.0,EDN
2018-07-10,47.45,47.9,45.65,46.05,345780.0,EDN
2018-07-11,46.5,49.0,46.0,46.5,166203.0,EDN
2018-07-12,47.0,47.25,45.0,45.7,100331.0,EDN
2018-07-13,45.0,46.6,44.5,45.45,88526.0,EDN
2018-07-16,45.0,45.95,44.5,45.25,159990.0,EDN
2018-07-17,45.3,45.5,43.0,44.3,138371.0,EDN
2018-07-18,42.95,45.0,42.0,44.6,398081.0,EDN
2018-07-19,44.6,44.6,42.85,44.1,116214.0,EDN
2018-07-20,44.6,44.8,42.5,42.7,359928.0,EDN
2018-07-23,42.5,43.0,41.3,41.5,441299.0,EDN
2018-07-24,42.0,43.85,41.3,43.45,295621.0,EDN
2018-07-25,44.5,46.2,43.0,46.0,727018.0,EDN
2018-07-26,46.2,46.9,44.95,45.65,212633.0,EDN
2018-07-27,45.0,47.75,45.0,47.35,490711.0,EDN
2018-07-30,47.3,48.0,46.9,47.45,230536.0,EDN
2018-07-31,47.8,49.5,46.55,47.6,608261.0,EDN
2018-08-01,48.6,48.6,47.7,47.8,534185.0,EDN
2018-08-02,48.0,48.0,46.0,46.5,113209.0,EDN
2018-08-03,47.8,47.8,46.5,47.0,76615.0,EDN
2018-08-06,46.0,47.5,46.0,47.5,122411.0,EDN
2018-08-07,47.0,47.0,45.6,46.4,153910.0,EDN
2018-08-08,46.3,46.4,43.0,43.7,288284.0,EDN
2018-08-09,43.75,44.95,42.0,42.9,137959.0,EDN
2018-08-10,42.0,43.5,40.05,43.35,284783.0,EDN
2018-08-13,43.0,44.0,38.0,42.4,565603.0,EDN
2018-08-14,42.5,43.0,40.6,41.5,168339.0,EDN
2018-08-15,40.95,43.0,40.0,42.9,61675.0,EDN
2018-08-16,43.0,43.8,41.5,43.6,165335.0,EDN
2018-08-17,44.0,44.0,41.8,42.6,116830.0,EDN
2018-08-21,42.6,42.7,41.9,42.3,356159.0,EDN
2018-08-22,41.5,42.9,41.5,42.7,77039.0,EDN
2018-08-23,42.75,42.95,41.5,42.35,205871.0,EDN
2018-08-24,43.0,43.0,39.05,40.0,1323980.0,EDN
2018-08-27,40.05,42.5,40.0,41.3,276856.0,EDN
2018-08-28,39.8,42.45,39.8,42.15,331073.0,EDN
2018-08-29,42.1,43.4,37.15,40.5,541584.0,EDN
2018-08-30,39.0,41.7,38.5,39.7,152366.0,EDN
2018-08-31,40.45,47.0,40.45,47.0,715704.0,EDN
2018-09-03,45.4,46.4,43.0,45.5,73215.0,EDN
2018-09-04,43.5,43.5,40.35,40.55,327404.0,EDN
2018-09-05,41.5,46.5,40.9,45.5,465789.0,EDN
2018-09-06,46.0,48.2,44.55,45.8,922496.0,EDN
2018-09-07,45.85,46.8,43.9,44.0,105812.0,EDN
2018-09-10,44.0,44.0,42.5,43.25,92412.0,EDN
2018-09-11,42.95,43.9,41.75,43.6,35905.0,EDN
2018-09-12,43.5,44.0,43.1,43.85,140559.0,EDN
2018-09-13,43.85,45.5,43.3,43.95,122885.0,EDN
2018-09-14,43.3,45.0,42.0,43.4,104136.0,EDN
2018-09-17,42.1,44.1,42.1,42.9,85344.0,EDN
2018-09-18,43.0,43.6,42.0,42.8,1618694.0,EDN
2018-09-19,43.95,48.8,43.6,48.0,1021649.0,EDN
2018-09-20,49.1,53.0,49.1,51.0,830641.0,EDN
2018-09-21,52.2,53.5,50.0,52.9,838306.0,EDN
2018-09-24,53.4,53.4,47.0,51.55,271385.0,EDN
2018-09-25,49.4,54.0,47.6,52.95,631456.0,EDN
2018-09-26,53.0,55.0,51.0,51.85,331540.0,EDN
2018-09-27,51.0,54.0,50.05,50.4,144455.0,EDN
2018-09-28,50.35,51.75,47.5,51.75,251480.0,EDN
2018-10-01,51.35,54.0,49.5,50.0,63366.0,EDN
2018-10-02,49.75,51.0,47.0,49.0,188666.0,EDN
2018-10-03,49.2,50.25,46.6,47.5,101655.0,EDN
2018-10-04,47.0,47.6,43.2,44.1,122853.0,EDN
2018-10-05,44.35,46.7,42.1,42.5,115864.0,EDN
2018-10-08,43.0,43.0,41.0,41.5,673255.0,EDN
2018-10-09,41.0,41.0,39.65,40.2,164279.0,EDN
2018-10-10,40.35,40.95,39.7,40.4,89156.0,EDN
2018-10-11,40.0,40.9,38.15,38.5,105267.0,EDN
2018-10-12,39.0,41.9,39.0,41.9,129205.0,EDN
2018-10-16,43.4,43.5,41.1,41.95,73286.0,EDN
2018-10-17,41.75,42.0,40.25,41.0,40730.0,EDN
2018-10-18,41.0,41.25,39.2,39.6,27358.0,EDN
2018-10-19,40.0,42.4,40.0,41.5,152218.0,EDN
2018-10-22,41.0,42.45,40.75,41.4,65436.0,EDN
2018-10-23,40.9,41.0,39.8,40.35,69748.0,EDN
2018-10-24,40.5,40.5,38.9,39.0,99758.0,EDN
2018-10-25,40.0,40.85,39.3,40.5,169226.0,EDN
2018-10-26,40.5,41.2,39.0,39.5,103328.0,EDN
2018-10-29,39.5,40.45,38.7,38.95,49877.0,EDN
2018-10-30,38.9,40.5,38.9,40.0,113542.0,EDN
2018-10-31,41.0,42.0,39.9,40.9,207708.0,EDN
2018-11-01,40.9,42.95,40.9,42.95,193155.0,EDN
2018-11-02,43.4,44.5,42.8,43.8,84055.0,EDN
2018-11-05,43.8,44.75,42.5,44.75,133978.0,EDN
2018-11-06,44.85,44.85,43.0,43.2,16542.0,EDN
2018-11-07,43.0,44.7,43.0,44.0,67880.0,EDN
2018-11-08,44.05,44.5,42.55,42.55,139465.0,EDN
2018-11-09,43.0,43.1,40.5,40.8,89521.0,EDN
2018-11-12,41.05,42.0,39.6,41.5,77743.0,EDN
2018-11-13,41.45,42.45,40.0,40.5,120501.0,EDN
2018-11-14,40.25,41.95,39.95,41.75,173179.0,EDN
2018-11-15,42.55,45.45,42.55,44.3,206837.0,EDN
2018-11-16,43.15,45.5,43.15,45.45,154571.0,EDN
2018-11-20,45.5,47.2,45.1,46.35,273358.0,EDN
2018-11-21,46.1,47.9,45.0,47.4,268266.0,EDN
2018-11-22,47.3,47.3,46.1,46.5,192208.0,EDN
2018-11-23,46.5,48.0,45.5,46.5,88956.0,EDN
2018-11-26,46.5,48.85,46.0,46.0,1432359.0,EDN
2018-11-27,47.25,48.8,46.5,47.6,332057.0,EDN
2018-11-28,47.0,48.9,46.8,47.95,1941095.0,EDN
2018-11-29,48.0,48.9,47.5,48.3,62949.0,EDN
2018-12-03,48.5,49.8,48.0,48.85,95102.0,EDN
2018-12-04,49.9,49.9,48.05,48.55,72668.0,EDN
2018-12-05,48.6,50.0,48.1,50.0,506099.0,EDN
2018-12-06,49.9,50.3,48.5,49.7,231099.0,EDN
2018-12-07,49.65,50.4,48.8,49.5,153704.0,EDN
2018-12-10,49.5,49.5,48.25,49.5,48921.0,EDN
2018-12-11,49.15,50.1,49.0,50.0,262218.0,EDN
2018-12-12,50.0,50.9,49.5,50.6,58568.0,EDN
2018-12-13,50.1,50.9,48.5,48.5,28428.0,EDN
2018-12-14,50.1,51.25,49.6,50.5,667761.0,EDN
2018-12-17,50.5,50.8,49.15,50.8,223511.0,EDN
2018-12-18,50.65,51.0,50.0,50.55,75196.0,EDN
2018-12-19,50.5,50.55,48.1,50.0,240389.0,EDN
2018-12-20,48.95,48.95,47.15,48.5,26857.0,EDN
2018-12-21,48.15,48.95,46.0,47.3,70157.0,EDN
2018-12-26,47.3,48.5,45.3,48.2,333451.0,EDN
2018-12-27,48.05,51.0,48.0,50.9,176709.0,EDN
2018-12-28,50.8,51.95,50.0,51.4,111595.0,EDN
2019-01-02,51.0,52.25,50.0,52.0,249011.0,EDN
2019-01-03,51.8,51.8,49.2,51.0,139985.0,EDN
2019-01-04,49.9,52.45,49.9,51.0,95245.0,EDN
2019-01-07,51.9,51.9,50.2,50.2,51827.0,EDN
2019-01-08,50.5,51.7,49.5,50.5,262124.0,EDN
2019-01-09,51.0,53.9,51.0,51.5,214708.0,EDN
2019-01-10,51.6,52.3,50.0,51.0,101846.0,EDN
2019-01-11,50.1,52.9,50.1,51.5,139936.0,EDN
2019-01-14,51.2,53.5,50.5,51.5,109906.0,EDN
2019-01-15,53.5,53.5,50.0,51.2,71360.0,EDN
2019-01-16,50.5,52.35,50.5,52.3,58614.0,EDN
2019-01-17,53.35,53.35,50.5,52.15,44513.0,EDN
2019-01-18,51.9,53.35,51.15,52.0,90267.0,EDN
2019-01-21,51.7,52.0,50.8,52.0,73798.0,EDN
2019-01-22,52.0,52.0,50.0,50.35,175070.0,EDN
2019-01-23,51.0,51.5,50.0,50.0,65416.0,EDN
2019-01-24,50.7,51.2,50.0,51.0,109363.0,EDN
2019-01-25,51.2,51.5,50.5,50.9,133628.0,EDN
2019-01-28,50.5,52.2,49.9,52.2,173859.0,EDN
2019-01-29,51.6,52.9,50.5,52.7,137826.0,EDN
2019-01-30,52.4,53.65,50.5,53.65,201767.0,EDN
2019-01-31,53.2,53.85,52.6,53.75,111387.0,EDN
2019-02-01,53.5,55.0,53.4,54.4,231162.0,EDN
2019-02-04,55.5,56.0,53.0,53.85,355796.0,EDN
2019-02-05,53.9,54.9,53.3,54.3,258842.0,EDN
2019-02-06,54.5,55.0,53.05,54.3,163236.0,EDN
2019-02-07,54.1,55.0,52.6,54.2,169617.0,EDN
2019-02-08,54.2,56.0,53.5,55.9,105751.0,EDN
2019-02-11,56.0,57.8,56.0,56.55,115585.0,EDN
2019-02-12,57.0,58.0,55.5,55.5,128779.0,EDN
2019-02-13,55.9,56.9,55.0,55.0,133136.0,EDN
2019-02-14,56.0,56.0,55.0,55.4,28808.0,EDN
2019-02-15,55.4,55.5,54.5,55.25,57224.0,EDN
2019-02-18,54.6,55.0,54.0,54.0,42614.0,EDN
2019-02-19,54.1,55.6,52.5,53.2,140509.0,EDN
2019-02-20,52.7,54.8,52.0,53.5,306465.0,EDN
2019-02-21,53.4,53.4,51.05,52.0,69859.0,EDN
2019-02-22,51.5,53.2,51.05,52.7,484899.0,EDN
2019-02-25,53.0,53.0,50.9,52.0,133275.0,EDN
2019-02-26,50.9,52.9,50.9,52.2,77069.0,EDN
2019-02-27,52.0,52.0,50.0,50.0,100728.0,EDN
2019-02-28,50.0,50.85,48.0,50.3,237057.0,EDN
2019-03-01,52.4,52.4,50.25,50.3,218724.0,EDN
2019-03-06,51.05,53.4,50.1,50.1,698750.0,EDN
2019-03-07,48.0,52.5,48.0,51.0,284559.0,EDN
2019-03-08,51.0,51.75,50.0,51.25,56523.0,EDN
2019-03-11,52.5,53.5,51.5,52.0,93275.0,EDN
2019-03-12,52.0,52.5,50.25,52.5,103942.0,EDN
2019-03-13,52.2,52.2,51.0,52.0,141579.0,EDN
2019-03-14,51.45,52.0,49.5,49.6,233836.0,EDN
2019-03-15,49.0,50.9,48.1,50.9,297934.0,EDN
2019-03-18,50.55,51.8,49.25,50.5,313473.0,EDN
2019-03-19,50.5,51.7,48.5,49.7,154450.0,EDN
2019-03-20,49.85,51.5,49.5,50.2,212557.0,EDN
2019-03-21,50.1,51.0,48.5,49.6,104055.0,EDN
2019-03-22,49.0,49.0,46.0,47.4,61188.0,EDN
2019-03-25,46.5,47.65,45.85,46.5,266736.0,EDN
2019-03-26,46.9,48.0,44.0,44.75,429900.0,EDN
2019-03-27,43.8,44.1,40.0,42.4,360441.0,EDN
2019-03-28,42.5,44.0,42.5,43.0,700651.0,EDN
2019-03-29,44.0,44.0,42.6,43.1,345589.0,EDN
2019-04-01,44.0,44.0,41.1,41.5,33176.0,EDN
2019-04-03,42.5,42.5,40.5,41.2,347929.0,EDN
2019-04-04,40.0,41.5,39.15,41.35,235548.0,EDN
2019-04-05,41.25,42.0,40.1,40.85,129984.0,EDN
2019-04-08,42.0,42.0,39.7,39.7,247813.0,EDN
2019-04-09,39.5,39.6,37.2,37.45,198410.0,EDN
2019-04-10,37.5,38.3,37.45,37.7,290098.0,EDN
2019-04-11,37.8,37.95,36.5,37.65,159834.0,EDN
2019-04-12,37.65,37.65,36.3,36.8,388892.0,EDN
2019-04-15,36.3,37.3,36.0,37.15,255780.0,EDN
2019-04-16,38.95,38.95,37.1,37.5,254775.0,EDN
2019-04-17,36.8,38.5,36.0,37.6,357757.0,EDN
2019-04-22,37.5,37.5,35.3,37.5,356128.0,EDN
2019-04-23,38.0,40.5,38.0,38.4,854279.0,EDN
2019-04-24,38.0,38.0,36.75,37.0,100265.0,EDN
2019-04-25,36.0,40.0,35.5,38.7,661141.0,EDN
2019-04-26,40.5,40.5,38.0,38.0,322500.0,EDN
2019-04-29,38.6,40.0,37.25,37.5,397880.0,EDN
2019-04-30,37.25,38.95,37.25,38.95,31049.0,EDN
2019-05-02,39.45,39.8,37.7,39.8,174943.0,EDN
2019-05-03,39.7,41.0,39.7,40.5,146133.0,EDN
2019-05-06,40.0,41.9,40.0,41.8,146862.0,EDN
2019-05-07,41.85,41.85,39.55,41.4,173971.0,EDN
2019-05-08,42.0,44.0,42.0,42.5,424092.0,EDN
2019-05-09,43.5,43.9,42.0,43.6,94479.0,EDN
2019-05-10,43.45,43.7,42.0,43.15,46570.0,EDN
2019-05-13,42.5,42.5,41.6,42.15,184289.0,EDN
2019-05-14,42.0,42.9,39.5,41.65,267118.0,EDN
2019-05-15,40.6,41.75,40.5,40.5,115460.0,EDN
2019-05-16,41.5,42.5,41.05,42.45,253918.0,EDN
2019-05-17,42.5,42.9,40.45,42.9,64441.0,EDN
2019-05-20,42.3,42.3,40.0,40.8,203694.0,EDN
2019-05-21,41.6,43.45,41.6,41.9,539913.0,EDN
2019-05-22,41.75,42.0,40.5,42.0,144907.0,EDN
2019-05-23,41.25,41.85,40.9,41.05,526455.0,EDN
2019-05-24,41.2,42.35,40.0,42.0,595005.0,EDN
2019-05-27,42.0,43.4,41.6,43.15,70816.0,EDN
2019-05-28,43.1,43.9,41.6,41.85,146510.0,EDN
2019-05-29,40.5,40.85,39.65,40.85,220220.0,EDN
2019-05-30,41.0,41.0,39.05,39.4,477769.0,EDN
2019-05-31,40.75,40.75,38.45,39.35,248386.0,EDN
2019-06-03,38.85,39.6,38.0,38.2,31445.0,EDN
2019-06-04,39.0,39.0,37.5,38.4,340984.0,EDN
2019-06-05,38.4,38.9,37.75,38.0,348388.0,EDN
2019-06-06,38.4,38.4,37.65,38.1,173394.0,EDN
2019-06-07,38.45,38.5,37.2,37.9,246649.0,EDN
2019-06-10,38.1,39.05,37.1,39.0,684194.0,EDN
2019-06-11,39.15,41.0,37.7,40.65,934903.0,EDN
2019-06-12,42.1,44.0,42.1,43.5,811371.0,EDN
2019-06-13,43.0,44.1,40.05,43.35,2070221.0,EDN
2019-06-14,43.6,43.95,41.85,42.55,319205.0,EDN
2019-06-18,43.0,43.45,41.55,41.8,144142.0,EDN
2019-06-19,41.95,42.0,40.5,41.15,110976.0,EDN
2019-06-21,41.15,41.15,39.7,40.9,635911.0,EDN
2019-06-24,40.9,41.0,39.0,40.0,160449.0,EDN
2019-06-25,39.95,40.0,39.0,39.2,65428.0,EDN
2019-06-26,39.2,40.0,38.0,39.0,541499.0,EDN
2019-06-27,39.55,40.3,38.15,39.0,885022.0,EDN
2019-06-28,39.0,39.65,38.9,39.25,1077869.0,EDN
2019-07-01,40.35,41.4,39.5,41.0,1866912.0,EDN
2019-07-02,41.3,41.6,40.4,40.6,547314.0,EDN
2019-07-03,40.65,41.4,40.2,40.55,475016.0,EDN
2019-07-04,40.6,42.0,40.6,41.5,468027.0,EDN
2019-07-05,42.0,42.5,41.5,42.2,504823.0,EDN
2019-07-10,43.75,45.0,43.5,44.7,1333697.0,EDN
2019-07-11,44.7,45.5,43.55,44.7,745764.0,EDN
2019-07-12,44.7,45.0,44.05,44.1,289920.0,EDN
2019-07-15,44.2,44.2,41.95,42.0,445555.0,EDN
2019-07-16,41.5,43.1,41.5,42.75,258806.0,EDN
2019-07-17,42.5,43.6,42.5,43.0,192407.0,EDN
2019-07-18,42.9,43.0,41.1,41.95,436675.0,EDN
2019-07-19,42.0,42.0,40.55,41.1,90208.0,EDN
2019-07-22,40.0,40.75,39.55,40.0,260309.0,EDN
2019-07-23,39.9,40.85,39.2,40.85,101264.0,EDN
2019-07-24,40.95,41.2,40.0,41.0,166183.0,EDN
2019-07-25,41.4,41.4,39.45,41.0,433290.0,EDN
2019-07-26,41.0,42.35,41.0,42.1,508994.0,EDN
2019-07-29,42.1,43.25,41.7,42.6,320316.0,EDN
2019-07-30,42.6,42.6,42.0,42.45,72964.0,EDN
2019-07-31,42.0,43.45,41.1,42.0,190895.0,EDN
2019-08-01,41.8,42.8,40.5,41.0,176600.0,EDN
2019-08-02,41.2,41.25,40.1,41.0,138057.0,EDN
2019-08-05,40.5,41.0,38.3,39.55,336937.0,EDN
2019-08-06,40.0,40.5,38.5,38.95,196836.0,EDN
2019-08-07,38.2,39.5,38.0,38.6,191490.0,EDN
2019-08-08,39.2,40.0,39.15,39.7,163860.0,EDN
2019-08-09,39.5,42.4,39.5,42.3,732327.0,EDN
2019-08-12,29.0,29.0,20.0,21.3,970409.0,EDN
2019-08-13,23.5,23.7,20.6,22.3,745517.0,EDN
2019-08-14,22.0,22.0,19.5,19.9,737416.0,EDN
2019-08-15,21.0,21.95,19.85,21.35,1198078.0,EDN
2019-08-16,22.15,23.4,20.8,21.3,348730.0,EDN
2019-08-20,21.2,21.2,18.6,19.3,278657.0,EDN
2019-08-21,19.3,19.3,18.3,18.55,517252.0,EDN
2019-08-22,18.6,19.45,18.6,18.9,307613.0,EDN
2019-08-23,19.0,19.05,17.7,17.85,301435.0,EDN
2019-08-26,17.85,18.0,17.4,17.4,60540.0,EDN
2019-08-27,17.5,17.5,16.0,16.1,412119.0,EDN
2019-08-28,16.0,17.0,15.9,16.6,288779.0,EDN
2019-08-29,16.0,16.15,15.1,15.2,598762.0,EDN
2019-08-30,14.55,17.2,14.55,17.2,246238.0,EDN
2019-09-02,17.5,19.0,17.0,18.7,128684.0,EDN
2019-09-03,18.0,18.0,15.45,17.1,624301.0,EDN
2019-09-04,16.4,17.65,16.4,17.0,369469.0,EDN
2019-09-05,18.0,19.0,17.6,19.0,286256.0,EDN
2019-09-06,19.5,20.4,19.3,20.0,553663.0,EDN
2019-09-09,20.25,21.1,18.9,19.8,453972.0,EDN
2019-09-10,20.0,21.3,19.9,21.3,309913.0,EDN
2019-09-11,20.95,21.6,20.1,21.0,211679.0,EDN
2019-09-12,21.5,23.0,21.3,22.9,368842.0,EDN
2019-09-16,24.0,25.95,24.0,24.9,607228.0,EDN
2019-09-17,25.85,27.0,23.2,27.0,402659.0,EDN
2019-09-18,26.4,27.3,25.8,27.1,243329.0,EDN
2019-09-19,27.0,27.3,26.0,27.25,335943.0,EDN
2019-09-20,27.0,27.9,26.0,26.5,203784.0,EDN
2019-09-23,25.5,26.0,24.25,24.65,240510.0,EDN
2019-09-24,24.5,24.5,22.6,22.6,271293.0,EDN
2019-09-25,22.1,22.95,22.05,22.4,183258.0,EDN
2019-09-26,23.5,23.5,21.65,22.0,98913.0,EDN
2019-09-27,22.0,23.15,21.5,22.5,332205.0,EDN
2019-09-30,23.0,23.1,21.8,22.5,98863.0,EDN
2019-10-01,22.5,23.6,22.45,22.7,245578.0,EDN
2019-10-02,22.5,23.65,22.25,23.1,408676.0,EDN
2019-10-03,23.0,23.8,22.7,22.7,324706.0,EDN
2019-10-04,23.8,24.05,22.8,24.0,418775.0,EDN
2019-10-07,24.05,24.65,23.05,23.4,239890.0,EDN
2019-10-08,23.4,23.4,22.3,22.9,117496.0,EDN
2019-10-09,22.7,23.35,22.05,22.45,259443.0,EDN
2019-10-10,22.45,24.3,22.45,24.0,347559.0,EDN
2019-10-11,24.75,25.1,23.7,24.0,182735.0,EDN
2019-10-15,23.0,23.5,22.75,22.9,413979.0,EDN
2019-10-16,22.8,22.8,22.1,22.5,140410.0,EDN
2019-10-17,22.1,23.9,22.0,23.5,190461.0,EDN
2019-10-18,23.75,23.9,22.6,23.35,210774.0,EDN
2019-10-21,22.6,23.5,22.25,23.05,235842.0,EDN
2019-10-22,22.9,23.55,22.4,22.9,272978.0,EDN
2019-10-23,22.75,23.2,21.5,21.8,124296.0,EDN
2019-10-24,20.95,22.4,20.95,22.4,240389.0,EDN
2019-10-25,22.0,23.8,21.8,22.7,381723.0,EDN
2019-10-28,23.0,24.4,20.85,21.85,255045.0,EDN
2019-10-29,21.0,22.5,20.1,20.7,1155028.0,EDN
2019-10-30,20.95,21.9,19.9,21.85,359560.0,EDN
2019-10-31,22.0,22.65,21.75,22.4,549033.0,EDN
2019-11-01,22.65,22.9,21.45,22.0,567226.0,EDN
2019-11-04,21.9,22.65,21.55,22.0,470370.0,EDN
2019-11-05,22.8,23.0,21.15,21.4,531099.0,EDN
2019-11-06,21.5,21.6,20.5,20.8,124694.0,EDN
2019-11-07,20.95,21.45,20.5,20.75,338721.0,EDN
2019-11-08,20.85,21.4,19.1,19.3,724730.0,EDN
2019-11-11,20.0,20.0,18.6,18.65,267626.0,EDN
2019-11-12,18.0,19.5,18.0,18.8,219369.0,EDN
2019-11-13,18.8,19.5,17.45,17.6,208943.0,EDN
2019-11-14,18.0,18.5,15.8,16.3,332931.0,EDN
2019-11-15,16.4,17.1,16.3,16.95,230758.0,EDN
2019-11-19,17.2,18.1,17.0,18.1,390114.0,EDN
2019-11-20,18.2,19.4,18.2,19.3,460544.0,EDN
2019-11-21,19.5,20.3,18.8,18.9,317718.0,EDN
2019-11-22,18.9,19.9,18.85,19.45,193987.0,EDN
2019-11-26,19.45,19.8,18.05,18.45,110305.0,EDN
2019-11-27,18.9,19.85,18.5,19.85,160295.0,EDN
2019-11-28,19.75,20.4,19.0,19.9,116711.0,EDN
2019-11-29,19.9,20.25,19.3,19.65,84216.0,EDN
2019-12-02,19.9,20.0,19.0,19.25,76658.0,EDN
2019-12-03,19.45,19.7,18.5,19.2,96856.0,EDN
2019-12-04,19.4,20.1,19.2,19.85,468482.0,EDN
2019-12-05,20.0,20.45,19.5,20.4,285250.0,EDN
2019-12-06,20.4,21.3,20.4,20.9,324176.0,EDN
2019-12-09,20.9,21.4,20.5,20.95,310350.0,EDN
2019-12-10,20.85,20.85,19.2,19.8,237778.0,EDN
2019-12-11,19.65,20.3,18.55,19.1,262273.0,EDN
2019-12-12,19.1,19.1,18.6,18.9,166560.0,EDN
2019-12-13,18.6,20.25,18.6,19.8,539858.0,EDN
2019-12-16,19.9,22.25,19.9,22.25,1146011.0,EDN
2019-12-17,21.5,21.8,20.0,20.45,655012.0,EDN
2019-12-18,20.5,21.3,20.45,20.7,386149.0,EDN
2019-12-19,20.8,21.5,20.75,20.9,305218.0,EDN
2019-12-20,21.05,21.2,20.65,20.95,286414.0,EDN
2019-12-23,20.8,22.1,20.55,22.1,508134.0,EDN
2019-12-26,23.1,26.95,23.1,26.9,1260838.0,EDN
2019-12-27,26.9,27.5,24.0,24.85,870535.0,EDN
2019-12-30,24.85,25.35,23.15,24.2,603455.0,EDN
2020-01-02,24.2,25.0,22.3,22.8,913962.0,EDN
2020-01-03,22.65,23.4,21.7,21.7,687024.0,EDN
2020-01-06,21.65,22.95,21.05,22.95,519461.0,EDN
2020-01-07,23.5,23.65,22.7,22.7,522760.0,EDN
2020-01-08,22.7,23.35,22.25,22.55,168807.0,EDN
2020-01-09,23.0,23.35,22.7,23.0,181245.0,EDN
2020-01-10,23.1,23.6,23.05,23.5,182780.0,EDN
2020-01-13,23.6,24.0,23.05,23.6,373572.0,EDN
2020-01-14,23.6,23.6,22.25,23.2,219044.0,EDN
2020-01-15,23.85,23.85,22.55,22.65,206352.0,EDN
2020-01-16,22.95,23.5,22.45,23.5,455223.0,EDN
2020-01-17,23.75,24.6,23.5,23.95,766746.0,EDN
2020-01-20,23.95,24.75,23.95,24.7,231311.0,EDN
2020-01-21,24.7,24.75,23.4,23.4,281659.0,EDN
2020-01-22,23.5,23.7,22.55,23.6,183597.0,EDN
2020-01-23,23.7,23.8,22.9,23.1,168593.0,EDN
2020-01-24,23.15,23.7,21.75,22.15,266077.0,EDN
2020-01-27,22.0,22.0,20.7,21.7,208454.0,EDN
2020-01-28,22.2,23.4,22.15,22.8,137796.0,EDN
2020-01-29,23.0,23.65,22.5,23.1,205556.0,EDN
2020-01-30,22.9,23.1,22.05,22.85,88670.0,EDN
2020-01-31,23.0,23.0,21.95,22.15,80074.0,EDN
2020-02-03,22.65,23.25,21.65,23.1,158627.0,EDN
2020-02-04,23.5,23.5,22.2,22.85,115286.0,EDN
2020-02-05,23.3,23.3,22.0,22.25,84053.0,EDN
2020-02-06,22.35,22.55,22.0,22.1,48419.0,EDN
2020-02-07,22.2,22.7,22.2,22.7,87649.0,EDN
2020-02-10,22.45,22.7,21.9,22.15,117862.0,EDN
2020-02-11,22.15,22.15,20.75,21.25,135996.0,EDN
2020-02-12,21.6,21.7,21.1,21.4,68455.0,EDN
2020-02-13,21.6,21.8,20.75,21.0,152433.0,EDN
2020-02-14,21.5,21.7,20.65,21.35,128173.0,EDN
2020-02-17,21.7,21.8,20.75,21.3,33711.0,EDN
2020-02-18,21.7,21.7,20.6,20.75,80952.0,EDN
2020-02-19,21.1,21.5,20.8,20.8,100820.0,EDN
2020-02-20,21.4,21.85,20.75,20.9,215666.0,EDN
2020-02-21,21.25,21.6,20.9,21.15,80593.0,EDN
2020-02-26,20.5,20.5,19.5,19.9,273190.0,EDN
2020-02-27,19.95,20.0,18.55,19.2,294933.0,EDN
2020-02-28,19.15,19.15,18.1,19.15,160839.0,EDN
2020-03-02,19.5,19.8,18.5,19.6,250485.0,EDN
2020-03-03,19.95,21.3,19.25,19.6,385863.0,EDN
2020-03-04,20.0,20.5,19.9,20.4,114431.0,EDN
2020-03-05,21.0,21.0,19.55,20.45,132490.0,EDN
2020-03-06,19.9,20.0,19.05,19.3,140890.0,EDN
2020-03-09,18.8,18.8,15.5,16.6,504591.0,EDN
2020-03-10,17.3,19.05,17.3,18.55,422934.0,EDN
2020-03-11,18.6,19.0,17.9,18.75,220137.0,EDN
2020-03-12,18.25,19.2,16.8,18.5,444400.0,EDN
2020-03-13,18.05,19.65,17.6,18.05,155487.0,EDN
2020-03-16,17.5,17.5,15.55,15.9,401246.0,EDN
2020-03-17,15.8,16.1,14.0,14.75,850315.0,EDN
2020-03-18,13.5,13.6,11.9,13.5,1129639.0,EDN
2020-03-19,12.8,14.25,12.7,13.3,307583.0,EDN
2020-03-20,13.9,15.0,13.5,14.5,364211.0,EDN
2020-03-25,14.85,14.85,14.05,14.5,790493.0,EDN
2020-03-26,14.95,15.1,13.75,14.35,332284.0,EDN
2020-03-27,14.4,14.4,13.15,13.4,125105.0,EDN
2020-03-30,13.95,14.0,12.7,13.6,260756.0,EDN
2020-04-01,13.9,14.0,13.4,13.6,281807.0,EDN
2020-04-02,13.65,14.15,13.45,13.95,184750.0,EDN
2020-04-03,14.1,14.55,13.8,14.2,100484.0,EDN
2020-04-06,14.15,14.75,14.0,14.3,171441.0,EDN
2020-04-07,14.7,15.35,14.55,15.05,299523.0,EDN
2020-04-08,15.35,16.0,15.1,16.0,432847.0,EDN
2020-04-13,16.35,16.5,15.1,16.2,212913.0,EDN
2020-04-14,16.05,17.0,16.0,16.7,296457.0,EDN
2020-04-15,16.0,17.4,15.8,17.2,341807.0,EDN
2020-04-16,17.5,17.5,15.6,16.2,284215.0,EDN
2020-04-17,16.05,16.75,15.75,16.4,160650.0,EDN
2020-04-20,16.4,16.7,15.9,16.65,192309.0,EDN
2020-04-21,16.55,17.0,16.05,16.3,52889.0,EDN
2020-04-22,16.8,16.85,16.1,16.7,93109.0,EDN
2020-04-23,16.6,16.8,16.1,16.2,168207.0,EDN
2020-04-24,16.45,16.45,15.4,16.0,263139.0,EDN
2020-04-27,16.25,16.8,15.65,16.75,196021.0,EDN
2020-04-28,17.0,17.5,16.65,17.5,325774.0,EDN
2020-04-29,17.6,18.25,16.45,16.8,590688.0,EDN
2020-04-30,16.95,17.15,16.5,16.85,283432.0,EDN
2020-05-04,17.0,17.05,16.35,16.8,139546.0,EDN
2020-05-05,17.1,17.8,16.85,17.1,402677.0,EDN
2020-05-06,17.1,17.6,16.7,17.3,334197.0,EDN
2020-05-07,17.4,18.1,17.35,18.0,399682.0,EDN
2020-05-08,18.65,19.15,18.25,18.4,492291.0,EDN
2020-05-11,18.8,19.6,18.0,19.5,307136.0,EDN
2020-05-12,19.6,21.0,19.6,20.15,579282.0,EDN
2020-05-13,20.05,20.05,18.6,19.0,490060.0,EDN
2020-05-14,18.7,20.0,18.45,19.8,219697.0,EDN
2020-05-15,19.8,20.65,19.8,20.25,208552.0,EDN
2020-05-18,21.0,21.0,20.2,20.8,227901.0,EDN
2020-05-19,20.8,20.8,20.05,20.4,139377.0,EDN
2020-05-20,20.5,20.8,19.8,20.1,189589.0,EDN
2020-05-21,20.65,20.65,20.0,20.3,290504.0,EDN
2020-05-22,20.4,20.7,19.7,19.9,196807.0,EDN
2020-05-26,20.0,21.2,20.0,20.2,286451.0,EDN
2020-05-27,21.0,21.0,19.9,20.5,369160.0,EDN
2020-05-28,20.5,20.6,19.5,19.6,123798.0,EDN
2020-05-29,19.3,19.8,18.65,18.85,153958.0,EDN
2020-06-01,19.2,20.15,19.2,20.15,254393.0,EDN
2020-06-02,21.0,22.0,20.6,21.75,583568.0,EDN
2020-06-03,22.1,23.3,22.0,22.8,735598.0,EDN
2020-06-04,22.8,23.5,22.6,23.35,499717.0,EDN
2020-06-05,23.35,24.7,23.35,24.0,746588.0,EDN
2020-06-08,24.9,27.5,24.9,27.5,1613038.0,EDN
2020-06-09,27.0,27.0,25.0,26.0,998340.0,EDN
2020-06-10,26.2,28.95,23.95,28.65,900814.0,EDN
2020-06-11,29.0,29.0,25.0,25.4,1263527.0,EDN
2020-06-12,26.0,26.7,24.1,25.2,931716.0,EDN
2020-06-16,25.5,27.5,25.2,25.4,817138.0,EDN
2020-06-17,25.65,26.4,23.5,23.9,533307.0,EDN
2020-06-18,22.85,22.85,20.9,21.0,1251133.0,EDN
2020-06-19,21.95,22.6,21.3,22.35,730862.0,EDN
2020-06-22,22.35,22.7,21.0,21.8,506047.0,EDN
2020-06-23,22.1,22.8,21.4,21.8,354697.0,EDN
2020-06-24,21.8,21.8,20.6,21.2,301398.0,EDN
2020-06-25,21.0,22.85,21.0,22.7,3050636.0,EDN
2020-06-26,22.65,22.65,21.35,21.95,212087.0,EDN
2020-06-29,22.0,22.4,21.4,21.85,145815.0,EDN
2020-06-30,22.0,22.0,20.15,20.45,403676.0,EDN
2020-07-01,20.3,21.2,20.0,20.95,371664.0,EDN
2020-07-02,20.95,21.75,20.0,21.5,411500.0,EDN
2020-07-03,21.9,22.1,21.2,21.4,94296.0,EDN
2020-07-06,22.55,24.0,22.0,24.0,1078840.0,EDN
2020-07-07,24.0,24.0,22.0,23.3,411890.0,EDN
2020-07-08,23.35,24.0,22.9,23.55,241218.0,EDN
2020-07-13,23.95,24.7,22.0,23.75,413410.0,EDN
2020-07-14,23.4,23.55,22.5,23.15,293098.0,EDN
2020-07-15,23.5,23.9,23.2,23.7,355372.0,EDN
2020-07-16,23.5,23.85,23.0,23.7,140041.0,EDN
2020-07-17,23.9,24.0,23.3,24.0,348947.0,EDN
2020-07-20,24.1,24.15,23.2,23.35,380786.0,EDN
2020-07-21,23.7,24.35,23.5,24.05,535162.0,EDN
2020-07-22,24.55,24.8,24.1,24.45,463246.0,EDN
2020-07-23,24.5,25.15,23.5,23.95,446141.0,EDN
2020-07-24,23.7,24.35,23.0,23.9,242078.0,EDN
2020-07-27,24.4,24.7,23.7,23.7,412129.0,EDN
2020-07-28,23.9,24.15,23.0,23.75,439997.0,EDN
2020-07-29,23.8,24.15,22.9,23.3,275910.0,EDN
2020-07-30,23.1,23.5,22.0,23.45,237506.0,EDN
2020-07-31,24.0,24.0,23.3,23.5,165048.0,EDN
2020-08-03,23.4,25.3,23.05,24.6,1131579.0,EDN
2020-08-04,26.9,27.5,25.0,25.45,1710132.0,EDN
2020-08-05,26.5,27.1,25.75,26.4,701989.0,EDN
2020-08-06,25.8,27.75,25.4,27.55,886786.0,EDN
2020-08-07,27.3,28.2,26.9,28.1,385294.0,EDN
2020-08-10,27.4,28.4,26.8,27.1,355993.0,EDN
2020-08-11,27.05,27.5,25.35,25.7,676309.0,EDN
2020-08-12,25.65,25.9,24.3,25.65,573500.0,EDN
2020-08-13,25.5,26.2,25.4,25.8,773499.0,EDN
2020-08-14,25.8,25.8,24.7,25.1,180590.0,EDN
2020-08-18,25.0,25.2,23.5,23.8,501475.0,EDN
2020-08-19,24.35,25.0,23.6,24.7,190772.0,EDN
2020-08-20,24.8,24.95,24.1,24.5,150248.0,EDN
2020-08-21,24.75,25.0,23.1,24.05,239760.0,EDN
2020-08-24,24.0,24.35,22.8,23.0,249862.0,EDN
2020-08-25,23.0,23.45,22.0,22.3,212695.0,EDN
2020-08-26,22.3,22.8,21.95,22.3,116361.0,EDN
2020-08-27,22.2,22.7,21.0,21.5,294523.0,EDN
2020-08-28,21.75,23.0,21.55,22.8,165220.0,EDN
2020-08-31,23.4,23.4,22.45,22.7,303302.0,EDN
2020-09-01,22.95,23.0,21.85,22.05,358132.0,EDN
2020-09-02,23.0,23.0,21.1,21.7,140604.0,EDN
2020-09-03,21.8,22.65,21.5,21.95,80563.0,EDN
2020-09-04,21.8,21.9,21.3,21.55,106571.0,EDN
2020-09-07,21.55,22.35,21.3,22.2,124786.0,EDN
2020-09-08,21.9,22.55,21.35,21.65,177764.0,EDN
2020-09-09,22.35,22.35,21.5,21.85,152748.0,EDN
2020-09-10,22.2,22.7,21.9,22.25,251767.0,EDN
2020-09-11,22.4,22.7,21.85,21.95,107830.0,EDN
2020-09-14,21.5,22.3,21.2,21.25,356543.0,EDN
2020-09-15,21.25,21.9,21.0,21.15,138375.0,EDN
2020-09-16,20.5,21.0,19.0,19.95,430198.0,EDN
2020-09-17,19.0,19.95,18.3,18.7,312135.0,EDN
2020-09-18,18.65,21.2,18.65,20.95,472425.0,EDN
2020-09-21,21.0,21.9,20.05,20.6,154158.0,EDN
2020-09-22,21.0,21.7,20.95,21.2,0.0,EDN
2020-09-23,21.2,22.65,21.0,22.3,232959.0,EDN
2020-09-24,22.3,22.65,21.2,21.7,303181.0,EDN
2020-09-25,21.9,22.6,21.9,22.5,80964.0,EDN
2020-09-28,22.0,22.6,21.8,22.25,78574.0,EDN
2020-09-29,22.2,22.7,21.4,22.0,707167.0,EDN
2020-09-30,22.0,23.3,21.55,22.8,302217.0,EDN
2020-10-01,22.85,23.35,21.75,23.35,159230.0,EDN
2020-10-02,23.35,23.5,22.5,23.4,154713.0,EDN
2020-10-05,23.0,23.35,22.5,23.15,205363.0,EDN
2020-10-06,23.05,23.6,21.75,22.05,659902.0,EDN
2020-10-07,22.05,22.3,21.3,21.5,388145.0,EDN
2020-10-08,21.0,22.1,21.0,21.8,183810.0,EDN
2020-10-09,22.25,22.5,21.7,22.15,356884.0,EDN
2020-10-13,21.95,23.0,21.2,22.8,354744.0,EDN
2020-10-14,22.8,24.05,22.3,23.6,677050.0,EDN
2020-10-15,23.6,25.2,23.6,24.85,549212.0,EDN
2020-10-16,25.0,26.5,24.8,26.4,653314.0,EDN
2020-10-19,26.5,29.5,26.4,29.0,1433741.0,EDN
2020-10-20,29.3,29.95,27.8,29.5,898361.0,EDN
2020-10-21,29.65,29.9,28.1,29.3,881092.0,EDN
2020-10-22,29.0,30.05,28.35,29.8,503930.0,EDN
2020-10-23,29.9,30.65,28.55,30.65,413897.0,EDN
2020-10-26,30.1,32.0,29.0,29.2,340371.0,EDN
2020-10-27,29.2,29.5,25.2,27.65,325028.0,EDN
2020-10-28,26.0,27.3,25.1,25.85,356506.0,EDN
2020-10-29,25.7,27.0,25.15,26.75,247223.0,EDN
2020-10-30,26.1,27.8,25.2,26.65,306145.0,EDN
2020-11-02,26.45,27.1,26.45,26.95,514749.0,EDN
2020-11-03,27.0,28.9,27.0,27.65,408795.0,EDN
2020-11-04,28.0,28.0,25.9,26.65,127430.0,EDN
2020-11-05,26.8,27.5,26.0,27.45,202086.0,EDN
2020-11-06,28.0,28.3,26.7,27.9,177897.0,EDN
2020-11-09,28.1,28.9,27.3,27.9,297308.0,EDN
2020-11-10,27.65,29.25,27.6,28.7,187342.0,EDN
2020-11-11,29.5,29.65,28.0,29.05,300417.0,EDN
2020-11-12,29.4,30.0,27.0,28.05,204334.0,EDN
2020-11-13,27.8,28.7,27.0,27.3,265988.0,EDN
2020-11-16,28.0,28.65,27.45,28.0,238813.0,EDN
2020-11-17,27.95,28.15,27.2,27.55,139247.0,EDN
2020-11-18,27.5,28.0,27.0,27.5,137714.0,EDN
2020-11-19,28.0,28.0,26.35,26.85,212080.0,EDN
2020-11-20,26.9,26.95,25.0,26.1,353230.0,EDN
2020-11-24,26.5,26.95,25.05,26.8,707105.0,EDN
2020-11-25,27.2,27.2,26.0,26.5,434412.0,EDN
2020-11-26,26.0,27.0,26.0,26.55,177093.0,EDN
2020-11-27,26.7,27.5,26.25,27.35,424977.0,EDN
2020-11-30,27.9,28.0,26.2,26.7,228649.0,EDN
2020-12-01,27.5,27.5,26.2,27.15,386975.0,EDN
2020-12-02,27.1,28.0,26.7,27.85,510153.0,EDN
2020-12-03,28.0,28.8,27.2,27.5,593062.0,EDN
2020-12-04,28.05,28.2,26.5,27.1,322847.0,EDN
2020-12-09,27.1,27.7,26.0,26.0,336736.0,EDN
2020-12-10,26.5,27.45,25.8,26.3,348706.0,EDN
2020-12-11,25.95,26.7,25.8,26.1,201669.0,EDN
2020-12-14,26.5,26.75,25.5,26.0,287759.0,EDN
2020-12-15,26.0,26.4,25.6,26.0,481801.0,EDN
2020-12-16,26.25,26.3,25.75,25.9,119581.0,EDN
2020-12-17,25.5,26.75,25.3,26.2,336443.0,EDN
2020-12-18,26.0,26.85,25.55,25.8,503114.0,EDN
2020-12-21,25.1,25.8,23.5,24.9,309667.0,EDN
2020-12-22,25.0,25.75,24.9,24.9,234350.0,EDN
2020-12-23,25.0,25.8,24.9,25.75,123719.0,EDN
2020-12-28,25.0,26.4,24.55,26.0,173288.0,EDN
2020-12-29,26.6,30.15,26.6,29.75,1788211.0,EDN
2020-12-30,30.0,30.5,28.25,28.9,775357.0,EDN
2021-01-04,28.65,28.9,27.1,28.1,394991.0,EDN
2021-01-05,28.0,28.25,27.5,27.8,218966.0,EDN
2021-01-06,27.8,28.35,26.9,27.5,429057.0,EDN
2021-01-07,27.55,28.15,27.0,27.25,264141.0,EDN
2021-01-08,26.9,27.7,26.85,26.85,203537.0,EDN
2021-01-11,26.75,28.05,25.65,25.85,259789.0,EDN
2021-01-12,25.5,26.6,25.5,26.15,152661.0,EDN
2021-01-13,26.0,27.0,26.0,26.5,156210.0,EDN
2021-01-14,26.15,27.5,25.9,26.6,141540.0,EDN
2021-01-15,27.0,27.2,26.5,27.2,241197.0,EDN
2021-01-18,27.5,27.5,26.55,26.9,64539.0,EDN
2021-01-19,26.6,27.5,26.5,27.5,133912.0,EDN
2021-01-20,27.5,28.0,27.0,27.35,143781.0,EDN
2021-01-21,27.35,28.0,25.2,25.6,378950.0,EDN
2021-01-22,26.0,26.6,25.0,26.3,216242.0,EDN
2021-01-25,26.0,27.1,25.9,26.5,367943.0,EDN
2021-01-26,26.6,27.9,26.3,27.15,368236.0,EDN
2021-01-27,27.15,27.65,26.5,27.4,214653.0,EDN
2021-01-28,27.3,27.4,26.6,26.65,184800.0,EDN
2021-01-29,26.2,27.2,26.0,26.3,201532.0,EDN
2021-02-01,26.2,26.85,25.6,26.45,47241.0,EDN
2021-02-02,26.8,27.3,26.4,26.9,138802.0,EDN
2021-02-03,26.9,28.65,26.5,28.35,445717.0,EDN
2021-02-04,28.35,28.7,27.3,28.5,480314.0,EDN
2021-02-05,28.5,28.7,27.45,27.95,511646.0,EDN
2021-02-08,27.9,28.7,27.55,27.9,782081.0,EDN
2021-02-09,28.1,28.25,27.55,28.1,276577.0,EDN
2021-02-10,28.9,28.9,27.85,28.3,90454.0,EDN
2021-02-11,28.3,28.65,27.6,27.7,135393.0,EDN
2021-02-12,27.55,28.1,27.55,27.6,166501.0,EDN
2021-02-17,27.95,28.4,27.8,28.1,138349.0,EDN
2021-02-18,28.2,29.0,27.75,27.95,290925.0,EDN
2021-02-19,28.0,28.6,27.75,27.85,118872.0,EDN
2021-02-22,27.85,28.5,27.5,27.5,304446.0,EDN
2021-02-23,27.3,28.75,26.6,27.7,140752.0,EDN
2021-02-24,27.7,28.4,27.0,28.0,115409.0,EDN
2021-02-25,28.0,28.5,27.5,27.5,105489.0,EDN
2021-02-26,27.7,28.45,26.9,27.1,61233.0,EDN
2021-03-01,28.1,28.55,27.1,27.8,117078.0,EDN
2021-03-02,28.0,28.1,27.1,27.55,40189.0,EDN
2021-03-03,27.15,27.65,26.7,26.9,86876.0,EDN
2021-03-04,27.0,27.6,25.4,25.9,151581.0,EDN
2021-03-05,26.2,26.7,25.6,26.0,54876.0,EDN
2021-03-08,25.7,26.75,25.0,25.4,62679.0,EDN
2021-03-09,25.2,26.2,25.2,26.0,159458.0,EDN
2021-03-10,26.3,26.3,25.4,25.65,85934.0,EDN
2021-03-11,25.65,26.5,25.4,26.3,136250.0,EDN
2021-03-12,26.3,26.35,25.7,26.25,159283.0,EDN
2021-03-15,26.5,27.4,26.5,27.0,140611.0,EDN
2021-03-16,26.75,27.0,26.25,26.45,147067.0,EDN
2021-03-17,26.5,27.0,25.9,26.15,91977.0,EDN
2021-03-18,26.7,26.7,25.5,25.65,142187.0,EDN
2021-03-19,25.65,26.0,24.9,25.9,74302.0,EDN
2021-03-22,26.5,26.5,25.2,25.9,40450.0,EDN
2021-03-23,26.3,26.55,25.35,26.0,140042.0,EDN
2021-03-25,26.0,26.0,25.2,25.3,19035.0,EDN
2021-03-26,25.3,26.5,25.1,25.15,50781.0,EDN
2021-03-29,25.15,25.7,24.1,25.35,80022.0,EDN
2021-03-30,25.0,26.0,25.0,26.0,99361.0,EDN
2021-03-31,26.0,26.5,25.2,25.55,194626.0,EDN
2021-04-05,25.0,26.6,25.0,25.95,73607.0,EDN
2021-04-06,26.1,27.0,26.1,26.9,110926.0,EDN
2021-04-07,26.9,27.95,26.9,27.15,77927.0,EDN
2021-04-08,27.15,27.75,26.4,27.4,235814.0,EDN
2021-04-09,27.9,27.9,26.9,27.1,117508.0,EDN
2021-04-12,27.1,27.6,26.3,27.35,81097.0,EDN
2021-04-13,26.9,27.5,26.5,26.9,75808.0,EDN
2021-04-14,27.0,27.2,26.5,27.0,150897.0,EDN
2021-04-15,27.3,27.3,26.05,26.4,57142.0,EDN
2021-04-16,26.4,27.4,25.3,27.0,71893.0,EDN
2021-04-19,26.5,27.0,26.3,26.75,107149.0,EDN
2021-04-20,27.0,27.0,25.6,26.5,81891.0,EDN
2021-04-21,26.85,27.6,26.0,27.25,204701.0,EDN
2021-04-22,26.7,27.65,26.7,27.3,89366.0,EDN
2021-04-23,26.7,27.3,26.45,26.5,51471.0,EDN
2021-04-26,26.3,27.25,26.3,27.25,204362.0,EDN
2021-04-27,27.5,27.75,26.9,27.4,83686.0,EDN
2021-04-28,27.6,27.9,27.3,27.55,136850.0,EDN
2021-04-29,27.75,28.1,26.85,27.5,127722.0,EDN
2021-04-30,26.95,28.0,26.95,27.75,52371.0,EDN
2021-05-03,27.85,28.15,27.6,27.7,128951.0,EDN
2021-05-04,27.95,28.0,27.35,27.9,88395.0,EDN
2021-05-05,27.9,28.0,27.45,27.85,28347.0,EDN
2021-05-06,27.85,28.0,27.2,27.4,98194.0,EDN
2021-05-07,27.5,28.0,26.85,27.45,50953.0,EDN
2021-05-10,27.35,28.0,27.35,27.5,147719.0,EDN
2021-05-11,27.45,27.5,26.7,27.3,199250.0,EDN
2021-05-12,26.8,27.5,26.8,27.0,87336.0,EDN
2021-05-13,27.1,27.8,26.55,27.5,239929.0,EDN
2021-05-14,27.5,28.3,27.3,27.85,211252.0,EDN
2021-05-17,28.0,28.3,27.5,28.05,100452.0,EDN
2021-05-18,28.9,28.9,27.5,27.7,122624.0,EDN
2021-05-19,27.7,28.1,27.4,27.65,90914.0,EDN
2021-05-20,27.4,28.2,27.4,27.7,387834.0,EDN
2021-05-21,27.75,28.7,27.75,28.6,368573.0,EDN
2021-05-26,29.0,30.35,29.0,29.95,493181.0,EDN
2021-05-27,30.4,31.0,30.2,30.85,298758.0,EDN
2021-05-28,31.4,31.45,30.7,31.25,232660.0,EDN
2021-05-31,31.25,31.5,30.0,30.95,84115.0,EDN
2021-06-01,31.0,32.0,31.0,31.25,258354.0,EDN
2021-06-02,31.95,32.9,31.25,32.6,113139.0,EDN
2021-06-03,32.65,34.5,32.25,34.5,302203.0,EDN
2021-06-04,34.3,36.55,34.0,36.1,557071.0,EDN
2021-06-07,36.55,41.8,35.9,41.3,1168633.0,EDN
2021-06-08,41.5,42.2,39.0,42.1,424354.0,EDN
2021-06-09,42.1,46.7,41.75,45.9,840655.0,EDN
2021-06-10,46.8,48.25,41.6,41.8,1074268.0,EDN
2021-06-11,42.0,42.5,39.7,42.25,602569.0,EDN
2021-06-14,44.05,45.2,42.0,43.5,555221.0,EDN
2021-06-15,44.0,44.1,41.8,42.45,132186.0,EDN
2021-06-16,42.0,43.3,41.95,42.6,146274.0,EDN
2021-06-17,43.2,43.2,41.5,41.9,225847.0,EDN
2021-06-18,42.0,42.0,40.1,40.75,172929.0,EDN
2021-06-22,40.0,40.75,38.1,40.65,206832.0,EDN
2021-06-23,41.1,42.5,41.05,41.65,135588.0,EDN
2021-06-24,42.0,43.2,41.65,42.0,157336.0,EDN
2021-06-25,39.9,46.0,39.2,42.2,391657.0,EDN
2021-06-28,42.5,42.5,40.5,40.65,198247.0,EDN
2021-06-29,40.0,40.6,38.5,38.6,372714.0,EDN
2021-06-30,39.0,40.2,37.0,39.75,242704.0,EDN
2021-07-01,40.3,41.3,39.35,39.4,99514.0,EDN
2021-07-02,40.0,40.9,37.4,38.7,368257.0,EDN
2021-07-05,38.75,39.0,38.0,38.75,170519.0,EDN
2021-07-06,39.0,39.35,37.3,37.8,217173.0,EDN
2021-07-07,38.0,38.55,36.3,37.4,274464.0,EDN
2021-07-08,38.0,38.0,36.15,36.6,158861.0,EDN
2021-07-12,37.55,38.0,36.8,37.95,156299.0,EDN
2021-07-13,38.5,39.2,36.9,38.35,71473.0,EDN
2021-07-14,38.4,38.75,37.85,38.7,98770.0,EDN
2021-07-15,38.7,38.7,36.9,38.0,65363.0,EDN
2021-07-16,38.0,38.25,37.0,37.5,230692.0,EDN
2021-07-19,37.5,37.5,36.1,36.9,106101.0,EDN
2021-07-20,36.4,38.0,36.4,37.4,56271.0,EDN
2021-07-21,38.0,39.3,37.4,39.2,220629.0,EDN
2021-07-22,39.0,39.2,37.95,38.45,189202.0,EDN
2021-07-23,38.45,39.0,38.4,38.85,195124.0,EDN
2021-07-26,38.85,39.25,38.25,38.7,57400.0,EDN
2021-07-27,37.4,39.0,37.4,38.75,70076.0,EDN
2021-07-28,39.2,39.2,38.5,38.9,32543.0,EDN
2021-07-29,39.0,40.5,38.3,39.85,133776.0,EDN
2021-07-30,40.0,40.75,38.95,39.0,63644.0,EDN
2021-08-02,40.0,40.5,38.95,40.3,129209.0,EDN
2021-08-03,39.8,41.4,39.25,41.0,68028.0,EDN
2021-08-04,41.0,41.0,39.75,39.85,47757.0,EDN
2021-08-05,41.0,41.0,39.3,40.0,82156.0,EDN
2021-08-06,40.0,40.85,39.5,40.3,130585.0,EDN
2021-08-09,40.3,40.45,39.6,39.8,29589.0,EDN
2021-08-10,40.3,40.8,38.15,40.55,46917.0,EDN
2021-08-11,40.8,41.05,40.45,40.9,142342.0,EDN
2021-08-12,40.0,41.2,39.8,40.55,78039.0,EDN
2021-08-13,41.5,41.5,40.0,41.45,68796.0,EDN
2021-08-17,41.25,42.55,40.55,41.9,154017.0,EDN
2021-08-18,43.0,43.0,40.7,41.65,121854.0,EDN
2021-08-19,41.1,42.0,39.7,41.7,343010.0,EDN
2021-08-20,42.0,42.0,40.15,40.55,78613.0,EDN
2021-08-23,41.3,42.4,40.5,41.7,129209.0,EDN
2021-08-24,41.95,46.9,41.1,45.4,593017.0,EDN
2021-08-25,45.8,49.55,44.1,48.95,709547.0,EDN
2021-08-26,49.0,54.85,49.0,53.65,1406860.0,EDN
2021-08-27,54.0,54.95,53.9,54.45,415246.0,EDN
2021-08-30,54.55,69.05,54.55,62.4,1427214.0,EDN
2021-08-31,65.2,66.9,59.7,62.3,1380711.0,EDN
2021-09-01,62.7,65.4,59.8,63.45,637493.0,EDN
2021-09-02,64.5,65.95,63.0,65.45,304343.0,EDN
2021-09-03,66.0,66.3,63.1,64.2,151190.0,EDN
2021-09-06,65.0,67.0,64.6,64.85,93383.0,EDN
2021-09-07,65.0,66.25,64.0,64.85,339138.0,EDN
2021-09-08,65.0,65.4,61.1,61.85,479025.0,EDN
2021-09-09,62.05,63.3,58.1,59.3,286399.0,EDN
2021-09-10,59.3,60.55,57.5,59.1,286297.0,EDN
2021-09-13,64.5,66.8,63.0,63.85,416911.0,EDN
2021-09-14,65.0,65.6,60.25,61.85,278013.0,EDN
2021-09-15,61.85,62.0,55.1,58.6,735930.0,EDN
2021-09-16,56.9,62.3,53.0,62.25,492724.0,EDN
2021-09-17,62.25,64.0,59.95,62.75,337428.0,EDN
2021-09-20,62.4,62.4,57.1,58.9,151468.0,EDN
2021-09-21,60.0,60.9,58.8,60.15,118636.0,EDN
2021-09-22,60.0,62.6,59.95,62.45,242616.0,EDN
2021-09-23,62.5,62.75,60.1,60.45,555790.0,EDN
2021-09-24,60.6,62.15,58.2,60.05,65970.0,EDN
2021-09-27,60.0,63.0,59.9,62.9,169895.0,EDN
2021-09-28,62.9,65.5,61.1,62.45,133884.0,EDN
2021-09-29,62.45,64.0,61.8,62.6,52187.0,EDN
2021-09-30,62.4,64.5,62.1,63.6,173029.0,EDN
2021-10-01,64.0,64.5,62.5,63.6,113746.0,EDN
2021-10-04,65.0,67.0,62.7,63.0,70895.0,EDN
2021-10-05,63.5,63.5,61.0,61.75,76322.0,EDN
2021-10-06,61.7,64.2,60.7,63.0,161109.0,EDN
2021-10-07,65.0,65.5,60.7,64.0,101320.0,EDN
2021-10-12,67.2,69.0,64.7,65.5,323797.0,EDN
2021-10-13,66.5,67.0,63.5,65.8,72736.0,EDN
2021-10-14,66.7,66.75,64.5,65.5,104690.0,EDN
2021-10-15,65.5,66.1,64.15,65.45,122663.0,EDN
2021-10-18,65.05,66.9,65.05,66.55,126234.0,EDN
2021-10-19,66.05,68.3,66.05,67.5,147462.0,EDN
2021-10-20,68.4,69.8,66.15,69.45,268869.0,EDN
2021-10-21,69.4,70.4,67.0,69.35,160719.0,EDN
2021-10-22,69.5,73.65,69.5,73.05,420167.0,EDN
2021-10-25,73.8,77.5,73.6,75.1,254637.0,EDN
2021-10-26,78.0,78.0,74.1,75.55,110550.0,EDN
2021-10-27,75.6,77.2,72.5,72.7,142720.0,EDN
2021-10-28,73.2,74.9,70.55,71.9,125824.0,EDN
2021-10-29,75.0,75.0,65.9,68.7,215864.0,EDN
2021-11-01,68.4,72.25,68.1,70.8,200711.0,EDN
2021-11-02,71.0,72.0,70.1,70.45,105706.0,EDN
2021-11-03,70.0,73.7,69.1,73.25,214323.0,EDN
2021-11-04,75.0,75.0,71.5,72.5,97276.0,EDN
2021-11-05,73.0,73.4,70.2,70.5,139319.0,EDN
2021-11-08,70.7,72.5,69.5,70.4,217455.0,EDN
2021-11-09,71.0,72.0,68.35,68.4,178945.0,EDN
2021-11-10,68.6,68.9,65.55,66.35,290995.0,EDN
2021-11-11,66.2,69.0,66.0,66.7,186692.0,EDN
2021-11-12,67.0,67.95,64.5,67.5,313427.0,EDN
2021-11-15,70.0,70.0,61.0,63.9,740957.0,EDN
2021-11-16,64.1,65.7,59.0,59.3,315782.0,EDN
2021-11-17,59.8,62.0,59.3,61.25,142407.0,EDN
2021-11-18,61.95,62.7,57.05,61.35,194660.0,EDN
2021-11-19,61.4,62.5,58.1,58.6,94393.0,EDN
2021-11-23,58.7,60.0,57.5,59.45,202318.0,EDN
2021-11-24,59.0,61.8,57.0,61.5,56013.0,EDN
2021-11-25,61.75,63.0,61.25,62.4,37645.0,EDN
2021-11-26,62.4,63.9,58.0,59.5,117431.0,EDN
2021-11-29,60.5,62.0,59.0,60.6,75747.0,EDN
2021-11-30,60.6,63.9,58.25,62.55,235027.0,EDN
2021-12-01,63.05,64.5,61.0,63.85,358754.0,EDN
2021-12-02,64.5,65.9,62.2,63.25,267195.0,EDN
2021-12-03,64.0,64.0,60.55,61.4,127257.0,EDN
2021-12-06,61.6,64.0,60.0,62.85,400420.0,EDN
2021-12-07,62.6,63.9,61.0,61.15,125223.0,EDN
2021-12-09,61.1,63.0,58.0,59.2,142107.0,EDN
2021-12-10,59.5,61.3,57.2,58.0,67897.0,EDN
2021-12-13,57.7,59.5,54.65,54.95,103416.0,EDN
2021-12-14,55.35,56.0,53.35,54.55,52406.0,EDN
2021-12-15,55.25,55.25,52.1,53.5,69496.0,EDN
2021-12-16,53.0,55.0,52.2,54.15,61169.0,EDN
2021-12-17,53.95,55.1,53.3,54.25,73495.0,EDN
2021-12-20,55.0,55.1,52.5,53.5,123711.0,EDN
2021-12-21,53.65,54.5,51.0,52.05,235051.0,EDN
2021-12-22,53.0,53.5,50.8,51.0,190083.0,EDN
2021-12-23,51.65,53.6,50.9,52.25,81366.0,EDN
2021-12-27,52.65,54.0,52.5,53.8,89029.0,EDN
2021-12-28,53.7,54.5,51.3,51.85,100703.0,EDN
2021-12-29,53.0,53.8,52.0,52.1,235494.0,EDN
2021-12-30,52.5,58.0,52.5,57.05,291400.0,EDN
2022-01-03,57.15,60.0,56.0,59.55,289960.0,EDN
2022-01-04,58.0,60.0,57.0,58.7,164605.0,EDN
2022-01-05,59.9,60.0,56.1,56.3,132911.0,EDN
2022-01-06,56.5,57.0,54.1,56.25,133922.0,EDN
2022-01-07,56.75,56.75,54.4,54.8,70992.0,EDN
2022-01-10,54.9,54.9,52.7,53.45,58558.0,EDN
2022-01-11,53.0,54.7,53.0,53.25,66396.0,EDN
2022-01-12,53.0,55.0,53.0,53.8,47240.0,EDN
2022-01-13,52.1,54.85,52.1,54.05,26369.0,EDN
2022-01-14,54.5,54.95,52.5,52.6,41282.0,EDN
2022-01-17,52.5,53.6,52.1,53.05,45883.0,EDN
2022-01-18,52.0,54.0,51.2,51.85,32925.0,EDN
2022-01-19,51.2,52.5,51.2,51.8,50191.0,EDN
2022-01-20,51.9,53.45,49.5,52.55,147362.0,EDN
2022-01-21,53.4,53.8,51.6,53.3,67467.0,EDN
2022-01-24,53.7,54.6,52.0,53.35,345168.0,EDN
2022-01-25,52.1,54.5,52.1,54.4,43341.0,EDN
2022-01-26,54.35,54.4,52.55,52.85,211911.0,EDN
2022-01-27,53.1,54.5,52.15,53.0,119216.0,EDN
2022-01-28,54.5,57.5,52.2,54.8,255159.0,EDN
2022-01-31,54.8,64.9,54.7,64.0,457593.0,EDN
2022-02-01,63.0,65.7,60.0,65.2,437696.0,EDN
2022-02-02,65.7,66.0,62.6,63.5,197723.0,EDN
2022-02-03,63.9,66.5,61.1,66.05,168964.0,EDN
2022-02-04,66.0,68.0,65.3,66.55,145057.0,EDN
2022-02-07,66.55,67.5,64.0,66.7,89514.0,EDN
2022-02-08,67.0,67.7,64.0,64.15,41987.0,EDN
2022-02-09,64.2,66.45,62.1,63.0,47295.0,EDN
2022-02-10,62.5,65.0,61.75,63.5,35831.0,EDN
2022-02-11,64.0,64.5,62.5,64.15,89652.0,EDN
2022-02-14,64.5,65.0,62.0,64.35,140350.0,EDN
2022-02-15,64.0,65.0,63.5,64.3,69112.0,EDN
2022-02-16,64.9,66.1,62.8,66.0,101506.0,EDN
2022-02-17,66.0,67.5,64.2,65.05,110319.0,EDN
2022-02-18,65.1,66.4,62.5,64.75,51565.0,EDN
2022-02-21,63.0,66.0,63.0,65.7,95144.0,EDN
2022-02-22,66.5,69.0,64.7,68.3,739918.0,EDN
2022-02-23,68.3,73.75,66.0,73.35,302984.0,EDN
2022-02-24,73.0,73.0,64.1,70.35,308339.0,EDN
2022-02-25,72.0,73.0,66.5,68.2,113962.0,EDN
2022-03-02,71.0,71.3,67.1,69.0,248187.0,EDN
2022-03-03,70.1,72.4,68.6,71.35,200740.0,EDN
2022-03-04,72.3,72.4,68.6,69.5,213029.0,EDN
2022-03-07,67.0,71.0,65.1,66.55,141613.0,EDN
2022-03-08,66.6,68.5,64.75,66.0,94795.0,EDN
2022-03-09,65.1,67.5,64.4,65.0,110998.0,EDN
2022-03-10,65.2,67.5,64.0,67.15,66162.0,EDN
2022-03-11,69.0,69.1,66.0,66.95,77152.0,EDN
2022-03-14,67.0,68.0,62.5,64.65,82900.0,EDN
2022-03-15,64.75,64.8,63.0,64.65,30544.0,EDN
2022-03-16,65.0,66.0,62.4,63.5,168554.0,EDN
2022-03-17,62.8,63.5,61.3,62.2,141059.0,EDN
2022-03-18,62.3,63.3,60.5,62.3,36329.0,EDN
2022-03-21,63.0,64.5,60.5,63.4,87216.0,EDN
2022-03-22,64.9,64.9,63.0,63.1,61700.0,EDN
2022-03-23,65.0,65.0,62.7,63.05,69455.0,EDN
2022-03-25,66.0,66.0,63.5,65.1,126751.0,EDN
2022-03-28,65.1,66.0,64.5,64.9,42645.0,EDN
2022-03-29,65.0,66.0,64.0,64.6,51558.0,EDN
2022-03-30,64.0,67.9,64.0,66.15,78621.0,EDN
2022-03-31,67.4,67.4,64.0,65.2,59872.0,EDN
2022-04-01,66.3,66.3,63.75,64.75,40542.0,EDN
2022-04-04,64.0,66.0,63.0,64.75,177122.0,EDN
2022-04-05,64.3,66.0,62.6,63.9,107782.0,EDN
2022-04-06,63.0,64.95,62.55,63.75,230953.0,EDN
2022-04-07,64.0,64.9,63.0,64.0,59830.0,EDN
2022-04-08,64.2,65.4,63.0,64.0,142916.0,EDN
2022-04-11,65.3,65.3,62.3,62.9,75862.0,EDN
2022-04-12,63.55,65.25,62.75,62.85,173032.0,EDN
2022-04-13,63.4,63.4,61.25,62.4,102190.0,EDN
2022-04-18,63.45,64.0,61.1,61.45,61851.0,EDN
2022-04-19,61.5,62.95,60.15,61.6,82974.0,EDN
2022-04-20,62.8,62.8,60.8,62.25,80185.0,EDN
2022-04-21,62.3,63.75,61.55,62.9,40966.0,EDN
2022-04-22,63.1,63.7,61.65,62.95,132204.0,EDN
2022-04-25,63.1,63.8,61.0,62.8,57684.0,EDN
2022-04-26,62.7,63.0,59.9,60.6,90561.0,EDN
2022-04-27,61.25,62.0,60.5,61.45,51123.0,EDN
2022-04-28,62.0,62.5,60.0,61.0,55742.0,EDN
2022-04-29,58.4,61.5,57.4,58.85,144797.0,EDN
2022-05-02,57.05,59.9,57.05,57.8,82228.0,EDN
2022-05-03,56.7,59.45,56.5,59.2,50917.0,EDN
2022-05-04,59.5,59.9,57.65,59.85,48666.0,EDN
2022-05-05,59.9,59.95,57.1,58.2,94580.0,EDN
2022-05-06,57.6,59.0,54.7,58.85,117840.0,EDN
2022-05-09,59.0,59.0,54.7,55.1,84240.0,EDN
2022-05-10,54.15,56.0,54.15,56.0,107211.0,EDN
2022-05-11,56.0,58.8,55.9,58.45,109968.0,EDN
2022-05-12,58.2,58.2,57.0,57.95,58519.0,EDN
2022-05-13,58.0,60.9,57.6,59.95,48580.0,EDN
2022-05-16,60.0,61.2,58.0,60.2,39511.0,EDN
2022-05-17,60.4,61.1,58.8,59.9,108643.0,EDN
2022-05-19,59.75,59.75,58.1,58.65,70909.0,EDN
2022-05-20,58.7,59.9,58.0,58.75,48726.0,EDN
2022-05-23,58.8,59.9,57.5,59.0,234158.0,EDN
2022-05-24,59.75,59.75,57.05,58.0,80139.0,EDN
2022-05-26,58.3,60.95,58.3,60.6,160570.0,EDN
2022-05-27,60.7,61.9,60.0,61.0,92505.0,EDN
2022-05-30,62.0,62.0,60.5,61.3,15329.0,EDN
2022-05-31,61.9,62.9,60.5,61.1,201476.0,EDN
2022-06-01,62.7,63.9,61.15,62.9,87301.0,EDN
2022-06-02,63.0,63.4,62.1,63.1,53674.0,EDN
2022-06-03,63.1,63.1,61.5,62.95,81563.0,EDN
2022-06-06,63.0,63.0,60.05,61.4,129046.0,EDN
2022-06-07,61.2,61.2,59.55,61.05,112652.0,EDN
2022-06-08,60.6,60.95,59.4,59.6,40568.0,EDN
2022-06-09,59.5,60.5,57.0,58.1,84575.0,EDN
2022-06-10,58.0,58.1,55.7,57.9,336758.0,EDN
2022-06-13,57.0,57.0,54.9,56.2,40596.0,EDN
2022-06-14,56.1,57.65,56.0,57.45,101498.0,EDN
2022-06-15,57.2,58.5,55.5,57.5,222239.0,EDN
2022-06-16,56.9,57.6,56.0,56.75,51810.0,EDN
2022-06-21,58.0,58.0,56.3,56.5,61315.0,EDN
2022-06-22,57.0,58.0,54.35,55.3,32928.0,EDN
2022-06-23,55.0,56.3,54.5,55.95,141975.0,EDN
2022-06-24,57.0,57.0,54.55,54.9,41485.0,EDN
2022-06-27,55.05,55.9,52.8,54.5,125455.0,EDN
2022-06-28,55.3,56.0,52.55,55.2,166101.0,EDN
2022-06-29,56.0,56.0,53.1,54.65,59394.0,EDN
2022-06-30,54.95,55.7,53.55,55.3,149890.0,EDN
2022-07-01,54.0,55.5,54.0,55.2,122713.0,EDN
2022-07-04,54.0,55.2,52.15,54.95,101990.0,EDN
2022-07-05,54.5,56.3,53.0,55.85,127442.0,EDN
2022-07-06,56.35,58.0,55.5,57.25,253002.0,EDN
2022-07-07,57.3,60.65,57.3,60.4,278243.0,EDN
2022-07-08,60.4,64.0,60.4,63.6,304524.0,EDN
2022-07-11,64.85,64.85,60.5,63.7,123155.0,EDN
2022-07-12,63.9,64.0,61.7,62.7,97564.0,EDN
2022-07-13,62.15,63.0,61.0,62.35,53083.0,EDN
2022-07-14,63.7,63.7,61.5,62.55,92308.0,EDN
2022-07-15,62.2,66.0,60.7,65.7,279168.0,EDN
2022-07-18,66.0,70.95,65.0,68.3,267986.0,EDN
2022-07-19,68.3,70.0,66.6,69.15,323081.0,EDN
2022-07-20,69.7,73.7,67.9,70.65,235434.0,EDN
2022-07-21,71.85,72.95,68.5,72.85,280752.0,EDN
2022-07-22,72.5,77.0,71.4,74.7,125067.0,EDN
2022-07-25,74.5,76.6,73.8,75.6,130157.0,EDN
2022-07-26,75.1,77.0,72.6,75.9,125474.0,EDN
2022-07-27,76.3,81.0,74.1,79.0,218933.0,EDN
2022-07-28,80.0,90.95,80.0,87.05,788177.0,EDN
2022-07-29,90.0,93.3,82.2,89.0,696161.0,EDN
2022-08-01,93.0,95.8,82.15,85.05,949800.0,EDN
2022-08-02,86.9,93.5,81.05,92.95,376763.0,EDN
2022-08-03,95.0,98.4,94.0,97.35,317915.0,EDN
2022-08-04,100.0,103.25,98.0,101.3,598123.0,EDN
2022-08-05,103.0,104.7,99.1,100.05,293826.0,EDN
2022-08-08,102.95,102.95,93.5,98.0,665218.0,EDN
2022-08-09,97.9,99.8,87.7,98.45,355284.0,EDN
2022-08-10,98.45,99.75,96.1,98.3,63680.0,EDN
2022-08-11,98.3,99.75,97.75,99.25,86997.0,EDN
2022-08-12,99.0,100.75,95.3,100.0,496816.0,EDN
2022-08-16,100.35,100.35,95.25,98.4,1134507.0,EDN
2022-08-17,98.0,100.0,96.4,99.9,83687.0,EDN
2022-08-18,99.8,101.5,99.0,100.25,196048.0,EDN
2022-08-19,100.0,103.0,98.5,102.55,153537.0,EDN
2022-08-22,101.5,103.5,99.0,100.1,87673.0,EDN
2022-08-23,99.7,102.0,99.7,101.4,163657.0,EDN
2022-08-24,101.4,106.05,101.0,101.75,122572.0,EDN
2022-08-25,102.45,103.75,95.0,100.4,290559.0,EDN
2022-08-26,102.0,103.0,95.0,96.7,167558.0,EDN
2022-08-29,100.0,100.0,96.75,98.15,260605.0,EDN
2022-08-30,98.4,99.75,95.0,96.1,111332.0,EDN
2022-08-31,99.5,99.5,94.0,97.05,295073.0,EDN
2022-09-01,96.9,99.0,93.0,97.05,370463.0,EDN
2022-09-05,97.0,98.15,95.1,97.2,78404.0,EDN
2022-09-06,98.5,98.9,94.0,95.45,55207.0,EDN
2022-09-07,100.0,100.0,94.0,96.95,226233.0,EDN
2022-09-08,97.0,98.0,95.2,95.85,62452.0,EDN
2022-09-09,95.1,97.3,94.0,95.35,246188.0,EDN
2022-09-12,96.5,97.2,94.15,96.05,184709.0,EDN
2022-09-13,97.6,97.6,94.6,95.5,32585.0,EDN
2022-09-14,95.0,97.4,94.5,96.45,167550.0,EDN
2022-09-15,95.4,97.0,95.1,95.7,125350.0,EDN
2022-09-16,95.0,97.4,94.85,97.2,120951.0,EDN
2022-09-19,99.9,99.9,95.5,97.8,80040.0,EDN
2022-09-20,98.0,98.5,96.5,97.1,62096.0,EDN
2022-09-21,96.5,99.0,95.6,97.25,83654.0,EDN
2022-09-22,97.25,97.9,95.5,96.55,51688.0,EDN
2022-09-23,95.95,96.0,93.0,94.1,62643.0,EDN
2022-09-26,93.0,95.9,88.5,95.4,553750.0,EDN
2022-09-27,93.0,96.9,91.6,95.15,287075.0,EDN
2022-09-28,94.0,103.0,92.0,102.5,438728.0,EDN
2022-09-29,101.8,103.5,99.0,102.55,261411.0,EDN
2022-09-30,102.0,106.0,99.65,105.0,285692.0,EDN
2022-10-03,106.0,109.2,101.25,106.6,937009.0,EDN
2022-10-04,107.0,108.0,104.0,106.6,371942.0,EDN
2022-10-05,106.0,108.2,103.75,106.1,216076.0,EDN
2022-10-06,107.5,108.0,104.0,105.2,442892.0,EDN
2022-10-11,103.15,106.0,100.1,102.0,355477.0,EDN
2022-10-12,102.0,106.0,98.45,100.0,193488.0,EDN
2022-10-13,97.0,102.2,97.0,101.95,214265.0,EDN
2022-10-14,102.95,103.0,98.65,100.2,20926.0,EDN
2022-10-17,103.0,103.0,97.5,100.15,227841.0,EDN
2022-10-18,100.5,101.0,93.7,100.2,915536.0,EDN
2022-10-19,100.5,100.5,97.2,99.45,49984.0,EDN
2022-10-20,99.0,100.8,97.0,98.55,228064.0,EDN
2022-10-21,97.5,102.0,97.5,101.1,355805.0,EDN
2022-10-24,101.0,101.85,99.4,101.85,96234.0,EDN
2022-10-25,100.0,114.0,99.1,112.3,1208181.0,EDN
2022-10-26,111.8,112.8,106.0,109.15,418001.0,EDN
2022-10-27,106.6,116.0,106.0,112.8,307127.0,EDN
2022-10-28,113.7,116.0,110.5,113.0,261773.0,EDN
2022-10-31,115.0,115.0,107.75,110.95,302604.0,EDN
2022-11-01,110.0,112.5,108.2,110.5,189338.0,EDN
2022-11-02,110.0,110.8,108.5,109.6,249389.0,EDN
2022-11-03,110.0,111.0,107.5,108.95,75386.0,EDN
2022-11-04,112.0,112.0,108.0,109.55,43296.0,EDN
2022-11-07,109.2,113.5,105.25,105.25,138165.0,EDN
2022-11-08,107.0,107.2,102.0,104.75,51033.0,EDN
2022-11-09,104.0,106.45,103.0,103.0,38552.0,EDN
2022-11-10,100.0,104.0,100.0,102.8,67122.0,EDN
2022-11-11,103.0,105.75,101.75,105.15,54854.0,EDN
2022-11-14,107.0,111.0,104.0,109.5,134451.0,EDN
2022-11-15,110.0,114.55,110.0,113.4,225307.0,EDN
2022-11-16,113.0,117.5,113.0,115.6,111455.0,EDN
2022-11-17,113.0,120.9,110.0,117.0,289411.0,EDN
2022-11-18,117.0,122.5,114.0,119.35,204700.0,EDN
2022-11-22,118.0,120.0,116.5,117.6,80284.0,EDN
2022-11-23,120.0,120.5,115.0,116.15,125843.0,EDN
2022-11-24,118.0,118.0,114.5,116.0,23367.0,EDN
2022-11-25,117.0,118.0,115.0,116.3,36739.0,EDN
2022-11-28,116.0,118.5,114.05,117.5,87984.0,EDN
2022-11-29,117.0,122.5,116.0,119.1,225217.0,EDN
2022-11-30,120.0,121.5,116.0,118.95,152141.0,EDN
2022-12-01,119.0,122.0,116.0,119.25,162066.0,EDN
2022-12-02,120.0,120.5,117.5,118.75,96970.0,EDN
2022-12-05,119.0,120.0,113.5,116.25,162833.0,EDN
2022-12-06,118.0,118.9,109.8,118.0,161833.0,EDN
2022-12-07,118.6,120.9,115.25,117.7,599359.0,EDN
2022-12-12,117.5,120.0,115.0,118.35,143513.0,EDN
2022-12-13,118.5,120.8,118.25,119.5,171021.0,EDN
2022-12-14,120.0,121.0,118.0,120.55,1028737.0,EDN
2022-12-15,120.5,122.9,120.5,122.65,178797.0,EDN
2022-12-16,125.0,127.25,118.0,124.1,318697.0,EDN
2022-12-19,123.0,127.0,120.5,125.35,866691.0,EDN
2022-12-20,127.0,128.5,124.0,126.6,14460.0,EDN
2022-12-21,129.0,130.0,124.0,127.95,705249.0,EDN
2022-12-22,128.95,134.5,127.0,134.0,161384.0,EDN
2022-12-23,133.8,135.0,131.0,134.25,160535.0,EDN
2022-12-26,135.0,138.25,133.0,134.15,114066.0,EDN
2022-12-27,134.6,138.0,126.7,130.2,1056496.0,EDN
2022-12-28,130.3,139.0,130.3,135.45,370427.0,EDN
2022-12-29,135.45,140.0,132.3,134.85,381949.0,EDN
2022-12-30,137.0,138.45,130.1,136.45,1752982.0,EDN
2023-01-02,139.45,148.0,136.0,145.3,1005112.0,EDN
2023-01-03,145.0,151.0,141.75,148.65,1256125.0,EDN
2023-01-04,155.5,155.5,148.3,150.5,359458.0,EDN
2023-01-05,152.5,154.0,149.5,153.5,759177.0,EDN
2023-01-06,156.0,160.25,155.0,157.55,630021.0,EDN
2023-01-09,160.0,167.5,154.5,164.9,386785.0,EDN
2023-01-10,165.0,168.25,162.0,167.35,688665.0,EDN
2023-01-11,168.0,178.0,167.0,171.75,505774.0,EDN
2023-01-12,174.0,177.0,165.1,172.3,654219.0,EDN
2023-01-13,174.1,175.0,171.0,172.6,195715.0,EDN
2023-01-16,172.0,174.75,164.5,174.05,169464.0,EDN
2023-01-17,178.0,179.3,170.4,171.3,981966.0,EDN
2023-01-18,172.05,175.0,153.0,155.7,924787.0,EDN
2023-01-19,154.0,159.5,140.5,150.4,672881.0,EDN
2023-01-20,155.0,162.0,152.0,160.8,383903.0,EDN
2023-01-23,160.0,169.0,160.0,162.4,848415.0,EDN
2023-01-24,165.0,166.15,155.0,162.3,560739.0,EDN
2023-01-25,164.0,178.6,159.5,177.75,1184333.0,EDN
2023-01-26,178.0,185.0,177.0,182.35,422928.0,EDN
2023-01-27,183.0,185.0,177.2,180.9,743756.0,EDN
2023-01-30,180.0,186.75,167.0,170.9,571256.0,EDN
2023-01-31,171.0,177.3,169.25,171.4,547222.0,EDN
2023-02-01,171.5,176.5,165.05,169.85,869140.0,EDN
2023-02-02,167.0,175.0,158.2,165.05,1114973.0,EDN
2023-02-03,165.05,168.25,157.25,158.55,178098.0,EDN
2023-02-06,159.0,163.0,155.5,160.25,212675.0,EDN
2023-02-07,162.75,164.95,159.3,162.85,127204.0,EDN
2023-02-08,160.5,165.85,160.5,164.55,121808.0,EDN
2023-02-09,164.55,166.55,158.5,161.55,366173.0,EDN
2023-02-10,162.0,166.75,161.0,165.95,265180.0,EDN
2023-02-13,166.0,170.95,164.5,169.7,323905.0,EDN
2023-02-14,170.0,171.5,165.0,170.0,171784.0,EDN
2023-02-15,172.0,175.0,165.0,174.0,161344.0,EDN
2023-02-16,176.0,180.5,171.5,180.0,304747.0,EDN
2023-02-17,180.0,181.75,170.3,175.0,235846.0,EDN
2023-02-22,175.0,175.0,164.3,168.55,267925.0,EDN
2023-02-23,169.75,171.45,163.5,167.8,82348.0,EDN
2023-02-24,167.75,169.3,161.0,168.45,32480.0,EDN
2023-02-27,169.0,169.5,165.0,166.35,200822.0,EDN
2023-02-28,166.0,169.5,164.25,166.6,77718.0,EDN
2023-03-01,169.0,172.0,165.0,170.45,150899.0,EDN
2023-03-02,166.5,172.5,166.5,168.45,245421.0,EDN
2023-03-03,168.25,174.0,163.6,165.3,467150.0,EDN
2023-03-06,164.0,169.9,161.7,167.8,840385.0,EDN
2023-03-07,165.0,168.95,162.1,165.25,74726.0,EDN
2023-03-08,168.0,169.4,162.0,166.95,438686.0,EDN
2023-03-09,168.75,170.0,162.5,162.95,155951.0,EDN
2023-03-10,166.0,167.9,151.85,154.3,375439.0,EDN
2023-03-13,154.3,154.3,144.0,149.8,344750.0,EDN
2023-03-14,149.8,153.75,147.05,148.5,99293.0,EDN
2023-03-15,148.0,148.0,128.25,137.85,759188.0,EDN
2023-03-16,138.0,145.0,135.5,144.55,149158.0,EDN
2023-03-17,144.5,145.0,136.0,142.0,391175.0,EDN
2023-03-20,144.0,146.0,136.7,138.0,94082.0,EDN
2023-03-21,144.05,155.0,143.0,152.95,193637.0,EDN
2023-03-22,152.9,155.25,147.0,155.0,365173.0,EDN
2023-03-23,151.6,155.5,149.65,152.0,196311.0,EDN
2023-03-27,150.0,161.65,149.0,155.1,175823.0,EDN
2023-03-28,155.0,161.75,152.05,158.85,256805.0,EDN
2023-03-29,159.0,160.5,157.1,158.35,228086.0,EDN
2023-03-30,159.0,170.9,156.3,169.0,885236.0,EDN
2023-03-31,169.3,175.0,162.0,166.15,206760.0,EDN
2023-04-03,166.0,174.0,160.2,171.45,116252.0,EDN
2023-04-04,173.65,173.65,166.65,169.35,89754.0,EDN
2023-04-05,171.9,171.9,163.0,164.95,373260.0,EDN
2023-04-10,166.85,173.95,166.85,170.95,184173.0,EDN
2023-04-11,171.0,176.45,167.5,175.95,178462.0,EDN
2023-04-12,178.0,178.0,172.25,177.95,184211.0,EDN
2023-04-13,179.0,187.85,177.15,186.25,770239.0,EDN
2023-04-14,189.5,196.55,183.0,194.7,783853.0,EDN
2023-04-17,195.0,200.0,192.0,197.4,558174.0,EDN
2023-04-18,197.0,202.5,195.0,195.4,251309.0,EDN
2023-04-19,194.5,196.45,185.3,186.8,301833.0,EDN
2023-04-20,188.0,189.5,184.0,188.0,96956.0,EDN
2023-04-21,191.8,195.75,186.1,194.9,177681.0,EDN
2023-04-24,197.0,209.4,195.0,208.85,579803.0,EDN
2023-04-25,210.0,216.8,201.0,204.3,152056.0,EDN
2023-04-26,207.0,212.75,200.1,202.0,77468.0,EDN
2023-04-27,202.0,206.0,198.0,198.85,93198.0,EDN
2023-04-28,200.0,206.8,196.0,201.8,329833.0,EDN
2023-05-02,202.0,206.15,199.25,201.4,160193.0,EDN
2023-05-03,203.0,208.95,202.0,205.25,336433.0,EDN
2023-05-04,213.0,213.0,195.5,202.2,186706.0,EDN
2023-05-05,202.0,207.0,200.0,204.0,113529.0,EDN
2023-05-08,209.0,216.0,201.5,209.4,196005.0,EDN
2023-05-09,210.0,214.2,206.25,210.75,130659.0,EDN
2023-05-10,213.5,213.5,203.0,208.2,126308.0,EDN
2023-05-11,211.0,212.4,205.65,210.0,63159.0,EDN
2023-05-12,210.0,216.0,207.6,213.75,161889.0,EDN
2023-05-15,214.0,218.0,210.0,210.75,217913.0,EDN
2023-05-16,212.9,213.0,201.1,202.75,310953.0,EDN
2023-05-17,208.0,211.0,207.65,211.0,137008.0,EDN
2023-05-18,211.0,218.0,204.75,213.55,479682.0,EDN
2023-05-19,214.0,219.0,214.0,215.15,122880.0,EDN
2023-05-22,217.0,218.0,210.0,211.7,225126.0,EDN
2023-05-23,211.15,219.0,211.15,217.55,95906.0,EDN
2023-05-24,220.0,225.0,211.0,220.7,258160.0,EDN
2023-05-29,224.0,224.0,213.0,222.75,57503.0,EDN
2023-05-30,222.75,225.5,219.8,225.4,147055.0,EDN
2023-05-31,228.0,234.5,224.0,232.05,150513.0,EDN
2023-06-01,235.0,246.3,230.0,245.15,778490.0,EDN
2023-06-02,245.15,265.0,242.0,263.6,799409.0,EDN
2023-06-05,270.0,294.0,269.0,290.7,586417.0,EDN
2023-06-06,294.85,306.2,289.5,292.9,480645.0,EDN
2023-06-07,295.0,297.3,285.5,289.1,401384.0,EDN
2023-06-08,289.1,294.9,285.0,293.4,238071.0,EDN
2023-06-09,297.0,300.0,283.15,288.85,180650.0,EDN
2023-06-12,289.0,290.0,282.0,284.65,123409.0,EDN
2023-06-13,282.0,289.0,269.15,278.2,222168.0,EDN
2023-06-14,278.5,278.5,263.0,271.1,170538.0,EDN
2023-06-15,281.5,290.35,273.0,287.4,228481.0,EDN
2023-06-16,292.1,302.0,287.5,301.5,236398.0,EDN
2023-06-21,316.55,360.0,316.55,353.6,786613.0,EDN
2023-06-22,357.0,358.5,339.45,356.35,731098.0,EDN
2023-06-23,353.0,375.0,347.1,366.8,372204.0,EDN
2023-06-26,400.4,434.0,381.95,428.45,1343783.0,EDN
2023-06-27,429.0,430.0,377.0,384.2,694306.0,EDN
2023-06-28,400.0,420.95,379.5,384.2,787875.0,EDN
2023-06-29,391.6,391.6,369.0,378.15,415422.0,EDN
2023-06-30,382.0,394.7,380.0,391.15,327914.0,EDN
2023-07-03,398.3,402.0,378.4,393.45,395346.0,EDN
2023-07-04,399.5,405.0,392.0,404.35,184567.0,EDN
2023-07-05,400.0,406.9,384.0,405.9,140485.0,EDN
2023-07-06,405.9,408.0,385.45,396.9,136183.0,EDN
2023-07-07,391.1,402.0,390.3,391.4,154388.0,EDN
2023-07-10,396.0,396.5,376.0,384.0,243053.0,EDN
2023-07-11,378.0,388.0,372.8,379.9,140350.0,EDN
2023-07-12,380.0,395.7,379.9,381.65,132650.0,EDN
2023-07-13,394.0,421.3,382.0,418.5,261356.0,EDN
2023-07-14,418.0,418.5,407.2,414.7,194549.0,EDN
2023-07-17,414.7,451.0,414.7,442.8,474912.0,EDN
2023-07-18,450.0,457.2,430.0,438.2,350176.0,EDN
2023-07-19,437.0,442.0,420.5,431.25,311723.0,EDN
2023-07-20,426.0,434.5,421.1,433.8,94757.0,EDN
2023-07-21,432.65,448.0,432.65,446.15,118139.0,EDN
2023-07-24,450.0,451.0,431.55,436.75,123155.0,EDN
2023-07-25,431.3,445.85,426.0,438.5,150492.0,EDN
2023-07-26,435.0,449.0,432.0,434.1,109398.0,EDN
2023-07-27,443.0,443.0,403.25,410.65,214465.0,EDN
2023-07-28,411.0,433.0,405.0,423.35,167604.0,EDN
2023-07-31,424.0,427.0,408.0,408.55,303127.0,EDN
2023-08-01,415.0,419.0,403.1,410.0,308034.0,EDN
2023-08-02,400.0,417.9,400.0,407.15,107030.0,EDN
2023-08-03,405.0,441.5,388.7,425.4,745354.0,EDN
2023-08-04,442.0,442.0,416.75,423.75,459767.0,EDN
2023-08-07,424.0,436.0,410.5,412.7,344029.0,EDN
2023-08-08,421.2,435.0,416.95,419.85,533591.0,EDN
2023-08-09,421.0,434.15,410.15,412.15,246518.0,EDN
2023-08-10,413.0,422.0,405.0,407.0,365262.0,EDN
2023-08-11,415.0,418.9,397.6,405.8,327215.0,EDN
2023-08-14,400.0,440.0,386.0,428.35,787874.0,EDN
2023-08-15,430.0,467.5,430.0,460.8,925336.0,EDN
2023-08-16,470.65,500.0,470.65,496.55,266159.0,EDN
2023-08-17,499.0,520.85,499.0,516.6,288092.0,EDN
2023-08-18,518.0,525.8,493.9,501.3,172282.0,EDN
2023-08-22,514.45,514.45,492.4,499.1,186876.0,EDN
2023-08-23,504.6,532.95,497.0,520.1,159925.0,EDN
2023-08-24,525.2,540.0,525.2,534.25,196737.0,EDN
2023-08-25,540.0,552.9,530.0,542.1,244982.0,EDN
2023-08-28,542.1,566.0,542.0,558.1,541456.0,EDN
2023-08-29,560.0,585.0,560.0,570.25,186181.0,EDN
2023-08-30,570.0,581.45,543.55,548.55,210454.0,EDN
2023-08-31,554.0,554.0,521.0,530.0,202003.0,EDN
2023-09-01,530.0,554.0,521.5,529.8,97616.0,EDN
2023-09-04,530.0,550.0,521.0,533.2,80223.0,EDN
2023-09-05,529.0,529.0,485.1,499.05,448418.0,EDN
2023-09-06,503.0,504.95,481.45,483.05,126205.0,EDN
2023-09-07,481.0,490.0,451.5,454.3,668356.0,EDN
2023-09-08,470.0,470.0,424.4,445.25,528727.0,EDN
2023-09-12,432.0,466.0,418.0,455.65,794941.0,EDN
2023-09-13,460.0,480.75,460.0,465.05,232466.0,EDN
2023-09-14,466.0,500.0,466.0,484.85,114267.0,EDN
2023-09-15,475.0,488.0,473.0,486.0,144663.0,EDN
2023-09-18,483.0,500.0,482.05,493.9,151741.0,EDN
2023-09-19,499.0,509.0,485.0,489.7,223943.0,EDN
2023-09-20,480.2,504.45,469.25,471.4,160869.0,EDN
2023-09-21,469.0,485.05,448.2,473.75,238221.0,EDN
2023-09-22,480.0,492.0,467.0,468.65,102581.0,EDN
2023-09-25,469.7,479.0,450.0,462.15,101869.0,EDN
2023-09-26,462.2,480.0,441.55,478.85,203619.0,EDN
2023-09-27,470.1,496.5,470.1,491.15,119098.0,EDN
2023-09-28,490.0,509.0,490.0,504.6,429452.0,EDN
2023-09-29,505.0,520.0,470.0,481.75,860663.0,EDN
2023-10-02,490.0,496.8,479.0,479.95,255898.0,EDN
2023-10-03,466.1,479.0,456.0,460.2,261291.0,EDN
2023-10-04,460.0,475.0,457.0,470.9,427545.0,EDN
2023-10-05,468.3,498.0,468.3,495.9,643638.0,EDN
2023-10-06,501.0,525.0,500.0,521.25,580115.0,EDN
2023-10-09,539.0,550.0,500.0,538.65,533654.0,EDN
2023-10-10,540.0,583.5,533.1,573.2,437969.0,EDN
2023-10-11,561.75,576.0,520.0,573.35,216265.0,EDN
2023-10-12,575.0,606.0,550.0,590.65,348795.0,EDN
2023-10-17,591.0,615.75,578.0,604.9,558078.0,EDN
2023-10-18,615.0,620.0,601.0,606.65,370961.0,EDN
2023-10-19,601.0,609.0,555.4,561.45,248747.0,EDN
2023-10-20,566.0,594.5,560.0,588.7,232301.0,EDN
2023-10-23,585.5,585.5,542.1,567.2,1477126.0,EDN
2023-10-24,565.1,595.0,525.0,539.6,267653.0,EDN
2023-10-25,540.0,559.5,498.0,551.15,145295.0,EDN
2023-10-26,550.5,580.0,520.7,548.65,300129.0,EDN
2023-10-27,530.0,540.25,505.0,514.6,80674.0,EDN
2023-10-30,515.0,524.5,459.4,460.0,81105.0,EDN
2023-10-31,460.0,476.95,428.3,441.5,666716.0,EDN
2023-11-01,442.0,478.0,440.0,465.9,548647.0,EDN
2023-11-02,470.0,498.0,466.1,479.95,336087.0,EDN
2023-11-03,481.5,493.0,475.0,491.75,253676.0,EDN
2023-11-07,500.0,500.0,460.0,462.2,214122.0,EDN
2023-11-08,462.0,476.0,430.0,436.3,180792.0,EDN
2023-11-09,436.3,466.55,431.0,450.35,205324.0,EDN
2023-11-10,451.0,489.0,451.0,463.8,168744.0,EDN
2023-11-13,468.0,488.0,440.0,460.95,318480.0,EDN
2023-11-14,465.0,485.0,465.0,470.4,169487.0,EDN
2023-11-15,479.0,493.0,471.0,482.0,183073.0,EDN
2023-11-16,485.0,500.0,462.0,473.75,209049.0,EDN
2023-11-17,483.0,518.6,460.0,513.45,171184.0,EDN
2023-11-21,560.0,700.0,550.0,680.8,1193141.0,EDN
2023-11-22,680.8,747.0,641.0,708.65,635257.0,EDN
2023-11-23,709.0,833.6,703.0,790.35,371246.0,EDN
2023-11-24,795.0,950.0,761.0,917.8,604739.0,EDN
2023-11-27,896.0,927.0,740.0,744.45,680133.0,EDN
2023-11-28,759.0,800.0,670.0,680.6,347658.0,EDN
2023-11-29,682.0,695.0,642.0,668.65,1034083.0,EDN
2023-11-30,694.95,736.0,648.5,710.6,226910.0,EDN
2023-12-01,736.0,779.95,710.0,771.15,312467.0,EDN
2023-12-04,778.0,804.0,722.0,756.7,185293.0,EDN
2023-12-05,760.0,828.95,749.0,816.6,312083.0,EDN
2023-12-06,817.5,860.0,770.0,810.4,518050.0,EDN
2023-12-07,811.0,870.0,785.0,853.1,765941.0,EDN
2023-12-11,865.0,948.0,850.0,926.55,852962.0,EDN
2023-12-12,940.0,1059.2,930.05,1038.0,1288008.0,EDN
2023-12-13,1101.0,1200.0,990.0,1041.85,827247.0,EDN
2023-12-14,1052.0,1117.0,1015.0,1024.3,718831.0,EDN
2023-12-15,1025.0,1050.0,950.0,963.65,424267.0,EDN
2023-12-18,980.0,1047.0,976.0,1037.6,571278.0,EDN
2023-12-19,1040.0,1100.0,999.5,1004.25,509286.0,EDN
2023-12-20,999.0,1007.95,932.5,951.75,522163.0,EDN
2023-12-21,960.15,1010.0,902.0,938.4,651868.0,EDN
2023-12-22,958.5,974.0,909.7,938.4,475652.0,EDN
2023-12-26,950.0,968.0,905.1,935.5,248188.0,EDN
2023-12-27,952.0,952.0,880.0,892.75,164935.0,EDN
2023-12-28,897.5,944.95,875.0,931.15,407062.0,EDN
2023-12-29,949.0,961.0,900.0,942.0,228086.0,EDN
2024-01-02,942.0,1010.0,911.0,993.95,1457833.0,EDN
2024-01-03,1000.0,1052.0,997.0,1043.35,551342.0,EDN
2024-01-04,1050.0,1089.0,1037.0,1042.9,334803.0,EDN
2024-01-05,1042.0,1065.0,1020.0,1034.3,573548.0,EDN
2024-01-08,1035.0,1099.0,1025.0,1094.85,445789.0,EDN
2024-01-09,1099.0,1150.0,1043.0,1058.3,248396.0,EDN
2024-01-10,1058.0,1077.0,1014.0,1073.05,231439.0,EDN
2024-01-11,1100.0,1151.0,1037.1,1044.75,183448.0,EDN
2024-01-12,1044.75,1077.0,1025.0,1060.75,306642.0,EDN
2024-01-15,1079.0,1079.0,1040.0,1062.65,131873.0,EDN
2024-01-16,1083.0,1094.0,1044.0,1055.45,177179.0,EDN
2024-01-17,1054.0,1110.5,1041.5,1107.55,367666.0,EDN
2024-01-18,1110.0,1197.0,1110.0,1187.45,574234.0,EDN
2024-01-19,1200.0,1300.0,1190.0,1294.45,327382.0,EDN
2024-01-22,1316.0,1410.0,1311.0,1329.7,546492.0,EDN
2024-01-23,1350.0,1400.0,1260.0,1269.75,490378.0,EDN
2024-01-24,1275.0,1318.0,1250.0,1281.65,373800.0,EDN
2024-01-25,1300.0,1350.0,1260.0,1274.95,335335.0,EDN
2024-01-26,1299.0,1299.0,1195.9,1276.45,226454.0,EDN
2024-01-29,1265.0,1310.0,1211.0,1250.35,241210.0,EDN
2024-01-30,1280.0,1300.0,1235.0,1252.15,268811.0,EDN
2024-01-31,1279.5,1279.5,1218.55,1241.3,196541.0,EDN
2024-02-01,1240.0,1270.0,1201.0,1268.05,184357.0,EDN
2024-02-02,1284.0,1300.0,1259.0,1291.0,221699.0,EDN
2024-02-05,1305.0,1319.95,1185.0,1214.9,372943.0,EDN
2024-02-06,1215.0,1230.1,1140.35,1152.5,213257.0,EDN
2024-02-07,1120.0,1200.0,1027.0,1162.9,377695.0,EDN
2024-02-08,1150.0,1170.0,1060.05,1072.15,542195.0,EDN
2024-02-09,1072.5,1115.0,1043.0,1102.35,365879.0,EDN
2024-02-14,1100.0,1100.0,1050.2,1090.45,287289.0,EDN
2024-02-15,1063.0,1128.5,1063.0,1110.0,372916.0,EDN
2024-02-16,1113.0,1150.0,1030.55,1049.95,220665.0,EDN
2024-02-19,1060.0,1093.0,1050.5,1086.15,197626.0,EDN
2024-02-20,1120.0,1120.0,1042.0,1049.4,205160.0,EDN
2024-02-21,1080.0,1080.0,1030.1,1065.55,333313.0,EDN
2024-02-22,1061.25,1106.15,1061.25,1069.75,352894.0,EDN
2024-02-23,1060.0,1100.0,1021.2,1098.45,422306.0,EDN
2024-02-26,1098.5,1117.0,984.3,998.2,492980.0,EDN
2024-02-27,998.0,1022.0,924.0,928.8,186981.0,EDN
2024-02-28,928.0,950.85,897.5,906.7,212087.0,EDN
2024-02-29,906.7,940.0,900.0,907.55,209185.0,EDN
2024-03-01,911.0,955.0,890.5,952.15,183405.0,EDN
2024-03-04,990.0,1039.0,913.1,917.85,525701.0,EDN
2024-03-05,921.0,932.0,868.0,882.2,349205.0,EDN
2024-03-06,890.0,905.0,815.0,832.75,391140.0,EDN
2024-03-07,833.0,859.0,773.35,807.1,338256.0,EDN
2024-03-08,803.5,851.35,786.05,839.75,386144.0,EDN
2024-03-11,860.0,860.0,791.0,801.3,130492.0,EDN
2024-03-12,802.0,893.45,802.0,881.1,496381.0,EDN
2024-03-13,900.0,907.0,810.0,819.25,2483003.0,EDN
2024-03-14,829.0,829.0,772.1,793.05,2831863.0,EDN
2024-03-15,790.3,817.9,766.0,814.45,1623022.0,EDN
2024-03-18,820.0,918.7,805.0,915.45,961138.0,EDN
2024-03-19,920.0,955.0,890.05,923.5,822411.0,EDN
2024-03-20,924.0,1024.0,915.0,1008.35,839148.0,EDN
2024-03-21,1028.3,1032.9,980.0,986.65,533083.0,EDN
2024-03-22,986.0,1021.0,970.05,1012.05,421201.0,EDN
2024-03-25,1025.0,1049.45,964.6,981.55,522744.0,EDN
2024-03-26,986.0,1009.0,961.0,980.1,224323.0,EDN
2024-03-27,979.5,999.95,964.3,977.4,188472.0,EDN
2024-04-03,990.0,1010.0,957.4,1008.45,275155.0,EDN
2024-04-04,1011.0,1026.2,961.0,967.6,377733.0,EDN
2024-04-05,975.0,1018.0,969.9,1009.05,590074.0,EDN
2024-04-08,1020.0,1032.0,996.0,1009.05,520233.0,EDN
2024-04-09,1020.0,1044.0,975.95,994.15,577270.0,EDN
2024-04-10,995.0,1000.0,970.0,978.35,445971.0,EDN
2024-04-11,992.65,992.65,955.0,978.35,708438.0,EDN
2024-04-12,977.75,977.75,910.65,923.6,482758.0,EDN
2024-04-15,929.9,930.0,858.2,875.3,710744.0,EDN
2024-04-16,857.0,915.9,850.3,894.9,484137.0,EDN
2024-04-17,915.0,915.0,851.05,863.1,264704.0,EDN
2024-04-18,850.0,882.55,841.05,863.35,219794.0,EDN
2024-04-19,865.0,883.0,849.0,870.1,280435.0,EDN
2024-04-22,872.0,928.0,860.0,924.95,450517.0,EDN
2024-04-23,925.0,935.1,879.1,880.9,482133.0,EDN
2024-04-24,875.25,895.85,854.0,876.75,484212.0,EDN
2024-04-25,871.85,895.95,851.0,887.8,356211.0,EDN
2024-04-26,889.0,910.0,889.0,904.4,332542.0,EDN
2024-04-29,910.0,939.95,904.6,925.2,302225.0,EDN
2024-04-30,935.0,960.0,930.0,942.2,589398.0,EDN
2024-05-02,942.0,976.0,920.0,975.0,479102.0,EDN
2024-05-03,990.0,1050.0,981.0,1039.75,805564.0,EDN
2024-05-06,1052.0,1133.0,1052.0,1130.05,1218158.0,EDN
2024-05-07,1150.0,1170.0,1087.15,1105.85,546278.0,EDN
2024-05-08,1108.0,1139.9,1060.0,1074.85,340686.0,EDN
2024-05-09,1100.0,1100.35,1041.8,1090.85,381432.0,EDN
2024-05-10,1080.0,1103.7,1063.25,1088.7,364673.0,EDN
2024-05-13,1074.15,1074.15,986.0,1025.95,1064066.0,EDN
2024-05-14,1027.05,1054.9,1005.0,1044.85,538830.0,EDN
2024-05-15,1084.5,1089.0,1050.0,1075.4,639324.0,EDN
2024-05-16,1079.0,1085.0,1052.0,1072.9,320573.0,EDN
2024-05-17,1086.6,1086.6,1040.0,1044.35,623385.0,EDN
2024-05-20,1050.0,1096.1,1031.5,1094.25,302794.0,EDN
2024-05-21,1090.0,1110.0,1075.05,1084.85,1224939.0,EDN
2024-05-22,1081.35,1081.35,1046.0,1050.0,1851309.0,EDN
2024-05-23,1062.0,1083.15,1012.3,1014.3,758461.0,EDN
2024-05-24,1020.0,1060.0,989.0,996.45,1203507.0,EDN
2024-05-27,980.0,1036.9,978.95,1033.25,283055.0,EDN
2024-05-28,1035.0,1080.0,1006.0,1077.3,455483.0,EDN
2024-05-29,1100.5,1111.3,1077.3,1109.25,605149.0,EDN
2024-05-30,1115.0,1165.0,1106.0,1139.25,728999.0,EDN
2024-05-31,1139.0,1139.0,1093.0,1112.25,685242.0,EDN
2024-06-03,1150.0,1150.0,1095.8,1110.9,436606.0,EDN
2024-06-04,1105.0,1108.75,1059.0,1069.2,423284.0,EDN
2024-06-05,1050.0,1111.2,1020.0,1071.3,325503.0,EDN
2024-06-06,1100.0,1107.05,1020.0,1026.9,298498.0,EDN
2024-06-07,1038.0,1084.0,1038.0,1069.05,265139.0,EDN
2024-06-10,1095.0,1107.8,1045.0,1100.0,465935.0,EDN
2024-06-11,1110.0,1123.15,1065.0,1073.9,253610.0,EDN
2024-06-12,1048.0,1107.0,1048.0,1093.4,238823.0,EDN
2024-06-13,1150.0,1150.0,1065.0,1117.95,450405.0,EDN
2024-06-14,1124.0,1125.0,1074.0,1094.3,466138.0,EDN
2024-06-18,1090.0,1090.0,1051.0,1062.05,234020.0,EDN
2024-06-19,1081.5,1095.0,1050.05,1078.8,96167.0,EDN
2024-06-24,1048.0,1087.95,1037.0,1067.15,114954.0,EDN
2024-06-25,1067.5,1093.0,1041.6,1086.45,269091.0,EDN
2024-06-26,1091.5,1099.0,1069.95,1094.1,237686.0,EDN
2024-06-27,1096.0,1138.0,1081.0,1123.2,306546.0,EDN
2024-06-28,1140.0,1148.0,1095.0,1101.25,172418.0,EDN
2024-07-01,1100.0,1100.0,1045.0,1069.95,292485.0,EDN
2024-07-02,1069.0,1112.9,1069.0,1079.85,444994.0,EDN
2024-07-03,1080.0,1100.0,1064.85,1079.6,467065.0,EDN
2024-07-04,1085.0,1110.0,1065.05,1072.8,194184.0,EDN
2024-07-05,1072.0,1096.0,1072.0,1085.15,584339.0,EDN
2024-07-08,1086.0,1098.85,1080.0,1094.15,389053.0,EDN
2024-07-10,1110.0,1190.0,1095.0,1180.0,677629.0,EDN
2024-07-11,1200.0,1245.0,1195.0,1225.0,544144.0,EDN
2024-07-12,1230.0,1240.0,1190.0,1210.0,384542.0,EDN
2024-07-15,1180.0,1185.0,1040.0,1065.0,575226.0,EDN
2024-07-16,1060.0,1110.0,979.0,1085.0,663773.0,EDN
2024-07-17,1080.0,1095.0,1035.0,1045.0,231612.0,EDN
2024-07-18,1045.0,1065.0,1015.0,1035.0,164580.0,EDN
2024-07-19,1055.0,1090.0,1030.0,1090.0,166543.0,EDN
2024-07-22,1100.0,1110.0,1080.0,1095.0,224170.0,EDN
2024-07-23,1095.0,1150.0,1055.0,1130.0,467855.0,EDN
2024-07-24,1125.0,1135.0,1085.0,1105.0,264968.0,EDN
2024-07-25,1085.0,1125.0,1055.0,1085.0,167048.0,EDN
2024-07-26,1085.0,1105.0,1070.0,1085.0,138832.0,EDN
2024-07-29,1100.0,1100.0,1030.0,1050.0,644149.0,EDN
2024-07-30,1050.0,1080.0,998.0,1005.0,532475.0,EDN
2024-07-31,1000.0,1075.0,1000.0,1065.0,404709.0,EDN
2024-08-01,1075.0,1075.0,1040.0,1050.0,83628.0,EDN
2024-08-02,1015.0,1045.0,982.0,1025.0,155712.0,EDN
2024-08-05,996.0,1025.0,923.0,996.0,348878.0,EDN
2024-08-06,997.0,1025.0,982.0,993.0,547148.0,EDN
2024-08-07,1025.0,1030.0,979.0,999.0,396584.0,EDN
2024-08-08,1020.0,1070.0,1010.0,1060.0,804703.0,EDN
2024-08-09,1070.0,1115.0,1045.0,1105.0,583501.0,EDN
2024-08-12,1100.0,1120.0,1075.0,1095.0,283790.0,EDN
2024-08-13,1095.0,1105.0,1075.0,1085.0,207458.0,EDN
2024-08-14,1100.0,1120.0,1065.0,1080.0,286102.0,EDN
2024-08-15,1080.0,1150.0,1075.0,1115.0,675499.0,EDN
2024-08-16,1105.0,1165.0,1105.0,1115.0,390717.0,EDN
2024-08-19,1120.0,1185.0,1105.0,1170.0,841163.0,EDN
2024-08-20,1185.0,1240.0,1130.0,1230.0,916449.0,EDN
2024-08-21,1225.0,1225.0,1170.0,1175.0,256723.0,EDN
2024-08-22,1160.0,1175.0,1125.0,1135.0,332361.0,EDN
2024-08-23,1140.0,1180.0,1140.0,1160.0,148113.0,EDN
2024-08-26,1160.0,1175.0,1135.0,1145.0,177514.0,EDN
2024-08-27,1140.0,1155.0,1120.0,1140.0,257264.0,EDN
2024-08-28,1140.0,1170.0,1135.0,1160.0,232482.0,EDN
2024-08-29,1165.0,1215.0,1155.0,1195.0,447757.0,EDN
2024-08-30,1240.0,1270.0,1225.0,1260.0,591927.0,EDN
2024-09-02,1250.0,1285.0,1215.0,1265.0,235848.0,EDN
2024-09-03,1255.0,1275.0,1225.0,1230.0,293899.0,EDN
2024-09-04,1240.0,1295.0,1240.0,1290.0,447396.0,EDN
2024-09-05,1265.0,1345.0,1265.0,1330.0,1100725.0,EDN
2024-09-06,1340.0,1360.0,1275.0,1345.0,657388.0,EDN
2024-09-09,1335.0,1415.0,1335.0,1380.0,457633.0,EDN
2024-09-10,1380.0,1380.0,1320.0,1345.0,582172.0,EDN
2024-09-11,1375.0,1450.0,1375.0,1425.0,752709.0,EDN
2024-09-12,1450.0,1500.0,1425.0,1450.0,481964.0,EDN
2024-09-13,1480.0,1545.0,1460.0,1540.0,847043.0,EDN
2024-09-16,1550.0,1600.0,1505.0,1520.0,651498.0,EDN
2024-09-17,1500.0,1545.0,1450.0,1540.0,764985.0,EDN
2024-09-18,1530.0,1560.0,1480.0,1520.0,324317.0,EDN
2024-09-19,1525.0,1575.0,1520.0,1535.0,594736.0,EDN
2024-09-20,1570.0,1570.0,1470.0,1495.0,301536.0,EDN
2024-09-23,1490.0,1520.0,1425.0,1460.0,407184.0,EDN
2024-09-24,1460.0,1480.0,1420.0,1465.0,332372.0,EDN
2024-09-25,1470.0,1480.0,1410.0,1420.0,249734.0,EDN
2024-09-26,1415.0,1440.0,1385.0,1405.0,625901.0,EDN
2024-09-27,1405.0,1490.0,1395.0,1405.0,355940.0,EDN
2024-09-30,1405.0,1420.0,1345.0,1370.0,842423.0,EDN
2024-10-01,1375.0,1425.0,1355.0,1375.0,461881.0,EDN
2024-10-02,1390.0,1405.0,1355.0,1370.0,174970.0,EDN
2024-10-03,1380.0,1405.0,1360.0,1375.0,320799.0,EDN
2024-10-04,1375.0,1395.0,1350.0,1375.0,248077.0,EDN
2024-10-07,1380.0,1380.0,1295.0,1335.0,264823.0,EDN
2024-10-08,1330.0,1350.0,1315.0,1325.0,368816.0,EDN
2024-10-09,1325.0,1400.0,1300.0,1395.0,1389010.0,EDN
2024-10-10,1410.0,1445.0,1395.0,1410.0,436375.0,EDN
2024-10-14,1410.0,1410.0,1345.0,1375.0,855679.0,EDN
2024-10-15,1390.0,1390.0,1340.0,1375.0,472198.0,EDN
2024-10-16,1360.0,1400.0,1335.0,1345.0,204138.0,EDN
2024-10-17,1370.0,1410.0,1370.0,1395.0,548922.0,EDN
2024-10-18,1425.0,1425.0,1360.0,1370.0,235242.0,EDN
2024-10-21,1370.0,1395.0,1365.0,1385.0,234361.0,EDN
2024-10-22,1385.0,1435.0,1385.0,1420.0,295459.0,EDN
2024-10-23,1420.0,1500.0,1360.0,1435.0,2707901.0,EDN
2024-10-24,1445.0,1545.0,1440.0,1530.0,1947453.0,EDN
2024-10-25,1535.0,1575.0,1510.0,1540.0,865285.0,EDN
2024-10-28,1585.0,1620.0,1495.0,1515.0,854863.0,EDN
2024-10-29,1510.0,1590.0,1495.0,1570.0,622267.0,EDN
2024-10-30,1575.0,1650.0,1570.0,1605.0,1176941.0,EDN
2024-10-31,1640.0,1680.0,1595.0,1665.0,634504.0,EDN
2024-11-01,1720.0,1850.0,1710.0,1820.0,2752204.0,EDN
2024-11-04,1825.0,1900.0,1750.0,1855.0,834860.0,EDN
2024-11-05,1855.0,1890.0,1830.0,1880.0,769302.0,EDN
2024-11-06,1915.0,2000.0,1850.0,1885.0,591430.0,EDN
2024-11-07,1930.0,1930.0,1800.0,1890.0,612201.0,EDN
2024-11-08,1880.0,1900.0,1785.0,1840.0,760907.0,EDN
2024-11-11,1850.0,1850.0,1715.0,1835.0,635628.0,EDN
2024-11-12,1800.0,1915.0,1800.0,1895.0,730387.0,EDN
2024-11-13,1900.0,1960.0,1885.0,1925.0,730816.0,EDN
2024-11-14,1970.0,1990.0,1890.0,1970.0,783435.0,EDN
2024-11-15,1970.0,2050.0,1880.0,1905.0,759184.0,EDN
2024-11-19,2020.0,2065.0,1985.0,2035.0,749200.0,EDN
2024-11-20,2050.0,2070.0,1965.0,2030.0,613720.0,EDN
2024-11-21,2035.0,2100.0,1970.0,2005.0,428591.0,EDN
2024-11-22,2015.0,2065.0,1965.0,2035.0,321807.0,EDN
2024-11-25,2020.0,2130.0,2010.0,2130.0,764765.0,EDN
2024-11-26,2150.0,2230.0,2110.0,2165.0,485585.0,EDN
2024-11-27,2200.0,2235.0,2075.0,2100.0,735921.0,EDN
2024-11-28,2100.0,2145.0,2070.0,2105.0,175252.0,EDN
2024-11-29,2140.0,2230.0,2070.0,2160.0,356375.0,EDN
2024-12-02,2210.0,2275.0,2175.0,2230.0,615713.0,EDN
2024-12-03,2280.0,2430.0,2245.0,2370.0,918742.0,EDN
2024-12-04,2390.0,2445.0,2200.0,2220.0,917101.0,EDN
2024-12-05,2270.0,2420.0,2185.0,2405.0,748837.0,EDN
2024-12-06,2425.0,2525.0,2415.0,2490.0,976356.0,EDN
2024-12-09,2545.0,2600.0,2390.0,2450.0,745456.0,EDN
2024-12-10,2505.0,2505.0,2350.0,2440.0,657358.0,EDN
2024-12-11,2450.0,2510.0,2365.0,2505.0,630336.0,EDN
2024-12-12,2515.0,2665.0,2515.0,2570.0,801253.0,EDN
2024-12-13,2630.0,2715.0,2570.0,2705.0,659354.0,EDN
2024-12-16,2720.0,2825.0,2640.0,2765.0,1589387.0,EDN
2024-12-17,2780.0,2815.0,2645.0,2665.0,1507272.0,EDN
2024-12-18,2790.0,2790.0,2550.0,2555.0,1972004.0,EDN
2024-12-19,2595.0,2665.0,2455.0,2465.0,769336.0,EDN
2024-12-20,2450.0,2490.0,2300.0,2460.0,1515844.0,EDN
2024-12-23,2475.0,2640.0,2420.0,2620.0,764632.0,EDN
2024-12-24,2695.0,2710.0,2615.0,2695.0,241862.0,EDN
2024-12-26,2690.0,2725.0,2630.0,2675.0,700472.0,EDN
2024-12-27,2680.0,2700.0,2560.0,2610.0,632757.0,EDN
2024-12-30,2620.0,2620.0,2525.0,2540.0,268730.0,EDN
2025-01-02,2550.0,2790.0,2480.0,2765.0,1101532.0,EDN
2025-01-03,2790.0,2840.0,2550.0,2635.0,2286786.0,EDN
2025-01-06,2680.0,2705.0,2575.0,2610.0,1145215.0,EDN
2025-01-07,2620.0,2670.0,2505.0,2560.0,1462052.0,EDN
2025-01-08,2505.0,2505.0,2280.0,2290.0,7211439.0,EDN
2025-01-09,2290.0,2385.0,2275.0,2340.0,2101570.0,EDN
2025-01-10,2300.0,2320.0,2160.0,2235.0,3463943.0,EDN
2025-01-13,2225.0,2225.0,2015.0,2025.0,2271785.0,EDN
2025-01-14,2025.0,2200.0,2025.0,2155.0,1951919.0,EDN
2025-01-15,2200.0,2240.0,2080.0,2105.0,1086445.0,EDN
2025-01-16,2105.0,2125.0,1990.0,2000.0,992333.0,EDN
2025-01-17,2010.0,2035.0,1920.0,1960.0,1476771.0,EDN
2025-01-20,1965.0,2030.0,1965.0,2005.0,416180.0,EDN
2025-01-21,2035.0,2150.0,1960.0,2130.0,2372870.0,EDN
2025-01-22,2185.0,2240.0,2140.0,2230.0,1518048.0,EDN
2025-01-23,2185.0,2210.0,2115.0,2170.0,1158592.0,EDN
2025-01-24,2210.0,2230.0,2065.0,2135.0,1199898.0,EDN
2025-01-27,2090.0,2125.0,1985.0,2115.0,808288.0,EDN
2025-01-28,2140.0,2220.0,2070.0,2215.0,1148971.0,EDN
2025-01-29,2215.0,2315.0,2150.0,2250.0,1620729.0,EDN
2025-01-30,2250.0,2345.0,2240.0,2320.0,1267041.0,EDN
2025-01-31,2320.0,2350.0,2250.0,2305.0,598543.0,EDN
2025-02-03,2250.0,2295.0,2120.0,2260.0,569100.0,EDN
2025-02-04,2265.0,2395.0,2265.0,2355.0,1077080.0,EDN
2025-02-05,2390.0,2390.0,2245.0,2315.0,563716.0,EDN
2025-02-06,2290.0,2400.0,2270.0,2325.0,773693.0,EDN
2025-02-07,2380.0,2415.0,2245.0,2285.0,868271.0,EDN
2025-02-10,2290.0,2385.0,2255.0,2330.0,708287.0,EDN
2025-02-11,2310.0,2345.0,2180.0,2210.0,657489.0,EDN
2025-02-12,2160.0,2345.0,2080.0,2290.0,992251.0,EDN
2025-02-13,2290.0,2370.0,2275.0,2355.0,367022.0,EDN
2025-02-14,2365.0,2405.0,2320.0,2385.0,462219.0,EDN
2025-02-17,2320.0,2340.0,2200.0,2245.0,939699.0,EDN
2025-02-18,2305.0,2435.0,2235.0,2375.0,1013249.0,EDN
2025-02-19,2380.0,2425.0,2350.0,2385.0,560097.0,EDN
2025-02-20,2355.0,2380.0,2280.0,2310.0,781680.0,EDN
2025-02-21,2340.0,2340.0,2250.0,2255.0,690255.0,EDN
2025-02-24,2255.0,2290.0,2155.0,2210.0,522265.0,EDN
2025-02-25,2145.0,2235.0,2085.0,2165.0,610138.0,EDN
2025-02-26,2165.0,2245.0,2130.0,2185.0,305637.0,EDN
2025-02-27,2190.0,2240.0,2080.0,2110.0,279650.0,EDN
2025-02-28,2075.0,2155.0,2010.0,2080.0,277557.0,EDN
2025-03-05,2050.0,2145.0,2050.0,2135.0,271778.0,EDN
2025-03-06,2175.0,2200.0,2085.0,2135.0,211004.0,EDN
2025-03-07,2135.0,2200.0,2040.0,2180.0,426161.0,EDN
2025-03-10,2185.0,2185.0,1935.0,1975.0,719708.0,EDN
2025-03-11,1980.0,2050.0,1870.0,1970.0,531916.0,EDN
2025-03-12,1995.0,2045.0,1955.0,2030.0,879964.0,EDN
2025-03-13,2030.0,2060.0,1945.0,1955.0,623872.0,EDN
2025-03-14,1970.0,2050.0,1970.0,2045.0,458887.0,EDN
2025-03-17,2055.0,2100.0,2025.0,2075.0,502131.0,EDN
2025-03-18,2045.0,2060.0,1970.0,1990.0,491865.0,EDN
2025-03-19,1995.0,2100.0,1995.0,2085.0,375670.0,EDN
2025-03-20,2065.0,2100.0,2030.0,2070.0,235807.0,EDN
2025-03-21,2095.0,2155.0,2050.0,2145.0,327964.0,EDN
2025-03-25,2150.0,2245.0,2150.0,2220.0,489720.0,EDN
2025-03-26,2250.0,2290.0,2135.0,2155.0,350450.0,EDN
2025-03-27,2135.0,2210.0,2070.0,2075.0,604172.0,EDN
2025-03-28,2070.0,2100.0,2025.0,2050.0,431559.0,EDN
2025-03-31,2000.0,2020.0,1965.0,2010.0,329776.0,EDN
2025-04-01,1975.0,2070.0,1975.0,2030.0,372640.0,EDN
2025-04-03,1970.0,1985.0,1920.0,1950.0,346259.0,EDN
2025-04-04,1890.0,1890.0,1715.0,1780.0,800009.0,EDN
2025-04-07,1700.0,1830.0,1650.0,1720.0,1314575.0,EDN
2025-04-08,1765.0,1835.0,1605.0,1620.0,1529340.0,EDN
2025-04-09,1640.0,1850.0,1525.0,1735.0,1306956.0,EDN
2025-04-10,1730.0,1760.0,1620.0,1725.0,1273045.0,EDN
2025-04-11,1760.0,1965.0,1735.0,1930.0,913205.0,EDN
2025-04-14,2100.0,2200.0,1950.0,1985.0,1284587.0,EDN
2025-04-15,2000.0,2055.0,1965.0,2025.0,1046977.0,EDN
2025-04-16,2045.0,2060.0,1950.0,1995.0,638536.0,EDN
2025-04-21,1990.0,1990.0,1785.0,1855.0,792461.0,EDN
2025-04-22,1870.0,1940.0,1835.0,1880.0,1227185.0,EDN
2025-04-23,1930.0,2030.0,1915.0,1985.0,646189.0,EDN
2025-04-24,2030.0,2060.0,1880.0,1910.0,689949.0,EDN
2025-04-25,1935.0,1950.0,1875.0,1885.0,288678.0,EDN
2025-04-28,1900.0,1930.0,1805.0,1845.0,196012.0,EDN
2025-04-29,1855.0,1890.0,1830.0,1870.0,480852.0,EDN
2025-04-30,1800.0,1855.0,1770.0,1790.0,436930.0,EDN
2025-05-05,1785.0,1790.0,1710.0,1750.0,262030.0,EDN
2025-05-06,1700.0,1850.0,1700.0,1845.0,287356.0,EDN
2025-05-07,1850.0,1850.0,1745.0,1755.0,543395.0,EDN
2025-05-08,1830.0,1830.0,1700.0,1730.0,278523.0,EDN
2025-05-09,1755.0,1870.0,1755.0,1860.0,816044.0,EDN
2025-05-12,1910.0,2020.0,1870.0,1960.0,1593354.0,EDN
2025-05-13,1950.0,2090.0,1930.0,2080.0,849197.0,EDN
2025-05-14,2120.0,2125.0,2000.0,2070.0,578741.0,EDN
2025-05-15,2050.0,2095.0,2000.0,2070.0,478749.0,EDN
2025-05-16,2070.0,2070.0,2000.0,2015.0,706073.0,EDN
2025-05-19,2060.0,2120.0,2025.0,2080.0,759359.0,EDN
2025-05-20,2085.0,2225.0,2065.0,2180.0,2103910.0,EDN
2025-05-21,2200.0,2210.0,2075.0,2090.0,782360.0,EDN
2025-05-22,2085.0,2145.0,2030.0,2085.0,738022.0,EDN
2025-05-23,2010.0,2125.0,2010.0,2110.0,451991.0,EDN
2025-05-26,2150.0,2165.0,2105.0,2145.0,310996.0,EDN
2025-05-27,2150.0,2155.0,2070.0,2100.0,717385.0,EDN
2025-05-28,2060.0,2140.0,2005.0,2100.0,885809.0,EDN
2025-05-29,2110.0,2110.0,2000.0,2020.0,676180.0,EDN
2025-05-30,2015.0,2060.0,1960.0,1985.0,525330.0,EDN
2025-06-02,1985.0,2025.0,1920.0,1930.0,425094.0,EDN
2025-06-03,1930.0,1985.0,1895.0,1930.0,400796.0,EDN
2025-06-04,1930.0,1955.0,1785.0,1825.0,912768.0,EDN
2025-06-05,1830.0,1865.0,1800.0,1830.0,337198.0,EDN
2025-06-06,1870.0,1925.0,1800.0,1895.0,459768.0,EDN
2025-06-09,1895.0,1900.0,1825.0,1830.0,361690.0,EDN
2025-06-10,1830.0,1930.0,1830.0,1900.0,516694.0,EDN
2025-06-11,1920.0,1920.0,1850.0,1860.0,342262.0,EDN
2025-06-12,1860.0,1905.0,1835.0,1850.0,341362.0,EDN
2025-06-13,1840.0,1840.0,1715.0,1740.0,1170054.0,EDN
2025-06-17,1700.0,1735.0,1665.0,1680.0,1387074.0,EDN
2025-06-18,1660.0,1720.0,1660.0,1690.0,648368.0,EDN
2025-06-19,1695.0,1715.0,1665.0,1695.0,68617.0,EDN
2025-06-23,1650.0,1650.0,1580.0,1595.0,501149.0,EDN
2025-06-24,1605.0,1660.0,1605.0,1645.0,562141.0,EDN
2025-06-25,1640.0,1640.0,1590.0,1595.0,456257.0,EDN
2025-06-26,1595.0,1695.0,1590.0,1605.0,446080.0,EDN
2025-06-27,1610.0,1670.0,1600.0,1665.0,728983.0,EDN
2025-06-30,1670.0,1695.0,1585.0,1600.0,596036.0,EDN
2025-07-01,1610.0,1625.0,1600.0,1615.0,208249.0,EDN
2025-07-02,1610.0,1695.0,1610.0,1630.0,919027.0,EDN
2025-07-03,1655.0,1660.0,1615.0,1630.0,432802.0,EDN
2025-07-04,1650.0,1650.0,1620.0,1630.0,267928.0,EDN
2025-07-07,1625.0,1635.0,1580.0,1600.0,413307.0,EDN
2025-07-08,1610.0,1755.0,1585.0,1740.0,1296663.0,EDN
2025-07-10,1670.0,1690.0,1625.0,1650.0,938987.0,EDN
2025-07-11,1635.0,1635.0,1580.0,1590.0,569256.0,EDN
2025-07-14,1590.0,1635.0,1545.0,1620.0,823063.0,EDN
2025-07-15,1605.0,1650.0,1600.0,1620.0,819973.0,EDN
2025-07-16,1610.0,1615.0,1545.0,1555.0,735125.0,EDN
2025-07-17,1580.0,1605.0,1565.0,1590.0,398554.0,EDN
2025-07-18,1595.0,1650.0,1595.0,1625.0,432156.0,EDN
2025-07-21,1630.0,1670.0,1575.0,1580.0,479534.0,EDN
2025-07-22,1580.0,1620.0,1515.0,1525.0,515784.0,EDN
2025-07-23,1535.0,1615.0,1535.0,1595.0,642057.0,EDN
2025-07-24,1595.0,1640.0,1585.0,1635.0,492684.0,EDN
2025-07-25,1670.0,1745.0,1660.0,1715.0,1109363.0,EDN
2025-07-28,1750.0,1870.0,1720.0,1855.0,1599677.0,EDN
2025-07-29,1830.0,1960.0,1830.0,1930.0,1464825.0,EDN
2025-07-30,1930.0,1965.0,1850.0,1895.0,910555.0,EDN
2025-07-31,1935.0,1960.0,1865.0,1940.0,1167497.0,EDN
2025-08-01,1940.0,1970.0,1845.0,1930.0,541374.0,EDN
2025-08-04,1950.0,2015.0,1930.0,1975.0,765407.0,EDN
2025-08-05,1975.0,2025.0,1950.0,2015.0,525129.0,EDN
2025-08-06,2015.0,2120.0,2000.0,2075.0,1196175.0,EDN
2025-08-07,2060.0,2110.0,1915.0,1920.0,1289990.0,EDN
2025-08-08,1930.0,1955.0,1830.0,1895.0,733212.0,EDN
2025-08-11,1935.0,1935.0,1850.0,1885.0,525259.0,EDN
2025-08-12,1885.0,2010.0,1885.0,1960.0,865082.0,EDN
2025-08-13,1960.0,1995.0,1910.0,1940.0,222440.0,EDN
2025-08-14,1945.0,1945.0,1795.0,1805.0,901249.0,EDN
2025-08-18,1790.0,1875.0,1755.0,1820.0,442687.0,EDN
2025-08-19,1830.0,1860.0,1680.0,1695.0,690309.0,EDN
2025-08-20,1720.0,1720.0,1595.0,1605.0,2139171.0,EDN
2025-08-21,1640.0,1670.0,1595.0,1615.0,854164.0,EDN
2025-08-22,1620.0,1670.0,1565.0,1575.0,1014205.0,EDN
2025-08-25,1585.0,1590.0,1445.0,1470.0,3007750.0,EDN
2025-08-26,1495.0,1515.0,1410.0,1480.0,1158448.0,EDN
2025-08-27,1480.0,1495.0,1430.0,1435.0,514710.0,EDN
2025-08-28,1470.0,1530.0,1450.0,1500.0,799790.0,EDN
2025-08-29,1500.0,1520.0,1450.0,1455.0,576558.0,EDN
2025-09-01,1455.0,1475.0,1385.0,1410.0,741738.0,EDN
2025-09-02,1440.0,1460.0,1360.0,1430.0,1808637.0,EDN
2025-09-03,1430.0,1485.0,1380.0,1415.0,1588314.0,EDN
2025-09-04,1420.0,1495.0,1415.0,1480.0,760026.0,EDN
2025-09-05,1450.0,1520.0,1435.0,1515.0,984492.0,EDN
2025-09-08,1380.0,1380.0,1255.0,1258.0,1505768.0,EDN
2025-09-09,1280.0,1322.0,1245.0,1259.0,1493713.0,EDN
2025-09-10,1300.0,1358.0,1268.0,1351.0,1052631.0,EDN
2025-09-11,1358.0,1388.0,1291.0,1297.0,769554.0,EDN
2025-09-12,1310.0,1310.0,1210.0,1248.0,773369.0,EDN
2025-09-15,1255.0,1285.0,1206.0,1235.0,428303.0,EDN
2025-09-16,1255.0,1289.0,1231.0,1260.0,731194.0,EDN
2025-09-17,1270.0,1283.0,1235.0,1244.0,361068.0,EDN
2025-09-18,1222.0,1245.0,1137.0,1166.0,1546636.0,EDN
2025-09-19,1179.0,1210.0,1158.0,1176.0,1025896.0,EDN
2025-09-22,1225.0,1325.0,1206.0,1322.0,2135452.0,EDN
2025-09-23,1330.0,1397.0,1273.0,1335.0,2242002.0,EDN
2025-09-24,1355.0,1427.0,1325.0,1330.0,1761668.0,EDN
2025-09-25,1350.0,1350.0,1230.0,1243.0,499655.0,EDN
2025-09-26,1220.0,1280.0,1200.0,1211.0,654960.0,EDN
2025-09-29,1219.0,1244.0,1190.0,1209.0,387781.0,EDN
2025-09-30,1218.0,1218.0,1160.0,1191.0,1454693.0,EDN
2025-10-01,1190.0,1230.0,1163.0,1172.0,527242.0,EDN
2025-10-02,1175.0,1220.0,1137.0,1216.0,1076417.0,EDN
2025-10-03,1225.0,1260.0,1162.0,1191.0,858868.0,EDN
2025-10-06,1200.0,1210.0,1156.0,1181.0,988585.0,EDN
2025-10-07,1200.0,1235.0,1160.0,1206.0,469032.0,EDN
2025-10-08,1207.0,1280.0,1187.0,1264.0,953117.0,EDN
2025-10-09,1297.0,1350.0,1260.0,1328.0,2224880.0,EDN
2025-10-13,1280.0,1460.0,1220.0,1452.0,2198356.0,EDN
2025-10-14,1460.0,1560.0,1390.0,1404.0,2553423.0,EDN
2025-10-15,1420.0,1530.0,1400.0,1421.0,645793.0,EDN
2025-10-16,1430.0,1450.0,1366.0,1391.0,436019.0,EDN
2025-10-17,1446.0,1447.0,1380.0,1434.0,411436.0,EDN
2025-10-20,1435.0,1470.0,1382.0,1398.0,506390.0,EDN
2025-10-21,1400.0,1435.0,1362.0,1379.0,905337.0,EDN
2025-10-22,1422.0,1423.0,1343.0,1412.0,867550.0,EDN
2025-10-23,1410.0,1535.0,1389.0,1460.0,812273.0,EDN
2025-10-24,1510.0,1525.0,1458.0,1509.0,940300.0,EDN
2025-10-27,1674.0,1980.0,1500.0,1929.0,4988347.0,EDN
2025-10-28,1934.0,2199.0,1866.0,2115.0,2654837.0,EDN
2025-10-29,2123.0,2410.0,2123.0,2366.0,3064593.0,EDN
2025-10-30,2380.0,2420.0,2231.0,2284.0,1526611.0,EDN
2025-10-31,2205.0,2595.0,2205.0,2502.5,2642366.0,EDN
2025-11-03,2500.0,2680.0,2413.0,2652.5,2483188.0,EDN
2025-11-04,2650.0,2700.0,2502.5,2645.0,1307569.0,EDN
2025-11-05,2570.0,2680.0,2486.0,2552.5,1563158.0,EDN
2025-11-06,2555.0,2592.5,2395.0,2425.0,791882.0,EDN
2025-11-07,2425.0,2450.0,2225.0,2386.0,1101373.0,EDN
2025-11-10,2395.0,2550.0,2390.0,2473.0,1124955.0,EDN
2025-11-11,2470.0,2570.0,2414.0,2450.0,517714.0,EDN
2025-11-12,2448.0,2505.0,2400.0,2414.0,474792.0,EDN
2025-11-13,2475.0,2475.0,2280.0,2338.0,564313.0,EDN
2025-11-14,2360.0,2468.0,2265.0,2432.0,560388.0,EDN
2025-11-17,2445.0,2510.0,2300.0,2312.0,538049.0,EDN
2025-11-18,2280.0,2400.0,2220.0,2375.0,807071.0,EDN
2025-11-19,2320.0,2450.0,2320.0,2387.0,506381.0,EDN
2025-11-20,2400.0,2472.0,2308.0,2371.0,503446.0,EDN
2025-11-21,2300.0,2365.0,2190.0,2255.0,324147.0,EDN
2025-11-25,2270.0,2392.0,2219.0,2383.0,493845.0,EDN
2025-11-26,2400.0,2620.0,2360.0,2610.0,1091829.0,EDN
2025-11-27,2602.5,2680.0,2575.0,2587.5,254992.0,EDN
2025-11-28,2600.0,2682.5,2540.0,2572.5,690229.0,EDN
2025-12-01,2690.0,2690.0,2500.0,2670.0,445902.0,EDN
2025-12-02,2675.0,2765.0,2580.0,2605.0,1684435.0,EDN
2025-12-03,2655.0,2727.5,2550.0,2717.5,1419978.0,EDN
2025-12-04,2725.0,2767.5,2610.0,2617.5,879623.0,EDN
2025-12-05,2630.0,2720.0,2492.0,2505.0,739224.0,EDN
2025-12-09,2505.0,2520.0,2416.0,2451.0,484054.0,EDN
2025-12-10,2450.0,2520.0,2366.0,2406.0,729300.0,EDN
2025-12-11,2405.0,2420.0,2292.0,2323.0,611726.0,EDN
2025-12-12,2365.0,2379.0,2300.0,2319.0,370911.0,EDN
2025-12-15,2318.0,2380.0,2289.0,2357.0,433327.0,EDN
2025-12-16,2360.0,2415.0,2300.0,2376.0,736370.0,EDN
2025-12-17,2380.0,2415.0,2331.0,2394.0,404815.0,EDN
2025-12-18,2405.0,2500.0,2390.0,2464.0,739591.0,EDN
2025-12-19,2475.0,2495.0,2420.0,2440.0,581810.0,EDN
2025-12-22,2450.0,2520.0,2421.0,2453.0,398542.0,EDN
2025-12-23,2474.0,2474.0,2380.0,2403.0,911654.0,EDN
2025-12-24,2361.0,2439.0,2360.0,2409.0,78473.0,EDN
2025-12-26,2469.0,2469.0,2397.0,2420.0,354161.0,EDN
2025-12-29,2420.0,2490.0,2344.0,2371.0,1244333.0,EDN
2025-12-30,2427.0,2427.0,2328.0,2336.0,631344.0,EDN
2026-01-02,2360.0,2360.0,2300.0,2320.0,279969.0,EDN
2026-01-05,2320.0,2345.0,2210.0,2305.0,560759.0,EDN
2026-01-06,2303.0,2354.0,2269.0,2281.0,562472.0,EDN
2026-01-07,2270.0,2299.0,2140.0,2149.0,981857.0,EDN
2026-01-08,2155.0,2208.0,2120.0,2193.0,520104.0,EDN
2026-01-09,2229.0,2239.0,2185.0,2219.0,423306.0,EDN
2026-01-12,2220.0,2271.0,2162.0,2214.0,313989.0,EDN
2026-01-13,2210.0,2240.0,2145.0,2157.0,494804.0,EDN
2026-01-14,2152.0,2200.0,2015.0,2027.0,1196512.0,EDN
2026-01-15,2035.0,2089.0,1970.0,2008.0,649815.0,EDN
2026-01-16,2000.0,2100.0,1995.0,2040.0,577682.0,EDN
2026-01-19,2049.0,2086.0,2015.0,2038.0,75998.0,EDN
2026-01-20,2025.0,2083.0,1980.0,2058.0,407303.0,EDN
2026-01-21,2080.0,2308.0,2060.0,2294.0,1632588.0,EDN
2026-01-22,2300.0,2400.0,2250.0,2337.0,790472.0,EDN
2026-01-23,2295.0,2373.0,2230.0,2242.0,691785.0,EDN
2026-01-26,2280.0,2400.0,2215.0,2311.0,1344202.0,EDN
2026-01-27,2315.0,2470.0,2315.0,2463.0,737239.0,EDN
2026-01-28,2458.0,2540.0,2355.0,2398.0,766190.0,EDN
2026-01-29,2450.0,2450.0,2290.0,2336.0,593919.0,EDN
2026-01-30,2338.0,2399.0,2290.0,2352.0,501241.0,EDN
2026-02-02,2355.0,2355.0,2226.0,2244.0,334557.0,EDN
2026-02-03,2241.0,2270.0,2103.0,2125.0,676631.0,EDN
2026-02-04,2168.0,2195.0,2015.0,2059.0,1410004.0,EDN
2026-02-05,2078.0,2092.0,2000.0,2017.0,513673.0,EDN
2026-02-06,2015.0,2100.0,2015.0,2087.0,375254.0,EDN
2026-02-09,2100.0,2210.0,2034.0,2197.0,1533740.0,EDN
2026-02-10,2191.0,2260.0,2091.0,2196.0,1559466.0,EDN
2026-02-11,2170.0,2280.0,2130.0,2208.0,583520.0,EDN
2026-02-12,2245.0,2245.0,2080.0,2117.0,440413.0,EDN
2026-02-13,2090.0,2180.0,2065.0,2082.0,272758.0,EDN
2026-02-18,2081.0,2127.0,1970.0,1980.0,715011.0,EDN
2026-02-19,1990.0,2075.0,1953.0,2037.0,404177.0,EDN
2026-02-20,2004.0,2110.0,2004.0,2009.0,733046.0,EDN
2026-02-23,2009.0,2100.0,1910.0,1938.0,501295.0,EDN
2026-02-24,2010.0,2020.0,1911.0,2007.0,364102.0,EDN
2026-02-25,2000.0,2033.0,1960.0,2006.0,264707.0,EDN
2026-02-26,2010.0,2050.0,1930.0,1962.0,184899.0,EDN
2026-02-27,1980.0,2010.0,1820.0,1832.0,641243.0,EDN
2026-03-02,1840.0,2010.0,1750.0,2002.0,2803783.0,EDN
2026-03-03,1992.0,1995.0,1840.0,1930.0,340959.0,EDN
2026-03-04,1930.0,1977.0,1884.0,1903.0,231480.0,EDN
2026-03-05,1915.0,1940.0,1860.0,1867.0,308519.0,EDN
2026-03-06,1890.0,1950.0,1856.0,1889.0,344423.0,EDN
2026-03-09,1870.0,1940.0,1841.0,1881.0,511741.0,EDN
2026-03-10,1880.0,2042.0,1865.0,1975.0,674530.0,EDN
2026-03-11,1975.0,2064.0,1955.0,2026.0,445545.0,EDN
2026-03-12,2024.0,2080.0,1966.0,2001.0,275660.0,EDN
2026-03-13,2031.0,2031.0,1899.0,1929.0,625622.0,EDN
2026-03-16,1918.0,1950.0,1865.0,1885.0,555401.0,EDN
2026-03-17,1882.0,1953.0,1880.0,1943.0,373877.0,EDN
2026-03-18,1980.0,2019.0,1920.0,2003.0,294418.0,EDN
2026-03-19,1996.0,2144.0,1964.0,2119.0,1330082.0,EDN
2026-03-20,2122.0,2166.0,2020.0,2049.0,1101404.0,EDN
2026-03-23,2067.0,2175.0,2001.0,2157.0,235852.0,EDN
2026-03-25,2190.0,2190.0,2064.0,2089.0,702869.0,EDN
2026-03-26,2093.0,2094.0,1960.0,2042.0,1073645.0,EDN
2026-03-27,2044.0,2192.0,2000.0,2040.0,2182587.0,EDN
2026-03-30,2047.0,2120.0,2036.0,2074.0,244490.0,EDN
2026-03-31,2100.0,2262.0,2065.0,2249.0,1762786.0,EDN
2026-04-01,2250.0,2326.0,2125.0,2303.0,2592545.0,EDN
2026-04-06,2305.0,2340.0,2208.0,2326.0,2159110.0,EDN
2026-04-07,2330.0,2350.0,2231.0,2254.0,346939.0,EDN
2026-04-08,2335.0,2345.0,2274.0,2302.0,642174.0,EDN
2026-04-09,2314.0,2319.0,2174.0,2190.0,688540.0,EDN
2026-04-10,2215.0,2228.0,2123.0,2126.0,626646.0,EDN
2026-04-13,2130.0,2160.0,2061.0,2069.0,923627.0,EDN
2026-04-14,2120.0,2120.0,1978.0,1985.0,1293779.0,EDN
2026-04-15,1990.0,2015.0,1940.0,2010.0,1555995.0,EDN
2026-04-16,2010.0,2040.0,1975.0,2018.0,487042.0,EDN
2026-04-17,2040.0,2048.0,1956.0,1978.0,808514.0,EDN
2026-04-20,1983.0,2091.0,1950.0,2084.0,1168181.0,EDN
2026-04-21,2090.0,2090.0,2012.0,2018.0,522962.0,EDN
2026-04-22,2020.0,2052.0,1948.0,1950.0,1151980.0,EDN
2026-04-23,1950.0,1969.0,1857.0,1871.0,658684.0,EDN
2026-04-24,1877.0,1930.0,1850.0,1905.0,349413.0,EDN
2026-04-27,1905.0,1957.0,1880.0,1894.0,362783.0,EDN
2026-04-28,1895.0,1916.0,1870.0,1900.0,561097.0,EDN
2026-04-29,1910.0,1920.0,1860.0,1890.0,251073.0,EDN
2026-04-30,1890.0,1918.0,1810.0,1884.0,1003093.0,EDN
2026-05-04,1869.0,1879.0,1810.0,1826.0,620517.0,EDN
2026-05-05,1830.0,1869.0,1781.0,1820.0,1080137.0,EDN
2026-05-06,1831.0,1910.0,1814.0,1891.0,1416633.0,EDN
2026-05-07,1910.0,1910.0,1822.0,1831.0,1152280.0,EDN
2026-05-08,1850.0,1859.0,1743.0,1754.0,1267064.0,EDN
2026-05-11,1770.0,1830.0,1739.0,1813.0,609080.0,EDN
2026-05-12,1810.0,1843.0,1735.0,1789.0,876936.0,EDN
2026-05-13,1780.0,1810.0,1715.0,1720.0,550514.0,EDN
2026-05-14,1720.0,1760.0,1704.0,1735.0,489356.0,EDN
2026-05-15,1735.0,1761.0,1659.0,1667.0,717636.0,EDN
2026-05-18,1660.0,1792.0,1655.0,1772.0,1044670.0,EDN
2026-05-19,1748.0,1769.0,1720.0,1737.0,499890.0,EDN
2026-05-20,1735.0,1815.0,1720.0,1805.0,386457.0,EDN
2026-05-21,1797.0,1849.0,1772.0,1840.0,1316556.0,EDN
2026-05-22,1849.0,1873.0,1790.0,1802.0,276606.0,EDN
2026-05-26,1807.0,1851.0,1788.0,1818.0,749056.0,EDN
2026-05-27,1830.0,1977.0,1818.0,1965.0,1772287.0,EDN
2026-05-28,1955.0,2015.0,1871.0,1977.0,1184031.0,EDN
2026-05-29,1999.0,2110.0,1961.0,2062.0,1899547.0,EDN
2026-06-01,2080.0,2150.0,2040.0,2110.0,1164728.0,EDN
2026-06-02,2103.0,2104.0,2016.0,2072.0,444676.0,EDN
2026-06-03,2060.0,2100.0,2015.0,2027.0,322872.0,EDN
2026-06-04,2034.0,2069.0,2000.0,2025.0,584318.0,EDN
2026-06-05,2025.0,2049.0,1940.0,1976.0,469413.0,EDN
2026-06-08,1951.0,2030.0,1951.0,1975.0,392440.0,EDN
2026-06-09,2010.0,2042.0,1940.0,1979.0,505671.0,EDN
2026-06-10,2000.0,2020.0,1945.0,1969.0,479751.0,EDN
2026-06-11,2015.0,2150.0,2002.0,2137.0,1797812.0,EDN
2026-06-12,2140.0,2167.0,2062.0,2076.0,677898.0,EDN
2026-06-16,2110.0,2145.0,2045.0,2048.0,414501.0,EDN
2026-06-17,2060.0,2140.0,2036.0,2061.0,815948.0,EDN
2026-06-18,2080.0,2145.0,2060.0,2103.0,268613.0,EDN
2026-06-19,2101.0,2101.0,2052.0,2072.0,93500.0,EDN
2026-06-22,2071.0,2095.0,2000.0,2038.0,423415.0,EDN
2026-06-23,2020.0,2040.0,1967.0,1975.0,570834.0,EDN
2026-06-24,1983.0,1983.0,1850.0,1877.0,643917.0,EDN
2026-06-25,1890.0,1915.0,1859.0,1894.0,268917.0,EDN
2026-06-26,1925.0,1931.0,1870.0,1891.0,196345.0,EDN
2026-06-29,1900.0,2010.0,1900.0,1998.0,429748.0,EDN
2026-06-30,2018.0,2018.0,1940.0,1953.0,261832.0,EDN
2026-07-01,1960.0,1980.0,1896.0,1908.0,430657.0,EDN
2026-07-02,1900.0,1985.0,1900.0,1928.0,1386770.0,EDN
2026-07-03,1930.0,1961.0,1921.0,1956.0,65077.0,EDN
2026-07-06,1960.0,2005.0,1930.0,2001.0,366058.0,EDN
2026-07-07,1996.0,2029.0,1922.0,1933.0,387665.0,EDN
2026-07-08,1933.0,1965.0,1910.0,1934.0,300456.0,EDN
2026-07-10,1941.0,1997.0,1915.0,1986.0,77844.0,EDN
2026-07-13,1986.0,2010.0,1935.0,1946.0,188529.0,EDN
2026-07-14,1940.0,1990.0,1940.0,1969.0,206448.0,EDN
2026-07-15,1960.0,2026.0,1951.0,2007.0,348965.0,EDN
2026-07-16,2003.0,2029.0,1913.0,1930.0,405541.0,EDN
2026-07-17,1942.0,1971.0,1910.0,1944.0,146186.0,EDN
2026-07-20,1944.0,1999.0,1926.0,1978.0,146721.0,EDN
2026-07-21,1973.0,2139.0,1942.0,2089.0,1180487.0,EDN
2026-07-22,2090.0,2148.0,2071.0,2140.0,642628.0,EDN
2026-07-23,2135.0,2149.0,2081.0,2113.0,353522.0,EDN
2026-07-24,2150.0,2150.0,2062.0,2071.0,281122.0,EDN
2026-07-27,2076.0,2120.0,2050.0,2090.0,233430.0,EDN
2026-07-28,2091.0,2100.0,2001.0,2023.0,370322.0,EDN
2026-07-29,2030.0,2072.0,1999.0,2033.0,486720.0,EDN
2026-07-30,1970.0,2150.0,1970.0,2113.0,545195.0,EDN
2026-07-31,2103.0,2140.0,2050.0,2121.0,699723.0,EDN
2026-08-03,2129.0,2160.0,2073.0,2082.0,258503.0,EDN
2026-08-04,2116.0,2116.0,1980.0,2000.0,700408.0,EDN
2026-08-05,2008.0,2034.0,1981.0,2026.0,350697.0,EDN
2026-08-06,2050.0,2050.0,1950.0,1954.0,278076.0,EDN
2026-08-07,1970.0,1980.0,1907.0,1923.0,556191.0,EDN
2026-08-10,1929.0,1936.0,1892.0,1910.0,393411.0,EDN
2026-08-11,1945.0,1984.0,1801.0,1836.0,1170804.0,EDN
2026-08-12,1870.0,1870.0,1800.0,1806.0,516408.0,EDN
2026-08-13,1845.0,1925.0,1811.0,1893.0,972951.0,EDN
2026-08-14,1900.0,1920.0,1799.0,1829.0,855965.0,EDN
2026-08-18,1825.0,1844.0,1752.0,1762.0,347812.0,EDN
2026-08-19,1770.0,1798.0,1744.0,1747.0,1194758.0,EDN
2026-08-20,1765.0,1790.0,1740.0,1757.0,312576.0,EDN
2026-08-21,1761.0,1821.0,1742.0,1775.0,1129613.0,EDN
2026-08-24,1780.0,1879.0,1759.0,1864.0,554053.0,EDN
2026-08-25,1880.0,1900.0,1830.0,1893.0,414475.0,EDN
