date,open,high,low,close,volume,ticker
2018-01-02,124.95,125.5,121.05,123.9,393713.0,GGAL
2018-01-03,124.45,125.0,122.0,123.15,453943.0,GGAL
2018-01-04,124.5,130.0,124.2,129.89999,636362.0,GGAL
2018-01-05,131.0,131.45,128.5,129.8,657700.0,GGAL
2018-01-08,129.8,129.8,126.3,128.0,538763.0,GGAL
2018-01-09,129.60001,129.9,126.4,127.0,434950.0,GGAL
2018-01-10,126.45,128.85,121.5,127.8,383350.0,GGAL
2018-01-11,127.5,129.4,127.15,129.25,268929.0,GGAL
2018-01-12,130.5,133.0,129.5,133.0,584711.0,GGAL
2018-01-15,133.55,137.95,133.0,137.89999,270073.0,GGAL
2018-01-16,136.95,137.3,135.05,136.8,694905.0,GGAL
2018-01-17,137.0,137.65,136.0,136.60001,562219.0,GGAL
2018-01-18,137.95,139.5,135.0,138.7,453363.0,GGAL
2018-01-19,138.55,139.0,135.05,136.89999,428086.0,GGAL
2018-01-22,137.0,137.4,133.25,134.0,200546.0,GGAL
2018-01-23,135.0,136.0,132.65,134.8,419421.0,GGAL
2018-01-24,135.0,140.0,134.0,134.55,512947.0,GGAL
2018-01-25,134.5,134.5,129.6,133.55,450841.0,GGAL
2018-01-26,133.95,134.2,129.3,130.55,490731.0,GGAL
2018-01-29,130.5,130.5,127.0,128.2,307887.0,GGAL
2018-01-30,129.0,130.0,125.5,129.55,589884.0,GGAL
2018-01-31,130.2,134.6,130.2,134.35001,581965.0,GGAL
2018-02-01,136.05,137.7,131.1,133.75,566917.0,GGAL
2018-02-02,133.75,133.75,123.5,124.3,844409.0,GGAL
2018-02-05,125.0,125.0,118.0,120.5,615979.0,GGAL
2018-02-06,116.0,130.15,114.6,126.5,1487274.0,GGAL
2018-02-07,126.5,129.95,122.6,124.55,699941.0,GGAL
2018-02-08,124.65,126.5,121.85,122.7,853505.0,GGAL
2018-02-09,122.0,122.2,116.8,118.05,1118725.0,GGAL
2018-02-14,122.0,127.4,120.5,127.3,824749.0,GGAL
2018-02-15,129.0,133.0,128.0,133.3,616997.0,GGAL
2018-02-16,133.3,135.6,132.45,134.60001,928789.0,GGAL
2018-02-19,134.45,134.45,133.0,133.55,186016.0,GGAL
2018-02-20,133.0,136.85,131.55,132.60001,369579.0,GGAL
2018-02-21,133.0,134.45,130.0,133.75,237427.0,GGAL
2018-02-22,131.5,135.0,131.5,134.0,533801.0,GGAL
2018-02-23,134.5,136.0,130.5,130.75,574586.0,GGAL
2018-02-26,133.0,133.0,127.3,129.05,514933.0,GGAL
2018-02-27,129.05,131.0,125.6,127.0,388173.0,GGAL
2018-02-28,127.2,130.0,126.4,129.10001,520832.0,GGAL
2018-03-01,128.60001,128.6,121.55,123.7,346472.0,GGAL
2018-03-02,123.7,123.95,120.0,122.95,680681.0,GGAL
2018-03-05,123.0,125.0,123.0,124.05,334602.0,GGAL
2018-03-06,127.45,129.0,125.0,127.8,357811.0,GGAL
2018-03-07,127.0,127.25,124.55,125.55,213088.0,GGAL
2018-03-08,126.0,127.95,124.0,125.15,213602.0,GGAL
2018-03-09,126.0,131.0,126.0,129.7,365783.0,GGAL
2018-03-12,133.5,136.4,133.0,135.55,838448.0,GGAL
2018-03-13,134.95,135.0,132.0,132.25,433849.0,GGAL
2018-03-14,132.25,133.0,131.5,131.89999,256169.0,GGAL
2018-03-15,132.10001,133.8,131.8,132.3,342668.0,GGAL
2018-03-16,133.10001,134.9,131.55,132.25,394650.0,GGAL
2018-03-19,132.0,132.25,127.2,127.5,338387.0,GGAL
2018-03-20,128.05,131.85,128.05,130.60001,194204.0,GGAL
2018-03-21,129.85001,133.5,127.35,133.39999,303225.0,GGAL
2018-03-22,131.95,132.95,130.7,131.45,237935.0,GGAL
2018-03-23,130.60001,131.0,127.5,128.14999,296037.0,GGAL
2018-03-26,128.60001,130.5,128.55,130.25,365484.0,GGAL
2018-03-27,131.05,134.3,131.0,131.64999,485064.0,GGAL
2018-03-28,132.0,132.9,129.6,131.3,252691.0,GGAL
2018-04-03,132.0,134.5,132.0,134.0,226990.0,GGAL
2018-04-04,132.0,134.5,130.15,133.95,170595.0,GGAL
2018-04-05,134.10001,135.9,133.2,134.55,246133.0,GGAL
2018-04-06,134.35001,134.95,133.6,134.45,153641.0,GGAL
2018-04-09,134.45,135.5,133.35,133.8,144672.0,GGAL
2018-04-10,135.14999,136.7,135.0,135.7,178743.0,GGAL
2018-04-11,134.45,135.4,132.25,132.7,226121.0,GGAL
2018-04-12,132.10001,135.9,132.1,134.89999,300372.0,GGAL
2018-04-13,135.0,135.0,132.0,132.55,81772.0,GGAL
2018-04-16,132.0,132.0,128.8,129.10001,202623.0,GGAL
2018-04-17,129.10001,134.8,129.0,134.45,458355.0,GGAL
2018-04-18,134.10001,136.1,132.15,134.2,210947.0,GGAL
2018-04-19,134.14999,134.7,132.0,132.85001,308019.0,GGAL
2018-04-20,133.0,133.0,130.55,130.64999,263789.0,GGAL
2018-04-23,131.0,133.0,130.65,130.89999,197893.0,GGAL
2018-04-24,131.10001,133.15,131.1,131.95,397184.0,GGAL
2018-04-25,131.8,131.8,123.5,125.3,651865.0,GGAL
2018-04-26,125.0,126.15,122.05,123.5,535522.0,GGAL
2018-04-27,123.45,130.8,122.0,128.39999,414709.0,GGAL
2018-05-02,127.0,127.5,122.15,122.5,478809.0,GGAL
2018-05-03,122.0,123.0,118.5,119.35,714505.0,GGAL
2018-05-04,120.0,125.95,113.0,115.05,913015.0,GGAL
2018-05-07,116.0,118.0,109.0,109.7,650892.0,GGAL
2018-05-08,108.0,113.5,103.0,105.25,2207435.0,GGAL
2018-05-09,107.0,114.5,107.0,114.2,906292.0,GGAL
2018-05-10,117.0,121.25,116.0,120.85,825953.0,GGAL
2018-05-11,121.0,123.65,114.1,116.9,890115.0,GGAL
2018-05-14,114.9,115.0,108.0,112.35,2692400.0,GGAL
2018-05-15,115.8,121.7,110.0,111.3,2940040.0,GGAL
2018-05-16,113.5,115.0,111.2,112.8,2206886.0,GGAL
2018-05-17,113.95,116.95,112.35,115.45,1633192.0,GGAL
2018-05-18,117.0,117.0,114.0,114.35,941734.0,GGAL
2018-05-21,115.0,115.5,114.0,114.45,655710.0,GGAL
2018-05-22,115.0,115.0,110.3,111.6,697742.0,GGAL
2018-05-23,109.9,110.7,108.1,108.4,781355.0,GGAL
2018-05-24,107.6,111.75,106.7,107.7,477271.0,GGAL
2018-05-28,107.7,108.5,103.0,103.75,498876.0,GGAL
2018-05-29,103.65,106.45,100.05,102.9,963397.0,GGAL
2018-05-30,103.3,107.0,103.3,104.6,476260.0,GGAL
2018-05-31,106.0,107.0,103.5,105.8,373753.0,GGAL
2018-06-01,107.1,107.9,104.5,106.2,518031.0,GGAL
2018-06-04,108.0,114.3,108.0,113.75,1135757.0,GGAL
2018-06-05,114.25,120.5,114.25,119.9,1714290.0,GGAL
2018-06-06,120.0,121.0,117.5,118.6,1051455.0,GGAL
2018-06-07,117.9,119.35,115.8,118.85,1033644.0,GGAL
2018-06-08,125.25,127.6,121.0,127.4,1294571.0,GGAL
2018-06-11,128.0,133.0,126.35,128.10001,1139243.0,GGAL
2018-06-12,126.5,126.8,120.7,121.05,651394.0,GGAL
2018-06-13,119.95,120.5,116.8,117.9,966112.0,GGAL
2018-06-14,118.0,119.0,112.7,114.5,966119.0,GGAL
2018-06-15,111.9,115.35,110.0,114.2,1237785.0,GGAL
2018-06-18,109.55,109.55,102.0,103.45,2245107.0,GGAL
2018-06-19,107.0,109.45,103.6,108.4,3363220.0,GGAL
2018-06-21,117.95,119.25,115.0,115.6,6914345.0,GGAL
2018-06-22,112.8,113.75,108.5,110.55,2104910.0,GGAL
2018-06-25,107.0,107.0,102.0,102.15,1042369.0,GGAL
2018-06-26,103.0,105.75,100.1,101.7,428261.0,GGAL
2018-06-27,100.5,100.6,88.0,90.0,2002117.0,GGAL
2018-06-28,93.0,100.0,92.0,99.9,1981670.0,GGAL
2018-06-29,96.5,101.0,93.25,95.05,1311357.0,GGAL
2018-07-02,94.0,95.0,90.0,93.9,1829957.0,GGAL
2018-07-03,97.25,101.0,96.5,100.15,2274126.0,GGAL
2018-07-04,100.5,102.5,98.2,101.45,396928.0,GGAL
2018-07-05,100.8,103.0,94.95,101.0,1076045.0,GGAL
2018-07-06,103.0,103.9,100.0,101.3,559153.0,GGAL
2018-07-10,103.5,103.5,97.95,99.3,559282.0,GGAL
2018-07-11,97.0,101.45,97.0,100.65,893262.0,GGAL
2018-07-12,100.85,102.75,95.5,95.95,545001.0,GGAL
2018-07-13,95.7,97.05,93.7,94.8,483975.0,GGAL
2018-07-16,95.05,98.0,92.1,93.75,790124.0,GGAL
2018-07-17,93.75,99.0,93.0,97.6,606410.0,GGAL
2018-07-18,97.0,99.7,96.0,97.0,476201.0,GGAL
2018-07-19,96.5,97.95,95.0,95.55,300097.0,GGAL
2018-07-20,95.95,99.5,95.95,98.8,393873.0,GGAL
2018-07-23,99.0,99.0,96.6,97.0,548756.0,GGAL
2018-07-24,99.5,100.45,98.5,98.75,690022.0,GGAL
2018-07-25,99.45,102.45,98.75,102.3,1361899.0,GGAL
2018-07-26,102.2,102.75,100.3,101.1,757079.0,GGAL
2018-07-27,103.0,103.9,97.0,100.2,735059.0,GGAL
2018-07-30,100.2,100.2,97.25,98.3,632619.0,GGAL
2018-07-31,98.0,99.3,97.0,97.35,395689.0,GGAL
2018-08-01,97.3,100.0,97.3,99.4,669614.0,GGAL
2018-08-02,99.5,101.95,99.05,99.8,698010.0,GGAL
2018-08-03,102.05,102.95,101.5,102.0,483685.0,GGAL
2018-08-06,102.0,103.35,101.05,101.8,618660.0,GGAL
2018-08-07,98.5,98.5,95.0,95.7,1093175.0,GGAL
2018-08-08,94.0,94.5,91.5,93.0,765655.0,GGAL
2018-08-09,93.15,97.4,93.15,95.6,1009304.0,GGAL
2018-08-10,90.9,94.6,90.5,94.0,1120437.0,GGAL
2018-08-13,93.4,93.4,89.0,91.0,1786467.0,GGAL
2018-08-14,92.5,92.6,89.5,91.0,2120313.0,GGAL
2018-08-15,90.2,97.0,88.5,95.6,1119652.0,GGAL
2018-08-16,95.15,98.0,91.8,93.0,1771631.0,GGAL
2018-08-17,90.0,90.0,86.5,88.0,2178339.0,GGAL
2018-08-21,86.0,86.65,85.0,85.5,738624.0,GGAL
2018-08-22,85.15,89.1,83.0,89.1,852176.0,GGAL
2018-08-23,88.9,91.0,86.25,86.95,611076.0,GGAL
2018-08-24,85.0,85.0,79.7,81.0,1786384.0,GGAL
2018-08-27,80.65,83.0,79.05,79.45,683987.0,GGAL
2018-08-28,78.45,78.5,74.25,76.2,1198417.0,GGAL
2018-08-29,76.0,77.5,73.25,74.3,1546172.0,GGAL
2018-08-30,73.0,82.0,69.65,77.1,1482925.0,GGAL
2018-08-31,79.0,86.2,79.0,86.15,4033995.0,GGAL
2018-09-03,88.0,88.5,83.2,86.75,1448254.0,GGAL
2018-09-04,82.45,82.45,77.0,78.25,3538543.0,GGAL
2018-09-05,79.5,85.3,77.5,83.5,9403431.0,GGAL
2018-09-06,89.0,93.75,88.7,92.85,4370032.0,GGAL
2018-09-07,90.9,93.8,87.5,87.8,2254614.0,GGAL
2018-09-10,88.75,89.95,85.5,86.15,682497.0,GGAL
2018-09-11,81.7,85.3,79.25,84.9,2154168.0,GGAL
2018-09-12,86.0,86.9,84.1,86.6,1806700.0,GGAL
2018-09-13,88.35,90.6,83.65,85.0,2634827.0,GGAL
2018-09-14,84.9,87.25,84.4,86.15,1790522.0,GGAL
2018-09-17,86.4,94.45,86.4,93.9,2953933.0,GGAL
2018-09-18,94.05,96.5,93.0,96.1,1966762.0,GGAL
2018-09-19,96.1,99.35,95.0,98.65,3006007.0,GGAL
2018-09-20,103.2,108.8,100.4,107.5,10561833.0,GGAL
2018-09-21,109.0,111.5,104.25,111.25,3107133.0,GGAL
2018-09-24,111.0,111.0,100.0,105.8,2910529.0,GGAL
2018-09-25,102.0,114.6,100.2,113.9,3008279.0,GGAL
2018-09-26,114.35,114.85,111.1,113.0,1980515.0,GGAL
2018-09-27,113.1,116.0,105.0,107.5,2406944.0,GGAL
2018-09-28,104.2,107.9,104.2,105.5,1702329.0,GGAL
2018-10-01,105.7,107.25,101.0,102.6,1682017.0,GGAL
2018-10-02,105.95,107.7,103.25,105.9,1467427.0,GGAL
2018-10-03,107.55,111.0,100.5,101.0,2394428.0,GGAL
2018-10-04,100.0,101.5,94.35,94.8,1770236.0,GGAL
2018-10-05,95.25,96.5,91.0,91.4,1371170.0,GGAL
2018-10-08,91.4,93.8,89.3,93.0,1071211.0,GGAL
2018-10-09,91.9,91.9,85.3,88.0,1773457.0,GGAL
2018-10-10,87.0,87.0,82.0,82.0,1777493.0,GGAL
2018-10-11,82.65,83.5,76.8,79.9,2118996.0,GGAL
2018-10-12,84.0,91.8,84.0,91.5,2364349.0,GGAL
2018-10-16,91.25,91.4,86.8,88.0,1220074.0,GGAL
2018-10-17,85.0,86.35,83.3,84.3,1351857.0,GGAL
2018-10-18,83.25,84.5,82.2,82.7,1276439.0,GGAL
2018-10-19,84.7,85.0,83.5,84.2,1131117.0,GGAL
2018-10-22,84.1,84.7,82.0,83.65,931269.0,GGAL
2018-10-23,82.4,83.65,81.0,82.7,1191305.0,GGAL
2018-10-24,83.55,85.0,81.0,82.5,1945247.0,GGAL
2018-10-25,83.2,88.7,82.6,87.0,1795785.0,GGAL
2018-10-26,85.9,88.0,84.0,84.95,1305366.0,GGAL
2018-10-29,85.0,86.0,81.8,83.0,2208916.0,GGAL
2018-10-30,83.15,85.05,82.7,84.1,568287.0,GGAL
2018-10-31,84.95,84.95,82.0,83.3,955337.0,GGAL
2018-11-01,85.0,95.75,85.0,95.3,2406772.0,GGAL
2018-11-02,96.0,97.0,93.0,95.6,2033437.0,GGAL
2018-11-05,95.75,97.5,93.8,96.2,1155514.0,GGAL
2018-11-06,96.05,97.45,93.0,94.0,1096201.0,GGAL
2018-11-07,93.8,96.45,93.65,95.85,963780.0,GGAL
2018-11-08,95.3,97.3,93.0,93.0,1261450.0,GGAL
2018-11-09,93.65,93.65,89.15,90.25,2109825.0,GGAL
2018-11-12,90.2,90.25,86.3,87.8,772108.0,GGAL
2018-11-13,88.0,89.3,84.9,85.0,556337.0,GGAL
2018-11-14,85.0,89.55,84.7,89.15,2482525.0,GGAL
2018-11-15,89.2,96.2,89.2,94.0,1184657.0,GGAL
2018-11-16,93.5,98.0,93.5,95.9,1516237.0,GGAL
2018-11-20,94.0,94.5,89.85,91.25,1168139.0,GGAL
2018-11-21,91.5,95.8,91.5,93.7,923112.0,GGAL
2018-11-22,93.0,94.0,93.0,93.15,118877.0,GGAL
2018-11-23,92.9,100.05,91.7,97.3,1369324.0,GGAL
2018-11-26,97.0,102.65,97.0,97.7,2015782.0,GGAL
2018-11-27,98.3,101.6,96.25,97.2,1296809.0,GGAL
2018-11-28,97.0,100.95,94.05,99.6,2484222.0,GGAL
2018-11-29,100.0,102.75,99.0,101.95,570247.0,GGAL
2018-12-03,105.1,107.5,102.6,103.5,1802536.0,GGAL
2018-12-04,103.7,104.9,101.0,102.8,1106786.0,GGAL
2018-12-05,102.4,102.45,101.1,101.6,326387.0,GGAL
2018-12-06,99.0,105.3,98.5,104.6,769346.0,GGAL
2018-12-07,105.0,105.9,103.05,103.7,588975.0,GGAL
2018-12-10,103.0,105.55,100.45,100.45,1038570.0,GGAL
2018-12-11,102.5,106.25,102.5,105.9,1781013.0,GGAL
2018-12-12,106.05,109.0,105.5,106.0,1623620.0,GGAL
2018-12-13,105.75,106.4,104.5,104.85,628281.0,GGAL
2018-12-14,104.05,106.25,104.0,106.0,943368.0,GGAL
2018-12-17,105.8,105.8,97.5,98.1,1451534.0,GGAL
2018-12-18,98.5,102.15,98.5,99.8,990856.0,GGAL
2018-12-19,101.0,105.2,100.2,102.7,1380009.0,GGAL
2018-12-20,100.2,102.4,100.0,100.6,556643.0,GGAL
2018-12-21,101.0,101.0,95.15,96.5,3025317.0,GGAL
2018-12-26,96.4,96.6,91.3,96.2,1308058.0,GGAL
2018-12-27,95.2,101.6,95.2,100.9,1360840.0,GGAL
2018-12-28,101.4,104.1,99.4,102.5,851587.0,GGAL
2019-01-02,104.0,107.7,101.05,106.9,888535.0,GGAL
2019-01-03,107.0,108.1,103.95,108.0,802921.0,GGAL
2019-01-04,108.4,114.65,108.4,114.0,1870261.0,GGAL
2019-01-07,114.0,121.0,113.75,118.0,1924334.0,GGAL
2019-01-08,118.0,119.0,113.0,116.5,1048370.0,GGAL
2019-01-09,117.0,127.0,117.0,121.25,3191711.0,GGAL
2019-01-10,120.5,124.0,119.05,124.0,1532267.0,GGAL
2019-01-11,123.5,124.25,119.0,120.2,702626.0,GGAL
2019-01-14,120.5,121.9,117.5,118.5,830754.0,GGAL
2019-01-15,119.0,121.5,117.0,117.85,497885.0,GGAL
2019-01-16,117.1,122.55,117.1,119.45,746944.0,GGAL
2019-01-17,120.5,120.5,117.2,119.45,513368.0,GGAL
2019-01-18,120.2,126.9,120.2,126.0,1561143.0,GGAL
2019-01-21,126.0,126.0,124.55,125.5,203213.0,GGAL
2019-01-22,125.45,125.45,120.1,121.6,768777.0,GGAL
2019-01-23,122.0,128.1,122.0,127.7,3004439.0,GGAL
2019-01-24,127.8,131.0,123.9,124.7,1360546.0,GGAL
2019-01-25,125.6,129.5,125.6,127.1,2037444.0,GGAL
2019-01-28,126.8,131.1,124.0,131.0,1039535.0,GGAL
2019-01-29,130.0,131.95,127.0,130.9,789242.0,GGAL
2019-01-30,131.05,132.95,129.1,132.95,585429.0,GGAL
2019-01-31,133.0,135.8,132.5,135.5,1284457.0,GGAL
2019-02-01,136.0,136.8,133.1,134.0,964866.0,GGAL
2019-02-04,134.15,138.4,132.7,137.55,1369714.0,GGAL
2019-02-05,138.0,140.2,137.1,139.0,2800196.0,GGAL
2019-02-06,139.9,139.95,134.6,134.95,1751023.0,GGAL
2019-02-07,134.5,135.0,130.0,131.2,2029862.0,GGAL
2019-02-08,130.95,136.5,130.95,136.0,1503663.0,GGAL
2019-02-11,136.25,138.8,135.0,138.5,918458.0,GGAL
2019-02-12,138.8,141.8,138.2,140.3,981535.0,GGAL
2019-02-13,140.9,141.0,134.55,135.25,1277393.0,GGAL
2019-02-14,135.95,137.1,133.9,136.3,1000681.0,GGAL
2019-02-15,136.15,137.0,134.15,135.1,1210590.0,GGAL
2019-02-18,134.0,134.8,133.3,134.0,247181.0,GGAL
2019-02-19,134.0,134.9,128.4,128.9,1670343.0,GGAL
2019-02-20,130.0,136.45,129.0,131.4,2269125.0,GGAL
2019-02-21,131.5,131.95,127.45,128.5,663528.0,GGAL
2019-02-22,128.7,132.35,128.7,131.95,817945.0,GGAL
2019-02-25,133.0,134.95,130.5,131.65,1372990.0,GGAL
2019-02-26,131.5,131.5,127.1,130.0,664198.0,GGAL
2019-02-27,129.9,130.0,123.5,124.55,1579775.0,GGAL
2019-02-28,124.95,125.0,118.45,121.4,2008020.0,GGAL
2019-03-01,122.0,123.5,115.9,117.3,4775610.0,GGAL
2019-03-06,113.9,115.5,108.4,108.7,2346344.0,GGAL
2019-03-07,110.0,113.5,104.6,109.3,3236948.0,GGAL
2019-03-08,109.1,115.0,108.05,110.6,2279672.0,GGAL
2019-03-11,113.9,114.4,111.5,113.6,1442786.0,GGAL
2019-03-12,116.0,117.3,111.05,111.8,1800768.0,GGAL
2019-03-13,113.5,115.4,112.75,113.5,946367.0,GGAL
2019-03-14,114.0,114.25,109.4,111.6,958091.0,GGAL
2019-03-15,112.8,116.0,112.0,113.1,1526927.0,GGAL
2019-03-18,115.6,118.2,114.0,117.7,931631.0,GGAL
2019-03-19,121.0,122.5,116.0,116.7,4235996.0,GGAL
2019-03-20,119.75,120.0,115.0,117.9,1547389.0,GGAL
2019-03-21,117.9,119.7,114.05,115.4,857469.0,GGAL
2019-03-22,113.75,114.5,108.2,108.3,1596536.0,GGAL
2019-03-25,108.3,114.7,108.3,112.95,1829438.0,GGAL
2019-03-26,115.6,116.3,105.65,108.5,1622583.0,GGAL
2019-03-27,104.5,107.2,102.6,106.5,1483718.0,GGAL
2019-03-28,107.0,109.3,105.0,108.9,592548.0,GGAL
2019-03-29,110.25,112.0,108.55,110.7,686638.0,GGAL
2019-04-01,112.3,112.3,108.15,108.9,619763.0,GGAL
2019-04-03,107.5,107.5,103.5,104.1,750383.0,GGAL
2019-04-04,105.4,107.8,104.4,107.1,450021.0,GGAL
2019-04-05,107.05,111.4,107.05,109.6,750471.0,GGAL
2019-04-08,110.15,111.6,109.05,110.85,691941.0,GGAL
2019-04-09,110.5,110.7,102.5,105.2,1121746.0,GGAL
2019-04-10,105.8,110.1,105.8,108.95,1255519.0,GGAL
2019-04-11,108.0,108.0,104.0,105.6,1109389.0,GGAL
2019-04-12,106.0,109.3,105.55,108.05,1100075.0,GGAL
2019-04-15,107.3,111.3,107.25,111.2,1219302.0,GGAL
2019-04-16,114.0,114.4,110.5,110.8,2010695.0,GGAL
2019-04-17,109.3,112.9,109.3,110.7,2380604.0,GGAL
2019-04-22,105.0,106.5,103.5,104.0,1540753.0,GGAL
2019-04-23,105.0,107.5,103.2,103.9,1561571.0,GGAL
2019-04-24,101.0,102.5,95.5,96.8,2732512.0,GGAL
2019-04-25,91.9,99.9,91.0,95.25,4878558.0,GGAL
2019-04-26,98.5,98.5,93.1,97.5,1299611.0,GGAL
2019-04-29,96.0,97.9,94.0,95.0,898587.0,GGAL
2019-04-30,94.85,98.0,93.25,97.0,743702.0,GGAL
2019-05-02,101.1,104.15,99.0,104.15,947739.0,GGAL
2019-05-03,106.5,109.85,106.5,109.5,4902629.0,GGAL
2019-05-06,107.0,110.75,107.0,109.1,1211342.0,GGAL
2019-05-07,107.75,107.75,104.2,105.55,688572.0,GGAL
2019-05-08,106.7,112.4,106.7,111.45,1073425.0,GGAL
2019-05-09,110.8,115.0,109.85,113.9,780323.0,GGAL
2019-05-10,115.75,117.5,108.1,111.95,1561250.0,GGAL
2019-05-13,109.55,109.55,105.0,107.25,723671.0,GGAL
2019-05-14,109.25,112.1,108.1,109.5,654933.0,GGAL
2019-05-15,111.0,112.7,109.25,109.3,260082.0,GGAL
2019-05-16,112.05,117.0,112.0,115.0,1271546.0,GGAL
2019-05-17,115.05,117.35,110.45,111.25,801010.0,GGAL
2019-05-20,109.9,113.25,106.5,112.0,978443.0,GGAL
2019-05-21,116.35,118.3,115.85,117.5,1596776.0,GGAL
2019-05-22,118.15,118.6,116.2,117.8,708931.0,GGAL
2019-05-23,117.0,119.1,115.35,117.85,534668.0,GGAL
2019-05-24,118.0,120.3,116.5,120.0,848111.0,GGAL
2019-05-27,122.0,122.0,119.35,119.9,169615.0,GGAL
2019-05-28,119.0,121.85,113.25,115.0,1614394.0,GGAL
2019-05-29,110.9,114.85,109.6,114.0,1028167.0,GGAL
2019-05-30,116.05,118.8,114.0,115.7,1011207.0,GGAL
2019-05-31,115.95,119.0,113.7,114.9,1381369.0,GGAL
2019-06-03,114.0,116.25,109.0,112.4,941416.0,GGAL
2019-06-04,114.0,118.5,113.1,118.4,1604298.0,GGAL
2019-06-05,119.5,122.3,118.5,121.05,1406091.0,GGAL
2019-06-06,121.0,124.1,120.25,123.8,1481601.0,GGAL
2019-06-07,124.6,125.7,121.8,123.1,989297.0,GGAL
2019-06-10,123.5,128.0,123.5,128.0,1616546.0,GGAL
2019-06-11,132.05,135.75,128.7,135.2,4700024.0,GGAL
2019-06-12,141.7,150.45,141.7,149.7,6366754.0,GGAL
2019-06-13,145.0,149.8,143.1,148.3,2967741.0,GGAL
2019-06-14,147.5,148.9,145.2,145.8,1901471.0,GGAL
2019-06-18,146.0,149.75,145.3,146.2,1165510.0,GGAL
2019-06-19,146.2,146.6,139.95,142.25,2806797.0,GGAL
2019-06-21,144.1,147.8,144.1,146.5,4643265.0,GGAL
2019-06-24,146.0,147.3,143.3,145.6,1533033.0,GGAL
2019-06-25,146.0,148.15,144.75,147.95,2043742.0,GGAL
2019-06-26,147.3,148.75,141.4,143.9,1693705.0,GGAL
2019-06-27,144.0,147.5,143.5,145.9,2855111.0,GGAL
2019-06-28,147.0,152.0,147.0,151.6,1156261.0,GGAL
2019-07-01,152.0,153.5,149.5,150.3,1405722.0,GGAL
2019-07-02,150.9,156.0,150.35,154.6,1220991.0,GGAL
2019-07-03,155.2,156.25,150.75,151.0,555695.0,GGAL
2019-07-04,151.0,152.25,150.8,151.9,172061.0,GGAL
2019-07-05,151.0,154.2,151.0,152.6,760564.0,GGAL
2019-07-10,157.25,160.2,156.8,159.2,1803422.0,GGAL
2019-07-11,159.95,162.5,157.4,158.35,1807590.0,GGAL
2019-07-12,160.0,160.5,157.8,157.8,1367340.0,GGAL
2019-07-15,157.0,158.65,151.35,151.75,973937.0,GGAL
2019-07-16,153.0,156.5,152.7,153.9,988662.0,GGAL
2019-07-17,154.8,156.5,152.4,152.4,984054.0,GGAL
2019-07-18,153.0,154.4,146.05,150.35,2895873.0,GGAL
2019-07-19,149.1,151.0,147.6,148.5,620521.0,GGAL
2019-07-22,146.1,147.0,141.75,142.5,810007.0,GGAL
2019-07-23,142.0,144.8,140.0,144.75,685881.0,GGAL
2019-07-24,144.6,147.45,144.0,145.9,420085.0,GGAL
2019-07-25,148.0,149.0,146.1,147.85,945312.0,GGAL
2019-07-26,152.05,165.0,152.05,162.0,1860474.0,GGAL
2019-07-29,163.0,170.1,160.15,166.6,1383888.0,GGAL
2019-07-30,168.0,168.6,164.65,165.0,680346.0,GGAL
2019-07-31,162.1,166.25,161.25,162.0,774740.0,GGAL
2019-08-01,162.05,164.8,156.6,158.95,699485.0,GGAL
2019-08-02,156.1,159.0,152.6,157.35,1039838.0,GGAL
2019-08-05,156.35,158.7,153.8,155.8,637945.0,GGAL
2019-08-06,158.5,161.0,156.0,160.35,776477.0,GGAL
2019-08-07,157.2,159.75,155.2,157.5,989856.0,GGAL
2019-08-08,160.55,162.3,157.5,158.7,1031238.0,GGAL
2019-08-09,159.5,175.9,159.5,174.6,3414372.0,GGAL
2019-08-12,105.2,114.95,91.0,94.0,12927473.0,GGAL
2019-08-13,106.0,106.0,95.05,101.3,5201654.0,GGAL
2019-08-14,102.0,103.95,95.25,101.6,3881507.0,GGAL
2019-08-15,103.5,108.5,100.0,102.4,6026493.0,GGAL
2019-08-16,106.0,108.0,99.5,100.6,2695963.0,GGAL
2019-08-20,90.95,90.95,83.8,84.25,4893005.0,GGAL
2019-08-21,86.8,87.1,84.75,86.1,2603352.0,GGAL
2019-08-22,87.0,88.2,85.85,86.55,1683532.0,GGAL
2019-08-23,87.0,87.1,80.0,80.0,2041762.0,GGAL
2019-08-26,79.85,81.5,76.75,77.0,1109774.0,GGAL
2019-08-27,74.0,76.0,72.7,72.9,2541437.0,GGAL
2019-08-28,75.0,77.25,73.1,76.0,2394296.0,GGAL
2019-08-29,73.0,73.5,68.6,69.3,2640065.0,GGAL
2019-08-30,69.5,72.95,66.3,69.0,2276110.0,GGAL
2019-09-02,69.0,74.5,68.0,71.9,1532378.0,GGAL
2019-09-03,69.0,69.0,58.5,59.1,3000829.0,GGAL
2019-09-04,61.5,68.9,59.6,67.0,3320010.0,GGAL
2019-09-05,69.7,72.7,68.1,72.1,2864176.0,GGAL
2019-09-06,75.0,76.6,74.15,76.2,2366068.0,GGAL
2019-09-09,82.0,82.0,73.3,76.1,1818835.0,GGAL
2019-09-10,76.5,79.8,75.95,79.8,1327663.0,GGAL
2019-09-11,79.0,80.1,77.0,79.75,1002788.0,GGAL
2019-09-12,79.75,81.9,78.4,80.8,838621.0,GGAL
2019-09-13,81.1,84.95,80.45,80.5,2133966.0,GGAL
2019-09-16,80.65,86.3,80.65,82.45,1623324.0,GGAL
2019-09-17,83.0,84.05,80.95,84.0,724573.0,GGAL
2019-09-18,85.0,85.8,80.9,82.3,808136.0,GGAL
2019-09-19,82.0,84.15,79.0,83.1,972673.0,GGAL
2019-09-20,84.0,84.5,80.8,81.75,789250.0,GGAL
2019-09-23,80.0,81.5,78.5,80.0,1206065.0,GGAL
2019-09-24,79.85,79.85,75.45,76.8,1508818.0,GGAL
2019-09-25,76.5,80.3,75.2,78.8,1065135.0,GGAL
2019-09-26,79.5,82.3,78.0,79.05,1543311.0,GGAL
2019-09-27,81.6,82.5,80.5,82.0,1342445.0,GGAL
2019-09-30,81.55,82.0,79.6,81.75,1110756.0,GGAL
2019-10-01,83.0,84.7,82.25,84.3,1558035.0,GGAL
2019-10-02,84.0,87.5,83.95,87.4,1522659.0,GGAL
2019-10-03,86.5,87.8,85.5,85.55,902215.0,GGAL
2019-10-04,85.55,90.0,85.55,89.8,1572687.0,GGAL
2019-10-07,90.3,91.9,87.6,87.8,1120022.0,GGAL
2019-10-08,87.5,87.5,83.75,85.0,1231557.0,GGAL
2019-10-09,86.0,86.6,84.4,86.0,1044961.0,GGAL
2019-10-10,87.0,91.1,86.5,90.3,1492252.0,GGAL
2019-10-11,92.0,92.0,90.0,90.25,1116038.0,GGAL
2019-10-15,89.5,90.65,88.1,90.5,749892.0,GGAL
2019-10-16,90.55,90.55,87.55,88.45,1485941.0,GGAL
2019-10-17,89.0,92.2,88.45,91.7,2530501.0,GGAL
2019-10-18,91.0,94.25,90.25,93.05,3247727.0,GGAL
2019-10-21,93.05,96.1,92.0,95.75,1907489.0,GGAL
2019-10-22,95.7,98.5,95.05,97.8,2635670.0,GGAL
2019-10-23,98.3,101.25,94.0,98.0,2810771.0,GGAL
2019-10-24,96.0,99.4,94.65,97.5,2201255.0,GGAL
2019-10-25,98.0,106.2,98.0,101.4,4437003.0,GGAL
2019-10-28,102.0,109.75,88.55,92.3,2938355.0,GGAL
2019-10-29,91.0,93.7,85.0,86.4,2862562.0,GGAL
2019-10-30,86.95,89.95,83.7,89.6,1802827.0,GGAL
2019-10-31,90.0,92.65,87.4,92.2,1604573.0,GGAL
2019-11-01,92.5,95.7,92.5,93.9,891950.0,GGAL
2019-11-04,95.0,101.6,95.0,101.45,1592577.0,GGAL
2019-11-05,101.9,102.4,98.5,100.25,1276607.0,GGAL
2019-11-06,101.0,102.2,95.1,96.1,863849.0,GGAL
2019-11-07,96.6,100.75,95.05,100.1,1079745.0,GGAL
2019-11-08,100.6,100.6,96.5,97.5,1604130.0,GGAL
2019-11-11,97.0,99.5,94.65,96.55,709665.0,GGAL
2019-11-12,97.1,98.9,92.2,93.75,805338.0,GGAL
2019-11-13,93.1,94.0,87.7,88.7,941364.0,GGAL
2019-11-14,89.0,91.3,83.7,85.2,902854.0,GGAL
2019-11-15,85.0,89.9,83.05,88.8,606412.0,GGAL
2019-11-19,89.8,90.45,85.5,90.35,972316.0,GGAL
2019-11-20,90.5,95.7,90.5,93.7,1100327.0,GGAL
2019-11-21,94.05,95.5,92.4,93.45,776954.0,GGAL
2019-11-22,94.0,98.3,93.35,94.7,1086630.0,GGAL
2019-11-26,95.5,95.5,90.75,91.0,799047.0,GGAL
2019-11-27,93.1,100.35,92.55,100.0,1989693.0,GGAL
2019-11-28,99.75,100.95,97.5,99.7,304999.0,GGAL
2019-11-29,99.75,101.0,98.0,99.9,616022.0,GGAL
2019-12-02,100.0,101.3,95.7,96.3,811588.0,GGAL
2019-12-03,96.1,96.2,93.0,95.2,764603.0,GGAL
2019-12-04,96.0,103.35,95.2,101.55,1479635.0,GGAL
2019-12-05,102.0,104.8,100.0,104.5,1425192.0,GGAL
2019-12-06,104.0,109.9,103.55,109.65,1777830.0,GGAL
2019-12-09,110.0,111.9,106.1,106.9,1529903.0,GGAL
2019-12-10,106.9,108.0,99.2,99.3,1031907.0,GGAL
2019-12-11,100.0,101.95,97.65,101.5,1087330.0,GGAL
2019-12-12,102.0,103.85,100.0,103.5,964272.0,GGAL
2019-12-13,104.0,109.8,102.75,108.6,1835562.0,GGAL
2019-12-16,109.1,112.65,108.0,108.55,1195439.0,GGAL
2019-12-17,109.0,111.75,104.55,107.2,1781636.0,GGAL
2019-12-18,107.5,114.35,107.5,109.0,2383672.0,GGAL
2019-12-19,111.5,113.5,107.5,108.8,2046321.0,GGAL
2019-12-20,109.2,110.5,107.95,109.7,2071520.0,GGAL
2019-12-23,111.0,117.85,111.0,117.45,2932434.0,GGAL
2019-12-26,119.0,128.8,119.0,125.6,2127895.0,GGAL
2019-12-27,126.0,128.1,119.3,121.2,1362385.0,GGAL
2019-12-30,120.0,122.0,116.05,121.6,1798180.0,GGAL
2020-01-02,121.65,124.45,121.65,123.1,876469.0,GGAL
2020-01-03,123.0,123.0,118.15,121.2,925759.0,GGAL
2020-01-06,120.0,125.0,118.1,125.0,1119778.0,GGAL
2020-01-07,125.55,126.8,121.5,124.3,1317294.0,GGAL
2020-01-08,124.0,126.95,122.0,125.7,1154100.0,GGAL
2020-01-09,126.0,131.0,125.45,131.0,1517191.0,GGAL
2020-01-10,132.85,134.0,130.3,133.9,1365954.0,GGAL
2020-01-13,134.0,134.3,127.0,127.35,1390433.0,GGAL
2020-01-14,127.3,127.3,120.3,125.8,2527872.0,GGAL
2020-01-15,125.75,127.2,120.75,122.5,2435942.0,GGAL
2020-01-16,122.5,126.5,122.5,125.35,1327710.0,GGAL
2020-01-17,125.35,128.75,125.35,126.65,1211567.0,GGAL
2020-01-20,126.3,128.4,124.0,128.1,424527.0,GGAL
2020-01-21,126.0,129.35,123.0,123.9,924254.0,GGAL
2020-01-22,123.7,126.0,120.7,124.2,834065.0,GGAL
2020-01-23,125.0,125.5,121.1,121.3,879411.0,GGAL
2020-01-24,121.3,123.4,116.7,117.5,758952.0,GGAL
2020-01-27,114.9,116.8,111.85,114.85,1181701.0,GGAL
2020-01-28,115.5,122.4,115.5,122.0,1296199.0,GGAL
2020-01-29,124.0,125.5,122.1,122.25,1773239.0,GGAL
2020-01-30,121.0,124.5,116.5,124.15,829689.0,GGAL
2020-01-31,125.0,125.95,119.15,122.1,637403.0,GGAL
2020-02-03,122.5,127.8,122.5,127.7,906972.0,GGAL
2020-02-04,128.0,131.5,123.5,126.1,1597100.0,GGAL
2020-02-05,128.0,128.0,124.2,124.75,500206.0,GGAL
2020-02-06,125.0,127.85,123.05,124.5,454303.0,GGAL
2020-02-07,124.6,128.9,124.6,127.1,970373.0,GGAL
2020-02-10,127.1,128.0,125.0,126.3,295974.0,GGAL
2020-02-11,125.85,125.85,121.25,123.0,705588.0,GGAL
2020-02-12,122.8,124.5,121.5,122.5,717966.0,GGAL
2020-02-13,119.0,119.9,112.65,115.0,2171049.0,GGAL
2020-02-14,117.45,117.45,113.6,117.0,2037247.0,GGAL
2020-02-17,117.0,118.9,114.2,118.0,583250.0,GGAL
2020-02-18,116.0,116.0,111.75,112.65,1778791.0,GGAL
2020-02-19,114.0,117.0,113.05,114.5,1494568.0,GGAL
2020-02-20,114.0,117.2,112.5,115.45,1632615.0,GGAL
2020-02-21,116.45,117.0,114.0,115.8,2215105.0,GGAL
2020-02-26,109.8,111.15,107.3,108.3,2122585.0,GGAL
2020-02-27,107.7,109.0,102.05,107.0,2817656.0,GGAL
2020-02-28,106.0,106.0,101.3,102.7,2697679.0,GGAL
2020-03-02,104.0,108.15,102.75,106.5,1654774.0,GGAL
2020-03-03,108.0,111.2,104.5,105.5,1575550.0,GGAL
2020-03-04,106.05,109.7,106.05,109.5,779064.0,GGAL
2020-03-05,109.4,109.4,106.8,108.6,779827.0,GGAL
2020-03-06,106.5,106.75,102.0,102.3,2139508.0,GGAL
2020-03-09,92.0,92.8,85.0,85.5,3147958.0,GGAL
2020-03-10,90.2,94.25,87.7,93.25,2789861.0,GGAL
2020-03-11,89.0,91.8,87.2,89.4,1861484.0,GGAL
2020-03-12,81.85,83.1,77.0,78.9,3618467.0,GGAL
2020-03-13,84.0,86.2,79.1,80.75,3039502.0,GGAL
2020-03-16,72.5,76.4,65.7,66.4,4399215.0,GGAL
2020-03-17,66.9,69.45,63.3,66.5,3377208.0,GGAL
2020-03-18,63.0,64.0,53.5,55.15,5009938.0,GGAL
2020-03-19,55.0,61.35,54.5,56.0,3490182.0,GGAL
2020-03-20,58.0,66.05,57.5,60.7,3859415.0,GGAL
2020-03-25,67.0,69.3,64.5,66.35,2070466.0,GGAL
2020-03-26,69.8,71.0,64.65,65.7,1683031.0,GGAL
2020-03-27,63.8,63.8,59.05,59.25,1282058.0,GGAL
2020-03-30,58.5,59.95,56.8,57.8,2115787.0,GGAL
2020-04-01,59.35,61.25,57.3,60.0,1786981.0,GGAL
2020-04-02,59.65,64.5,59.15,64.4,1994332.0,GGAL
2020-04-03,64.0,65.3,62.0,65.15,1511580.0,GGAL
2020-04-06,67.0,68.0,61.85,63.95,2720974.0,GGAL
2020-04-07,66.15,67.3,61.85,62.9,2150475.0,GGAL
2020-04-08,63.3,67.85,63.3,67.5,1788961.0,GGAL
2020-04-13,65.5,70.3,64.6,70.3,1788287.0,GGAL
2020-04-14,72.0,77.25,71.6,77.0,3479211.0,GGAL
2020-04-15,74.95,84.3,72.4,82.85,2367481.0,GGAL
2020-04-16,80.0,82.95,75.2,79.9,3079607.0,GGAL
2020-04-17,78.95,80.6,74.0,75.85,4038034.0,GGAL
2020-04-20,75.45,79.15,74.05,78.45,2208173.0,GGAL
2020-04-21,77.9,77.9,75.3,75.6,1002001.0,GGAL
2020-04-22,75.65,76.85,74.2,74.6,1360419.0,GGAL
2020-04-23,74.35,74.9,71.4,71.65,1621948.0,GGAL
2020-04-24,69.25,69.95,65.75,68.0,2696753.0,GGAL
2020-04-27,66.8,70.45,65.3,70.0,2972316.0,GGAL
2020-04-28,73.15,82.1,73.15,81.55,4449717.0,GGAL
2020-04-29,85.0,87.0,81.0,82.1,2432097.0,GGAL
2020-04-30,83.0,86.0,79.15,81.15,1662418.0,GGAL
2020-05-04,80.0,82.0,76.05,81.7,2228761.0,GGAL
2020-05-05,83.05,84.5,79.2,83.9,2620768.0,GGAL
2020-05-06,82.0,88.5,80.1,86.8,3376347.0,GGAL
2020-05-07,87.8,97.3,84.9,94.1,5477546.0,GGAL
2020-05-08,97.05,98.95,93.55,94.1,3688412.0,GGAL
2020-05-11,94.0,105.0,90.05,104.75,3677947.0,GGAL
2020-05-12,105.2,111.55,105.0,105.9,5127004.0,GGAL
2020-05-13,100.95,102.4,98.55,99.75,4329786.0,GGAL
2020-05-14,98.0,106.8,98.0,105.0,2813373.0,GGAL
2020-05-15,107.0,107.1,102.1,103.05,3972983.0,GGAL
2020-05-18,105.65,109.5,102.5,106.8,3424774.0,GGAL
2020-05-19,103.0,105.65,101.05,102.0,2488061.0,GGAL
2020-05-20,103.5,105.65,101.3,105.0,2153303.0,GGAL
2020-05-21,105.0,113.3,102.55,111.0,4273142.0,GGAL
2020-05-22,108.1,114.8,106.9,109.25,3955054.0,GGAL
2020-05-26,111.6,113.4,108.0,108.75,3235528.0,GGAL
2020-05-27,108.0,109.7,100.5,107.8,3070221.0,GGAL
2020-05-28,106.0,106.0,98.0,100.55,4338363.0,GGAL
2020-05-29,99.9,102.45,91.4,93.15,6638167.0,GGAL
2020-06-01,97.2,100.0,96.0,99.55,4025154.0,GGAL
2020-06-02,103.0,108.1,103.0,108.0,4719143.0,GGAL
2020-06-03,108.5,118.0,108.2,117.05,6451394.0,GGAL
2020-06-04,117.0,119.0,114.5,117.45,4491828.0,GGAL
2020-06-05,120.1,123.45,119.6,121.3,3767470.0,GGAL
2020-06-08,126.6,134.5,124.05,132.9,5540310.0,GGAL
2020-06-09,127.0,130.0,123.1,126.1,3796722.0,GGAL
2020-06-10,124.0,130.0,119.0,127.55,4286735.0,GGAL
2020-06-11,125.3,125.95,116.0,116.7,4315075.0,GGAL
2020-06-12,122.0,122.95,115.05,120.0,3281740.0,GGAL
2020-06-16,120.1,123.6,116.3,116.75,2312478.0,GGAL
2020-06-17,116.5,116.75,109.05,109.8,3251452.0,GGAL
2020-06-18,107.0,107.25,102.0,102.4,4856525.0,GGAL
2020-06-19,107.0,114.7,106.5,114.2,5838555.0,GGAL
2020-06-22,115.5,116.0,106.8,109.9,3621240.0,GGAL
2020-06-23,111.95,115.6,111.0,111.65,2656888.0,GGAL
2020-06-24,110.5,114.95,109.6,110.5,2470910.0,GGAL
2020-06-25,114.2,116.75,113.3,116.25,3255502.0,GGAL
2020-06-26,114.5,114.5,110.1,110.15,2592624.0,GGAL
2020-06-29,111.0,113.95,107.65,109.8,1554017.0,GGAL
2020-06-30,108.0,109.0,102.55,103.2,3759075.0,GGAL
2020-07-01,103.95,106.3,103.0,105.5,1055466.0,GGAL
2020-07-02,107.95,107.95,102.0,102.5,2396781.0,GGAL
2020-07-03,102.45,104.8,102.0,104.0,1065385.0,GGAL
2020-07-06,114.15,124.0,114.15,122.55,6052996.0,GGAL
2020-07-07,117.0,121.0,116.5,119.95,3277704.0,GGAL
2020-07-08,122.0,122.2,119.05,121.0,2303867.0,GGAL
2020-07-13,125.8,131.75,124.5,125.35,4344628.0,GGAL
2020-07-14,123.0,128.0,123.0,127.9,2913455.0,GGAL
2020-07-15,130.0,132.25,128.6,131.9,2393989.0,GGAL
2020-07-16,128.0,133.1,128.0,132.2,1804995.0,GGAL
2020-07-17,132.5,133.6,128.6,131.6,2401802.0,GGAL
2020-07-20,130.8,132.7,129.0,129.2,1970095.0,GGAL
2020-07-21,129.55,138.1,129.55,134.7,4386128.0,GGAL
2020-07-22,135.5,143.85,133.0,143.6,4468472.0,GGAL
2020-07-23,142.8,148.7,138.5,143.0,4716654.0,GGAL
2020-07-24,142.8,148.55,138.5,145.7,3294318.0,GGAL
2020-07-27,147.5,152.75,147.5,151.5,3026486.0,GGAL
2020-07-28,149.5,150.6,143.8,146.0,3495626.0,GGAL
2020-07-29,149.05,150.0,142.3,145.75,1765050.0,GGAL
2020-07-30,140.35,148.35,139.0,147.95,2117074.0,GGAL
2020-07-31,147.0,150.5,145.1,149.3,1657988.0,GGAL
2020-08-03,147.0,169.0,147.0,165.45,6307468.0,GGAL
2020-08-04,175.0,179.0,157.0,159.7,9176252.0,GGAL
2020-08-05,163.05,164.7,150.1,154.5,3641202.0,GGAL
2020-08-06,156.85,158.5,152.6,156.5,2705261.0,GGAL
2020-08-07,155.5,162.95,154.35,162.5,3010951.0,GGAL
2020-08-10,164.0,165.4,158.5,159.1,1929354.0,GGAL
2020-08-11,159.2,161.0,154.0,155.0,2157024.0,GGAL
2020-08-12,154.95,154.95,147.5,149.5,3221611.0,GGAL
2020-08-13,151.7,154.0,149.5,149.75,3742213.0,GGAL
2020-08-14,149.2,149.45,144.0,145.0,2170150.0,GGAL
2020-08-18,138.6,141.6,136.0,137.1,3005826.0,GGAL
2020-08-19,137.0,140.95,136.1,138.3,2707651.0,GGAL
2020-08-20,137.95,138.7,135.0,137.75,3210768.0,GGAL
2020-08-21,137.4,141.75,135.3,135.9,5269229.0,GGAL
2020-08-24,135.5,135.95,130.8,135.95,2613905.0,GGAL
2020-08-25,134.9,135.5,129.55,133.8,4159153.0,GGAL
2020-08-26,134.0,134.95,129.5,130.0,2894900.0,GGAL
2020-08-27,132.0,132.0,124.55,124.6,3735113.0,GGAL
2020-08-28,126.15,133.5,126.15,133.2,2985240.0,GGAL
2020-08-31,131.8,135.0,129.9,133.5,2660655.0,GGAL
2020-09-01,136.0,137.0,129.2,130.0,2123249.0,GGAL
2020-09-02,129.5,129.7,124.75,125.85,3068411.0,GGAL
2020-09-03,128.8,130.0,124.75,126.0,1394556.0,GGAL
2020-09-04,125.45,128.0,122.25,126.0,1477815.0,GGAL
2020-09-07,127.0,130.1,126.2,129.9,769867.0,GGAL
2020-09-08,126.5,129.9,123.9,128.0,2028834.0,GGAL
2020-09-09,129.5,131.75,127.85,131.5,1791140.0,GGAL
2020-09-10,132.5,135.25,132.0,132.9,3307749.0,GGAL
2020-09-11,132.45,132.45,126.7,127.6,3116697.0,GGAL
2020-09-14,126.6,126.6,119.5,121.1,7341681.0,GGAL
2020-09-15,117.0,122.45,115.8,118.4,3044935.0,GGAL
2020-09-16,112.95,114.75,107.35,107.5,4581826.0,GGAL
2020-09-17,106.1,106.15,100.5,102.05,5745950.0,GGAL
2020-09-18,102.0,108.0,101.0,107.9,2938469.0,GGAL
2020-09-21,103.3,106.35,102.5,105.7,1677405.0,GGAL
2020-09-22,106.0,107.75,102.7,104.3,0.0,GGAL
2020-09-23,104.35,104.95,102.75,103.4,2268192.0,GGAL
2020-09-24,104.05,111.15,103.9,110.85,5063807.0,GGAL
2020-09-25,107.0,110.35,105.75,107.5,2555409.0,GGAL
2020-09-28,108.5,109.6,104.5,105.75,2437473.0,GGAL
2020-09-29,105.85,108.25,104.05,106.95,5563045.0,GGAL
2020-09-30,109.0,110.15,105.5,105.9,2811295.0,GGAL
2020-10-01,106.3,109.7,106.0,108.95,1799797.0,GGAL
2020-10-02,108.9,109.75,107.5,109.45,1526605.0,GGAL
2020-10-05,108.85,109.9,107.1,107.8,1609473.0,GGAL
2020-10-06,109.3,110.65,103.0,105.1,1873123.0,GGAL
2020-10-07,106.0,107.75,103.35,106.4,1864082.0,GGAL
2020-10-08,107.55,110.25,107.05,110.0,2039762.0,GGAL
2020-10-09,109.95,110.5,107.6,108.0,1748631.0,GGAL
2020-10-13,107.1,108.35,106.5,107.95,2335585.0,GGAL
2020-10-14,108.2,109.0,106.85,107.9,1640774.0,GGAL
2020-10-15,107.7,110.0,107.1,109.65,2818322.0,GGAL
2020-10-16,109.7,115.7,109.05,114.4,4733335.0,GGAL
2020-10-19,115.0,119.95,114.7,116.0,3010474.0,GGAL
2020-10-20,117.6,119.5,110.7,113.95,2650908.0,GGAL
2020-10-21,113.0,117.25,111.65,115.0,2444970.0,GGAL
2020-10-22,116.0,120.8,115.0,120.0,2697778.0,GGAL
2020-10-23,120.0,120.95,116.9,118.45,1690489.0,GGAL
2020-10-26,118.3,118.8,111.0,111.6,1467453.0,GGAL
2020-10-27,112.0,114.45,106.0,106.2,1658525.0,GGAL
2020-10-28,102.0,105.1,97.6,98.0,3219897.0,GGAL
2020-10-29,100.0,102.0,95.0,100.75,2008274.0,GGAL
2020-10-30,102.0,102.0,95.8,96.4,1694274.0,GGAL
2020-11-02,98.0,110.0,98.0,107.5,2190764.0,GGAL
2020-11-03,109.8,113.6,107.55,108.7,2511916.0,GGAL
2020-11-04,111.05,112.7,106.0,108.1,2177840.0,GGAL
2020-11-05,108.0,116.3,108.0,114.85,2832279.0,GGAL
2020-11-06,115.5,117.45,111.5,115.65,1474916.0,GGAL
2020-11-09,121.0,125.85,121.0,122.35,3277318.0,GGAL
2020-11-10,124.0,132.3,122.3,128.75,5075939.0,GGAL
2020-11-11,129.95,130.95,123.0,126.0,2512663.0,GGAL
2020-11-12,124.9,125.0,118.6,119.2,2966553.0,GGAL
2020-11-13,118.95,123.5,118.05,120.4,1281115.0,GGAL
2020-11-16,123.0,125.5,122.1,123.9,3476383.0,GGAL
2020-11-17,123.8,128.0,120.35,126.9,2142214.0,GGAL
2020-11-18,127.0,129.0,123.0,123.5,1161711.0,GGAL
2020-11-19,123.0,128.9,122.05,125.3,1399960.0,GGAL
2020-11-20,125.0,127.0,122.6,124.0,1013890.0,GGAL
2020-11-24,127.0,133.1,126.85,133.1,3795107.0,GGAL
2020-11-25,132.65,133.95,129.15,131.25,1276469.0,GGAL
2020-11-26,131.25,132.5,130.6,131.45,633704.0,GGAL
2020-11-27,130.05,137.0,130.05,135.9,2297012.0,GGAL
2020-11-30,136.1,136.1,130.05,130.8,1830329.0,GGAL
2020-12-01,133.0,135.0,132.05,132.35,1217468.0,GGAL
2020-12-02,132.3,136.0,130.1,132.85,1480118.0,GGAL
2020-12-03,133.0,135.1,131.0,132.55,1148555.0,GGAL
2020-12-04,132.55,133.75,130.0,130.2,1358435.0,GGAL
2020-12-09,127.0,129.95,124.0,124.9,1633115.0,GGAL
2020-12-10,124.0,130.2,123.5,129.55,4094072.0,GGAL
2020-12-11,129.55,131.55,128.1,128.55,1767393.0,GGAL
2020-12-14,130.0,131.2,125.2,127.0,1232380.0,GGAL
2020-12-15,127.05,128.9,125.55,128.25,2421290.0,GGAL
2020-12-16,128.95,129.9,126.35,127.3,1577808.0,GGAL
2020-12-17,127.35,129.2,126.0,127.0,1614779.0,GGAL
2020-12-18,127.0,127.5,121.55,122.5,2301805.0,GGAL
2020-12-21,118.5,120.8,116.75,119.5,2073506.0,GGAL
2020-12-22,120.0,124.2,119.7,120.6,1616219.0,GGAL
2020-12-23,120.5,125.95,120.5,125.55,1672661.0,GGAL
2020-12-28,124.95,126.85,124.05,125.1,1190319.0,GGAL
2020-12-29,125.2,129.5,125.1,128.3,1318111.0,GGAL
2020-12-30,130.0,131.6,125.25,125.5,1413071.0,GGAL
2021-01-04,126.95,126.95,120.0,122.7,1714467.0,GGAL
2021-01-05,122.75,124.75,120.5,123.65,1052847.0,GGAL
2021-01-06,122.8,125.9,122.4,123.0,968309.0,GGAL
2021-01-07,123.1,125.25,121.55,123.7,910358.0,GGAL
2021-01-08,123.8,124.5,122.0,122.65,690835.0,GGAL
2021-01-11,121.0,122.25,118.0,120.3,1048175.0,GGAL
2021-01-12,120.0,122.4,118.55,121.3,865763.0,GGAL
2021-01-13,120.0,123.3,120.0,121.3,1001521.0,GGAL
2021-01-14,121.2,122.7,119.75,121.1,1458253.0,GGAL
2021-01-15,120.0,122.45,119.6,120.0,658663.0,GGAL
2021-01-18,120.5,121.0,118.5,118.6,363664.0,GGAL
2021-01-19,118.6,120.5,115.9,116.95,871359.0,GGAL
2021-01-20,117.0,119.0,114.95,118.25,1359407.0,GGAL
2021-01-21,118.1,119.25,114.2,114.8,1807204.0,GGAL
2021-01-22,114.0,115.8,113.0,113.05,1353930.0,GGAL
2021-01-25,114.0,114.8,111.0,112.2,924400.0,GGAL
2021-01-26,112.4,118.9,112.4,118.0,1047081.0,GGAL
2021-01-27,117.45,119.8,115.0,118.8,1033327.0,GGAL
2021-01-28,117.6,120.7,117.6,119.6,769220.0,GGAL
2021-01-29,120.45,120.45,115.05,115.3,1354838.0,GGAL
2021-02-01,116.1,119.3,116.1,119.3,802765.0,GGAL
2021-02-02,120.0,122.0,118.5,119.2,1183162.0,GGAL
2021-02-03,119.05,121.4,118.2,118.35,985113.0,GGAL
2021-02-04,118.05,124.0,118.05,123.5,1375526.0,GGAL
2021-02-05,125.0,126.75,124.3,126.25,1928755.0,GGAL
2021-02-08,129.9,131.1,126.15,126.65,3071597.0,GGAL
2021-02-09,128.25,128.9,126.65,126.8,1178260.0,GGAL
2021-02-10,128.1,128.3,125.5,126.0,675043.0,GGAL
2021-02-11,126.0,127.4,124.0,125.5,623661.0,GGAL
2021-02-12,125.8,127.2,122.5,123.85,1270396.0,GGAL
2021-02-17,128.2,128.2,124.0,126.2,1528579.0,GGAL
2021-02-18,128.5,133.0,126.0,128.6,4480226.0,GGAL
2021-02-19,128.05,130.5,125.05,126.7,1746696.0,GGAL
2021-02-22,125.85,125.85,114.9,120.5,1686519.0,GGAL
2021-02-23,118.5,118.5,113.0,114.1,2240103.0,GGAL
2021-02-24,115.05,120.4,114.5,118.05,1310329.0,GGAL
2021-02-25,118.3,121.0,114.5,115.25,1406786.0,GGAL
2021-02-26,115.45,116.2,111.6,112.3,2626306.0,GGAL
2021-03-01,114.2,116.95,114.0,115.35,853321.0,GGAL
2021-03-02,115.0,115.45,113.05,114.5,915075.0,GGAL
2021-03-03,116.0,116.45,111.1,111.4,914921.0,GGAL
2021-03-04,112.4,115.95,110.5,114.0,1570973.0,GGAL
2021-03-05,115.45,115.45,108.75,109.5,1948329.0,GGAL
2021-03-08,110.0,112.0,108.0,109.7,1236404.0,GGAL
2021-03-09,108.15,111.5,108.15,111.0,1064173.0,GGAL
2021-03-10,111.1,115.85,110.0,114.95,1733864.0,GGAL
2021-03-11,116.0,117.0,114.0,116.45,1553658.0,GGAL
2021-03-12,116.0,119.95,115.0,119.3,2340085.0,GGAL
2021-03-15,120.2,124.5,119.85,123.2,2598247.0,GGAL
2021-03-16,124.0,125.0,120.0,120.2,1481683.0,GGAL
2021-03-17,119.4,121.2,118.7,120.45,1345804.0,GGAL
2021-03-18,120.9,121.65,117.65,117.85,1979779.0,GGAL
2021-03-19,117.85,120.85,117.7,118.7,881844.0,GGAL
2021-03-22,117.0,117.6,116.05,117.25,1222184.0,GGAL
2021-03-23,116.9,119.25,116.35,116.55,820648.0,GGAL
2021-03-25,112.85,114.5,111.2,111.65,2362096.0,GGAL
2021-03-26,113.5,113.6,109.6,110.15,1074219.0,GGAL
2021-03-29,109.85,110.75,108.0,109.2,1145084.0,GGAL
2021-03-30,109.2,112.9,109.2,112.75,778987.0,GGAL
2021-03-31,112.0,113.9,110.9,111.4,1154948.0,GGAL
2021-04-05,111.95,112.95,110.15,112.85,956627.0,GGAL
2021-04-06,115.75,117.75,115.75,116.35,2634517.0,GGAL
2021-04-07,117.0,119.0,116.5,116.65,2537674.0,GGAL
2021-04-08,116.65,116.75,115.0,115.8,717085.0,GGAL
2021-04-09,115.85,115.85,113.05,113.5,1274340.0,GGAL
2021-04-12,112.5,113.0,109.8,110.2,2516847.0,GGAL
2021-04-13,109.5,111.3,109.3,110.3,585760.0,GGAL
2021-04-14,111.0,113.4,109.85,110.2,955773.0,GGAL
2021-04-15,110.0,110.8,109.0,109.7,2045043.0,GGAL
2021-04-16,109.45,111.7,108.5,111.0,1399433.0,GGAL
2021-04-19,113.95,114.0,111.8,112.55,782036.0,GGAL
2021-04-20,110.6,111.6,108.95,109.35,1135184.0,GGAL
2021-04-21,109.9,111.05,107.5,110.65,950080.0,GGAL
2021-04-22,110.65,111.75,108.9,109.0,855512.0,GGAL
2021-04-23,109.75,110.45,108.2,109.5,1151458.0,GGAL
2021-04-26,110.8,114.45,110.2,114.25,2054687.0,GGAL
2021-04-27,115.05,119.75,115.0,119.45,3417952.0,GGAL
2021-04-28,123.65,123.85,119.65,121.45,2467676.0,GGAL
2021-04-29,120.7,120.7,118.45,119.2,1069111.0,GGAL
2021-04-30,118.5,118.5,116.45,116.75,577218.0,GGAL
2021-05-03,115.8,117.65,115.05,115.55,1490254.0,GGAL
2021-05-04,114.85,114.85,113.0,114.3,1067311.0,GGAL
2021-05-05,114.6,117.25,113.1,115.85,655001.0,GGAL
2021-05-06,114.8,117.95,113.5,117.45,952594.0,GGAL
2021-05-07,120.0,124.1,119.5,123.7,3230940.0,GGAL
2021-05-10,126.0,126.8,123.3,124.55,2595921.0,GGAL
2021-05-11,122.0,124.15,121.4,122.75,1050375.0,GGAL
2021-05-12,122.9,123.05,119.65,120.15,665595.0,GGAL
2021-05-13,121.0,125.8,121.0,125.1,1319566.0,GGAL
2021-05-14,130.0,131.5,129.05,130.9,5278239.0,GGAL
2021-05-17,129.5,136.95,127.5,136.25,3037348.0,GGAL
2021-05-18,135.4,137.2,134.05,135.0,3303838.0,GGAL
2021-05-19,134.0,136.5,132.2,134.95,1389761.0,GGAL
2021-05-20,136.3,140.2,136.3,139.35,1736909.0,GGAL
2021-05-21,140.0,141.0,134.5,135.0,1644931.0,GGAL
2021-05-26,134.0,137.45,133.3,136.9,1097242.0,GGAL
2021-05-27,137.5,140.45,136.55,139.3,1575726.0,GGAL
2021-05-28,144.8,146.0,143.0,145.4,2876635.0,GGAL
2021-05-31,145.0,147.9,143.8,145.15,717195.0,GGAL
2021-06-01,148.3,151.5,148.0,150.5,3616078.0,GGAL
2021-06-02,152.3,153.7,149.75,150.9,3082711.0,GGAL
2021-06-03,150.0,157.7,149.0,157.0,2866147.0,GGAL
2021-06-04,156.0,165.0,155.05,164.85,2494525.0,GGAL
2021-06-07,169.95,172.75,168.15,169.1,3867747.0,GGAL
2021-06-08,169.0,171.25,160.1,161.6,2564541.0,GGAL
2021-06-09,161.0,171.75,160.0,168.95,1855890.0,GGAL
2021-06-10,172.7,174.95,169.0,170.6,2567344.0,GGAL
2021-06-11,167.95,167.95,162.1,162.8,1233532.0,GGAL
2021-06-14,166.0,168.0,163.9,164.65,1501281.0,GGAL
2021-06-15,164.7,166.75,159.9,165.0,2081339.0,GGAL
2021-06-16,165.4,169.4,165.4,168.8,1836998.0,GGAL
2021-06-17,169.1,170.5,165.0,165.85,2280713.0,GGAL
2021-06-18,160.5,163.85,160.2,161.65,2829891.0,GGAL
2021-06-22,156.8,167.9,154.0,165.15,2447460.0,GGAL
2021-06-23,166.75,168.8,162.8,163.05,2150827.0,GGAL
2021-06-24,163.25,163.9,161.2,162.5,1323635.0,GGAL
2021-06-25,154.4,157.4,154.0,155.5,2437981.0,GGAL
2021-06-28,155.65,156.65,153.05,153.95,2345477.0,GGAL
2021-06-29,153.0,153.0,148.15,148.55,2447838.0,GGAL
2021-06-30,148.3,150.0,145.25,146.6,1927167.0,GGAL
2021-07-01,147.65,148.4,143.7,145.0,1276898.0,GGAL
2021-07-02,145.5,148.45,142.7,146.7,1573940.0,GGAL
2021-07-05,149.5,151.5,148.15,150.5,722868.0,GGAL
2021-07-06,149.0,149.0,144.05,144.9,1342295.0,GGAL
2021-07-07,145.0,146.45,143.2,145.8,1154451.0,GGAL
2021-07-08,144.3,144.5,142.05,142.35,1250867.0,GGAL
2021-07-12,142.95,148.5,142.0,148.15,1776673.0,GGAL
2021-07-13,145.45,148.2,144.7,147.9,1826674.0,GGAL
2021-07-14,149.5,150.0,146.1,147.85,1747108.0,GGAL
2021-07-15,147.7,148.75,144.55,144.85,1167630.0,GGAL
2021-07-16,144.85,144.95,142.0,142.85,670592.0,GGAL
2021-07-19,141.0,141.6,138.75,140.4,1629368.0,GGAL
2021-07-20,139.0,144.0,138.35,142.7,1296224.0,GGAL
2021-07-21,146.1,150.2,146.1,148.95,1420084.0,GGAL
2021-07-22,148.0,148.0,145.4,147.5,1115394.0,GGAL
2021-07-23,146.95,147.0,144.0,144.7,1017987.0,GGAL
2021-07-26,147.05,148.5,146.0,148.15,886161.0,GGAL
2021-07-27,146.75,147.8,146.25,147.2,822841.0,GGAL
2021-07-28,148.5,149.5,147.55,149.05,1167820.0,GGAL
2021-07-29,148.9,150.0,146.4,147.6,1541161.0,GGAL
2021-07-30,146.85,147.0,142.5,142.55,4351847.0,GGAL
2021-08-02,142.6,144.9,142.1,142.35,1082154.0,GGAL
2021-08-03,142.65,146.0,140.3,145.6,1357974.0,GGAL
2021-08-04,146.95,146.95,143.1,143.55,919793.0,GGAL
2021-08-05,147.4,147.4,144.3,145.75,1028818.0,GGAL
2021-08-06,145.55,147.15,145.05,145.4,767569.0,GGAL
2021-08-09,144.95,145.25,143.95,144.5,404321.0,GGAL
2021-08-10,144.05,151.6,144.05,151.45,2191307.0,GGAL
2021-08-11,149.9,156.15,148.35,155.6,2906965.0,GGAL
2021-08-12,154.75,156.85,152.8,153.35,1205547.0,GGAL
2021-08-13,150.0,151.5,148.0,150.6,1267439.0,GGAL
2021-08-17,147.5,151.5,146.7,148.3,1006449.0,GGAL
2021-08-18,147.0,149.6,146.4,146.5,1865770.0,GGAL
2021-08-19,146.5,149.7,145.9,149.25,1497064.0,GGAL
2021-08-20,151.5,154.0,151.2,153.55,1645825.0,GGAL
2021-08-23,155.05,159.6,155.05,158.95,1537198.0,GGAL
2021-08-24,162.15,170.4,162.15,170.0,4178556.0,GGAL
2021-08-25,171.7,177.4,168.0,176.65,4203905.0,GGAL
2021-08-26,172.05,180.35,172.05,177.85,4783864.0,GGAL
2021-08-27,184.05,186.9,180.1,180.45,3763835.0,GGAL
2021-08-30,182.0,194.0,182.0,191.55,3374944.0,GGAL
2021-08-31,188.95,193.0,185.9,188.8,2804205.0,GGAL
2021-09-01,190.3,195.0,185.1,185.7,2493009.0,GGAL
2021-09-02,186.05,191.95,183.2,183.4,1829608.0,GGAL
2021-09-03,182.9,184.95,181.6,182.8,929614.0,GGAL
2021-09-06,180.05,187.0,176.25,186.4,698235.0,GGAL
2021-09-07,189.1,200.5,189.1,198.7,3595593.0,GGAL
2021-09-08,198.0,198.0,189.0,197.35,3389999.0,GGAL
2021-09-09,202.05,204.1,192.05,194.4,2924928.0,GGAL
2021-09-10,195.0,197.5,189.55,191.2,2186756.0,GGAL
2021-09-13,217.9,220.0,203.05,206.0,7018588.0,GGAL
2021-09-14,207.25,211.45,199.0,200.7,3077624.0,GGAL
2021-09-15,201.1,203.0,190.0,196.75,2163238.0,GGAL
2021-09-16,191.9,203.0,190.5,199.15,2274476.0,GGAL
2021-09-17,197.8,205.25,197.2,198.05,1772100.0,GGAL
2021-09-20,189.0,189.0,180.1,180.7,3895085.0,GGAL
2021-09-21,183.0,184.5,178.5,178.95,1657309.0,GGAL
2021-09-22,183.3,185.9,181.6,184.7,2088367.0,GGAL
2021-09-23,186.0,186.7,183.5,183.7,1124001.0,GGAL
2021-09-24,183.0,184.5,180.25,181.25,823005.0,GGAL
2021-09-27,182.5,189.0,182.5,188.3,788964.0,GGAL
2021-09-28,189.0,189.45,184.1,188.1,601139.0,GGAL
2021-09-29,188.1,193.25,188.1,191.0,826292.0,GGAL
2021-09-30,193.0,197.3,193.0,193.85,1641887.0,GGAL
2021-10-01,191.05,198.3,191.05,197.7,1074321.0,GGAL
2021-10-04,199.0,199.5,194.25,196.65,735161.0,GGAL
2021-10-05,198.8,199.2,195.0,195.7,923346.0,GGAL
2021-10-06,195.0,196.95,190.05,196.75,571928.0,GGAL
2021-10-07,199.95,199.95,195.0,196.4,652545.0,GGAL
2021-10-12,199.55,201.0,196.5,197.05,885034.0,GGAL
2021-10-13,196.75,198.0,195.0,196.85,983898.0,GGAL
2021-10-14,197.1,199.7,196.2,199.1,1961068.0,GGAL
2021-10-15,201.7,210.5,200.55,209.2,3098357.0,GGAL
2021-10-18,208.8,213.9,205.0,211.7,2145038.0,GGAL
2021-10-19,211.7,216.5,210.1,214.85,1572094.0,GGAL
2021-10-20,220.0,228.2,218.0,227.6,3175255.0,GGAL
2021-10-21,224.0,228.5,220.7,226.3,1555043.0,GGAL
2021-10-22,226.2,230.2,222.5,228.9,1049944.0,GGAL
2021-10-25,230.0,237.7,229.0,237.35,1465558.0,GGAL
2021-10-26,238.0,241.8,233.0,234.9,1386026.0,GGAL
2021-10-27,233.0,236.7,223.0,223.7,1711833.0,GGAL
2021-10-28,222.3,229.75,218.9,228.8,1060851.0,GGAL
2021-10-29,227.7,227.7,217.3,220.05,1793927.0,GGAL
2021-11-01,218.5,231.95,218.5,230.85,1154938.0,GGAL
2021-11-02,230.8,242.0,226.05,240.55,2105073.0,GGAL
2021-11-03,240.0,252.5,240.0,251.4,2275649.0,GGAL
2021-11-04,250.9,250.9,240.55,244.95,2498184.0,GGAL
2021-11-05,246.0,249.0,243.15,245.85,994873.0,GGAL
2021-11-08,250.0,257.65,249.5,257.0,1305529.0,GGAL
2021-11-09,257.0,260.0,253.3,254.4,1481322.0,GGAL
2021-11-10,256.0,263.15,255.0,257.6,2144221.0,GGAL
2021-11-11,256.0,263.9,255.0,255.7,2192252.0,GGAL
2021-11-12,255.7,258.95,245.0,248.85,1928307.0,GGAL
2021-11-15,255.0,257.0,235.6,239.85,3039026.0,GGAL
2021-11-16,240.0,240.0,221.75,222.3,2982640.0,GGAL
2021-11-17,223.5,225.9,208.25,213.05,3114923.0,GGAL
2021-11-18,211.05,220.5,208.0,220.05,2273708.0,GGAL
2021-11-19,220.9,222.45,208.0,209.6,2242161.0,GGAL
2021-11-23,204.0,209.6,199.2,200.2,3176546.0,GGAL
2021-11-24,202.55,206.95,198.0,201.0,2552438.0,GGAL
2021-11-25,201.2,205.8,201.2,204.7,486956.0,GGAL
2021-11-26,200.0,200.0,190.6,194.45,2938854.0,GGAL
2021-11-29,196.15,200.0,187.0,187.4,3116171.0,GGAL
2021-11-30,187.0,190.8,185.05,189.35,1524999.0,GGAL
2021-12-01,192.1,210.0,192.1,209.05,4188556.0,GGAL
2021-12-02,210.15,217.9,205.5,207.65,3931622.0,GGAL
2021-12-03,213.0,213.0,199.0,204.85,2151585.0,GGAL
2021-12-06,205.0,211.45,201.5,208.75,1633784.0,GGAL
2021-12-07,211.3,214.8,210.1,213.0,1716493.0,GGAL
2021-12-09,214.0,214.0,204.4,205.05,1328854.0,GGAL
2021-12-10,206.0,208.0,199.0,199.4,1261687.0,GGAL
2021-12-13,198.05,203.0,187.05,187.9,2102117.0,GGAL
2021-12-14,188.0,196.95,185.0,194.55,2608201.0,GGAL
2021-12-15,194.85,194.85,189.15,190.95,1972975.0,GGAL
2021-12-16,190.05,202.5,190.05,199.1,2410548.0,GGAL
2021-12-17,199.9,203.0,196.0,196.55,1800453.0,GGAL
2021-12-20,193.0,196.0,190.5,195.8,1319189.0,GGAL
2021-12-21,198.35,203.85,198.35,199.5,1106909.0,GGAL
2021-12-22,199.0,201.0,195.55,198.5,975365.0,GGAL
2021-12-23,198.5,202.9,198.4,199.25,882825.0,GGAL
2021-12-27,200.0,203.6,199.0,200.1,1020207.0,GGAL
2021-12-28,201.15,207.85,192.5,193.15,2123099.0,GGAL
2021-12-29,197.95,197.95,186.25,197.0,2251393.0,GGAL
2021-12-30,197.3,203.35,193.0,195.35,2108271.0,GGAL
2022-01-03,194.95,202.0,193.05,201.25,1035585.0,GGAL
2022-01-04,202.0,202.65,196.5,197.25,812223.0,GGAL
2022-01-05,198.0,201.0,193.0,193.15,990352.0,GGAL
2022-01-06,190.05,198.5,188.2,195.1,954266.0,GGAL
2022-01-07,195.0,198.5,194.05,198.0,647513.0,GGAL
2022-01-10,197.95,197.95,194.5,196.8,699547.0,GGAL
2022-01-11,195.05,200.7,195.05,200.1,953335.0,GGAL
2022-01-12,201.7,204.85,199.0,199.7,608049.0,GGAL
2022-01-13,200.0,202.9,198.0,198.65,795450.0,GGAL
2022-01-14,195.1,200.0,194.5,197.7,534252.0,GGAL
2022-01-17,197.0,199.25,195.05,195.95,101676.0,GGAL
2022-01-18,195.0,196.7,188.25,188.95,1085070.0,GGAL
2022-01-19,190.25,193.0,189.1,191.05,943934.0,GGAL
2022-01-20,194.0,197.8,191.05,195.7,1181757.0,GGAL
2022-01-21,195.5,196.0,189.0,189.4,698098.0,GGAL
2022-01-24,189.0,189.0,178.0,181.55,1873046.0,GGAL
2022-01-25,184.9,198.4,180.65,197.9,2721123.0,GGAL
2022-01-26,199.95,204.25,198.0,198.95,1910737.0,GGAL
2022-01-27,199.5,201.95,195.5,199.75,917724.0,GGAL
2022-01-28,210.05,213.45,203.0,210.2,3379254.0,GGAL
2022-01-31,212.0,216.65,204.2,216.1,2123823.0,GGAL
2022-02-01,215.0,219.5,206.2,215.5,1218415.0,GGAL
2022-02-02,219.4,219.4,209.1,210.5,775023.0,GGAL
2022-02-03,209.85,209.85,204.3,204.8,662468.0,GGAL
2022-02-04,204.0,206.95,202.55,204.0,782237.0,GGAL
2022-02-07,207.75,208.85,203.9,207.4,648685.0,GGAL
2022-02-08,207.0,211.5,202.1,202.85,711327.0,GGAL
2022-02-09,202.85,205.5,197.65,199.05,774237.0,GGAL
2022-02-10,199.0,203.85,197.5,200.15,554882.0,GGAL
2022-02-11,198.05,207.85,196.4,197.15,1701945.0,GGAL
2022-02-14,196.95,198.5,192.0,194.35,2161416.0,GGAL
2022-02-15,195.0,198.6,195.0,196.7,842311.0,GGAL
2022-02-16,198.65,205.5,195.2,204.15,1863063.0,GGAL
2022-02-17,202.0,206.6,199.5,200.1,1043971.0,GGAL
2022-02-18,202.4,203.3,199.0,202.2,1781911.0,GGAL
2022-02-21,203.0,203.9,198.5,203.65,475360.0,GGAL
2022-02-22,202.6,210.7,200.75,208.75,1797909.0,GGAL
2022-02-23,209.0,212.8,205.05,211.25,2064537.0,GGAL
2022-02-24,200.95,205.0,196.0,204.7,2363133.0,GGAL
2022-02-25,204.7,207.4,198.8,199.6,1613773.0,GGAL
2022-03-02,199.0,204.0,196.0,202.85,1707644.0,GGAL
2022-03-03,203.05,207.7,197.0,205.65,1966969.0,GGAL
2022-03-04,208.0,208.0,193.15,194.8,3412234.0,GGAL
2022-03-07,195.0,196.85,184.3,185.5,2540582.0,GGAL
2022-03-08,187.0,193.0,184.4,188.55,1264042.0,GGAL
2022-03-09,190.1,195.0,190.1,192.7,1541103.0,GGAL
2022-03-10,194.0,201.0,192.0,199.6,1638849.0,GGAL
2022-03-11,202.0,204.9,194.5,196.1,1088307.0,GGAL
2022-03-14,194.7,196.85,186.0,187.05,1619543.0,GGAL
2022-03-15,187.0,190.95,184.75,187.5,855872.0,GGAL
2022-03-16,188.0,198.9,188.0,198.05,1444094.0,GGAL
2022-03-17,198.25,204.0,198.25,203.25,1327468.0,GGAL
2022-03-18,203.0,206.2,199.0,199.9,1370572.0,GGAL
2022-03-21,204.05,206.0,202.2,203.9,2283228.0,GGAL
2022-03-22,206.8,208.0,204.85,207.45,2089055.0,GGAL
2022-03-23,207.45,211.5,205.35,205.7,3101645.0,GGAL
2022-03-25,218.4,219.5,209.35,213.7,4035666.0,GGAL
2022-03-28,211.0,211.35,207.05,208.0,1284744.0,GGAL
2022-03-29,209.0,210.8,204.5,204.7,1039230.0,GGAL
2022-03-30,202.05,209.0,202.05,207.75,1314669.0,GGAL
2022-03-31,210.0,211.8,205.5,205.85,1186799.0,GGAL
2022-04-01,207.85,211.5,207.85,209.55,1047394.0,GGAL
2022-04-04,210.0,211.5,207.75,208.25,835566.0,GGAL
2022-04-05,209.0,210.5,200.75,200.85,1506772.0,GGAL
2022-04-06,198.85,200.65,196.5,199.2,1894235.0,GGAL
2022-04-07,199.8,199.8,195.0,196.65,2519528.0,GGAL
2022-04-08,196.75,199.5,195.05,196.3,1006913.0,GGAL
2022-04-11,196.0,196.0,191.25,191.4,1913332.0,GGAL
2022-04-12,191.55,194.2,189.5,192.0,2721542.0,GGAL
2022-04-13,190.0,193.2,189.6,190.5,1586669.0,GGAL
2022-04-18,194.0,195.85,189.8,192.7,979124.0,GGAL
2022-04-19,193.0,195.0,192.25,194.0,668255.0,GGAL
2022-04-20,194.0,196.0,193.0,195.3,676365.0,GGAL
2022-04-21,194.75,197.0,192.0,192.5,722704.0,GGAL
2022-04-22,195.7,196.5,192.55,193.1,853840.0,GGAL
2022-04-25,192.0,194.4,187.65,193.9,1785890.0,GGAL
2022-04-26,192.5,193.8,189.75,190.6,798405.0,GGAL
2022-04-27,191.1,193.95,190.45,190.75,764400.0,GGAL
2022-04-28,190.75,192.7,189.1,190.4,655767.0,GGAL
2022-04-29,191.2,193.45,184.5,186.1,1191763.0,GGAL
2022-05-02,183.0,185.8,182.0,184.85,1417126.0,GGAL
2022-05-03,187.0,191.0,186.55,189.65,1458001.0,GGAL
2022-05-04,190.0,190.5,187.0,189.55,725954.0,GGAL
2022-05-05,181.95,184.75,177.45,180.4,2328438.0,GGAL
2022-05-06,180.4,183.45,177.7,182.1,504940.0,GGAL
2022-05-09,179.0,182.0,176.2,177.2,909257.0,GGAL
2022-05-10,180.2,181.4,174.8,176.35,1154952.0,GGAL
2022-05-11,177.0,180.25,176.65,179.8,1141932.0,GGAL
2022-05-12,177.0,183.0,176.0,182.4,849680.0,GGAL
2022-05-13,185.0,192.9,185.0,192.5,2675081.0,GGAL
2022-05-16,194.0,197.5,188.6,196.95,2824129.0,GGAL
2022-05-17,201.5,202.0,197.0,199.2,2018090.0,GGAL
2022-05-19,197.0,199.9,192.5,194.1,861436.0,GGAL
2022-05-20,195.0,197.75,189.0,191.2,1231178.0,GGAL
2022-05-23,196.5,197.5,191.0,195.95,1466872.0,GGAL
2022-05-24,197.9,198.35,194.8,198.2,1334813.0,GGAL
2022-05-26,198.35,200.8,198.35,200.6,1228967.0,GGAL
2022-05-27,200.6,202.75,197.5,198.35,1035647.0,GGAL
2022-05-30,199.0,201.9,196.25,197.95,359876.0,GGAL
2022-05-31,197.0,198.5,194.0,195.0,2077178.0,GGAL
2022-06-01,194.0,194.5,189.0,190.65,1475178.0,GGAL
2022-06-02,187.0,194.0,187.0,191.65,810764.0,GGAL
2022-06-03,190.9,193.75,189.3,190.85,420249.0,GGAL
2022-06-06,191.0,191.0,185.2,187.0,1222484.0,GGAL
2022-06-07,186.25,188.6,185.55,186.9,1171439.0,GGAL
2022-06-08,185.9,185.9,180.6,181.1,3071001.0,GGAL
2022-06-09,180.5,180.85,175.1,175.6,2355264.0,GGAL
2022-06-10,174.5,180.05,171.5,179.9,2284459.0,GGAL
2022-06-13,176.95,179.75,173.75,175.4,1739703.0,GGAL
2022-06-14,177.75,182.0,174.15,176.5,1798799.0,GGAL
2022-06-15,180.1,181.8,178.1,179.35,1895802.0,GGAL
2022-06-16,176.9,181.0,175.5,177.15,1896862.0,GGAL
2022-06-21,178.0,180.0,175.3,176.55,977564.0,GGAL
2022-06-22,177.2,179.35,174.0,175.8,1826037.0,GGAL
2022-06-23,175.4,176.0,169.7,172.85,1667996.0,GGAL
2022-06-24,172.0,175.8,169.4,169.9,1395898.0,GGAL
2022-06-27,170.0,174.15,167.0,173.75,1736802.0,GGAL
2022-06-28,175.55,180.5,174.8,177.25,2406932.0,GGAL
2022-06-29,177.0,179.75,174.0,179.05,636354.0,GGAL
2022-06-30,176.25,178.4,174.5,176.2,1370567.0,GGAL
2022-07-01,176.75,183.2,173.5,181.9,1009070.0,GGAL
2022-07-04,182.0,182.0,174.6,175.35,945611.0,GGAL
2022-07-05,183.0,187.9,177.15,187.05,2105572.0,GGAL
2022-07-06,187.0,188.1,180.65,186.75,1241608.0,GGAL
2022-07-07,189.0,197.3,188.0,196.6,2494518.0,GGAL
2022-07-08,196.7,203.0,194.0,199.4,2217369.0,GGAL
2022-07-11,195.0,199.5,188.6,195.7,831094.0,GGAL
2022-07-12,189.35,191.7,185.6,190.4,2127819.0,GGAL
2022-07-13,186.25,187.3,183.25,185.35,1627872.0,GGAL
2022-07-14,179.05,186.9,179.0,182.65,797102.0,GGAL
2022-07-15,181.8,190.8,181.5,190.65,827528.0,GGAL
2022-07-18,193.0,195.75,192.5,193.9,929353.0,GGAL
2022-07-19,196.0,196.5,192.0,194.05,844566.0,GGAL
2022-07-20,193.0,193.0,188.55,189.15,2648143.0,GGAL
2022-07-21,189.25,201.0,186.1,199.35,1827159.0,GGAL
2022-07-22,200.0,202.5,192.5,201.55,3618311.0,GGAL
2022-07-25,204.95,216.5,203.1,214.35,2589522.0,GGAL
2022-07-26,215.0,221.0,209.0,214.5,1988558.0,GGAL
2022-07-27,214.0,226.0,208.1,225.65,2759436.0,GGAL
2022-07-28,230.5,234.8,220.0,230.4,4644094.0,GGAL
2022-07-29,235.0,237.0,220.55,225.85,2940438.0,GGAL
2022-08-01,226.0,226.0,216.0,218.5,1848991.0,GGAL
2022-08-02,213.3,226.0,213.3,225.85,2656873.0,GGAL
2022-08-03,227.0,228.8,221.0,225.6,1363536.0,GGAL
2022-08-04,228.4,230.9,220.5,223.35,2377323.0,GGAL
2022-08-05,225.0,227.5,221.5,222.2,1111195.0,GGAL
2022-08-08,226.4,228.85,222.0,228.35,1161617.0,GGAL
2022-08-09,227.0,229.5,223.0,223.0,779838.0,GGAL
2022-08-10,224.0,227.0,218.95,219.55,670888.0,GGAL
2022-08-11,226.0,226.0,221.0,222.9,1402952.0,GGAL
2022-08-12,222.15,231.0,222.15,230.0,1976204.0,GGAL
2022-08-16,232.2,236.0,228.65,232.4,2118395.0,GGAL
2022-08-17,229.0,233.8,229.0,231.5,2295390.0,GGAL
2022-08-18,231.0,239.5,231.0,239.3,2609331.0,GGAL
2022-08-19,236.7,237.9,233.0,236.15,1724288.0,GGAL
2022-08-22,234.5,242.0,231.1,240.65,1364936.0,GGAL
2022-08-23,245.0,253.0,243.5,252.5,1585420.0,GGAL
2022-08-24,246.9,256.8,246.0,254.25,2177191.0,GGAL
2022-08-25,253.0,257.7,247.9,256.9,1308361.0,GGAL
2022-08-26,259.1,264.0,252.0,256.1,1786235.0,GGAL
2022-08-29,256.0,262.9,252.5,253.6,1638615.0,GGAL
2022-08-30,253.0,257.0,248.0,250.4,1465575.0,GGAL
2022-08-31,250.0,254.0,238.85,239.95,1283459.0,GGAL
2022-09-01,239.0,243.0,235.05,240.35,958183.0,GGAL
2022-09-05,241.5,245.75,241.5,243.75,368417.0,GGAL
2022-09-06,243.0,250.5,241.6,246.0,920978.0,GGAL
2022-09-07,246.0,257.35,245.3,254.55,2065706.0,GGAL
2022-09-08,257.0,260.5,245.35,252.5,1121380.0,GGAL
2022-09-09,254.0,265.5,249.65,264.85,2023700.0,GGAL
2022-09-12,265.1,269.35,258.9,259.4,1268609.0,GGAL
2022-09-13,260.0,262.95,250.0,251.25,832014.0,GGAL
2022-09-14,251.55,257.95,251.55,257.25,926332.0,GGAL
2022-09-15,257.1,262.4,252.15,257.95,989394.0,GGAL
2022-09-16,257.85,263.0,251.1,259.35,456196.0,GGAL
2022-09-19,261.8,275.0,254.85,270.75,1088215.0,GGAL
2022-09-20,270.75,270.75,265.8,268.8,876942.0,GGAL
2022-09-21,269.9,273.55,264.8,268.95,905003.0,GGAL
2022-09-22,268.9,271.0,265.05,269.9,391256.0,GGAL
2022-09-23,260.75,264.55,257.0,257.6,784986.0,GGAL
2022-09-26,256.0,257.5,241.35,242.55,1431475.0,GGAL
2022-09-27,244.5,245.0,228.7,229.05,3410080.0,GGAL
2022-09-28,230.0,235.5,227.0,233.25,1887194.0,GGAL
2022-09-29,230.0,233.0,225.0,231.15,2307487.0,GGAL
2022-09-30,230.0,240.0,230.0,234.1,1808937.0,GGAL
2022-10-03,243.0,250.5,238.7,249.95,2172051.0,GGAL
2022-10-04,250.5,256.35,248.0,250.2,1274971.0,GGAL
2022-10-05,249.95,251.8,244.2,247.55,778192.0,GGAL
2022-10-06,248.75,248.75,240.5,241.25,958510.0,GGAL
2022-10-11,239.15,239.15,230.3,231.45,1126822.0,GGAL
2022-10-12,226.0,237.5,225.0,225.45,1724317.0,GGAL
2022-10-13,225.4,234.7,225.4,231.5,1595079.0,GGAL
2022-10-14,229.4,230.0,225.0,225.75,1002816.0,GGAL
2022-10-17,228.5,233.4,228.4,229.15,968667.0,GGAL
2022-10-18,233.0,233.0,225.3,227.45,621819.0,GGAL
2022-10-19,227.4,229.95,225.0,228.4,1103825.0,GGAL
2022-10-20,231.6,234.9,231.2,233.1,1645055.0,GGAL
2022-10-21,233.25,239.0,233.25,238.8,1407170.0,GGAL
2022-10-24,238.0,239.8,230.0,237.75,1176222.0,GGAL
2022-10-25,238.05,243.2,237.7,242.75,1414652.0,GGAL
2022-10-26,243.0,244.7,237.3,238.8,1334019.0,GGAL
2022-10-27,238.0,243.35,237.6,240.3,1063399.0,GGAL
2022-10-28,240.0,240.0,234.25,235.65,912408.0,GGAL
2022-10-31,239.0,241.4,235.0,238.9,837230.0,GGAL
2022-11-01,238.9,249.3,238.65,248.4,1214100.0,GGAL
2022-11-02,245.95,249.0,238.9,239.05,692624.0,GGAL
2022-11-03,240.0,245.2,237.6,241.35,728020.0,GGAL
2022-11-04,241.0,246.0,241.0,242.8,426361.0,GGAL
2022-11-07,243.0,249.85,236.8,237.5,548018.0,GGAL
2022-11-08,240.0,240.0,232.55,234.75,878245.0,GGAL
2022-11-09,235.5,236.0,226.5,227.4,892978.0,GGAL
2022-11-10,231.0,234.85,227.7,231.3,1437767.0,GGAL
2022-11-11,233.0,240.0,231.25,238.95,854900.0,GGAL
2022-11-14,238.95,240.0,235.0,237.4,1130304.0,GGAL
2022-11-15,238.0,243.0,238.0,240.7,1844493.0,GGAL
2022-11-16,241.95,243.5,236.2,239.15,1294840.0,GGAL
2022-11-17,239.0,242.25,236.25,240.95,1253682.0,GGAL
2022-11-18,237.5,245.0,237.5,242.55,847480.0,GGAL
2022-11-22,242.4,245.0,239.0,242.1,682218.0,GGAL
2022-11-23,240.0,245.5,239.2,245.0,713438.0,GGAL
2022-11-24,245.0,248.0,243.0,247.5,306287.0,GGAL
2022-11-25,248.0,253.7,246.6,253.2,1742779.0,GGAL
2022-11-28,253.0,253.85,249.0,253.2,1111957.0,GGAL
2022-11-29,253.0,256.0,251.0,255.0,1089665.0,GGAL
2022-11-30,256.5,262.0,253.1,260.95,1408394.0,GGAL
2022-12-01,265.0,265.15,258.1,263.1,1391397.0,GGAL
2022-12-02,262.9,269.0,258.15,267.2,2331436.0,GGAL
2022-12-05,269.0,269.8,253.15,253.7,1935273.0,GGAL
2022-12-06,257.0,261.45,252.5,260.7,1606280.0,GGAL
2022-12-07,263.0,269.5,259.0,268.55,2401847.0,GGAL
2022-12-12,259.9,259.9,254.0,257.7,2273972.0,GGAL
2022-12-13,259.2,262.95,253.0,253.35,2197241.0,GGAL
2022-12-14,251.55,255.5,250.5,253.0,2010277.0,GGAL
2022-12-15,260.0,260.0,251.5,256.75,2510089.0,GGAL
2022-12-16,256.05,261.0,254.65,257.1,1375815.0,GGAL
2022-12-19,260.0,265.65,256.1,264.1,1089257.0,GGAL
2022-12-20,267.0,271.05,265.0,270.0,857095.0,GGAL
2022-12-21,279.0,300.0,278.0,294.9,5575957.0,GGAL
2022-12-22,295.0,299.9,290.5,296.5,2437715.0,GGAL
2022-12-23,295.0,310.0,295.0,307.15,2825401.0,GGAL
2022-12-26,302.25,314.0,302.25,312.0,730266.0,GGAL
2022-12-27,312.5,316.35,309.25,315.05,1189233.0,GGAL
2022-12-28,316.95,338.0,312.0,333.2,2230718.0,GGAL
2022-12-29,334.0,340.0,315.0,326.8,1564491.0,GGAL
2022-12-30,327.0,332.95,315.8,330.8,1040808.0,GGAL
2023-01-02,336.95,339.0,330.0,335.3,877805.0,GGAL
2023-01-03,337.0,338.85,325.0,328.85,938633.0,GGAL
2023-01-04,330.0,337.7,325.0,335.95,1440819.0,GGAL
2023-01-05,336.0,360.85,334.9,358.05,1512556.0,GGAL
2023-01-06,360.0,381.0,359.5,375.15,2655832.0,GGAL
2023-01-09,380.0,385.0,373.1,378.0,1682655.0,GGAL
2023-01-10,373.5,383.0,373.0,379.3,916956.0,GGAL
2023-01-11,382.2,415.0,380.0,411.2,2791111.0,GGAL
2023-01-12,421.0,446.85,403.2,440.75,2933291.0,GGAL
2023-01-13,435.0,464.0,433.0,452.7,2348286.0,GGAL
2023-01-16,453.0,467.0,450.0,463.0,863436.0,GGAL
2023-01-17,462.0,499.0,462.0,498.25,1854722.0,GGAL
2023-01-18,515.0,521.35,430.0,437.15,4223872.0,GGAL
2023-01-19,437.0,464.0,411.0,461.4,5256871.0,GGAL
2023-01-20,470.0,498.6,455.0,497.8,3224762.0,GGAL
2023-01-23,510.0,512.5,480.55,488.45,2249524.0,GGAL
2023-01-24,491.0,494.5,476.0,478.65,2379827.0,GGAL
2023-01-25,479.0,512.0,467.05,509.8,2533981.0,GGAL
2023-01-26,509.75,522.0,499.0,508.65,1324291.0,GGAL
2023-01-27,510.0,512.0,488.0,488.45,865460.0,GGAL
2023-01-30,490.0,496.95,465.0,465.3,1657259.0,GGAL
2023-01-31,470.0,498.0,462.05,491.15,1994725.0,GGAL
2023-02-01,490.95,498.0,473.05,481.7,1379199.0,GGAL
2023-02-02,480.0,493.15,476.85,479.3,1231612.0,GGAL
2023-02-03,481.0,481.0,449.0,449.75,837679.0,GGAL
2023-02-06,449.75,467.0,440.5,464.65,853524.0,GGAL
2023-02-07,470.0,479.1,461.0,470.15,1312792.0,GGAL
2023-02-08,474.95,475.0,458.1,473.9,1010567.0,GGAL
2023-02-09,475.1,480.0,464.45,470.1,1286743.0,GGAL
2023-02-10,475.0,477.2,463.5,470.85,687468.0,GGAL
2023-02-13,470.0,503.7,468.0,500.75,1927906.0,GGAL
2023-02-14,507.0,524.0,503.0,515.2,2146339.0,GGAL
2023-02-15,521.0,521.0,496.0,508.5,1605327.0,GGAL
2023-02-16,512.0,524.8,496.0,515.75,2510933.0,GGAL
2023-02-17,514.0,515.15,489.0,492.0,2718514.0,GGAL
2023-02-22,499.75,499.75,478.0,488.4,1716381.0,GGAL
2023-02-23,484.0,507.0,484.0,495.2,1029398.0,GGAL
2023-02-24,508.0,508.0,484.05,492.8,678628.0,GGAL
2023-02-27,495.0,505.5,495.0,499.7,658745.0,GGAL
2023-02-28,510.0,510.0,487.0,490.65,1089789.0,GGAL
2023-03-01,488.55,500.0,480.35,492.4,734105.0,GGAL
2023-03-02,490.0,493.5,466.5,467.1,1481080.0,GGAL
2023-03-03,467.0,482.35,465.0,478.2,1257700.0,GGAL
2023-03-06,477.0,490.5,465.0,488.0,1198036.0,GGAL
2023-03-07,493.0,496.4,473.0,475.45,901722.0,GGAL
2023-03-08,479.5,500.0,467.5,497.25,1836638.0,GGAL
2023-03-09,498.5,506.9,485.7,486.2,1150823.0,GGAL
2023-03-10,486.25,489.5,457.0,464.15,2002462.0,GGAL
2023-03-13,460.0,466.9,444.0,445.05,2144185.0,GGAL
2023-03-14,461.0,463.5,430.05,431.85,1890509.0,GGAL
2023-03-15,420.0,422.0,401.0,408.3,2121289.0,GGAL
2023-03-16,406.0,438.25,403.0,435.3,2126774.0,GGAL
2023-03-17,424.0,431.0,417.5,421.95,1159586.0,GGAL
2023-03-20,423.0,431.0,414.0,415.95,658443.0,GGAL
2023-03-21,430.0,443.2,426.5,440.7,1905620.0,GGAL
2023-03-22,440.0,441.0,425.1,426.55,683835.0,GGAL
2023-03-23,430.0,435.9,408.0,414.8,814743.0,GGAL
2023-03-27,420.0,444.55,420.0,438.6,717901.0,GGAL
2023-03-28,436.3,450.95,435.5,448.8,733611.0,GGAL
2023-03-29,453.4,468.0,448.9,460.2,566836.0,GGAL
2023-03-30,460.0,463.15,450.0,458.85,997565.0,GGAL
2023-03-31,459.0,464.45,435.1,442.85,1320366.0,GGAL
2023-04-03,443.0,462.5,440.55,461.05,940541.0,GGAL
2023-04-04,459.9,459.9,448.0,451.5,689558.0,GGAL
2023-04-05,449.8,452.05,442.5,451.85,1044059.0,GGAL
2023-04-10,450.0,455.0,443.2,447.85,1057863.0,GGAL
2023-04-11,453.05,465.9,451.65,463.95,1602473.0,GGAL
2023-04-12,473.05,494.3,468.0,493.1,3068737.0,GGAL
2023-04-13,494.0,506.7,489.6,500.05,1636649.0,GGAL
2023-04-14,509.5,512.65,500.0,511.65,3164258.0,GGAL
2023-04-17,512.0,530.0,506.2,529.25,1970908.0,GGAL
2023-04-18,535.3,542.25,518.15,525.05,2306223.0,GGAL
2023-04-19,517.65,517.65,500.0,502.1,3105140.0,GGAL
2023-04-20,500.0,520.8,500.0,517.75,3009136.0,GGAL
2023-04-21,522.0,533.55,518.0,530.05,1591303.0,GGAL
2023-04-24,530.05,541.4,527.0,539.85,1319441.0,GGAL
2023-04-25,538.5,553.0,534.1,540.95,1395107.0,GGAL
2023-04-26,543.0,543.4,521.25,537.75,1384497.0,GGAL
2023-04-27,544.5,544.5,514.0,528.1,981503.0,GGAL
2023-04-28,513.85,524.0,510.0,522.65,700909.0,GGAL
2023-05-02,521.9,523.7,501.05,520.85,1754514.0,GGAL
2023-05-03,520.85,525.0,504.9,506.1,1158515.0,GGAL
2023-05-04,507.0,510.0,485.0,493.9,1084286.0,GGAL
2023-05-05,492.0,514.5,486.0,509.25,1282821.0,GGAL
2023-05-08,516.0,533.3,512.15,521.7,1100260.0,GGAL
2023-05-09,529.0,531.0,519.5,523.65,736783.0,GGAL
2023-05-10,522.0,533.0,521.7,531.15,796164.0,GGAL
2023-05-11,533.0,554.95,525.1,552.45,1104738.0,GGAL
2023-05-12,571.2,571.4,545.05,554.8,890987.0,GGAL
2023-05-15,550.0,554.0,540.0,543.05,2007913.0,GGAL
2023-05-16,545.0,553.0,520.0,525.0,1240611.0,GGAL
2023-05-17,522.5,548.0,522.5,546.5,1063370.0,GGAL
2023-05-18,541.5,553.0,534.0,549.65,706508.0,GGAL
2023-05-19,554.0,554.0,543.0,550.1,700270.0,GGAL
2023-05-22,550.0,553.0,535.0,535.7,991843.0,GGAL
2023-05-23,540.0,560.0,540.0,545.2,1234739.0,GGAL
2023-05-24,547.8,557.0,535.0,554.8,1004159.0,GGAL
2023-05-29,561.7,569.0,550.0,567.65,409507.0,GGAL
2023-05-30,557.0,570.85,546.0,570.15,1057572.0,GGAL
2023-05-31,568.95,585.85,558.0,582.55,881514.0,GGAL
2023-06-01,583.0,603.5,582.55,597.3,1070690.0,GGAL
2023-06-02,600.0,608.0,582.75,584.3,1346874.0,GGAL
2023-06-05,590.0,609.4,585.0,607.6,1810133.0,GGAL
2023-06-06,626.0,685.0,626.0,681.9,5599778.0,GGAL
2023-06-07,691.0,717.5,691.0,709.4,4006278.0,GGAL
2023-06-08,710.0,722.5,686.45,717.2,2140475.0,GGAL
2023-06-09,717.0,745.0,710.0,723.8,1318714.0,GGAL
2023-06-12,724.95,736.0,712.5,721.35,1050826.0,GGAL
2023-06-13,720.0,753.95,714.0,751.15,1255596.0,GGAL
2023-06-14,760.0,769.0,749.0,760.2,1628790.0,GGAL
2023-06-15,769.0,799.5,769.0,798.6,3071165.0,GGAL
2023-06-16,798.0,863.0,793.0,857.5,5390205.0,GGAL
2023-06-21,860.0,912.0,860.0,905.95,2356588.0,GGAL
2023-06-22,902.5,902.5,840.0,843.15,1930427.0,GGAL
2023-06-23,842.9,880.5,825.0,865.9,1193290.0,GGAL
2023-06-26,906.5,928.95,872.0,900.7,2272430.0,GGAL
2023-06-27,886.0,898.6,843.7,854.95,2085333.0,GGAL
2023-06-28,860.0,888.0,845.0,854.8,1894069.0,GGAL
2023-06-29,856.0,869.5,836.0,863.45,769415.0,GGAL
2023-06-30,866.0,888.0,860.0,885.8,1364740.0,GGAL
2023-07-03,888.0,923.0,880.0,919.05,1560891.0,GGAL
2023-07-04,924.0,946.0,913.0,927.2,772021.0,GGAL
2023-07-05,925.0,925.5,890.0,920.2,1063996.0,GGAL
2023-07-06,880.0,887.1,845.85,852.9,1932290.0,GGAL
2023-07-07,868.5,885.45,842.0,859.55,1012309.0,GGAL
2023-07-10,846.5,859.45,830.0,834.8,998653.0,GGAL
2023-07-11,826.25,846.0,821.0,843.1,1496871.0,GGAL
2023-07-12,858.0,874.9,854.0,864.9,1745187.0,GGAL
2023-07-13,875.0,925.85,875.0,917.75,2315255.0,GGAL
2023-07-14,915.8,918.9,870.0,885.8,1518114.0,GGAL
2023-07-17,910.3,950.0,910.3,920.15,1297316.0,GGAL
2023-07-18,938.45,955.0,913.8,919.4,1593873.0,GGAL
2023-07-19,930.5,930.5,892.0,905.8,1302844.0,GGAL
2023-07-20,910.15,932.35,898.0,925.4,1902388.0,GGAL
2023-07-21,930.85,965.0,926.6,956.95,1675277.0,GGAL
2023-07-24,960.0,983.9,931.0,935.1,1766927.0,GGAL
2023-07-25,930.15,963.0,920.0,958.65,1151802.0,GGAL
2023-07-26,960.0,970.9,957.05,965.2,1060766.0,GGAL
2023-07-27,951.0,958.2,898.5,901.85,2145746.0,GGAL
2023-07-28,920.0,940.7,914.75,918.3,1613943.0,GGAL
2023-07-31,916.0,936.0,902.0,932.55,1520068.0,GGAL
2023-08-01,930.55,944.3,908.0,917.65,1446413.0,GGAL
2023-08-02,911.7,925.95,885.0,898.8,2127495.0,GGAL
2023-08-03,902.0,922.0,891.05,906.45,1879983.0,GGAL
2023-08-04,915.0,963.7,915.0,943.45,1833869.0,GGAL
2023-08-07,944.0,955.0,930.5,950.0,1819785.0,GGAL
2023-08-08,962.0,1005.0,962.0,986.4,1735057.0,GGAL
2023-08-09,991.0,1008.0,963.0,968.15,1528729.0,GGAL
2023-08-10,990.0,1015.0,980.05,1006.55,1731829.0,GGAL
2023-08-11,1003.0,1025.1,971.0,997.05,1666503.0,GGAL
2023-08-14,951.0,1035.7,900.0,971.0,2606214.0,GGAL
2023-08-15,977.0,1024.0,968.0,1002.15,3792386.0,GGAL
2023-08-16,1017.0,1145.0,1017.0,1139.5,5790282.0,GGAL
2023-08-17,1139.0,1147.0,1089.5,1108.05,3802936.0,GGAL
2023-08-18,1100.0,1106.95,1070.0,1100.7,2340557.0,GGAL
2023-08-22,1100.0,1133.0,1086.0,1130.15,1258915.0,GGAL
2023-08-23,1125.0,1213.0,1125.0,1209.05,1925551.0,GGAL
2023-08-24,1215.0,1246.5,1181.05,1189.55,1449989.0,GGAL
2023-08-25,1190.0,1264.0,1190.0,1258.0,1227480.0,GGAL
2023-08-28,1273.45,1402.0,1273.45,1396.45,2292686.0,GGAL
2023-08-29,1420.0,1482.15,1400.5,1464.45,2163574.0,GGAL
2023-08-30,1466.2,1478.2,1416.95,1450.6,2187099.0,GGAL
2023-08-31,1449.95,1449.95,1375.0,1412.55,1722417.0,GGAL
2023-09-01,1420.0,1446.9,1346.5,1353.3,1645821.0,GGAL
2023-09-04,1367.9,1367.9,1340.0,1354.1,1113384.0,GGAL
2023-09-05,1338.65,1338.65,1277.0,1279.95,1811459.0,GGAL
2023-09-06,1300.0,1329.95,1254.85,1262.55,1477323.0,GGAL
2023-09-07,1245.75,1250.0,1141.0,1169.15,2405115.0,GGAL
2023-09-08,1201.0,1243.55,1113.0,1133.95,2000603.0,GGAL
2023-09-12,1106.0,1175.95,1093.5,1166.8,2141639.0,GGAL
2023-09-13,1179.9,1205.0,1150.0,1173.05,1752882.0,GGAL
2023-09-14,1199.0,1207.95,1150.0,1194.95,1179720.0,GGAL
2023-09-15,1194.0,1205.95,1153.5,1167.05,951924.0,GGAL
2023-09-18,1184.0,1198.95,1159.0,1191.55,1299132.0,GGAL
2023-09-19,1190.0,1190.0,1142.85,1166.55,1101073.0,GGAL
2023-09-20,1179.0,1190.0,1119.0,1124.3,1381512.0,GGAL
2023-09-21,1099.95,1140.0,1072.25,1096.5,2179826.0,GGAL
2023-09-22,1097.0,1139.55,1097.0,1099.4,1011207.0,GGAL
2023-09-25,1098.0,1116.65,1076.0,1082.8,2109258.0,GGAL
2023-09-26,1050.0,1111.0,1050.0,1067.5,1863291.0,GGAL
2023-09-27,1100.0,1112.0,1060.0,1086.0,2775809.0,GGAL
2023-09-28,1096.0,1130.55,1096.0,1128.05,1698522.0,GGAL
2023-09-29,1140.0,1148.0,1050.0,1069.6,1900022.0,GGAL
2023-10-02,1067.0,1073.0,1037.8,1043.25,1905695.0,GGAL
2023-10-03,1042.55,1060.0,1023.9,1040.55,3468412.0,GGAL
2023-10-04,1033.4,1105.0,1015.0,1102.7,1639463.0,GGAL
2023-10-05,1114.0,1134.0,1095.0,1126.0,2141037.0,GGAL
2023-10-06,1126.0,1153.0,1100.0,1104.8,1920582.0,GGAL
2023-10-09,1110.0,1139.0,1079.0,1083.4,2041630.0,GGAL
2023-10-10,1095.0,1173.0,1095.0,1147.1,3280229.0,GGAL
2023-10-11,1190.0,1190.0,1100.0,1140.45,1701897.0,GGAL
2023-10-12,1140.0,1176.8,1095.0,1151.65,2400210.0,GGAL
2023-10-17,1199.0,1235.0,1181.0,1214.2,3448311.0,GGAL
2023-10-18,1229.0,1230.0,1170.05,1178.25,3214924.0,GGAL
2023-10-19,1172.0,1172.0,1111.0,1127.3,4509206.0,GGAL
2023-10-20,1136.0,1170.7,1125.0,1156.25,4069539.0,GGAL
2023-10-23,1100.0,1187.95,1076.0,1129.55,3495699.0,GGAL
2023-10-24,1129.0,1150.0,985.5,1011.15,4088032.0,GGAL
2023-10-25,1026.0,1090.0,975.0,1083.7,3664743.0,GGAL
2023-10-26,1084.5,1139.2,1036.0,1068.3,1476794.0,GGAL
2023-10-27,1068.3,1068.3,1018.0,1024.45,1831405.0,GGAL
2023-10-30,1025.0,1029.95,933.0,951.2,1882639.0,GGAL
2023-10-31,956.0,989.45,925.0,982.45,2671159.0,GGAL
2023-11-01,1000.0,1085.0,984.9,1065.05,3011575.0,GGAL
2023-11-02,1083.5,1117.2,1070.0,1097.15,1836249.0,GGAL
2023-11-03,1120.0,1127.95,1075.1,1084.15,1107432.0,GGAL
2023-11-07,1044.0,1072.65,1023.0,1035.1,1352207.0,GGAL
2023-11-08,1031.6,1079.95,1000.0,1003.55,1250856.0,GGAL
2023-11-09,1007.0,1058.0,996.0,1033.85,1110683.0,GGAL
2023-11-10,1034.0,1084.5,1034.0,1068.5,1424250.0,GGAL
2023-11-13,1070.0,1100.0,1035.0,1039.75,1244184.0,GGAL
2023-11-14,1039.75,1080.0,1030.05,1034.25,2306236.0,GGAL
2023-11-15,1075.0,1079.0,1038.4,1053.1,2552704.0,GGAL
2023-11-16,1053.1,1078.5,1016.0,1019.7,2347432.0,GGAL
2023-11-17,1010.0,1118.0,1010.0,1112.9,2036527.0,GGAL
2023-11-21,1260.0,1334.0,1200.0,1322.35,5381214.0,GGAL
2023-11-22,1335.0,1450.0,1280.0,1312.35,5068047.0,GGAL
2023-11-23,1305.0,1395.0,1290.0,1365.2,1244538.0,GGAL
2023-11-24,1399.95,1547.95,1399.95,1520.7,4764168.0,GGAL
2023-11-27,1566.0,1639.95,1526.0,1600.55,6084729.0,GGAL
2023-11-28,1640.0,1640.0,1412.0,1438.85,3914241.0,GGAL
2023-11-29,1440.0,1508.95,1405.0,1480.2,1993358.0,GGAL
2023-11-30,1464.0,1508.0,1405.35,1501.65,2452378.0,GGAL
2023-12-01,1500.5,1604.0,1461.0,1600.35,2458938.0,GGAL
2023-12-04,1601.0,1613.5,1471.0,1521.45,2095250.0,GGAL
2023-12-05,1526.0,1655.5,1506.0,1641.35,2945044.0,GGAL
2023-12-06,1642.0,1678.0,1563.75,1631.35,1784772.0,GGAL
2023-12-07,1640.0,1695.0,1613.0,1657.0,2667742.0,GGAL
2023-12-11,1685.0,1783.75,1660.0,1756.35,4215047.0,GGAL
2023-12-12,1787.0,1833.75,1733.5,1780.85,1965001.0,GGAL
2023-12-13,1830.0,1921.0,1705.0,1827.3,3411926.0,GGAL
2023-12-14,1835.0,1903.0,1780.0,1788.85,3493588.0,GGAL
2023-12-15,1790.0,1799.95,1640.0,1652.5,3948715.0,GGAL
2023-12-18,1640.0,1670.0,1599.95,1646.7,1579691.0,GGAL
2023-12-19,1659.9,1675.0,1595.0,1601.15,1531389.0,GGAL
2023-12-20,1600.0,1692.5,1598.55,1674.95,2516059.0,GGAL
2023-12-21,1680.0,1819.5,1678.0,1723.1,2518674.0,GGAL
2023-12-22,1725.0,1786.85,1675.0,1756.15,1837484.0,GGAL
2023-12-26,1762.0,1780.0,1647.05,1664.15,1735761.0,GGAL
2023-12-27,1680.0,1711.2,1526.5,1600.35,1789277.0,GGAL
2023-12-28,1620.0,1689.0,1595.0,1664.65,4468038.0,GGAL
2023-12-29,1670.0,1700.0,1622.5,1677.0,3423598.0,GGAL
2024-01-02,1688.0,1717.0,1636.4,1685.95,1192504.0,GGAL
2024-01-03,1699.0,1774.0,1665.0,1771.7,2231061.0,GGAL
2024-01-04,1772.0,1839.0,1758.0,1800.55,3024680.0,GGAL
2024-01-05,1800.0,1904.0,1771.0,1889.2,2656526.0,GGAL
2024-01-08,1894.0,2000.0,1856.0,1997.2,1733177.0,GGAL
2024-01-09,2010.0,2015.0,1875.0,1892.25,1929695.0,GGAL
2024-01-10,1875.0,1926.5,1850.0,1918.45,2436512.0,GGAL
2024-01-11,1944.0,1975.0,1830.0,1844.45,2360167.0,GGAL
2024-01-12,1850.0,1888.0,1825.0,1851.25,1183380.0,GGAL
2024-01-15,1840.1,1868.0,1830.0,1846.8,862479.0,GGAL
2024-01-16,1850.0,1912.0,1828.0,1882.1,1520379.0,GGAL
2024-01-17,1884.0,2059.75,1880.0,2052.5,3715230.0,GGAL
2024-01-18,2065.0,2130.0,2030.0,2108.25,3305773.0,GGAL
2024-01-19,2130.0,2260.0,2120.0,2248.8,2314624.0,GGAL
2024-01-22,2260.0,2410.0,2259.0,2402.7,3054974.0,GGAL
2024-01-23,2413.0,2460.0,2303.55,2375.25,3121309.0,GGAL
2024-01-24,2400.0,2514.5,2372.0,2475.2,1942131.0,GGAL
2024-01-25,2487.45,2635.0,2487.45,2602.55,2572030.0,GGAL
2024-01-26,2611.05,2670.3,2522.0,2616.95,2478845.0,GGAL
2024-01-29,2609.0,2678.45,2525.5,2669.8,2172339.0,GGAL
2024-01-30,2680.0,2782.5,2680.0,2744.1,2718632.0,GGAL
2024-01-31,2770.0,2777.0,2635.0,2751.6,1600109.0,GGAL
2024-02-01,2725.0,2819.1,2700.0,2806.25,1540237.0,GGAL
2024-02-02,2810.0,2870.0,2782.05,2830.9,1508332.0,GGAL
2024-02-05,2850.0,2875.0,2630.85,2692.7,2220721.0,GGAL
2024-02-06,2747.3,2754.0,2544.0,2569.3,1217381.0,GGAL
2024-02-07,2450.0,2517.0,2395.0,2413.55,3569904.0,GGAL
2024-02-08,2378.0,2450.0,2270.0,2303.95,2618365.0,GGAL
2024-02-09,2300.0,2372.0,2279.0,2324.85,2091383.0,GGAL
2024-02-14,2350.0,2415.0,2330.15,2355.95,1393482.0,GGAL
2024-02-15,2351.0,2400.0,2325.05,2348.05,1229845.0,GGAL
2024-02-16,2349.0,2387.0,2263.0,2309.2,1344684.0,GGAL
2024-02-19,2310.0,2355.0,2280.0,2311.55,1033860.0,GGAL
2024-02-20,2316.4,2396.0,2250.0,2329.7,1872758.0,GGAL
2024-02-21,2329.0,2360.0,2270.8,2303.0,873387.0,GGAL
2024-02-22,2304.0,2464.1,2304.0,2436.05,2952786.0,GGAL
2024-02-23,2396.65,2488.0,2335.0,2472.8,2433664.0,GGAL
2024-02-26,2469.5,2530.0,2401.0,2475.95,2284461.0,GGAL
2024-02-27,2470.0,2545.0,2361.5,2368.85,1768541.0,GGAL
2024-02-28,2350.0,2401.65,2308.0,2318.8,1597721.0,GGAL
2024-02-29,2335.0,2515.0,2304.0,2358.45,2319853.0,GGAL
2024-03-01,2420.0,2420.0,2304.25,2380.3,1271959.0,GGAL
2024-03-04,2482.0,2535.0,2339.7,2346.65,2240505.0,GGAL
2024-03-05,2342.0,2356.5,2213.0,2226.95,1776856.0,GGAL
2024-03-06,2240.0,2380.7,2221.05,2320.55,2514730.0,GGAL
2024-03-07,2351.0,2395.0,2305.0,2324.75,1364793.0,GGAL
2024-03-08,2399.0,2399.0,2321.0,2340.2,1325300.0,GGAL
2024-03-11,2350.0,2350.0,2220.0,2221.75,1431903.0,GGAL
2024-03-12,2292.65,2475.0,2263.4,2437.15,2101293.0,GGAL
2024-03-13,2500.5,2606.0,2500.0,2552.2,1864266.0,GGAL
2024-03-14,2550.0,2584.0,2441.7,2479.7,1735324.0,GGAL
2024-03-15,2479.65,2580.0,2460.0,2564.8,1707841.0,GGAL
2024-03-18,2580.0,2679.8,2521.05,2669.1,2407085.0,GGAL
2024-03-19,2663.05,2770.9,2610.0,2621.55,3168519.0,GGAL
2024-03-20,2645.6,2784.0,2645.6,2780.4,3127180.0,GGAL
2024-03-21,2790.5,2870.0,2711.25,2843.4,2624550.0,GGAL
2024-03-22,2845.0,2904.0,2832.0,2851.0,1676684.0,GGAL
2024-03-25,2873.0,2950.0,2812.9,2832.9,1360212.0,GGAL
2024-03-26,2836.0,2890.0,2790.0,2823.65,980238.0,GGAL
2024-03-27,2820.0,2855.8,2775.0,2829.75,989381.0,GGAL
2024-04-03,2754.7,2830.0,2733.0,2802.5,1643406.0,GGAL
2024-04-04,2751.0,2847.5,2730.5,2733.2,1793618.0,GGAL
2024-04-05,2765.5,2880.0,2765.5,2872.4,1295287.0,GGAL
2024-04-08,2900.0,2979.65,2865.0,2887.5,1554159.0,GGAL
2024-04-09,3027.0,3090.0,2919.15,2985.9,3939535.0,GGAL
2024-04-10,2999.85,3044.0,2950.0,3024.9,3857011.0,GGAL
2024-04-11,3031.0,3125.0,3025.0,3119.05,4128421.0,GGAL
2024-04-12,3150.0,3198.0,3075.0,3097.3,1339456.0,GGAL
2024-04-15,3119.0,3119.0,2970.0,2972.0,3914996.0,GGAL
2024-04-16,2935.0,3019.5,2900.0,2988.7,2114723.0,GGAL
2024-04-17,3000.0,3021.0,2910.0,2954.4,1931301.0,GGAL
2024-04-18,3000.0,3015.0,2960.05,2993.9,1909618.0,GGAL
2024-04-19,3036.0,3094.85,2986.5,3032.75,1898769.0,GGAL
2024-04-22,3120.0,3301.0,3060.0,3275.75,2364256.0,GGAL
2024-04-23,3311.5,3345.0,3207.2,3210.9,1707420.0,GGAL
2024-04-24,3185.0,3189.95,3070.0,3075.85,2130788.0,GGAL
2024-04-25,3119.9,3207.0,3076.0,3193.7,1482645.0,GGAL
2024-04-26,3290.0,3344.0,3210.0,3312.5,1943401.0,GGAL
2024-04-29,3328.0,3450.0,3328.0,3406.55,1132905.0,GGAL
2024-04-30,3535.0,3664.9,3505.0,3553.55,3039438.0,GGAL
2024-05-02,3570.0,3630.0,3458.7,3565.7,3522220.0,GGAL
2024-05-03,3575.0,3861.5,3575.0,3848.95,3361554.0,GGAL
2024-05-06,3999.0,4084.0,3956.5,4078.75,4420904.0,GGAL
2024-05-07,4085.0,4133.0,3865.0,3901.9,2854696.0,GGAL
2024-05-08,3985.0,4040.0,3811.0,3840.85,1861700.0,GGAL
2024-05-09,3819.0,3900.0,3686.0,3774.4,1101606.0,GGAL
2024-05-10,3702.7,3888.95,3702.7,3734.8,1061734.0,GGAL
2024-05-13,3800.0,3800.0,3638.0,3705.4,1308869.0,GGAL
2024-05-14,3615.0,3825.9,3615.0,3810.05,1713115.0,GGAL
2024-05-15,3873.0,4000.0,3850.0,3978.35,1752851.0,GGAL
2024-05-16,3990.0,4022.0,3900.0,3997.7,1279597.0,GGAL
2024-05-17,3995.0,3998.0,3880.0,3900.3,1687279.0,GGAL
2024-05-20,3880.1,4100.0,3830.0,4088.25,1446205.0,GGAL
2024-05-21,4110.0,4205.0,4016.0,4203.1,2254636.0,GGAL
2024-05-22,4239.45,4239.45,4050.0,4105.15,2191266.0,GGAL
2024-05-23,4100.0,4100.0,3890.0,3899.75,2447765.0,GGAL
2024-05-24,3905.0,4055.0,3890.8,4008.85,2350223.0,GGAL
2024-05-27,4099.0,4147.95,4040.15,4116.75,958958.0,GGAL
2024-05-28,4141.0,4180.0,4031.0,4095.3,1689143.0,GGAL
2024-05-29,4150.0,4179.6,4020.0,4157.5,1495237.0,GGAL
2024-05-30,4278.15,4398.0,4260.0,4318.1,2461049.0,GGAL
2024-05-31,4314.5,4415.0,4225.0,4374.4,1508269.0,GGAL
2024-06-03,4356.1,4449.5,4315.0,4443.45,2674078.0,GGAL
2024-06-04,4368.0,4368.0,4260.0,4307.8,2699459.0,GGAL
2024-06-05,4226.85,4346.0,4130.0,4268.85,1668331.0,GGAL
2024-06-06,4267.0,4267.0,4010.0,4048.15,1255032.0,GGAL
2024-06-07,4060.0,4180.0,4030.0,4085.85,1422201.0,GGAL
2024-06-10,4073.0,4308.0,4040.5,4291.7,1539729.0,GGAL
2024-06-11,4330.0,4330.0,4179.0,4203.6,1827886.0,GGAL
2024-06-12,4349.0,4410.0,4220.0,4374.75,1409147.0,GGAL
2024-06-13,4601.0,4620.0,4270.0,4448.95,2095827.0,GGAL
2024-06-14,4485.6,4485.6,4290.9,4334.05,1422958.0,GGAL
2024-06-18,4399.0,4400.0,4258.85,4310.75,2191081.0,GGAL
2024-06-19,4394.0,4394.0,4315.5,4346.55,1515591.0,GGAL
2024-06-24,4221.0,4329.9,4151.0,4318.75,1575457.0,GGAL
2024-06-25,4318.5,4319.0,4170.0,4237.3,1121940.0,GGAL
2024-06-26,4230.0,4289.0,4151.05,4159.75,1608259.0,GGAL
2024-06-27,4141.75,4360.0,4100.0,4254.85,3571278.0,GGAL
2024-06-28,4240.0,4250.0,4130.0,4135.05,2900905.0,GGAL
2024-07-01,4049.0,4097.0,3949.0,3951.9,4964454.0,GGAL
2024-07-02,3976.0,4063.0,3961.0,4038.6,1994344.0,GGAL
2024-07-03,4050.0,4065.95,3956.05,4000.1,1679482.0,GGAL
2024-07-04,4006.0,4050.0,3990.1,3996.35,505742.0,GGAL
2024-07-05,3957.0,4037.0,3925.0,3980.4,1650823.0,GGAL
2024-07-08,3982.0,4010.0,3925.0,3976.4,1047775.0,GGAL
2024-07-10,4040.0,4110.0,4015.0,4100.0,1380491.0,GGAL
2024-07-11,4100.0,4150.0,4070.0,4110.0,1096861.0,GGAL
2024-07-12,4095.0,4135.0,4030.0,4110.0,1009718.0,GGAL
2024-07-15,4025.0,4025.0,3570.0,3585.0,2488178.0,GGAL
2024-07-16,3550.0,3705.0,3250.0,3690.0,1973429.0,GGAL
2024-07-17,3690.0,3690.0,3560.0,3575.0,1588474.0,GGAL
2024-07-18,3650.0,3660.0,3495.0,3605.0,1187183.0,GGAL
2024-07-19,3615.0,3695.0,3560.0,3680.0,1414637.0,GGAL
2024-07-22,3770.0,3795.0,3660.0,3755.0,901408.0,GGAL
2024-07-23,3805.0,3950.0,3800.0,3945.0,1953278.0,GGAL
2024-07-24,4000.0,4000.0,3825.0,3835.0,1390908.0,GGAL
2024-07-25,3815.0,3880.0,3675.0,3705.0,1368409.0,GGAL
2024-07-26,3725.0,3785.0,3700.0,3730.0,1098027.0,GGAL
2024-07-29,3740.0,3750.0,3560.0,3580.0,1120790.0,GGAL
2024-07-30,3615.0,3615.0,3410.0,3425.0,1850291.0,GGAL
2024-07-31,3500.0,3765.0,3480.0,3710.0,1514036.0,GGAL
2024-08-01,3800.0,3800.0,3605.0,3710.0,1259188.0,GGAL
2024-08-02,3630.0,3630.0,3535.0,3540.0,2305405.0,GGAL
2024-08-05,3300.0,3600.0,3250.0,3525.0,2065871.0,GGAL
2024-08-06,3580.0,3695.0,3555.0,3660.0,1528734.0,GGAL
2024-08-07,3725.0,3790.0,3635.0,3705.0,2408238.0,GGAL
2024-08-08,3830.0,4030.0,3830.0,4020.0,5398562.0,GGAL
2024-08-09,4030.0,4170.0,3990.0,4150.0,3336198.0,GGAL
2024-08-12,4150.0,4250.0,4120.0,4170.0,2449109.0,GGAL
2024-08-13,4165.0,4205.0,4100.0,4185.0,2038680.0,GGAL
2024-08-14,4190.0,4320.0,4190.0,4315.0,4865669.0,GGAL
2024-08-15,4335.0,4415.0,4320.0,4380.0,4207020.0,GGAL
2024-08-16,4420.0,4510.0,4385.0,4390.0,2488180.0,GGAL
2024-08-19,4460.0,4595.0,4370.0,4435.0,2358748.0,GGAL
2024-08-20,4475.0,4550.0,4410.0,4500.0,2050665.0,GGAL
2024-08-21,4505.0,4505.0,4350.0,4385.0,1602730.0,GGAL
2024-08-22,4350.0,4375.0,4220.0,4275.0,1738942.0,GGAL
2024-08-23,4315.0,4470.0,4315.0,4460.0,1704833.0,GGAL
2024-08-26,4460.0,4540.0,4320.0,4370.0,1476840.0,GGAL
2024-08-27,4360.0,4540.0,4360.0,4525.0,1852083.0,GGAL
2024-08-28,4530.0,4570.0,4455.0,4545.0,1447394.0,GGAL
2024-08-29,4540.0,4865.0,4540.0,4855.0,2704643.0,GGAL
2024-08-30,5000.0,5240.0,4970.0,5060.0,4238653.0,GGAL
2024-09-02,5100.0,5200.0,5060.0,5130.0,1268303.0,GGAL
2024-09-03,5080.0,5380.0,5040.0,5260.0,2834388.0,GGAL
2024-09-04,5360.0,5520.0,5310.0,5460.0,3416455.0,GGAL
2024-09-05,5500.0,5580.0,5050.0,5350.0,2958959.0,GGAL
2024-09-06,5340.0,5360.0,5000.0,5190.0,2040666.0,GGAL
2024-09-09,5260.0,5360.0,5190.0,5250.0,2106824.0,GGAL
2024-09-10,5190.0,5210.0,5010.0,5170.0,1756111.0,GGAL
2024-09-11,5170.0,5490.0,5120.0,5380.0,2398043.0,GGAL
2024-09-12,5410.0,5520.0,5370.0,5450.0,1373359.0,GGAL
2024-09-13,5550.0,5650.0,5500.0,5640.0,2098008.0,GGAL
2024-09-16,5740.0,5840.0,5490.0,5520.0,2819757.0,GGAL
2024-09-17,5490.0,5650.0,5410.0,5600.0,2070023.0,GGAL
2024-09-18,5660.0,5730.0,5530.0,5690.0,3038131.0,GGAL
2024-09-19,5780.0,5830.0,5700.0,5730.0,2389202.0,GGAL
2024-09-20,5700.0,5720.0,5550.0,5700.0,1188009.0,GGAL
2024-09-23,5700.0,5780.0,5550.0,5590.0,1768719.0,GGAL
2024-09-24,5580.0,5590.0,5420.0,5430.0,1836473.0,GGAL
2024-09-25,5400.0,5490.0,5240.0,5310.0,2493552.0,GGAL
2024-09-26,5360.0,5410.0,5210.0,5300.0,2115674.0,GGAL
2024-09-27,5340.0,5410.0,5270.0,5360.0,1365506.0,GGAL
2024-09-30,5320.0,5370.0,5100.0,5230.0,3246896.0,GGAL
2024-10-01,5230.0,5390.0,5110.0,5280.0,2710921.0,GGAL
2024-10-02,5230.0,5270.0,5170.0,5190.0,1529044.0,GGAL
2024-10-03,5200.0,5360.0,5190.0,5340.0,1986840.0,GGAL
2024-10-04,5390.0,5420.0,5300.0,5330.0,1527971.0,GGAL
2024-10-07,5280.0,5280.0,5130.0,5190.0,2582454.0,GGAL
2024-10-08,5260.0,5360.0,5240.0,5330.0,1972248.0,GGAL
2024-10-09,5390.0,5580.0,5290.0,5540.0,3616269.0,GGAL
2024-10-10,5550.0,5780.0,5510.0,5660.0,2425140.0,GGAL
2024-10-14,5860.0,5880.0,5700.0,5840.0,2944246.0,GGAL
2024-10-15,5850.0,5920.0,5800.0,5860.0,2877887.0,GGAL
2024-10-16,5910.0,5980.0,5740.0,5790.0,3795422.0,GGAL
2024-10-17,5790.0,5930.0,5770.0,5810.0,3951891.0,GGAL
2024-10-18,5850.0,6070.0,5760.0,6040.0,4290881.0,GGAL
2024-10-21,6040.0,6090.0,5950.0,6050.0,2267647.0,GGAL
2024-10-22,6100.0,6140.0,6000.0,6040.0,1363289.0,GGAL
2024-10-23,5990.0,5990.0,5840.0,5900.0,1714163.0,GGAL
2024-10-24,6010.0,6260.0,5990.0,6230.0,3454941.0,GGAL
2024-10-25,6290.0,6360.0,6210.0,6290.0,2193634.0,GGAL
2024-10-28,6330.0,6450.0,6230.0,6250.0,1999811.0,GGAL
2024-10-29,6340.0,6350.0,6130.0,6150.0,1791983.0,GGAL
2024-10-30,6150.0,6240.0,5980.0,6040.0,1990704.0,GGAL
2024-10-31,6100.0,6150.0,5950.0,6100.0,2028482.0,GGAL
2024-11-01,6160.0,6340.0,6070.0,6090.0,1727236.0,GGAL
2024-11-04,6200.0,6240.0,6050.0,6160.0,1345431.0,GGAL
2024-11-05,6190.0,6240.0,5930.0,6060.0,2452777.0,GGAL
2024-11-06,6180.0,6650.0,6150.0,6410.0,5390369.0,GGAL
2024-11-07,6550.0,6550.0,6340.0,6420.0,2197375.0,GGAL
2024-11-08,6420.0,6500.0,6140.0,6250.0,2439679.0,GGAL
2024-11-11,6250.0,6350.0,6060.0,6300.0,1759956.0,GGAL
2024-11-12,6290.0,6390.0,6170.0,6360.0,2137833.0,GGAL
2024-11-13,6360.0,6430.0,6300.0,6350.0,1803981.0,GGAL
2024-11-14,6360.0,6420.0,6270.0,6340.0,2150772.0,GGAL
2024-11-15,6350.0,6560.0,6300.0,6340.0,3120378.0,GGAL
2024-11-19,6650.0,6720.0,6280.0,6310.0,2747588.0,GGAL
2024-11-20,6360.0,6430.0,6210.0,6320.0,1875007.0,GGAL
2024-11-21,6390.0,6410.0,6160.0,6230.0,3838317.0,GGAL
2024-11-22,6230.0,6290.0,6060.0,6170.0,2685387.0,GGAL
2024-11-25,6240.0,6290.0,6030.0,6200.0,2603785.0,GGAL
2024-11-26,6200.0,6410.0,6140.0,6350.0,2827127.0,GGAL
2024-11-27,6350.0,6430.0,6140.0,6170.0,1944173.0,GGAL
2024-11-28,6170.0,6220.0,6150.0,6200.0,781501.0,GGAL
2024-11-29,6250.0,6300.0,6100.0,6290.0,1390868.0,GGAL
2024-12-02,6300.0,6580.0,6240.0,6570.0,3196057.0,GGAL
2024-12-03,6580.0,6610.0,6460.0,6510.0,2140263.0,GGAL
2024-12-04,6510.0,6510.0,6200.0,6230.0,3509463.0,GGAL
2024-12-05,6230.0,6370.0,6190.0,6340.0,2012488.0,GGAL
2024-12-06,6400.0,6420.0,6180.0,6320.0,2009076.0,GGAL
2024-12-09,6340.0,6490.0,6200.0,6310.0,2433017.0,GGAL
2024-12-10,6300.0,6360.0,6100.0,6190.0,1996397.0,GGAL
2024-12-11,6240.0,6540.0,6140.0,6530.0,4049775.0,GGAL
2024-12-12,6550.0,6660.0,6480.0,6610.0,2684229.0,GGAL
2024-12-13,6530.0,6800.0,6530.0,6760.0,3238707.0,GGAL
2024-12-16,6920.0,7630.0,6920.0,7590.0,10325027.0,GGAL
2024-12-17,7690.0,8000.0,7620.0,7900.0,4933543.0,GGAL
2024-12-18,8000.0,8260.0,7580.0,7600.0,4198982.0,GGAL
2024-12-19,7590.0,7690.0,7180.0,7240.0,3078200.0,GGAL
2024-12-20,7100.0,7440.0,6810.0,7410.0,3568831.0,GGAL
2024-12-23,7530.0,7650.0,7250.0,7410.0,1929617.0,GGAL
2024-12-24,7540.0,7610.0,7310.0,7600.0,491888.0,GGAL
2024-12-26,7600.0,7810.0,7600.0,7710.0,1995517.0,GGAL
2024-12-27,7730.0,7810.0,7540.0,7610.0,1198705.0,GGAL
2024-12-30,7610.0,7650.0,7380.0,7450.0,1356033.0,GGAL
2025-01-02,7470.0,8090.0,7470.0,8070.0,2253857.0,GGAL
2025-01-03,8090.0,8330.0,7900.0,8230.0,2234397.0,GGAL
2025-01-06,8420.0,8690.0,8350.0,8510.0,2235276.0,GGAL
2025-01-07,8590.0,8800.0,8450.0,8600.0,2441531.0,GGAL
2025-01-08,8600.0,8700.0,8320.0,8480.0,1824924.0,GGAL
2025-01-09,8500.0,8700.0,8500.0,8640.0,849011.0,GGAL
2025-01-10,8600.0,8700.0,8250.0,8630.0,2447246.0,GGAL
2025-01-13,8650.0,8690.0,8080.0,8110.0,3411123.0,GGAL
2025-01-14,8200.0,8560.0,8170.0,8430.0,2719284.0,GGAL
2025-01-15,8530.0,8660.0,8340.0,8480.0,1816027.0,GGAL
2025-01-16,8500.0,8580.0,8260.0,8370.0,2258301.0,GGAL
2025-01-17,8400.0,8490.0,7820.0,7840.0,3432291.0,GGAL
2025-01-20,7850.0,8130.0,7850.0,8000.0,1068195.0,GGAL
2025-01-21,8000.0,8370.0,7840.0,8250.0,2268281.0,GGAL
2025-01-22,8250.0,8530.0,8150.0,8510.0,2131866.0,GGAL
2025-01-23,8540.0,8540.0,8280.0,8350.0,1548706.0,GGAL
2025-01-24,8210.0,8350.0,7810.0,8240.0,1990676.0,GGAL
2025-01-27,7950.0,8140.0,7550.0,7610.0,2495614.0,GGAL
2025-01-28,7670.0,7850.0,7430.0,7770.0,2249880.0,GGAL
2025-01-29,7790.0,8100.0,7720.0,8090.0,2482018.0,GGAL
2025-01-30,8140.0,8410.0,8100.0,8210.0,2158552.0,GGAL
2025-01-31,8260.0,8270.0,8010.0,8080.0,3398343.0,GGAL
2025-02-03,7900.0,7940.0,7700.0,7760.0,2930680.0,GGAL
2025-02-04,7810.0,8020.0,7770.0,7880.0,1879036.0,GGAL
2025-02-05,7880.0,7880.0,7700.0,7740.0,1743277.0,GGAL
2025-02-06,7750.0,8000.0,7720.0,7900.0,2001115.0,GGAL
2025-02-07,8020.0,8100.0,7530.0,7600.0,2667671.0,GGAL
2025-02-10,7590.0,7830.0,7470.0,7500.0,2276223.0,GGAL
2025-02-11,7460.0,7550.0,6930.0,7000.0,5507465.0,GGAL
2025-02-12,7000.0,7150.0,6810.0,6950.0,2641904.0,GGAL
2025-02-13,6970.0,7140.0,6850.0,7090.0,2997594.0,GGAL
2025-02-14,7200.0,7250.0,6970.0,7110.0,2405898.0,GGAL
2025-02-17,6990.0,7070.0,6500.0,6650.0,2474191.0,GGAL
2025-02-18,6750.0,7320.0,6750.0,7260.0,4602703.0,GGAL
2025-02-19,7250.0,7420.0,7130.0,7310.0,2301491.0,GGAL
2025-02-20,7420.0,7420.0,7150.0,7280.0,2280148.0,GGAL
2025-02-21,7360.0,7510.0,7120.0,7150.0,2764071.0,GGAL
2025-02-24,7250.0,7310.0,6970.0,7070.0,1739731.0,GGAL
2025-02-25,7000.0,7140.0,6830.0,6990.0,1845095.0,GGAL
2025-02-26,7110.0,7270.0,6980.0,7140.0,1770721.0,GGAL
2025-02-27,7240.0,7260.0,6720.0,6820.0,3186265.0,GGAL
2025-02-28,6800.0,7060.0,6680.0,6930.0,3174327.0,GGAL
2025-03-05,6930.0,7230.0,6850.0,7180.0,2037182.0,GGAL
2025-03-06,7200.0,7350.0,7010.0,7070.0,2167031.0,GGAL
2025-03-07,7150.0,7340.0,6840.0,7040.0,2258993.0,GGAL
2025-03-10,6880.0,6930.0,6490.0,6620.0,3615906.0,GGAL
2025-03-11,6700.0,6850.0,6530.0,6690.0,2527762.0,GGAL
2025-03-12,6850.0,7200.0,6810.0,7110.0,3371560.0,GGAL
2025-03-13,7010.0,7210.0,6960.0,7070.0,2283870.0,GGAL
2025-03-14,7220.0,7410.0,7160.0,7380.0,1817776.0,GGAL
2025-03-17,7400.0,7450.0,7280.0,7320.0,1826825.0,GGAL
2025-03-18,7070.0,7190.0,6960.0,7120.0,2840545.0,GGAL
2025-03-19,7220.0,7510.0,7200.0,7470.0,2582617.0,GGAL
2025-03-20,7330.0,7390.0,7230.0,7270.0,2570791.0,GGAL
2025-03-21,7320.0,7560.0,7280.0,7540.0,2116698.0,GGAL
2025-03-25,7590.0,7760.0,7560.0,7650.0,2729336.0,GGAL
2025-03-26,7650.0,7750.0,7420.0,7480.0,2303858.0,GGAL
2025-03-27,7750.0,7770.0,7240.0,7310.0,3078910.0,GGAL
2025-03-28,7310.0,7340.0,7130.0,7310.0,2073542.0,GGAL
2025-03-31,7020.0,7190.0,6990.0,7160.0,1782369.0,GGAL
2025-04-01,7180.0,7390.0,7140.0,7250.0,1876008.0,GGAL
2025-04-03,6990.0,7160.0,6950.0,7070.0,1766850.0,GGAL
2025-04-04,6710.0,6710.0,6250.0,6440.0,5418871.0,GGAL
2025-04-07,6140.0,6570.0,6100.0,6160.0,4411020.0,GGAL
2025-04-08,6530.0,6580.0,6130.0,6240.0,7363244.0,GGAL
2025-04-09,6260.0,7100.0,5930.0,6980.0,5565661.0,GGAL
2025-04-10,6730.0,6830.0,6420.0,6670.0,3712599.0,GGAL
2025-04-11,6900.0,7390.0,6880.0,7220.0,5676465.0,GGAL
2025-04-14,7710.0,7900.0,7370.0,7720.0,5582009.0,GGAL
2025-04-15,7750.0,7790.0,7360.0,7410.0,3745526.0,GGAL
2025-04-16,7450.0,7500.0,7010.0,7070.0,3002787.0,GGAL
2025-04-21,7000.0,7050.0,6690.0,6840.0,2097848.0,GGAL
2025-04-22,6880.0,7350.0,6880.0,7280.0,2786482.0,GGAL
2025-04-23,7460.0,7720.0,7460.0,7580.0,3904285.0,GGAL
2025-04-24,7600.0,7930.0,7540.0,7580.0,3518902.0,GGAL
2025-04-25,7520.0,7730.0,7520.0,7610.0,2022374.0,GGAL
2025-04-28,7610.0,7690.0,7310.0,7430.0,1468569.0,GGAL
2025-04-29,7420.0,7470.0,7240.0,7290.0,1631781.0,GGAL
2025-04-30,7170.0,7340.0,7070.0,7190.0,2324950.0,GGAL
2025-05-05,7030.0,7150.0,6910.0,6980.0,2407620.0,GGAL
2025-05-06,7030.0,7190.0,6970.0,7100.0,2677886.0,GGAL
2025-05-07,7070.0,7070.0,6760.0,6800.0,2897768.0,GGAL
2025-05-08,6820.0,6870.0,6650.0,6840.0,3105452.0,GGAL
2025-05-09,6840.0,6920.0,6700.0,6780.0,2140992.0,GGAL
2025-05-12,6940.0,7300.0,6850.0,7290.0,7784835.0,GGAL
2025-05-13,7280.0,7350.0,7150.0,7310.0,5548545.0,GGAL
2025-05-14,7330.0,7330.0,7130.0,7240.0,1927739.0,GGAL
2025-05-15,7060.0,7230.0,7000.0,7180.0,1849634.0,GGAL
2025-05-16,7190.0,7330.0,7100.0,7300.0,3723322.0,GGAL
2025-05-19,7410.0,7530.0,7380.0,7400.0,2862380.0,GGAL
2025-05-20,7400.0,7500.0,7360.0,7410.0,2136296.0,GGAL
2025-05-21,7460.0,7490.0,7200.0,7240.0,2821834.0,GGAL
2025-05-22,7300.0,7370.0,7170.0,7200.0,2298795.0,GGAL
2025-05-23,7130.0,7360.0,7060.0,7330.0,2800358.0,GGAL
2025-05-26,7330.0,7540.0,7300.0,7330.0,1059236.0,GGAL
2025-05-27,7350.0,7410.0,7190.0,7220.0,3397561.0,GGAL
2025-05-28,6860.0,7220.0,6790.0,7130.0,9212008.0,GGAL
2025-05-29,7010.0,7070.0,6910.0,6960.0,6853475.0,GGAL
2025-05-30,6890.0,7020.0,6850.0,6960.0,2780547.0,GGAL
2025-06-02,6930.0,6930.0,6770.0,6780.0,4162680.0,GGAL
2025-06-03,6740.0,6850.0,6660.0,6800.0,2589611.0,GGAL
2025-06-04,6690.0,6760.0,6460.0,6480.0,7457350.0,GGAL
2025-06-05,6480.0,6590.0,6430.0,6510.0,3310508.0,GGAL
2025-06-06,6550.0,6720.0,6400.0,6630.0,2301811.0,GGAL
2025-06-09,6550.0,6590.0,6470.0,6490.0,3963274.0,GGAL
2025-06-10,6550.0,6910.0,6530.0,6840.0,5558610.0,GGAL
2025-06-11,6680.0,6730.0,6510.0,6690.0,8284108.0,GGAL
2025-06-12,6720.0,6850.0,6640.0,6690.0,2958595.0,GGAL
2025-06-13,6580.0,6670.0,6460.0,6530.0,2171457.0,GGAL
2025-06-17,6420.0,6530.0,6310.0,6420.0,3295275.0,GGAL
2025-06-18,6400.0,6450.0,6330.0,6340.0,2658961.0,GGAL
2025-06-19,6350.0,6400.0,6330.0,6370.0,777754.0,GGAL
2025-06-23,6100.0,6140.0,5930.0,6010.0,5259914.0,GGAL
2025-06-24,6070.0,6370.0,6070.0,6290.0,3643154.0,GGAL
2025-06-25,6200.0,6310.0,6160.0,6220.0,2577963.0,GGAL
2025-06-26,6290.0,6380.0,6210.0,6240.0,1859716.0,GGAL
2025-06-27,6200.0,6280.0,6160.0,6210.0,1193464.0,GGAL
2025-06-30,6280.0,6320.0,5940.0,6080.0,4557330.0,GGAL
2025-07-01,6100.0,6250.0,6100.0,6190.0,2251800.0,GGAL
2025-07-02,6200.0,6300.0,6180.0,6230.0,1509402.0,GGAL
2025-07-03,6300.0,6300.0,6230.0,6260.0,741057.0,GGAL
2025-07-04,6260.0,6290.0,6220.0,6250.0,316907.0,GGAL
2025-07-07,6200.0,6200.0,6060.0,6170.0,1915788.0,GGAL
2025-07-08,6170.0,6380.0,6090.0,6370.0,2292233.0,GGAL
2025-07-10,6200.0,6290.0,6130.0,6190.0,3145047.0,GGAL
2025-07-11,6050.0,6090.0,5990.0,6000.0,2227774.0,GGAL
2025-07-14,6020.0,6130.0,5900.0,6080.0,1507633.0,GGAL
2025-07-15,6060.0,6130.0,5980.0,6080.0,2009900.0,GGAL
2025-07-16,6080.0,6080.0,5870.0,5920.0,2564806.0,GGAL
2025-07-17,6000.0,6150.0,5930.0,6120.0,3571137.0,GGAL
2025-07-18,6160.0,6270.0,6090.0,6100.0,2075837.0,GGAL
2025-07-21,6150.0,6220.0,6010.0,6040.0,1552882.0,GGAL
2025-07-22,6040.0,6150.0,5950.0,6030.0,3132406.0,GGAL
2025-07-23,6090.0,6250.0,6090.0,6230.0,2981126.0,GGAL
2025-07-24,6220.0,6520.0,6200.0,6500.0,3458259.0,GGAL
2025-07-25,6600.0,6730.0,6590.0,6640.0,4469732.0,GGAL
2025-07-28,6680.0,6730.0,6590.0,6620.0,2524842.0,GGAL
2025-07-29,6620.0,6840.0,6600.0,6830.0,3981502.0,GGAL
2025-07-30,6830.0,6930.0,6710.0,6850.0,2686661.0,GGAL
2025-07-31,6900.0,6960.0,6820.0,6870.0,2321138.0,GGAL
2025-08-01,6790.0,6810.0,6660.0,6690.0,3615980.0,GGAL
2025-08-04,6650.0,6760.0,6500.0,6690.0,1675498.0,GGAL
2025-08-05,6690.0,6880.0,6690.0,6860.0,2112562.0,GGAL
2025-08-06,6870.0,7100.0,6870.0,7070.0,3765227.0,GGAL
2025-08-07,7050.0,7110.0,6780.0,6840.0,2435359.0,GGAL
2025-08-08,6900.0,6970.0,6670.0,6780.0,2016902.0,GGAL
2025-08-11,6780.0,6910.0,6720.0,6780.0,2236403.0,GGAL
2025-08-12,6760.0,6920.0,6740.0,6870.0,2405728.0,GGAL
2025-08-13,6830.0,6960.0,6800.0,6830.0,1904438.0,GGAL
2025-08-14,6830.0,6830.0,6360.0,6450.0,2670443.0,GGAL
2025-08-18,6390.0,6450.0,6270.0,6380.0,1687123.0,GGAL
2025-08-19,6300.0,6420.0,6050.0,6070.0,1932993.0,GGAL
2025-08-20,6080.0,6210.0,6030.0,6040.0,3095155.0,GGAL
2025-08-21,6050.0,6180.0,5990.0,6090.0,3404507.0,GGAL
2025-08-22,6150.0,6250.0,6020.0,6040.0,4613381.0,GGAL
2025-08-25,6000.0,6000.0,5720.0,5750.0,6422899.0,GGAL
2025-08-26,5740.0,5750.0,5530.0,5650.0,9712367.0,GGAL
2025-08-27,5600.0,5610.0,5350.0,5420.0,11959965.0,GGAL
2025-08-28,5460.0,5520.0,5360.0,5370.0,4854782.0,GGAL
2025-08-29,5360.0,5360.0,5220.0,5300.0,3203645.0,GGAL
2025-09-01,5320.0,5320.0,5110.0,5200.0,2139677.0,GGAL
2025-09-02,5190.0,5440.0,5000.0,5420.0,7045096.0,GGAL
2025-09-03,5440.0,5510.0,5200.0,5290.0,7881832.0,GGAL
2025-09-04,5300.0,5590.0,5270.0,5540.0,4865163.0,GGAL
2025-09-05,5550.0,5640.0,5370.0,5560.0,5065389.0,GGAL
2025-09-08,4700.0,4885.0,4300.0,4440.0,17710243.0,GGAL
2025-09-09,4580.0,4655.0,4315.0,4325.0,10707098.0,GGAL
2025-09-10,4355.0,4655.0,4350.0,4615.0,5967185.0,GGAL
2025-09-11,4620.0,4710.0,4470.0,4522.5,3589179.0,GGAL
2025-09-12,4550.0,4590.0,4275.0,4410.0,3567521.0,GGAL
2025-09-15,4360.0,4485.0,4292.5,4305.0,3512292.0,GGAL
2025-09-16,4370.0,4490.0,4345.0,4440.0,3183026.0,GGAL
2025-09-17,4440.0,4575.0,4357.5,4407.5,3006715.0,GGAL
2025-09-18,4350.0,4380.0,4067.5,4195.0,5889428.0,GGAL
2025-09-19,4200.0,4250.0,3990.0,4087.5,6721173.0,GGAL
2025-09-22,4610.0,4700.0,4300.0,4607.5,7560334.0,GGAL
2025-09-23,4710.0,4710.0,4360.0,4475.0,10403033.0,GGAL
2025-09-24,4775.0,4990.0,4552.5,4572.5,7289185.0,GGAL
2025-09-25,4567.5,4567.5,4250.0,4282.5,6836118.0,GGAL
2025-09-26,4300.0,4445.0,4210.0,4340.0,4775001.0,GGAL
2025-09-29,4360.0,4450.0,4277.5,4397.5,2878874.0,GGAL
2025-09-30,4355.0,4410.0,4190.0,4250.0,6152983.0,GGAL
2025-10-01,4230.0,4370.0,4175.0,4190.0,3098428.0,GGAL
2025-10-02,4192.5,4387.5,4095.0,4337.5,8522197.0,GGAL
2025-10-03,4360.0,4400.0,4235.0,4375.0,4116874.0,GGAL
2025-10-06,4415.0,4500.0,4225.0,4370.0,7986335.0,GGAL
2025-10-07,4350.0,4410.0,4290.0,4340.0,2557268.0,GGAL
2025-10-08,4350.0,4440.0,4290.0,4395.0,3564887.0,GGAL
2025-10-09,4415.0,4950.0,4415.0,4872.5,10927723.0,GGAL
2025-10-13,4850.0,4950.0,4665.0,4932.5,7660893.0,GGAL
2025-10-14,4900.0,5035.0,4610.0,4692.5,13193968.0,GGAL
2025-10-15,4785.0,4997.5,4652.5,4797.5,12546381.0,GGAL
2025-10-16,4820.0,4900.0,4802.5,4852.5,5544593.0,GGAL
2025-10-17,4850.0,4985.0,4805.0,4960.0,3147538.0,GGAL
2025-10-20,4960.0,5215.0,4907.5,5010.0,3182423.0,GGAL
2025-10-21,4995.0,5310.0,4890.0,5115.0,4851088.0,GGAL
2025-10-22,5200.0,5330.0,5000.0,5305.0,4442238.0,GGAL
2025-10-23,5320.0,5655.0,5300.0,5420.0,6888031.0,GGAL
2025-10-24,5600.0,5615.0,5350.0,5550.0,8031328.0,GGAL
2025-10-27,7025.0,7200.0,6620.0,7090.0,11896695.0,GGAL
2025-10-28,7115.0,7820.0,7050.0,7660.0,7732865.0,GGAL
2025-10-29,7750.0,8035.0,7560.0,7890.0,7379683.0,GGAL
2025-10-30,7845.0,8090.0,7760.0,8005.0,4949766.0,GGAL
2025-10-31,8005.0,8860.0,8000.0,8845.0,10849223.0,GGAL
2025-11-03,8850.0,9395.0,8850.0,9185.0,7378106.0,GGAL
2025-11-04,9070.0,9180.0,8730.0,9065.0,5524559.0,GGAL
2025-11-05,9100.0,9200.0,8725.0,8805.0,4835989.0,GGAL
2025-11-06,8795.0,8840.0,8550.0,8675.0,2051599.0,GGAL
2025-11-07,8600.0,8650.0,7920.0,8075.0,6959547.0,GGAL
2025-11-10,8150.0,8395.0,8120.0,8220.0,2872869.0,GGAL
2025-11-11,8220.0,8305.0,8130.0,8145.0,2500361.0,GGAL
2025-11-12,8150.0,8350.0,8065.0,8205.0,2467350.0,GGAL
2025-11-13,8200.0,8200.0,7755.0,7815.0,3180789.0,GGAL
2025-11-14,7795.0,8055.0,7630.0,7905.0,3812180.0,GGAL
2025-11-17,7835.0,7885.0,7600.0,7640.0,2368247.0,GGAL
2025-11-18,7640.0,7690.0,7305.0,7560.0,5581820.0,GGAL
2025-11-19,7500.0,7625.0,7270.0,7305.0,4391100.0,GGAL
2025-11-20,7340.0,7535.0,7175.0,7295.0,3039365.0,GGAL
2025-11-21,7285.0,7285.0,6915.0,6985.0,1475340.0,GGAL
2025-11-25,6980.0,7485.0,6920.0,7460.0,5085711.0,GGAL
2025-11-26,7440.0,7875.0,7300.0,7830.0,5255801.0,GGAL
2025-11-27,7850.0,7900.0,7755.0,7855.0,1045138.0,GGAL
2025-11-28,7820.0,8265.0,7820.0,7920.0,4354647.0,GGAL
2025-12-01,7920.0,8100.0,7820.0,8005.0,3426686.0,GGAL
2025-12-02,8020.0,8170.0,7850.0,7925.0,2330671.0,GGAL
2025-12-03,7900.0,8130.0,7840.0,8105.0,3246949.0,GGAL
2025-12-04,8100.0,8110.0,7860.0,7880.0,3815530.0,GGAL
2025-12-05,7955.0,8140.0,7660.0,7680.0,2855052.0,GGAL
2025-12-09,7650.0,7680.0,7390.0,7500.0,3808933.0,GGAL
2025-12-10,7500.0,7615.0,7360.0,7500.0,6250305.0,GGAL
2025-12-11,7515.0,7585.0,7270.0,7350.0,4000003.0,GGAL
2025-12-12,7350.0,7450.0,7220.0,7360.0,1831514.0,GGAL
2025-12-15,7395.0,7640.0,7285.0,7500.0,3827343.0,GGAL
2025-12-16,7525.0,7740.0,7455.0,7715.0,5045822.0,GGAL
2025-12-17,7720.0,7815.0,7670.0,7810.0,7206643.0,GGAL
2025-12-18,7820.0,8340.0,7755.0,8320.0,6603359.0,GGAL
2025-12-19,8350.0,8575.0,8290.0,8370.0,6172918.0,GGAL
2025-12-22,8370.0,8530.0,8240.0,8290.0,2403890.0,GGAL
2025-12-23,8300.0,8535.0,8190.0,8260.0,2099922.0,GGAL
2025-12-24,8125.0,8370.0,8125.0,8270.0,222924.0,GGAL
2025-12-26,8400.0,8410.0,8255.0,8380.0,1077585.0,GGAL
2025-12-29,8450.0,8650.0,8330.0,8370.0,2001654.0,GGAL
2025-12-30,8370.0,8440.0,8175.0,8200.0,2170277.0,GGAL
2026-01-02,8200.0,8385.0,8060.0,8350.0,1302821.0,GGAL
2026-01-05,8330.0,8600.0,8250.0,8515.0,2184557.0,GGAL
2026-01-06,8600.0,8720.0,8450.0,8470.0,2227483.0,GGAL
2026-01-07,8470.0,8470.0,8035.0,8340.0,3773458.0,GGAL
2026-01-08,8290.0,8550.0,8130.0,8530.0,3322564.0,GGAL
2026-01-09,8535.0,8650.0,8480.0,8545.0,1504482.0,GGAL
2026-01-12,8545.0,8550.0,8350.0,8420.0,2072315.0,GGAL
2026-01-13,8400.0,8435.0,8120.0,8145.0,2559230.0,GGAL
2026-01-14,8200.0,8280.0,7720.0,7765.0,4317379.0,GGAL
2026-01-15,7780.0,7880.0,7640.0,7850.0,2791887.0,GGAL
2026-01-16,7845.0,7870.0,7680.0,7765.0,1816729.0,GGAL
2026-01-19,7785.0,7845.0,7650.0,7755.0,457433.0,GGAL
2026-01-20,7690.0,7885.0,7585.0,7715.0,1945658.0,GGAL
2026-01-21,7730.0,8130.0,7650.0,8120.0,3297166.0,GGAL
2026-01-22,8160.0,8295.0,8060.0,8100.0,2322237.0,GGAL
2026-01-23,8100.0,8225.0,8090.0,8125.0,1984293.0,GGAL
2026-01-26,8105.0,8450.0,8085.0,8195.0,3998748.0,GGAL
2026-01-27,8205.0,8430.0,8205.0,8410.0,2429664.0,GGAL
2026-01-28,8455.0,8600.0,8315.0,8460.0,3216987.0,GGAL
2026-01-29,8460.0,8490.0,8190.0,8310.0,2298924.0,GGAL
2026-01-30,8310.0,8385.0,8210.0,8310.0,1497881.0,GGAL
2026-02-02,8280.0,8390.0,8040.0,8075.0,1451311.0,GGAL
2026-02-03,8125.0,8160.0,7670.0,7805.0,3686150.0,GGAL
2026-02-04,7900.0,8000.0,7585.0,7780.0,4462551.0,GGAL
2026-02-05,7935.0,7950.0,7470.0,7505.0,5150902.0,GGAL
2026-02-06,7515.0,7640.0,7350.0,7470.0,3766811.0,GGAL
2026-02-09,7535.0,7550.0,7305.0,7435.0,2693106.0,GGAL
2026-02-10,7500.0,7780.0,7355.0,7745.0,3926547.0,GGAL
2026-02-11,7690.0,7720.0,7505.0,7570.0,3178309.0,GGAL
2026-02-12,7650.0,7725.0,6900.0,6950.0,5920230.0,GGAL
2026-02-13,6990.0,7010.0,6670.0,6695.0,5683461.0,GGAL
2026-02-18,6710.0,6750.0,6380.0,6435.0,4356069.0,GGAL
2026-02-19,6445.0,6925.0,6370.0,6850.0,5438044.0,GGAL
2026-02-20,6880.0,7230.0,6855.0,7170.0,4842162.0,GGAL
2026-02-23,7170.0,7170.0,6895.0,6945.0,2456666.0,GGAL
2026-02-24,6975.0,7110.0,6950.0,7055.0,2495325.0,GGAL
2026-02-25,7055.0,7130.0,6880.0,7055.0,1741149.0,GGAL
2026-02-26,7065.0,7180.0,6780.0,6910.0,3543464.0,GGAL
2026-02-27,6910.0,6980.0,6520.0,6545.0,3665110.0,GGAL
2026-03-02,6405.0,6680.0,6320.0,6360.0,3721376.0,GGAL
2026-03-03,6320.0,6545.0,6115.0,6490.0,3799177.0,GGAL
2026-03-04,6505.0,6665.0,6300.0,6415.0,2813271.0,GGAL
2026-03-05,6385.0,6570.0,6150.0,6280.0,4243655.0,GGAL
2026-03-06,6375.0,6375.0,6130.0,6160.0,3382626.0,GGAL
2026-03-09,6060.0,6285.0,6040.0,6260.0,2133963.0,GGAL
2026-03-10,6250.0,6630.0,6240.0,6475.0,3176405.0,GGAL
2026-03-11,6500.0,6680.0,6415.0,6575.0,1914685.0,GGAL
2026-03-12,6480.0,6480.0,6270.0,6295.0,2206867.0,GGAL
2026-03-13,6360.0,6435.0,6050.0,6070.0,2107600.0,GGAL
2026-03-16,6100.0,6180.0,5940.0,6030.0,2144447.0,GGAL
2026-03-17,6050.0,6230.0,6030.0,6100.0,2145705.0,GGAL
2026-03-18,6145.0,6260.0,6055.0,6160.0,2384646.0,GGAL
2026-03-19,6095.0,6440.0,6015.0,6400.0,3585266.0,GGAL
2026-03-20,6400.0,6470.0,6215.0,6310.0,1925428.0,GGAL
2026-03-23,6370.0,6735.0,6315.0,6650.0,2226669.0,GGAL
2026-03-25,6655.0,6805.0,6405.0,6590.0,3810944.0,GGAL
2026-03-26,6590.0,6695.0,6320.0,6450.0,2331508.0,GGAL
2026-03-27,6435.0,6600.0,6240.0,6290.0,3359070.0,GGAL
2026-03-30,6300.0,6460.0,6215.0,6375.0,3349139.0,GGAL
2026-03-31,6380.0,6920.0,6380.0,6890.0,5329999.0,GGAL
2026-04-01,6850.0,6990.0,6730.0,6890.0,3106120.0,GGAL
2026-04-06,6830.0,6975.0,6800.0,6855.0,1301374.0,GGAL
2026-04-07,6830.0,6890.0,6655.0,6720.0,2378918.0,GGAL
2026-04-08,6920.0,7080.0,6870.0,6995.0,4044382.0,GGAL
2026-04-09,6980.0,7210.0,6870.0,7070.0,3981854.0,GGAL
2026-04-10,7080.0,7220.0,7050.0,7075.0,1895246.0,GGAL
2026-04-13,7080.0,7210.0,6960.0,7135.0,1981850.0,GGAL
2026-04-14,7135.0,7255.0,7105.0,7170.0,3389229.0,GGAL
2026-04-15,7170.0,7250.0,7105.0,7175.0,3892718.0,GGAL
2026-04-16,7180.0,7250.0,7000.0,7130.0,3607877.0,GGAL
2026-04-17,7130.0,7245.0,6990.0,7005.0,2369367.0,GGAL
2026-04-20,7020.0,7080.0,6805.0,7055.0,1997087.0,GGAL
2026-04-21,7060.0,7120.0,6970.0,7025.0,1606547.0,GGAL
2026-04-22,7010.0,7110.0,6795.0,6810.0,2351228.0,GGAL
2026-04-23,6810.0,6840.0,6400.0,6415.0,4227216.0,GGAL
2026-04-24,6415.0,6600.0,6305.0,6465.0,1468365.0,GGAL
2026-04-27,6485.0,6665.0,6480.0,6520.0,1817091.0,GGAL
2026-04-28,6520.0,6590.0,6340.0,6520.0,1921314.0,GGAL
2026-04-29,6555.0,6590.0,6320.0,6380.0,2434442.0,GGAL
2026-04-30,6410.0,6455.0,6145.0,6220.0,4303276.0,GGAL
2026-05-04,6190.0,6220.0,6000.0,6075.0,2725366.0,GGAL
2026-05-05,6075.0,6150.0,5955.0,6015.0,2539199.0,GGAL
2026-05-06,6155.0,6500.0,6115.0,6380.0,4608616.0,GGAL
2026-05-07,6380.0,6500.0,6295.0,6340.0,1372763.0,GGAL
2026-05-08,6400.0,6450.0,6130.0,6185.0,1269035.0,GGAL
2026-05-11,6235.0,6450.0,6100.0,6430.0,1853962.0,GGAL
2026-05-12,6275.0,6445.0,6185.0,6235.0,2037007.0,GGAL
2026-05-13,6280.0,6365.0,6110.0,6195.0,1868578.0,GGAL
2026-05-14,6235.0,6300.0,6150.0,6185.0,1508193.0,GGAL
2026-05-15,6150.0,6160.0,6000.0,6060.0,2173468.0,GGAL
2026-05-18,6120.0,6305.0,6000.0,6285.0,2841196.0,GGAL
2026-05-19,6200.0,6305.0,5950.0,5965.0,3448686.0,GGAL
2026-05-20,6000.0,6275.0,5980.0,6235.0,3670776.0,GGAL
2026-05-21,6210.0,6530.0,6150.0,6490.0,3088546.0,GGAL
2026-05-22,6490.0,6600.0,6390.0,6455.0,1681932.0,GGAL
2026-05-26,6505.0,6825.0,6490.0,6795.0,4898251.0,GGAL
2026-05-27,6815.0,7240.0,6810.0,7145.0,9993883.0,GGAL
2026-05-28,7145.0,7400.0,7100.0,7235.0,6208986.0,GGAL
2026-05-29,7240.0,7540.0,7200.0,7495.0,5537445.0,GGAL
2026-06-01,7490.0,7725.0,7405.0,7640.0,3708462.0,GGAL
2026-06-02,7645.0,7645.0,7425.0,7585.0,2972013.0,GGAL
2026-06-03,7520.0,7575.0,7310.0,7350.0,2387941.0,GGAL
2026-06-04,7350.0,7485.0,7265.0,7340.0,2501835.0,GGAL
2026-06-05,7340.0,7400.0,7135.0,7205.0,3221742.0,GGAL
2026-06-08,7300.0,7460.0,7150.0,7340.0,3690485.0,GGAL
2026-06-09,7350.0,7650.0,7310.0,7545.0,5559557.0,GGAL
2026-06-10,7540.0,7635.0,7435.0,7485.0,3777224.0,GGAL
2026-06-11,7680.0,8320.0,7680.0,8270.0,11133824.0,GGAL
2026-06-12,8300.0,8450.0,8170.0,8210.0,5633963.0,GGAL
2026-06-16,8230.0,8400.0,8105.0,8160.0,3420062.0,GGAL
2026-06-17,8160.0,8715.0,8140.0,8365.0,4954898.0,GGAL
2026-06-18,8570.0,8725.0,8430.0,8500.0,3421917.0,GGAL
2026-06-19,8480.0,8480.0,8150.0,8260.0,2227716.0,GGAL
2026-06-22,8395.0,8515.0,8050.0,8165.0,1643274.0,GGAL
2026-06-23,8040.0,8040.0,7900.0,7960.0,1725641.0,GGAL
2026-06-24,7860.0,7950.0,7575.0,7625.0,2627606.0,GGAL
2026-06-25,7690.0,7760.0,7550.0,7605.0,914145.0,GGAL
2026-06-26,7650.0,7840.0,7600.0,7715.0,1723651.0,GGAL
2026-06-29,7800.0,8065.0,7770.0,7885.0,2020744.0,GGAL
2026-06-30,8035.0,8055.0,7730.0,7790.0,2884836.0,GGAL
2026-07-01,7810.0,7900.0,7510.0,7685.0,2268025.0,GGAL
2026-07-02,7710.0,7950.0,7710.0,7910.0,1908724.0,GGAL
2026-07-03,7950.0,7995.0,7890.0,7970.0,238499.0,GGAL
2026-07-06,8000.0,8375.0,7960.0,8320.0,2586005.0,GGAL
2026-07-07,8320.0,8390.0,8010.0,8045.0,1626720.0,GGAL
2026-07-08,7940.0,8095.0,7805.0,7880.0,2171454.0,GGAL
2026-07-10,7950.0,8375.0,7770.0,8335.0,1929801.0,GGAL
2026-07-13,8385.0,8385.0,8060.0,8080.0,1885654.0,GGAL
2026-07-14,8100.0,8270.0,7895.0,7910.0,2087000.0,GGAL
2026-07-15,7980.0,8275.0,7880.0,8205.0,1442395.0,GGAL
2026-07-16,8250.0,8250.0,7805.0,7865.0,2248161.0,GGAL
2026-07-17,7870.0,7875.0,7630.0,7860.0,2054553.0,GGAL
2026-07-20,7870.0,7955.0,7720.0,7845.0,1413066.0,GGAL
2026-07-21,7930.0,8085.0,7870.0,7965.0,1318207.0,GGAL
2026-07-22,8025.0,8315.0,8025.0,8275.0,3552442.0,GGAL
2026-07-23,8250.0,8280.0,7930.0,7945.0,1998217.0,GGAL
2026-07-24,7940.0,8215.0,7795.0,7890.0,2893877.0,GGAL
2026-07-27,7930.0,8050.0,7905.0,7960.0,937656.0,GGAL
2026-07-28,7940.0,7940.0,7690.0,7855.0,2693211.0,GGAL
2026-07-29,7810.0,7980.0,7680.0,7795.0,1776240.0,GGAL
2026-07-30,7790.0,8040.0,7710.0,8015.0,2083256.0,GGAL
2026-07-31,8050.0,8195.0,7825.0,7890.0,2139833.0,GGAL
2026-08-03,7890.0,8050.0,7850.0,7970.0,1299635.0,GGAL
2026-08-04,7970.0,8055.0,7710.0,7740.0,3299123.0,GGAL
2026-08-05,7770.0,7840.0,7595.0,7640.0,1786656.0,GGAL
2026-08-06,7640.0,7670.0,7355.0,7375.0,1803289.0,GGAL
2026-08-07,7380.0,7540.0,7215.0,7315.0,1973328.0,GGAL
2026-08-10,7320.0,7385.0,7220.0,7360.0,1439079.0,GGAL
2026-08-11,7390.0,7520.0,6955.0,7035.0,4230270.0,GGAL
2026-08-12,7065.0,7115.0,6920.0,7020.0,3039167.0,GGAL
2026-08-13,7055.0,7200.0,6935.0,7095.0,2494902.0,GGAL
2026-08-14,7150.0,7170.0,6835.0,6850.0,1746579.0,GGAL
2026-08-18,6850.0,6960.0,6605.0,6650.0,2235140.0,GGAL
2026-08-19,6650.0,6760.0,6455.0,6550.0,2738265.0,GGAL
2026-08-20,6555.0,6695.0,6450.0,6515.0,3139299.0,GGAL
2026-08-21,6530.0,6745.0,6530.0,6620.0,5646629.0,GGAL
2026-08-24,6620.0,7040.0,6560.0,6950.0,3947421.0,GGAL
2026-08-25,6965.0,7095.0,6835.0,7075.0,2610053.0,GGAL
