date,open,high,low,close,volume,ticker
2018-01-02,54.55,59.1,54.55,59.1,212787.0,IRSA
2018-01-03,58.5,58.6,56.05,58.6,40664.0,IRSA
2018-01-04,59.0,61.3,58.5,60.75,102895.0,IRSA
2018-01-05,60.75,61.25,60.0,60.75,76976.0,IRSA
2018-01-08,60.8,61.5,58.05,59.25,74495.0,IRSA
2018-01-09,59.45,60.75,59.45,59.75,56807.0,IRSA
2018-01-10,60.5,60.5,56.05,58.05,53844.0,IRSA
2018-01-11,58.0,59.0,55.7,56.35,398263.0,IRSA
2018-01-12,57.0,57.0,53.85,54.0,272778.0,IRSA
2018-01-15,54.2,56.0,54.2,55.0,77787.0,IRSA
2018-01-16,55.0,56.05,54.75,56.05,295463.0,IRSA
2018-01-17,55.9,56.7,54.8,56.25,120634.0,IRSA
2018-01-18,56.2,56.3,54.0,55.2,87301.0,IRSA
2018-01-19,55.35,57.0,54.0,54.2,56548.0,IRSA
2018-01-22,53.8,56.5,53.8,55.65,72069.0,IRSA
2018-01-23,57.1,58.2,56.65,57.95,188977.0,IRSA
2018-01-24,58.0,58.0,56.2,57.2,123525.0,IRSA
2018-01-25,57.3,58.0,55.0,56.35,130388.0,IRSA
2018-01-26,56.35,57.5,55.5,57.45,139839.0,IRSA
2018-01-29,57.2,58.4,57.0,57.7,59540.0,IRSA
2018-01-30,57.7,57.7,55.1,56.2,35615.0,IRSA
2018-01-31,56.3,57.0,55.5,56.2,52197.0,IRSA
2018-02-01,56.5,58.0,54.8,54.95,34498.0,IRSA
2018-02-02,54.8,54.8,51.0,52.3,184706.0,IRSA
2018-02-05,52.5,53.55,48.5,51.0,126136.0,IRSA
2018-02-06,48.75,51.8,47.5,50.4,76881.0,IRSA
2018-02-07,50.45,53.5,50.45,51.35,59335.0,IRSA
2018-02-08,53.0,53.0,49.0,50.0,91994.0,IRSA
2018-02-09,49.5,52.0,48.0,49.05,170129.0,IRSA
2018-02-14,52.0,54.85,52.0,53.0,84916.0,IRSA
2018-02-15,54.0,54.0,52.35,53.85,30152.0,IRSA
2018-02-16,54.0,55.45,53.5,54.6,52058.0,IRSA
2018-02-19,54.6,56.9,54.6,55.6,56365.0,IRSA
2018-02-20,55.6,55.6,54.0,54.1,55001.0,IRSA
2018-02-21,55.0,56.0,54.3,54.9,69712.0,IRSA
2018-02-22,55.0,56.2,53.0,54.05,63325.0,IRSA
2018-02-23,54.05,55.45,53.5,54.0,98892.0,IRSA
2018-02-26,55.0,55.5,54.8,55.0,43970.0,IRSA
2018-02-27,55.0,56.0,54.7,55.2,120506.0,IRSA
2018-02-28,55.05,57.0,54.5,55.85,19463.0,IRSA
2018-03-01,56.0,56.45,54.5,54.5,45714.0,IRSA
2018-03-02,54.0,54.0,51.0,53.6,80930.0,IRSA
2018-03-05,55.5,55.5,53.0,53.0,36993.0,IRSA
2018-03-06,53.0,55.0,53.0,54.0,23824.0,IRSA
2018-03-07,54.0,54.7,52.5,52.75,14069.0,IRSA
2018-03-08,52.9,54.7,52.9,53.5,13277.0,IRSA
2018-03-09,53.5,54.0,52.7,52.75,49178.0,IRSA
2018-03-12,52.85,54.0,51.75,52.4,112748.0,IRSA
2018-03-13,53.0,54.0,51.9,52.05,74427.0,IRSA
2018-03-14,52.0,53.0,51.75,52.5,18614.0,IRSA
2018-03-15,53.0,53.55,51.5,52.05,67525.0,IRSA
2018-03-16,52.05,53.0,51.75,51.9,103130.0,IRSA
2018-03-19,51.0,52.0,50.5,50.5,104660.0,IRSA
2018-03-20,53.0,53.0,49.1,49.35,44131.0,IRSA
2018-03-21,50.0,50.0,48.3,48.65,87775.0,IRSA
2018-03-22,47.8,48.0,46.5,47.05,514530.0,IRSA
2018-03-23,47.3,50.0,47.0,47.2,266054.0,IRSA
2018-03-26,47.3,49.0,46.3,47.0,118561.0,IRSA
2018-03-27,48.0,48.0,46.8,47.2,122472.0,IRSA
2018-03-28,48.0,48.0,46.6,46.7,225030.0,IRSA
2018-04-03,47.5,48.85,47.5,48.65,204700.0,IRSA
2018-04-04,48.0,50.7,48.0,50.25,55571.0,IRSA
2018-04-05,51.0,51.4,50.3,51.0,73133.0,IRSA
2018-04-06,51.6,51.6,50.3,51.35,26825.0,IRSA
2018-04-09,51.35,52.0,50.8,51.3,22187.0,IRSA
2018-04-10,51.35,52.0,51.0,51.2,14194.0,IRSA
2018-04-11,51.2,51.5,51.0,51.35,21454.0,IRSA
2018-04-12,51.8,51.8,50.25,51.25,21520.0,IRSA
2018-04-13,51.8,52.55,50.8,51.0,46890.0,IRSA
2018-04-16,51.0,51.0,49.5,49.7,11163.0,IRSA
2018-04-17,50.6,52.0,50.0,50.75,51388.0,IRSA
2018-04-18,50.8,50.95,50.0,50.5,10423.0,IRSA
2018-04-19,50.0,50.0,49.25,49.75,47889.0,IRSA
2018-04-20,49.75,50.45,48.05,48.5,25606.0,IRSA
2018-04-23,48.0,49.65,48.0,49.0,17420.0,IRSA
2018-04-24,49.0,50.3,48.5,48.95,82716.0,IRSA
2018-04-25,48.5,49.2,47.5,49.0,49964.0,IRSA
2018-04-26,49.95,50.0,47.5,49.0,175231.0,IRSA
2018-04-27,49.0,49.5,48.5,49.0,75394.0,IRSA
2018-05-02,49.0,49.0,46.4,46.55,127609.0,IRSA
2018-05-03,46.55,48.0,44.6,47.75,106130.0,IRSA
2018-05-04,46.75,49.0,45.0,46.4,103198.0,IRSA
2018-05-07,46.0,47.5,44.55,46.5,263911.0,IRSA
2018-05-08,45.15,49.0,42.0,47.0,575402.0,IRSA
2018-05-09,47.0,49.0,46.7,47.05,61336.0,IRSA
2018-05-10,46.7,49.0,46.7,48.9,34868.0,IRSA
2018-05-11,49.5,50.0,48.0,48.9,105098.0,IRSA
2018-05-14,49.5,52.0,49.0,51.05,53574.0,IRSA
2018-05-15,51.9,54.0,49.5,51.0,72822.0,IRSA
2018-05-16,51.0,52.3,50.0,52.25,109589.0,IRSA
2018-05-17,53.0,53.0,50.5,50.8,27412.0,IRSA
2018-05-18,50.8,51.3,50.0,51.0,19459.0,IRSA
2018-05-21,51.0,51.0,48.5,49.65,55939.0,IRSA
2018-05-22,49.7,51.0,47.5,48.05,34337.0,IRSA
2018-05-23,48.0,51.2,48.0,49.95,59855.0,IRSA
2018-05-24,51.0,51.5,48.2,48.4,134541.0,IRSA
2018-05-28,48.5,48.95,46.0,46.9,12226.0,IRSA
2018-05-29,47.0,49.0,47.0,48.0,66292.0,IRSA
2018-05-30,48.0,48.95,47.55,48.35,37497.0,IRSA
2018-05-31,48.1,48.3,47.0,48.3,12978.0,IRSA
2018-06-01,48.8,48.8,46.5,48.4,99630.0,IRSA
2018-06-04,48.4,49.5,48.0,48.5,52031.0,IRSA
2018-06-05,48.55,50.0,48.55,49.85,36851.0,IRSA
2018-06-06,49.75,50.25,48.5,48.6,49544.0,IRSA
2018-06-07,49.85,50.0,47.4,47.95,11985.0,IRSA
2018-06-08,48.0,49.5,47.95,48.7,35312.0,IRSA
2018-06-11,48.4,49.8,48.4,49.35,15929.0,IRSA
2018-06-12,49.35,49.35,48.3,48.45,40185.0,IRSA
2018-06-13,48.5,49.2,47.0,49.15,67765.0,IRSA
2018-06-14,49.15,50.5,47.2,50.05,53039.0,IRSA
2018-06-15,50.3,51.5,49.4,50.5,151891.0,IRSA
2018-06-18,49.5,49.5,46.0,46.8,30513.0,IRSA
2018-06-19,47.9,50.3,47.5,50.05,53308.0,IRSA
2018-06-21,51.5,56.9,51.5,53.25,177189.0,IRSA
2018-06-22,54.5,54.5,52.0,52.5,134841.0,IRSA
2018-06-25,52.0,52.25,51.5,52.25,209876.0,IRSA
2018-06-26,52.3,52.4,50.25,51.1,21201.0,IRSA
2018-06-27,53.0,53.55,47.0,47.0,96275.0,IRSA
2018-06-28,48.85,49.55,48.4,49.2,47621.0,IRSA
2018-06-29,48.5,52.5,48.5,49.6,78492.0,IRSA
2018-07-02,48.0,50.0,47.5,47.55,74451.0,IRSA
2018-07-03,48.5,51.3,48.5,51.0,23060.0,IRSA
2018-07-04,51.0,51.1,49.5,51.05,6225.0,IRSA
2018-07-05,51.1,52.0,51.0,51.1,7706.0,IRSA
2018-07-06,50.1,52.9,50.1,51.3,43284.0,IRSA
2018-07-10,52.0,52.0,50.35,51.0,13622.0,IRSA
2018-07-11,49.0,52.5,49.0,51.7,7514.0,IRSA
2018-07-12,51.3,51.3,49.8,50.25,6622.0,IRSA
2018-07-13,50.25,50.5,49.0,49.25,24715.0,IRSA
2018-07-16,49.0,51.0,48.75,48.85,37329.0,IRSA
2018-07-17,49.75,50.0,48.85,49.0,10369.0,IRSA
2018-07-18,49.0,49.0,47.5,48.25,39562.0,IRSA
2018-07-19,49.0,49.25,47.5,49.0,29323.0,IRSA
2018-07-20,48.75,49.9,47.85,49.6,161864.0,IRSA
2018-07-23,49.55,49.95,48.5,49.2,23116.0,IRSA
2018-07-24,49.0,49.0,47.5,48.1,44856.0,IRSA
2018-07-25,47.5,48.85,47.5,48.85,22536.0,IRSA
2018-07-26,48.0,50.7,48.0,50.5,87937.0,IRSA
2018-07-27,50.5,52.0,49.55,49.6,77312.0,IRSA
2018-07-30,49.55,51.75,49.55,49.6,32688.0,IRSA
2018-07-31,50.5,51.9,50.0,51.7,71772.0,IRSA
2018-08-01,51.4,52.9,51.25,51.7,107750.0,IRSA
2018-08-02,51.5,52.2,50.5,50.65,22882.0,IRSA
2018-08-03,50.65,51.5,50.1,50.95,36782.0,IRSA
2018-08-06,50.75,51.0,50.1,50.1,24120.0,IRSA
2018-08-07,50.0,50.25,48.8,50.25,14246.0,IRSA
2018-08-08,50.5,50.5,48.2,48.3,17801.0,IRSA
2018-08-09,49.0,49.0,48.0,48.5,14377.0,IRSA
2018-08-10,48.3,49.5,47.5,48.9,72720.0,IRSA
2018-08-13,47.6,49.2,47.0,48.0,176740.0,IRSA
2018-08-14,48.0,48.5,46.5,47.5,11958.0,IRSA
2018-08-15,47.4,48.3,45.5,48.1,17316.0,IRSA
2018-08-16,48.95,49.5,48.5,48.5,11480.0,IRSA
2018-08-17,48.5,48.5,47.0,47.9,16293.0,IRSA
2018-08-21,47.1,48.45,47.1,47.5,9014.0,IRSA
2018-08-22,47.5,48.0,47.15,48.0,16625.0,IRSA
2018-08-23,47.9,48.5,47.9,48.2,30432.0,IRSA
2018-08-24,48.3,48.3,47.15,48.0,74757.0,IRSA
2018-08-27,48.0,49.2,48.0,48.75,30845.0,IRSA
2018-08-28,48.75,49.0,47.4,48.9,86706.0,IRSA
2018-08-29,50.0,50.8,47.7,48.7,35219.0,IRSA
2018-08-30,48.7,56.4,48.0,56.0,106683.0,IRSA
2018-08-31,53.9,58.2,53.9,58.2,29322.0,IRSA
2018-09-03,57.8,60.5,53.5,60.0,32288.0,IRSA
2018-09-04,57.75,58.4,55.5,56.0,27920.0,IRSA
2018-09-05,57.0,58.0,55.0,56.1,86436.0,IRSA
2018-09-06,57.6,58.5,54.0,54.55,92683.0,IRSA
2018-09-07,54.3,57.7,54.3,55.9,3757.0,IRSA
2018-09-10,56.05,57.0,55.9,56.35,8591.0,IRSA
2018-09-11,58.0,58.0,56.45,56.6,28424.0,IRSA
2018-09-12,58.4,58.9,57.0,58.9,31250.0,IRSA
2018-09-13,59.0,61.8,59.0,61.65,91499.0,IRSA
2018-09-14,60.5,64.45,60.5,62.4,54056.0,IRSA
2018-09-17,62.8,64.1,62.8,63.0,28849.0,IRSA
2018-09-18,63.1,63.9,63.0,63.9,61289.0,IRSA
2018-09-19,60.6,64.4,60.6,64.0,30132.0,IRSA
2018-09-20,64.05,69.5,63.0,65.5,48961.0,IRSA
2018-09-21,65.2,66.2,64.1,65.0,57576.0,IRSA
2018-09-24,65.2,65.2,61.05,62.5,42265.0,IRSA
2018-09-25,62.5,65.3,62.0,63.9,15905.0,IRSA
2018-09-26,64.65,68.1,64.65,66.5,137088.0,IRSA
2018-09-27,66.85,69.8,66.1,67.4,35500.0,IRSA
2018-09-28,68.0,69.7,67.05,67.5,33794.0,IRSA
2018-10-01,67.0,69.5,64.75,65.5,30815.0,IRSA
2018-10-02,65.0,65.05,62.4,63.7,19170.0,IRSA
2018-10-03,63.7,64.0,62.5,63.65,79991.0,IRSA
2018-10-04,63.6,63.6,60.5,61.5,18600.0,IRSA
2018-10-05,59.5,61.0,58.0,59.8,42323.0,IRSA
2018-10-08,59.6,62.5,59.5,61.85,59866.0,IRSA
2018-10-09,62.0,62.0,57.65,59.55,90237.0,IRSA
2018-10-10,60.0,60.0,57.3,57.65,13090.0,IRSA
2018-10-11,57.0,57.0,52.2,52.5,47991.0,IRSA
2018-10-12,53.2,54.0,51.0,53.5,122305.0,IRSA
2018-10-16,53.5,55.0,52.55,53.0,24384.0,IRSA
2018-10-17,51.5,52.9,51.5,52.75,7035.0,IRSA
2018-10-18,52.6,52.6,51.0,51.0,7276.0,IRSA
2018-10-19,51.0,51.75,50.4,50.9,23179.0,IRSA
2018-10-22,51.95,51.95,49.55,50.5,4771.0,IRSA
2018-10-23,50.5,51.0,49.0,49.0,19724.0,IRSA
2018-10-24,49.0,50.5,49.0,49.5,21508.0,IRSA
2018-10-25,48.4,51.0,48.4,50.0,28213.0,IRSA
2018-10-26,50.1,50.1,48.0,49.0,4851.0,IRSA
2018-10-29,49.0,50.8,48.0,49.0,3160.0,IRSA
2018-10-30,49.5,49.5,48.0,48.7,26407.0,IRSA
2018-10-31,48.0,51.3,48.0,48.0,13891.0,IRSA
2018-11-01,48.05,48.9,46.7,48.9,42660.0,IRSA
2018-11-02,50.0,50.9,49.5,50.0,17027.0,IRSA
2018-11-05,51.0,51.0,48.5,49.85,29701.0,IRSA
2018-11-06,49.0,51.45,49.0,51.0,17945.0,IRSA
2018-11-07,51.0,52.35,50.45,50.55,11720.0,IRSA
2018-11-08,50.1,51.0,47.0,47.7,71067.0,IRSA
2018-11-09,47.75,49.0,47.0,47.6,3953.0,IRSA
2018-11-12,47.05,47.4,46.5,47.0,3790.0,IRSA
2018-11-13,48.0,48.95,46.0,46.5,9525.0,IRSA
2018-11-14,46.5,47.95,45.0,46.05,14126.0,IRSA
2018-11-15,46.5,47.9,46.5,47.6,13007.0,IRSA
2018-11-16,47.75,48.7,47.5,47.5,15308.0,IRSA
2018-11-20,47.5,47.5,45.6,46.0,8076.0,IRSA
2018-11-21,46.0,46.3,44.4,46.3,4445.0,IRSA
2018-11-22,47.0,47.0,46.3,46.5,2540.0,IRSA
2018-11-23,46.5,47.8,46.5,47.5,3452.0,IRSA
2018-11-26,48.0,49.9,48.0,49.0,26295.0,IRSA
2018-11-27,49.0,51.0,49.0,50.1,35833.0,IRSA
2018-11-28,50.6,51.5,50.55,50.55,69818.0,IRSA
2018-11-29,50.0,51.45,49.5,50.5,19706.0,IRSA
2018-12-03,50.5,54.0,50.0,51.2,18266.0,IRSA
2018-12-04,52.8,53.75,51.2,52.0,7492.0,IRSA
2018-12-05,52.0,52.0,50.55,51.0,7332.0,IRSA
2018-12-06,51.0,51.3,49.5,51.3,18909.0,IRSA
2018-12-07,51.35,51.5,50.0,51.0,53215.0,IRSA
2018-12-10,51.5,52.5,48.05,49.0,34288.0,IRSA
2018-12-11,49.0,49.1,47.8,48.0,8153.0,IRSA
2018-12-12,48.0,49.75,48.0,49.5,2653.0,IRSA
2018-12-13,48.0,49.45,48.0,49.45,6540.0,IRSA
2018-12-14,49.95,49.95,48.5,49.2,1936.0,IRSA
2018-12-17,49.2,49.2,47.55,49.1,10645.0,IRSA
2018-12-18,49.05,49.05,48.1,49.0,9666.0,IRSA
2018-12-19,48.0,49.9,47.85,48.6,12332.0,IRSA
2018-12-20,48.6,48.6,47.7,48.2,9648.0,IRSA
2018-12-21,50.0,50.0,47.5,47.5,144250.0,IRSA
2018-12-26,45.1,47.4,45.1,47.0,6221.0,IRSA
2018-12-27,47.0,47.0,46.05,47.0,13651.0,IRSA
2018-12-28,47.0,48.4,47.0,48.4,4770.0,IRSA
2019-01-02,49.0,49.0,48.0,49.0,13244.0,IRSA
2019-01-03,49.0,49.0,48.0,48.0,13356.0,IRSA
2019-01-04,48.0,49.0,47.0,47.8,10391.0,IRSA
2019-01-07,47.8,50.9,47.8,49.5,65156.0,IRSA
2019-01-08,49.5,50.0,48.5,50.0,55271.0,IRSA
2019-01-09,49.7,51.3,49.5,51.0,49285.0,IRSA
2019-01-10,51.0,51.0,50.0,50.2,6596.0,IRSA
2019-01-11,50.0,51.5,49.2,49.2,72832.0,IRSA
2019-01-14,51.0,51.85,51.0,51.7,5543.0,IRSA
2019-01-15,51.4,51.4,49.0,51.2,15033.0,IRSA
2019-01-16,51.0,54.0,50.65,52.5,73372.0,IRSA
2019-01-17,53.7,53.7,51.5,52.4,3121.0,IRSA
2019-01-18,52.4,53.5,51.0,52.95,12817.0,IRSA
2019-01-21,52.45,52.8,51.05,52.8,9922.0,IRSA
2019-01-22,52.0,52.7,51.4,52.0,21359.0,IRSA
2019-01-23,51.6,52.2,51.2,51.6,15865.0,IRSA
2019-01-24,51.4,51.4,50.5,51.15,32944.0,IRSA
2019-01-25,51.7,51.75,51.0,51.35,10254.0,IRSA
2019-01-28,52.0,52.0,50.0,51.9,18649.0,IRSA
2019-01-29,51.7,52.8,51.0,51.0,56576.0,IRSA
2019-01-30,52.5,55.2,52.3,54.2,136661.0,IRSA
2019-01-31,55.0,56.6,54.0,56.25,87666.0,IRSA
2019-02-01,56.6,56.8,55.2,55.5,19233.0,IRSA
2019-02-04,55.5,57.5,55.3,56.95,10354.0,IRSA
2019-02-05,56.95,57.5,54.75,56.8,23491.0,IRSA
2019-02-06,56.5,56.5,55.25,55.4,4830.0,IRSA
2019-02-07,55.4,56.5,53.8,55.5,26926.0,IRSA
2019-02-08,55.5,56.3,55.0,55.85,17033.0,IRSA
2019-02-11,56.8,58.1,56.0,56.0,38350.0,IRSA
2019-02-12,56.4,57.4,56.2,57.2,15124.0,IRSA
2019-02-13,56.8,56.8,55.0,55.4,20975.0,IRSA
2019-02-14,54.4,56.0,54.0,54.3,75397.0,IRSA
2019-02-15,55.0,55.0,53.8,54.0,9943.0,IRSA
2019-02-18,54.0,55.0,54.0,54.7,3996.0,IRSA
2019-02-19,54.3,54.7,52.1,52.3,19059.0,IRSA
2019-02-20,52.55,55.3,52.55,53.3,22063.0,IRSA
2019-02-21,52.75,53.2,52.0,53.1,2185.0,IRSA
2019-02-22,53.0,54.5,53.0,54.5,21914.0,IRSA
2019-02-25,52.35,54.0,51.7,52.75,26050.0,IRSA
2019-02-26,53.0,53.0,50.5,51.0,719.0,IRSA
2019-02-27,51.0,52.45,50.2,51.0,16409.0,IRSA
2019-02-28,50.0,52.65,50.0,52.65,10392.0,IRSA
2019-03-01,53.0,56.0,51.8,56.0,85867.0,IRSA
2019-03-06,56.3,56.3,53.05,53.05,19804.0,IRSA
2019-03-07,54.9,54.9,51.7,52.5,52737.0,IRSA
2019-03-08,52.5,52.7,51.5,52.0,8809.0,IRSA
2019-03-11,51.0,53.0,51.0,52.5,10069.0,IRSA
2019-03-12,52.7,52.7,50.1,50.9,42162.0,IRSA
2019-03-13,51.0,52.9,51.0,51.5,11442.0,IRSA
2019-03-14,52.5,52.5,50.1,51.7,15519.0,IRSA
2019-03-15,50.3,52.0,50.15,51.7,40622.0,IRSA
2019-03-18,49.2,52.6,49.2,52.6,14762.0,IRSA
2019-03-19,52.0,52.95,51.0,52.0,8860.0,IRSA
2019-03-20,51.95,52.5,50.1,51.5,10566.0,IRSA
2019-03-21,50.95,52.1,49.6,51.0,6207.0,IRSA
2019-03-22,50.8,50.8,48.95,50.4,29647.0,IRSA
2019-03-25,51.3,51.3,48.9,49.2,56853.0,IRSA
2019-03-26,50.0,50.0,47.2,49.45,52883.0,IRSA
2019-03-27,49.0,49.5,48.0,49.0,23124.0,IRSA
2019-03-28,47.5,49.7,47.5,49.7,13204.0,IRSA
2019-03-29,48.9,49.0,47.5,49.0,30536.0,IRSA
2019-04-01,49.0,49.0,45.0,47.5,58279.0,IRSA
2019-04-03,47.0,47.0,43.5,45.3,30222.0,IRSA
2019-04-04,45.0,45.45,43.7,45.0,11946.0,IRSA
2019-04-05,45.95,46.45,45.5,45.75,20260.0,IRSA
2019-04-08,43.5,47.0,43.5,47.0,29079.0,IRSA
2019-04-09,46.2,46.65,44.5,45.0,37050.0,IRSA
2019-04-10,49.8,49.8,44.95,47.95,28063.0,IRSA
2019-04-11,47.95,47.95,45.0,45.0,24332.0,IRSA
2019-04-12,47.0,47.0,45.0,45.0,6214.0,IRSA
2019-04-15,45.0,45.0,43.0,44.0,8964.0,IRSA
2019-04-16,44.85,44.9,43.0,44.5,24697.0,IRSA
2019-04-17,44.75,45.5,43.7,44.0,362040.0,IRSA
2019-04-22,44.2,44.2,41.4,41.9,16513.0,IRSA
2019-04-23,41.95,42.5,41.5,42.0,22434.0,IRSA
2019-04-24,41.0,43.9,41.0,42.9,77267.0,IRSA
2019-04-25,42.9,44.75,42.9,43.0,37404.0,IRSA
2019-04-26,43.0,44.75,42.6,44.75,228151.0,IRSA
2019-04-29,44.75,44.75,41.0,41.3,35582.0,IRSA
2019-04-30,41.4,41.6,40.05,41.4,11665.0,IRSA
2019-05-02,42.45,42.45,40.65,41.5,6301.0,IRSA
2019-05-03,41.5,42.4,41.5,42.0,42017.0,IRSA
2019-05-06,41.5,42.5,41.0,42.5,42499.0,IRSA
2019-05-07,40.8,41.95,40.45,41.0,16731.0,IRSA
2019-05-08,40.45,42.8,40.45,41.9,40304.0,IRSA
2019-05-09,41.5,42.7,41.2,42.7,18361.0,IRSA
2019-05-10,42.0,42.3,41.0,41.2,9779.0,IRSA
2019-05-13,41.2,41.2,39.2,39.35,17976.0,IRSA
2019-05-14,40.0,40.0,39.15,39.15,41303.0,IRSA
2019-05-15,40.0,40.6,40.0,40.5,18727.0,IRSA
2019-05-16,40.5,42.4,40.5,41.6,42242.0,IRSA
2019-05-17,41.5,42.0,40.6,41.7,28977.0,IRSA
2019-05-20,41.9,41.9,38.5,39.9,41990.0,IRSA
2019-05-21,40.0,41.4,40.0,41.4,33567.0,IRSA
2019-05-22,41.7,42.0,40.5,41.1,25645.0,IRSA
2019-05-23,41.5,42.0,41.0,41.8,11647.0,IRSA
2019-05-24,42.3,43.9,41.1,43.85,230759.0,IRSA
2019-05-27,44.5,44.9,42.0,43.5,6882.0,IRSA
2019-05-28,43.2,44.65,42.8,43.0,26326.0,IRSA
2019-05-29,42.85,42.85,41.0,41.25,13641.0,IRSA
2019-05-30,42.05,43.25,42.0,42.3,8820.0,IRSA
2019-05-31,42.3,43.75,42.1,42.1,2683.0,IRSA
2019-06-03,41.5,41.5,39.5,40.85,39471.0,IRSA
2019-06-04,41.95,42.0,40.0,40.7,46557.0,IRSA
2019-06-05,42.0,42.0,39.1,40.4,54671.0,IRSA
2019-06-06,40.5,40.5,38.9,38.9,33405.0,IRSA
2019-06-07,39.7,39.7,38.6,39.1,20801.0,IRSA
2019-06-10,39.0,39.65,38.8,39.6,37628.0,IRSA
2019-06-11,37.6,41.0,37.6,39.95,59796.0,IRSA
2019-06-12,41.0,43.3,41.0,43.0,89368.0,IRSA
2019-06-13,43.0,43.0,41.85,41.9,192495.0,IRSA
2019-06-14,42.0,43.0,41.5,43.0,12950.0,IRSA
2019-06-18,42.9,44.95,41.65,41.65,35526.0,IRSA
2019-06-19,42.5,42.5,41.5,42.0,22157.0,IRSA
2019-06-21,41.95,42.0,40.55,41.3,59683.0,IRSA
2019-06-24,41.35,41.5,40.1,40.3,3784.0,IRSA
2019-06-25,40.25,40.5,39.0,40.0,28884.0,IRSA
2019-06-26,39.8,40.95,39.8,40.95,55181.0,IRSA
2019-06-27,40.0,41.7,40.0,40.7,40994.0,IRSA
2019-06-28,41.0,41.7,40.5,41.45,17364.0,IRSA
2019-07-01,43.0,43.0,41.55,42.6,28686.0,IRSA
2019-07-02,42.5,42.55,41.15,42.35,55107.0,IRSA
2019-07-03,41.0,42.5,40.8,42.0,6118.0,IRSA
2019-07-04,42.0,42.0,41.8,42.0,10515.0,IRSA
2019-07-05,42.0,44.5,41.7,44.2,70595.0,IRSA
2019-07-10,45.0,45.45,43.5,44.4,82524.0,IRSA
2019-07-11,45.0,45.5,43.5,43.7,33720.0,IRSA
2019-07-12,43.7,44.75,43.35,44.0,19013.0,IRSA
2019-07-15,44.0,44.0,43.0,43.0,11234.0,IRSA
2019-07-16,43.0,43.75,43.0,43.2,18294.0,IRSA
2019-07-17,43.35,43.85,42.6,43.5,34374.0,IRSA
2019-07-18,44.05,44.05,42.5,43.2,18517.0,IRSA
2019-07-19,42.9,43.1,42.3,42.9,61330.0,IRSA
2019-07-22,42.25,42.4,41.6,42.4,50977.0,IRSA
2019-07-23,42.4,42.4,40.85,42.15,13887.0,IRSA
2019-07-24,42.2,43.0,42.2,42.5,67160.0,IRSA
2019-07-25,42.5,43.5,41.6,42.5,47170.0,IRSA
2019-07-26,42.65,43.5,42.35,43.5,47723.0,IRSA
2019-07-29,44.0,45.45,42.1,44.7,31872.0,IRSA
2019-07-30,45.0,45.2,44.5,45.2,74436.0,IRSA
2019-07-31,45.5,45.5,44.45,45.45,26565.0,IRSA
2019-08-01,46.0,46.0,44.95,45.2,31105.0,IRSA
2019-08-02,45.5,45.8,43.8,45.8,60319.0,IRSA
2019-08-05,45.0,46.0,44.0,46.0,34563.0,IRSA
2019-08-06,46.0,46.25,44.0,44.5,14600.0,IRSA
2019-08-07,43.0,43.85,42.7,43.85,10415.0,IRSA
2019-08-08,43.7,43.75,41.5,42.2,28042.0,IRSA
2019-08-09,42.7,45.5,42.3,45.5,76834.0,IRSA
2019-08-12,30.0,38.0,30.0,33.65,57730.0,IRSA
2019-08-13,33.7,43.9,33.7,39.1,101287.0,IRSA
2019-08-14,39.3,40.35,38.0,39.3,39594.0,IRSA
2019-08-15,41.0,43.9,41.0,42.3,58243.0,IRSA
2019-08-16,42.2,44.0,41.5,42.0,24942.0,IRSA
2019-08-20,38.05,39.75,37.0,37.0,42193.0,IRSA
2019-08-21,38.5,38.5,37.1,37.1,25905.0,IRSA
2019-08-22,37.1,38.25,37.1,37.6,13772.0,IRSA
2019-08-23,36.6,36.6,35.0,35.3,38258.0,IRSA
2019-08-26,33.8,34.55,33.0,33.0,13348.0,IRSA
2019-08-27,33.0,33.0,29.0,29.0,284471.0,IRSA
2019-08-28,31.5,34.5,31.5,32.0,65472.0,IRSA
2019-08-29,30.0,32.3,30.0,31.5,30481.0,IRSA
2019-08-30,32.7,32.7,30.85,31.95,41317.0,IRSA
2019-09-02,31.5,35.3,31.5,32.7,31706.0,IRSA
2019-09-03,32.7,32.7,30.0,32.15,11722.0,IRSA
2019-09-04,32.15,36.0,32.15,34.15,46815.0,IRSA
2019-09-05,35.8,40.65,35.8,38.9,38274.0,IRSA
2019-09-06,39.0,40.8,38.9,39.2,11930.0,IRSA
2019-09-09,40.0,40.0,38.05,39.6,17270.0,IRSA
2019-09-10,39.7,42.0,39.7,42.0,14904.0,IRSA
2019-09-11,42.5,44.0,40.0,41.5,31099.0,IRSA
2019-09-12,41.85,41.85,40.0,41.0,32162.0,IRSA
2019-09-13,40.0,42.0,40.0,41.3,23362.0,IRSA
2019-09-16,40.0,41.0,39.0,41.0,34529.0,IRSA
2019-09-17,39.7,43.2,39.0,43.0,22480.0,IRSA
2019-09-18,42.9,42.9,39.35,39.5,21736.0,IRSA
2019-09-19,40.45,41.0,39.55,41.0,19107.0,IRSA
2019-09-20,40.75,40.75,39.5,39.5,16068.0,IRSA
2019-09-23,39.5,39.5,36.5,37.5,38490.0,IRSA
2019-09-24,37.4,37.4,33.85,34.3,40297.0,IRSA
2019-09-25,34.3,35.6,33.65,34.5,19330.0,IRSA
2019-09-26,34.8,34.8,33.65,33.65,8937.0,IRSA
2019-09-27,35.3,35.35,33.5,34.45,23284.0,IRSA
2019-09-30,35.0,35.0,33.65,34.0,19654.0,IRSA
2019-10-01,34.0,35.5,34.0,34.55,14753.0,IRSA
2019-10-02,35.15,35.45,34.6,35.45,6857.0,IRSA
2019-10-03,34.0,35.0,34.0,34.5,10240.0,IRSA
2019-10-04,35.5,36.1,33.8,35.8,29990.0,IRSA
2019-10-07,36.15,36.2,35.4,35.4,28603.0,IRSA
2019-10-08,34.65,34.95,34.0,34.2,18690.0,IRSA
2019-10-09,34.05,34.5,33.9,34.5,5030.0,IRSA
2019-10-10,34.5,35.0,34.05,34.5,10697.0,IRSA
2019-10-11,34.0,36.0,34.0,35.7,5995.0,IRSA
2019-10-15,36.2,37.2,34.65,35.0,20260.0,IRSA
2019-10-16,35.5,36.0,34.8,34.8,23173.0,IRSA
2019-10-17,35.1,37.5,35.1,37.2,34596.0,IRSA
2019-10-18,37.2,38.9,37.0,37.0,28230.0,IRSA
2019-10-21,37.0,38.95,37.0,38.95,27134.0,IRSA
2019-10-22,38.7,39.55,38.5,39.5,43025.0,IRSA
2019-10-23,41.0,42.0,37.7,39.35,42100.0,IRSA
2019-10-24,39.25,40.95,38.45,40.35,79896.0,IRSA
2019-10-25,40.4,45.5,39.8,45.2,103564.0,IRSA
2019-10-28,45.0,47.45,42.5,43.3,31890.0,IRSA
2019-10-29,41.75,43.0,40.5,40.5,18429.0,IRSA
2019-10-30,40.75,41.5,39.0,40.8,29135.0,IRSA
2019-10-31,41.0,41.9,40.8,41.8,36439.0,IRSA
2019-11-01,41.8,42.55,40.8,42.5,63504.0,IRSA
2019-11-04,42.0,42.95,40.5,41.9,54265.0,IRSA
2019-11-05,41.9,42.15,41.0,41.1,65460.0,IRSA
2019-11-06,42.9,42.9,40.5,40.5,20054.0,IRSA
2019-11-07,40.5,42.0,40.5,41.0,22007.0,IRSA
2019-11-08,41.0,42.0,40.1,40.9,33105.0,IRSA
2019-11-11,41.3,41.65,39.9,41.0,35766.0,IRSA
2019-11-12,41.45,42.0,39.0,39.5,8779.0,IRSA
2019-11-13,38.5,40.1,38.5,38.8,2045.0,IRSA
2019-11-14,38.75,40.1,37.3,37.3,37937.0,IRSA
2019-11-15,37.0,38.5,37.0,38.5,3190.0,IRSA
2019-11-19,38.35,40.9,38.35,40.9,13066.0,IRSA
2019-11-20,42.0,42.6,40.7,41.55,9702.0,IRSA
2019-11-21,42.9,43.55,41.1,43.4,35609.0,IRSA
2019-11-22,43.6,44.4,41.0,42.5,4939.0,IRSA
2019-11-26,42.0,42.0,39.5,40.0,10049.0,IRSA
2019-11-27,40.0,42.25,40.0,41.5,191638.0,IRSA
2019-11-28,41.5,41.5,41.5,41.5,3991.0,IRSA
2019-11-29,42.0,42.9,41.5,42.0,2695.0,IRSA
2019-12-02,41.7,41.7,39.4,41.0,8390.0,IRSA
2019-12-03,41.0,41.0,40.2,40.6,21121.0,IRSA
2019-12-04,39.8,42.45,39.8,41.5,16976.0,IRSA
2019-12-05,41.5,42.85,41.5,42.85,10524.0,IRSA
2019-12-06,42.7,44.95,41.5,44.55,41955.0,IRSA
2019-12-09,44.4,49.0,43.95,49.0,67037.0,IRSA
2019-12-10,48.6,48.6,46.0,46.0,11951.0,IRSA
2019-12-11,46.5,48.4,45.65,45.75,27918.0,IRSA
2019-12-12,47.0,47.0,45.4,46.0,7797.0,IRSA
2019-12-13,48.35,48.6,46.0,48.6,83837.0,IRSA
2019-12-16,48.0,51.95,48.0,50.3,25220.0,IRSA
2019-12-17,50.5,53.2,48.2,50.9,21979.0,IRSA
2019-12-18,50.9,51.5,50.0,50.85,9777.0,IRSA
2019-12-19,51.15,51.65,49.5,50.5,27208.0,IRSA
2019-12-20,51.6,51.6,49.5,50.7,98251.0,IRSA
2019-12-23,51.4,52.0,50.1,50.8,38669.0,IRSA
2019-12-26,51.4,58.5,51.0,54.3,123709.0,IRSA
2019-12-27,56.0,58.0,51.6,52.8,70588.0,IRSA
2019-12-30,52.8,54.9,50.8,50.8,45717.0,IRSA
2020-01-02,50.9,53.0,49.5,50.45,44452.0,IRSA
2020-01-03,49.9,52.0,47.5,48.3,60134.0,IRSA
2020-01-06,48.3,48.75,46.7,48.1,33294.0,IRSA
2020-01-07,49.0,49.0,47.2,49.0,41471.0,IRSA
2020-01-08,49.55,50.5,49.0,49.0,22329.0,IRSA
2020-01-09,49.6,50.5,48.75,50.15,18655.0,IRSA
2020-01-10,52.0,52.0,50.0,51.15,10700.0,IRSA
2020-01-13,52.5,53.5,51.85,52.5,48133.0,IRSA
2020-01-14,52.5,53.5,50.0,50.75,13103.0,IRSA
2020-01-15,50.5,51.45,50.3,50.45,10978.0,IRSA
2020-01-16,50.0,51.35,49.5,51.1,20402.0,IRSA
2020-01-17,51.1,52.8,50.0,51.7,53580.0,IRSA
2020-01-20,51.7,53.2,51.6,52.9,15571.0,IRSA
2020-01-21,50.35,52.95,50.0,51.0,48256.0,IRSA
2020-01-22,52.0,52.0,48.0,50.9,80133.0,IRSA
2020-01-23,50.35,52.4,49.25,50.0,31713.0,IRSA
2020-01-24,51.5,52.0,48.5,49.9,72458.0,IRSA
2020-01-27,50.2,50.7,48.35,49.2,45879.0,IRSA
2020-01-28,49.5,50.9,49.35,50.1,69898.0,IRSA
2020-01-29,50.1,51.9,49.0,49.3,72102.0,IRSA
2020-01-30,50.0,50.5,47.3,47.55,67418.0,IRSA
2020-01-31,48.1,49.0,45.35,46.2,34912.0,IRSA
2020-02-03,46.0,47.3,46.0,46.5,91731.0,IRSA
2020-02-04,47.0,48.45,45.2,46.0,39406.0,IRSA
2020-02-05,45.8,46.75,45.4,46.7,8062.0,IRSA
2020-02-06,47.0,47.8,45.5,46.5,36639.0,IRSA
2020-02-07,47.0,47.0,45.0,45.5,23823.0,IRSA
2020-02-10,45.75,46.0,45.3,45.75,9946.0,IRSA
2020-02-11,45.75,46.2,44.7,44.7,22043.0,IRSA
2020-02-12,45.0,45.5,43.5,44.6,22392.0,IRSA
2020-02-13,44.0,44.5,43.0,43.15,12786.0,IRSA
2020-02-14,43.4,44.0,42.2,42.6,13168.0,IRSA
2020-02-17,42.8,43.1,42.0,43.1,7648.0,IRSA
2020-02-18,44.0,45.0,42.4,42.8,14807.0,IRSA
2020-02-19,42.5,43.0,41.0,42.9,28757.0,IRSA
2020-02-20,43.1,44.2,42.7,42.9,3338.0,IRSA
2020-02-21,43.0,44.2,41.75,42.5,4867.0,IRSA
2020-02-26,43.0,44.1,43.0,43.7,56796.0,IRSA
2020-02-27,43.5,44.9,41.15,42.9,23983.0,IRSA
2020-02-28,42.4,43.95,42.3,43.95,68224.0,IRSA
2020-03-02,44.0,46.0,43.2,44.7,18543.0,IRSA
2020-03-03,44.7,45.0,42.85,44.0,13620.0,IRSA
2020-03-04,45.0,45.0,44.0,45.0,10064.0,IRSA
2020-03-05,45.5,45.7,44.5,45.55,16403.0,IRSA
2020-03-06,45.55,45.55,41.1,43.15,28669.0,IRSA
2020-03-09,42.7,42.7,37.45,37.55,97539.0,IRSA
2020-03-10,41.65,41.65,38.85,40.35,16698.0,IRSA
2020-03-11,39.9,41.0,38.0,38.0,109122.0,IRSA
2020-03-12,38.0,38.0,33.0,36.0,39678.0,IRSA
2020-03-13,36.05,39.0,35.4,38.0,72766.0,IRSA
2020-03-16,37.5,37.5,34.0,35.0,26635.0,IRSA
2020-03-17,35.4,35.7,31.0,34.0,19812.0,IRSA
2020-03-18,35.0,35.0,29.0,30.5,58667.0,IRSA
2020-03-19,30.0,33.0,30.0,32.0,91738.0,IRSA
2020-03-20,32.6,35.0,32.0,32.0,37506.0,IRSA
2020-03-25,32.5,32.5,29.35,30.45,101265.0,IRSA
2020-03-26,31.0,32.3,31.0,31.35,44230.0,IRSA
2020-03-27,30.9,31.7,30.0,31.5,26613.0,IRSA
2020-03-30,32.0,32.0,29.1,29.4,17600.0,IRSA
2020-04-01,29.4,30.45,28.8,29.8,19920.0,IRSA
2020-04-02,29.3,29.85,26.25,27.95,185653.0,IRSA
2020-04-03,28.0,30.0,27.9,30.0,61208.0,IRSA
2020-04-06,31.2,32.4,30.15,31.4,55385.0,IRSA
2020-04-07,32.2,33.8,32.2,32.5,84850.0,IRSA
2020-04-08,33.5,34.45,33.0,34.45,33766.0,IRSA
2020-04-13,34.45,36.75,34.25,36.05,41353.0,IRSA
2020-04-14,37.0,38.5,36.5,37.9,34594.0,IRSA
2020-04-15,37.0,38.45,33.6,37.0,43168.0,IRSA
2020-04-16,38.2,38.2,33.0,33.5,43914.0,IRSA
2020-04-17,34.0,36.5,33.2,33.3,32246.0,IRSA
2020-04-20,34.1,34.7,33.0,33.5,22127.0,IRSA
2020-04-21,33.4,33.6,32.9,33.6,16890.0,IRSA
2020-04-22,34.3,34.5,32.9,33.9,22535.0,IRSA
2020-04-23,33.5,34.5,33.5,33.7,26269.0,IRSA
2020-04-24,33.3,33.3,31.1,32.35,25006.0,IRSA
2020-04-27,31.0,34.2,31.0,34.0,41702.0,IRSA
2020-04-28,34.3,36.35,32.5,36.0,68823.0,IRSA
2020-04-29,37.0,37.5,36.5,37.4,36318.0,IRSA
2020-04-30,37.65,37.65,35.5,37.0,19898.0,IRSA
2020-05-04,37.5,37.5,34.5,36.0,90972.0,IRSA
2020-05-05,36.8,36.8,35.0,36.3,23780.0,IRSA
2020-05-06,37.0,37.0,35.05,36.9,19943.0,IRSA
2020-05-07,36.9,37.4,35.55,37.2,104299.0,IRSA
2020-05-08,37.5,38.5,35.8,37.0,145706.0,IRSA
2020-05-11,37.0,41.5,36.1,41.5,234922.0,IRSA
2020-05-12,41.6,44.0,41.6,42.0,117740.0,IRSA
2020-05-13,42.7,44.0,40.3,42.7,115363.0,IRSA
2020-05-14,43.45,43.45,38.2,40.7,137068.0,IRSA
2020-05-15,40.85,41.9,39.4,41.0,105704.0,IRSA
2020-05-18,42.9,44.45,42.9,43.5,231850.0,IRSA
2020-05-19,44.8,45.9,43.05,45.75,182528.0,IRSA
2020-05-20,46.25,47.0,45.0,46.0,93858.0,IRSA
2020-05-21,46.0,46.15,43.1,43.65,272596.0,IRSA
2020-05-22,43.8,44.5,41.75,43.6,123506.0,IRSA
2020-05-26,44.05,44.8,43.15,44.0,114465.0,IRSA
2020-05-27,45.0,45.0,38.0,42.9,85364.0,IRSA
2020-05-28,42.0,42.65,40.8,40.9,55923.0,IRSA
2020-05-29,41.5,41.5,38.6,39.25,79596.0,IRSA
2020-06-01,39.3,43.1,39.05,42.8,118993.0,IRSA
2020-06-02,43.0,44.5,43.0,43.7,103511.0,IRSA
2020-06-03,43.75,44.9,42.1,43.35,130759.0,IRSA
2020-06-04,43.5,44.05,42.0,43.1,61499.0,IRSA
2020-06-05,44.0,44.7,43.25,43.6,130353.0,IRSA
2020-06-08,45.0,48.0,44.0,46.9,336754.0,IRSA
2020-06-09,47.0,49.95,44.15,48.05,234206.0,IRSA
2020-06-10,47.8,47.9,44.8,46.7,216953.0,IRSA
2020-06-11,45.85,45.85,42.0,42.4,148675.0,IRSA
2020-06-12,43.0,44.5,38.0,41.2,169604.0,IRSA
2020-06-16,42.0,42.45,37.1,38.0,205510.0,IRSA
2020-06-17,38.0,38.1,36.0,36.5,260230.0,IRSA
2020-06-18,35.3,37.5,33.05,37.5,108291.0,IRSA
2020-06-19,37.5,37.5,35.0,36.45,148156.0,IRSA
2020-06-22,36.7,37.55,35.2,35.5,57554.0,IRSA
2020-06-23,36.45,38.0,35.4,35.85,104645.0,IRSA
2020-06-24,37.0,37.0,34.85,35.5,24677.0,IRSA
2020-06-25,35.0,36.7,33.7,36.2,55047.0,IRSA
2020-06-26,36.2,36.7,34.5,34.9,44778.0,IRSA
2020-06-29,36.0,37.1,33.55,34.75,51082.0,IRSA
2020-06-30,34.4,34.4,32.55,32.75,78546.0,IRSA
2020-07-01,33.0,35.0,32.65,34.25,30915.0,IRSA
2020-07-02,34.35,36.4,34.05,34.05,38748.0,IRSA
2020-07-03,33.6,35.0,33.5,34.35,25693.0,IRSA
2020-07-06,35.6,42.65,35.6,41.45,370725.0,IRSA
2020-07-07,40.95,40.95,37.6,39.0,167325.0,IRSA
2020-07-08,39.3,40.7,38.25,39.3,46849.0,IRSA
2020-07-13,40.0,44.5,40.0,42.8,198453.0,IRSA
2020-07-14,42.9,42.9,41.15,42.0,71386.0,IRSA
2020-07-15,43.0,44.0,42.3,44.0,146974.0,IRSA
2020-07-16,44.0,44.2,43.0,43.2,58252.0,IRSA
2020-07-17,43.5,44.5,43.5,44.5,88357.0,IRSA
2020-07-20,44.7,46.2,44.5,45.65,133215.0,IRSA
2020-07-21,45.5,47.8,45.1,46.65,125988.0,IRSA
2020-07-22,46.7,48.5,45.6,48.0,91916.0,IRSA
2020-07-23,49.2,49.8,45.9,47.05,213317.0,IRSA
2020-07-24,47.0,48.0,46.05,47.95,103622.0,IRSA
2020-07-27,49.0,50.4,48.2,49.85,116372.0,IRSA
2020-07-28,49.0,49.7,47.75,48.85,92102.0,IRSA
2020-07-29,48.85,49.65,46.65,47.4,77837.0,IRSA
2020-07-30,46.5,46.5,44.0,46.0,76125.0,IRSA
2020-07-31,47.0,47.4,45.75,46.9,90388.0,IRSA
2020-08-03,46.85,50.0,42.0,49.7,169097.0,IRSA
2020-08-04,52.9,55.9,46.0,48.5,335492.0,IRSA
2020-08-05,49.0,49.5,45.3,46.6,375993.0,IRSA
2020-08-06,46.9,47.5,45.55,46.4,41131.0,IRSA
2020-08-07,47.25,47.25,45.4,45.9,92044.0,IRSA
2020-08-10,45.95,47.15,45.0,45.55,126457.0,IRSA
2020-08-11,46.15,48.5,45.5,46.45,86822.0,IRSA
2020-08-12,46.0,46.9,45.0,45.8,52297.0,IRSA
2020-08-13,46.15,46.6,44.5,45.5,90372.0,IRSA
2020-08-14,45.7,45.7,43.4,44.15,44500.0,IRSA
2020-08-18,44.05,45.3,43.7,43.7,104704.0,IRSA
2020-08-19,43.0,45.7,43.0,45.65,92909.0,IRSA
2020-08-20,45.6,46.8,44.75,45.2,35810.0,IRSA
2020-08-21,45.2,46.3,45.0,45.5,55047.0,IRSA
2020-08-24,45.6,45.6,43.2,44.0,68782.0,IRSA
2020-08-25,45.2,49.0,43.5,47.5,428318.0,IRSA
2020-08-26,47.45,48.9,45.1,46.0,87795.0,IRSA
2020-08-27,46.0,46.9,43.5,43.8,55617.0,IRSA
2020-08-28,45.2,46.2,43.85,45.9,37011.0,IRSA
2020-08-31,45.75,46.1,44.1,44.7,74759.0,IRSA
2020-09-01,44.5,46.0,42.5,43.8,143992.0,IRSA
2020-09-02,43.8,44.5,42.25,43.2,28380.0,IRSA
2020-09-03,43.2,44.2,42.0,42.4,21212.0,IRSA
2020-09-04,42.0,43.5,40.5,43.4,51906.0,IRSA
2020-09-07,44.0,44.0,43.25,43.25,21454.0,IRSA
2020-09-08,43.25,43.25,40.65,42.3,44906.0,IRSA
2020-09-09,41.05,43.4,40.7,41.75,36735.0,IRSA
2020-09-10,41.05,42.8,41.05,41.9,50557.0,IRSA
2020-09-11,42.0,42.0,40.0,40.8,27245.0,IRSA
2020-09-14,40.85,41.7,40.25,40.35,31938.0,IRSA
2020-09-15,41.0,41.0,38.75,39.3,73601.0,IRSA
2020-09-16,38.6,40.2,37.5,38.1,70314.0,IRSA
2020-09-17,38.0,40.0,37.0,37.4,45629.0,IRSA
2020-09-18,37.5,39.0,37.5,38.6,47191.0,IRSA
2020-09-21,38.95,40.25,38.0,39.4,62997.0,IRSA
2020-09-22,39.0,40.2,38.0,40.2,55494.0,IRSA
2020-09-23,39.25,41.3,39.15,39.25,75207.0,IRSA
2020-09-24,40.15,40.5,38.05,40.5,92771.0,IRSA
2020-09-25,41.0,43.75,40.0,43.45,95162.0,IRSA
2020-09-28,43.5,43.8,40.65,41.45,95017.0,IRSA
2020-09-29,41.8,41.8,40.05,40.45,29997.0,IRSA
2020-09-30,41.55,41.75,40.1,40.1,39821.0,IRSA
2020-10-01,40.5,42.65,40.5,42.65,46160.0,IRSA
2020-10-02,42.0,43.3,40.5,42.35,32683.0,IRSA
2020-10-05,44.25,44.25,43.0,44.0,48869.0,IRSA
2020-10-06,43.8,44.95,43.8,44.15,47196.0,IRSA
2020-10-07,44.3,44.9,44.15,44.75,27321.0,IRSA
2020-10-08,44.0,46.3,44.0,45.5,20828.0,IRSA
2020-10-09,45.5,46.95,45.5,46.9,53591.0,IRSA
2020-10-13,47.1,47.6,45.6,47.0,31649.0,IRSA
2020-10-14,47.0,48.95,43.05,48.9,99078.0,IRSA
2020-10-15,48.75,52.05,48.05,51.0,148245.0,IRSA
2020-10-16,51.0,53.0,49.6,51.1,75046.0,IRSA
2020-10-19,52.0,54.6,50.6,52.6,90254.0,IRSA
2020-10-20,52.5,57.0,51.55,56.95,261252.0,IRSA
2020-10-21,57.0,57.95,53.65,55.5,58155.0,IRSA
2020-10-22,55.2,57.0,52.75,54.3,63490.0,IRSA
2020-10-23,55.0,55.8,50.6,55.15,56982.0,IRSA
2020-10-26,55.0,55.0,50.8,50.9,36231.0,IRSA
2020-10-27,52.0,53.0,48.1,49.5,40373.0,IRSA
2020-10-28,46.8,48.5,45.1,45.55,49810.0,IRSA
2020-10-29,46.0,52.75,45.95,52.75,91568.0,IRSA
2020-10-30,52.95,56.45,48.8,55.5,88752.0,IRSA
2020-11-02,55.8,65.2,55.6,61.0,121598.0,IRSA
2020-11-03,62.1,64.75,59.0,59.4,68880.0,IRSA
2020-11-04,59.4,60.8,55.5,56.0,27146.0,IRSA
2020-11-05,56.5,58.4,55.5,57.9,37318.0,IRSA
2020-11-06,57.9,59.95,57.9,58.7,13658.0,IRSA
2020-11-09,55.05,62.2,55.05,58.8,49722.0,IRSA
2020-11-10,58.9,63.9,58.9,61.35,80511.0,IRSA
2020-11-11,61.55,62.7,61.1,61.2,73105.0,IRSA
2020-11-12,61.2,62.65,57.0,59.9,51090.0,IRSA
2020-11-13,60.0,61.95,59.5,61.3,36835.0,IRSA
2020-11-16,61.0,64.5,58.0,63.15,66906.0,IRSA
2020-11-17,63.15,67.0,63.0,66.0,69855.0,IRSA
2020-11-18,65.0,77.0,63.5,70.0,232124.0,IRSA
2020-11-19,72.1,74.0,70.2,72.8,134741.0,IRSA
2020-11-20,70.0,73.7,70.0,70.4,96344.0,IRSA
2020-11-24,71.0,72.0,66.95,69.75,61518.0,IRSA
2020-11-25,70.0,72.8,66.9,68.0,19178.0,IRSA
2020-11-26,69.0,71.0,65.0,66.5,11110.0,IRSA
2020-11-27,66.5,68.3,65.0,65.9,105553.0,IRSA
2020-11-30,68.0,68.0,63.25,63.85,22861.0,IRSA
2020-12-01,64.0,65.95,63.4,64.5,40426.0,IRSA
2020-12-02,64.0,64.95,61.5,64.45,30130.0,IRSA
2020-12-03,64.0,71.0,64.0,69.9,90533.0,IRSA
2020-12-04,69.9,71.5,65.5,68.5,22514.0,IRSA
2020-12-09,66.8,74.0,66.8,68.2,83027.0,IRSA
2020-12-10,68.2,70.9,68.0,70.0,25029.0,IRSA
2020-12-11,70.0,70.0,67.6,69.0,19933.0,IRSA
2020-12-14,69.0,70.5,63.35,66.4,44180.0,IRSA
2020-12-15,63.8,67.0,63.8,67.0,47368.0,IRSA
2020-12-16,65.1,68.9,65.1,66.6,45672.0,IRSA
2020-12-17,66.0,67.95,65.8,66.9,3682.0,IRSA
2020-12-18,66.0,67.5,65.1,66.2,26831.0,IRSA
2020-12-21,65.0,66.25,60.8,66.25,31097.0,IRSA
2020-12-22,65.0,66.0,63.8,64.85,13642.0,IRSA
2020-12-23,64.85,65.3,62.0,65.0,12645.0,IRSA
2020-12-28,64.65,65.6,62.6,64.8,41654.0,IRSA
2020-12-29,63.05,65.5,61.0,63.5,87773.0,IRSA
2020-12-30,62.85,66.6,62.85,65.0,31618.0,IRSA
2021-01-04,62.3,65.0,62.3,64.5,34178.0,IRSA
2021-01-05,63.0,64.75,62.85,63.7,17111.0,IRSA
2021-01-06,63.5,68.0,63.5,64.6,39753.0,IRSA
2021-01-07,64.6,68.5,64.2,68.5,66361.0,IRSA
2021-01-08,69.0,70.9,66.2,68.0,51197.0,IRSA
2021-01-11,69.0,69.0,66.0,66.5,18276.0,IRSA
2021-01-12,65.0,72.5,64.55,71.7,130056.0,IRSA
2021-01-13,71.5,74.5,71.0,72.6,52440.0,IRSA
2021-01-14,72.5,74.5,70.5,73.0,61962.0,IRSA
2021-01-15,73.0,74.45,69.0,69.25,70490.0,IRSA
2021-01-18,69.6,70.5,67.5,69.7,13767.0,IRSA
2021-01-19,69.0,76.0,69.0,75.5,252827.0,IRSA
2021-01-20,75.5,79.0,73.0,74.8,98190.0,IRSA
2021-01-21,74.8,74.8,70.15,71.0,44460.0,IRSA
2021-01-22,71.8,74.05,70.1,70.5,53089.0,IRSA
2021-01-25,71.5,72.0,67.25,68.5,19533.0,IRSA
2021-01-26,69.0,70.6,69.0,69.2,33903.0,IRSA
2021-01-27,70.0,70.0,62.5,68.0,113048.0,IRSA
2021-01-28,68.6,70.9,66.0,66.75,30169.0,IRSA
2021-01-29,68.35,68.5,65.45,65.45,89438.0,IRSA
2021-02-01,65.6,68.0,64.0,67.0,77672.0,IRSA
2021-02-02,68.0,69.3,66.2,67.1,22889.0,IRSA
2021-02-03,66.3,69.5,65.55,67.5,23344.0,IRSA
2021-02-04,69.5,69.5,65.5,65.5,28054.0,IRSA
2021-02-05,65.6,67.0,64.05,66.4,37620.0,IRSA
2021-02-08,67.5,67.75,66.0,67.0,9419.0,IRSA
2021-02-09,67.2,70.0,67.0,67.95,15794.0,IRSA
2021-02-10,68.2,69.0,67.05,69.0,18811.0,IRSA
2021-02-11,69.0,69.0,67.0,67.75,28082.0,IRSA
2021-02-12,67.5,67.8,64.85,66.4,42664.0,IRSA
2021-02-17,66.7,67.8,65.0,65.5,89217.0,IRSA
2021-02-18,67.0,67.0,61.2,61.95,33429.0,IRSA
2021-02-19,61.95,61.95,58.05,61.7,30913.0,IRSA
2021-02-22,61.7,63.0,60.0,61.9,50518.0,IRSA
2021-02-23,61.9,61.9,59.7,61.7,18016.0,IRSA
2021-02-24,61.9,63.0,60.3,62.5,6282.0,IRSA
2021-02-25,61.6,63.0,60.0,61.5,15131.0,IRSA
2021-02-26,61.45,61.45,57.4,58.65,31878.0,IRSA
2021-03-01,59.0,60.5,58.65,60.5,20840.0,IRSA
2021-03-02,60.3,60.7,59.8,60.2,14964.0,IRSA
2021-03-03,61.0,62.0,58.9,62.0,33195.0,IRSA
2021-03-04,63.0,63.0,59.75,60.4,46601.0,IRSA
2021-03-05,62.4,62.9,57.0,58.9,14585.0,IRSA
2021-03-08,59.0,61.5,57.15,57.15,14248.0,IRSA
2021-03-09,56.8,59.85,55.0,59.85,28683.0,IRSA
2021-03-10,59.9,61.4,58.4,59.0,9542.0,IRSA
2021-03-11,61.5,61.5,58.6,60.5,21713.0,IRSA
2021-03-12,60.5,61.2,59.7,60.0,120299.0,IRSA
2021-03-15,61.1,64.4,61.1,62.75,163426.0,IRSA
2021-03-16,62.0,64.2,60.0,60.5,54713.0,IRSA
2021-03-17,62.0,63.0,60.0,61.4,4985.0,IRSA
2021-03-18,61.4,62.5,58.8,59.05,5348.0,IRSA
2021-03-19,59.8,60.4,57.0,59.7,4943.0,IRSA
2021-03-22,59.7,59.7,57.8,57.95,69544.0,IRSA
2021-03-23,57.95,60.05,57.1,57.25,47462.0,IRSA
2021-03-25,56.8,56.8,53.9,56.0,108272.0,IRSA
2021-03-26,56.0,57.8,54.5,54.8,127591.0,IRSA
2021-03-29,55.7,56.6,54.0,54.5,46926.0,IRSA
2021-03-30,54.7,57.5,54.7,56.95,37179.0,IRSA
2021-03-31,56.95,57.35,55.25,55.8,18343.0,IRSA
2021-04-05,55.0,57.95,55.0,57.7,40052.0,IRSA
2021-04-06,59.9,61.0,59.05,60.6,57353.0,IRSA
2021-04-07,60.5,60.5,59.55,60.1,5294.0,IRSA
2021-04-08,60.4,61.4,58.7,59.0,8816.0,IRSA
2021-04-09,60.0,60.85,59.0,59.85,46998.0,IRSA
2021-04-12,60.85,60.85,58.8,59.6,20000.0,IRSA
2021-04-13,59.0,63.8,58.75,63.0,405629.0,IRSA
2021-04-14,64.3,64.9,61.05,61.35,196973.0,IRSA
2021-04-15,61.0,61.0,57.9,58.4,83834.0,IRSA
2021-04-16,58.4,58.4,57.0,57.15,7147.0,IRSA
2021-04-19,57.15,57.3,55.1,56.45,185082.0,IRSA
2021-04-20,57.0,58.1,54.0,55.8,63729.0,IRSA
2021-04-21,55.75,55.75,52.8,54.1,28455.0,IRSA
2021-04-22,53.8,55.9,53.8,55.2,27180.0,IRSA
2021-04-23,55.95,57.5,54.0,56.95,228855.0,IRSA
2021-04-26,57.0,59.0,56.0,57.1,77054.0,IRSA
2021-04-27,58.0,59.7,57.0,59.35,259288.0,IRSA
2021-04-28,60.1,61.5,58.8,59.7,834781.0,IRSA
2021-04-29,59.0,60.9,58.55,60.4,378007.0,IRSA
2021-04-30,61.1,61.65,60.3,61.65,254412.0,IRSA
2021-05-03,60.65,64.0,60.65,63.7,158936.0,IRSA
2021-05-04,64.1,64.9,61.7,63.3,283633.0,IRSA
2021-05-05,63.3,66.1,61.1,64.0,83003.0,IRSA
2021-05-06,63.9,64.2,62.85,63.5,382674.0,IRSA
2021-05-07,63.0,65.6,63.0,63.0,42723.0,IRSA
2021-05-10,63.0,63.95,62.2,63.5,21492.0,IRSA
2021-05-11,63.9,63.9,60.1,60.9,11120.0,IRSA
2021-05-12,59.1,61.0,59.1,60.3,29375.0,IRSA
2021-05-13,59.0,60.0,59.0,59.8,9331.0,IRSA
2021-05-14,59.0,62.9,59.0,62.55,38163.0,IRSA
2021-05-17,62.5,66.0,62.0,64.95,49534.0,IRSA
2021-05-18,65.0,65.0,62.55,62.75,33203.0,IRSA
2021-05-19,63.0,63.0,61.7,62.3,47198.0,IRSA
2021-05-20,62.5,63.9,62.35,63.05,15182.0,IRSA
2021-05-21,63.2,64.0,61.2,61.5,27710.0,IRSA
2021-05-26,61.25,62.0,59.5,61.2,30204.0,IRSA
2021-05-27,60.8,61.8,60.0,60.8,32346.0,IRSA
2021-05-28,63.6,63.7,60.8,61.85,63099.0,IRSA
2021-05-31,62.1,63.75,61.5,63.2,15371.0,IRSA
2021-06-01,64.6,65.0,63.3,65.0,71670.0,IRSA
2021-06-02,65.1,68.0,65.1,67.8,60221.0,IRSA
2021-06-03,68.0,71.5,67.95,71.0,161696.0,IRSA
2021-06-04,71.7,73.7,67.6,67.9,441837.0,IRSA
2021-06-07,67.55,69.75,67.4,68.65,728751.0,IRSA
2021-06-08,69.1,69.8,67.35,67.5,131297.0,IRSA
2021-06-09,67.5,70.0,67.3,69.3,279821.0,IRSA
2021-06-10,68.5,70.0,66.5,67.8,401237.0,IRSA
2021-06-11,67.9,67.95,65.2,66.15,105357.0,IRSA
2021-06-14,67.75,68.9,66.4,68.9,186934.0,IRSA
2021-06-15,68.8,69.0,67.6,68.1,80266.0,IRSA
2021-06-16,68.5,69.5,68.0,68.95,139682.0,IRSA
2021-06-17,68.5,69.5,66.5,68.1,45539.0,IRSA
2021-06-18,68.4,69.4,68.0,68.5,80214.0,IRSA
2021-06-22,69.8,69.8,67.0,69.5,33136.0,IRSA
2021-06-23,69.85,69.85,67.7,67.75,74076.0,IRSA
2021-06-24,68.2,69.0,67.5,68.2,24571.0,IRSA
2021-06-25,65.05,66.5,65.05,66.1,54658.0,IRSA
2021-06-28,66.6,66.6,65.05,65.55,42758.0,IRSA
2021-06-29,67.4,67.4,64.0,65.0,11073.0,IRSA
2021-06-30,65.0,65.75,63.7,65.4,35121.0,IRSA
2021-07-01,67.0,67.0,64.0,65.15,39622.0,IRSA
2021-07-02,66.9,66.9,65.0,65.9,12883.0,IRSA
2021-07-05,66.0,69.0,66.0,68.65,16554.0,IRSA
2021-07-06,68.3,68.85,66.0,68.0,32376.0,IRSA
2021-07-07,68.8,69.2,66.45,68.1,40158.0,IRSA
2021-07-08,68.85,76.0,68.45,75.15,441302.0,IRSA
2021-07-12,78.9,83.1,77.0,78.7,249242.0,IRSA
2021-07-13,80.0,82.3,78.7,81.0,164211.0,IRSA
2021-07-14,80.25,84.4,80.25,82.2,199717.0,IRSA
2021-07-15,83.0,83.5,81.0,82.45,110557.0,IRSA
2021-07-16,82.45,82.45,79.0,79.7,46061.0,IRSA
2021-07-19,78.0,78.1,75.0,77.5,61845.0,IRSA
2021-07-20,76.0,78.5,74.8,78.05,77892.0,IRSA
2021-07-21,79.1,82.7,79.1,82.1,47858.0,IRSA
2021-07-22,82.0,83.0,79.4,82.0,47406.0,IRSA
2021-07-23,82.0,83.0,81.0,81.15,24384.0,IRSA
2021-07-26,81.0,81.7,79.6,81.55,25909.0,IRSA
2021-07-27,81.55,86.8,80.65,86.25,52422.0,IRSA
2021-07-28,86.5,87.0,81.0,81.95,90906.0,IRSA
2021-07-29,82.6,85.5,81.1,81.95,155516.0,IRSA
2021-07-30,81.7,84.0,81.0,81.6,46782.0,IRSA
2021-08-02,82.5,82.5,80.1,80.9,25059.0,IRSA
2021-08-03,80.0,80.0,76.45,78.5,74857.0,IRSA
2021-08-04,78.5,79.0,77.0,77.45,13476.0,IRSA
2021-08-05,79.0,80.6,76.8,77.4,12698.0,IRSA
2021-08-06,79.7,79.7,75.0,76.45,35184.0,IRSA
2021-08-09,75.65,76.8,74.8,74.9,19081.0,IRSA
2021-08-10,74.0,75.9,73.5,75.55,37361.0,IRSA
2021-08-11,74.0,80.0,74.0,78.15,46518.0,IRSA
2021-08-12,78.15,78.15,75.1,75.35,14488.0,IRSA
2021-08-13,75.35,76.75,74.5,74.95,14643.0,IRSA
2021-08-17,74.0,77.0,72.5,73.3,43437.0,IRSA
2021-08-18,73.0,73.0,70.5,71.05,36077.0,IRSA
2021-08-19,71.0,79.2,69.6,75.0,243244.0,IRSA
2021-08-20,76.6,78.6,76.0,77.4,103239.0,IRSA
2021-08-23,78.0,79.5,77.0,78.45,44571.0,IRSA
2021-08-24,79.15,81.5,78.1,79.05,45274.0,IRSA
2021-08-25,79.2,79.9,77.0,77.7,50470.0,IRSA
2021-08-26,77.7,79.2,76.0,76.55,33634.0,IRSA
2021-08-27,78.0,80.0,76.0,78.05,74055.0,IRSA
2021-08-30,81.0,81.8,78.05,81.3,63305.0,IRSA
2021-08-31,81.5,83.0,81.0,82.6,169488.0,IRSA
2021-09-01,83.25,83.45,81.2,82.5,83776.0,IRSA
2021-09-02,83.2,86.3,83.2,85.0,82729.0,IRSA
2021-09-03,85.0,86.0,82.0,83.55,75551.0,IRSA
2021-09-06,83.6,85.0,81.0,83.25,84642.0,IRSA
2021-09-07,83.25,89.8,81.6,87.5,266886.0,IRSA
2021-09-08,86.95,87.1,83.2,84.85,40463.0,IRSA
2021-09-09,84.9,84.9,82.65,83.7,37915.0,IRSA
2021-09-10,84.7,84.7,81.2,81.5,77965.0,IRSA
2021-09-13,88.8,90.0,84.25,85.1,105067.0,IRSA
2021-09-14,85.0,85.0,82.35,82.6,12664.0,IRSA
2021-09-15,84.6,84.8,80.5,80.8,39927.0,IRSA
2021-09-16,80.25,83.9,78.9,82.95,33800.0,IRSA
2021-09-17,83.0,84.45,81.1,81.7,23299.0,IRSA
2021-09-20,80.4,80.4,76.4,77.05,51515.0,IRSA
2021-09-21,78.0,78.0,76.2,76.75,70364.0,IRSA
2021-09-22,78.0,79.85,77.0,79.15,37965.0,IRSA
2021-09-23,80.4,80.9,79.25,80.55,19093.0,IRSA
2021-09-24,80.5,80.5,77.45,78.1,31771.0,IRSA
2021-09-27,79.95,80.5,78.0,80.1,16100.0,IRSA
2021-09-28,80.1,83.6,78.7,79.85,57988.0,IRSA
2021-09-29,83.0,83.0,79.0,79.5,79113.0,IRSA
2021-09-30,79.5,83.0,78.8,79.0,55289.0,IRSA
2021-10-01,81.0,87.9,79.0,86.9,230643.0,IRSA
2021-10-04,85.9,87.9,85.85,87.7,56004.0,IRSA
2021-10-05,86.0,88.0,86.0,87.65,63767.0,IRSA
2021-10-06,87.0,87.5,85.0,85.05,45683.0,IRSA
2021-10-07,84.8,87.5,84.1,84.7,22239.0,IRSA
2021-10-12,84.7,85.5,82.95,84.6,28595.0,IRSA
2021-10-13,84.7,86.0,84.6,85.3,80260.0,IRSA
2021-10-14,85.9,87.95,85.9,87.0,35012.0,IRSA
2021-10-15,88.2,88.9,88.0,88.9,17967.0,IRSA
2021-10-18,87.0,92.0,86.4,91.35,94298.0,IRSA
2021-10-19,92.3,94.45,90.45,94.45,59668.0,IRSA
2021-10-20,94.45,95.5,93.0,95.0,71401.0,IRSA
2021-10-21,95.0,96.0,93.1,93.7,109997.0,IRSA
2021-10-22,93.7,95.85,92.9,95.5,30830.0,IRSA
2021-10-25,96.0,99.8,95.5,99.55,125546.0,IRSA
2021-10-26,100.0,102.5,99.55,100.55,134994.0,IRSA
2021-10-27,101.0,101.0,97.1,99.0,63991.0,IRSA
2021-10-28,99.0,103.5,98.0,101.45,179759.0,IRSA
2021-10-29,103.25,103.5,97.1,99.75,46844.0,IRSA
2021-11-01,101.0,104.4,99.0,104.0,46312.0,IRSA
2021-11-02,104.0,104.5,103.0,104.0,15011.0,IRSA
2021-11-03,105.0,108.0,104.0,105.0,43967.0,IRSA
2021-11-04,106.0,107.0,102.0,103.9,27143.0,IRSA
2021-11-05,108.8,108.8,100.9,101.75,75283.0,IRSA
2021-11-08,102.0,104.5,102.0,103.9,44098.0,IRSA
2021-11-09,105.0,105.0,101.0,102.5,81723.0,IRSA
2021-11-10,101.0,103.2,100.0,102.5,76895.0,IRSA
2021-11-11,102.5,103.0,100.95,102.15,75564.0,IRSA
2021-11-12,100.0,103.5,97.5,100.45,45832.0,IRSA
2021-11-15,102.9,103.0,99.0,101.1,51447.0,IRSA
2021-11-16,101.1,102.0,97.2,99.0,56358.0,IRSA
2021-11-17,99.0,100.4,96.0,96.85,30737.0,IRSA
2021-11-18,97.0,98.0,94.0,96.7,14325.0,IRSA
2021-11-19,93.1,96.65,91.0,91.9,38833.0,IRSA
2021-11-23,91.9,92.5,88.6,89.05,44965.0,IRSA
2021-11-24,88.7,93.0,87.1,88.0,27771.0,IRSA
2021-11-25,88.0,95.0,87.7,91.85,121176.0,IRSA
2021-11-26,89.95,90.8,85.9,90.0,128190.0,IRSA
2021-11-29,90.0,92.8,82.75,85.5,534035.0,IRSA
2021-11-30,85.8,91.0,85.1,90.05,189636.0,IRSA
2021-12-01,91.0,103.4,91.0,102.0,515446.0,IRSA
2021-12-02,104.0,106.0,97.2,98.55,296045.0,IRSA
2021-12-03,100.0,107.0,98.8,100.05,430244.0,IRSA
2021-12-06,103.0,103.0,97.5,99.25,331959.0,IRSA
2021-12-07,99.5,102.0,97.85,99.0,63465.0,IRSA
2021-12-09,99.0,99.5,95.0,95.95,141434.0,IRSA
2021-12-10,95.95,97.0,93.0,94.9,43747.0,IRSA
2021-12-13,94.55,96.0,90.6,91.55,131746.0,IRSA
2021-12-14,91.9,92.5,86.55,87.9,40325.0,IRSA
2021-12-15,88.5,89.0,84.5,84.85,43639.0,IRSA
2021-12-16,85.9,88.0,83.5,85.2,56033.0,IRSA
2021-12-17,84.0,87.8,84.0,86.25,83969.0,IRSA
2021-12-20,86.85,86.85,85.0,86.0,30823.0,IRSA
2021-12-21,86.0,90.0,86.0,89.7,144268.0,IRSA
2021-12-22,90.0,96.9,87.3,88.05,86430.0,IRSA
2021-12-23,87.25,90.95,87.1,87.25,219774.0,IRSA
2021-12-27,90.0,90.0,86.0,87.0,65459.0,IRSA
2021-12-28,87.0,89.9,83.1,83.5,77335.0,IRSA
2021-12-29,86.0,86.0,82.05,84.35,17903.0,IRSA
2021-12-30,84.35,87.85,84.35,86.5,55503.0,IRSA
2022-01-03,87.1,88.95,86.7,87.5,20213.0,IRSA
2022-01-04,88.0,88.0,85.2,85.7,21401.0,IRSA
2022-01-05,88.6,89.5,85.1,86.4,10505.0,IRSA
2022-01-06,87.0,87.9,83.1,84.8,18027.0,IRSA
2022-01-07,84.0,88.0,83.1,84.85,70773.0,IRSA
2022-01-10,84.85,84.85,82.55,83.5,16517.0,IRSA
2022-01-11,84.0,85.4,83.2,84.95,45182.0,IRSA
2022-01-12,86.0,86.0,83.0,85.2,6232.0,IRSA
2022-01-13,87.9,87.9,83.7,84.5,14811.0,IRSA
2022-01-14,84.1,85.5,82.6,84.4,44492.0,IRSA
2022-01-17,84.0,84.0,83.0,83.5,12912.0,IRSA
2022-01-18,83.0,85.5,82.1,84.8,67067.0,IRSA
2022-01-19,87.3,87.3,82.25,85.45,176776.0,IRSA
2022-01-20,85.0,90.3,85.0,89.65,110574.0,IRSA
2022-01-21,89.0,92.85,86.0,90.9,85578.0,IRSA
2022-01-24,93.0,96.6,86.0,88.1,77962.0,IRSA
2022-01-25,90.9,91.5,87.0,90.25,35474.0,IRSA
2022-01-26,92.85,94.9,89.4,90.9,29712.0,IRSA
2022-01-27,94.0,94.8,90.0,92.3,130720.0,IRSA
2022-01-28,92.3,96.1,90.6,95.65,42385.0,IRSA
2022-01-31,97.5,98.0,93.0,97.7,13343.0,IRSA
2022-02-01,97.0,98.7,95.3,98.0,15392.0,IRSA
2022-02-02,98.0,99.4,94.15,95.5,15747.0,IRSA
2022-02-03,99.35,99.35,90.1,93.45,23136.0,IRSA
2022-02-04,96.0,98.0,92.0,93.5,6186.0,IRSA
2022-02-07,97.5,98.9,93.0,96.0,5282.0,IRSA
2022-02-08,96.0,96.0,93.0,93.5,22476.0,IRSA
2022-02-09,93.6,94.0,91.0,92.05,25047.0,IRSA
2022-02-10,92.0,94.4,90.8,94.0,41183.0,IRSA
2022-02-11,94.85,94.85,91.0,93.8,14954.0,IRSA
2022-02-14,93.7,93.7,91.0,93.0,80592.0,IRSA
2022-02-15,94.85,97.0,92.5,94.9,196980.0,IRSA
2022-02-16,95.0,96.6,93.2,95.9,122891.0,IRSA
2022-02-17,96.9,96.9,94.25,95.4,39597.0,IRSA
2022-02-18,96.1,96.1,94.0,94.95,14490.0,IRSA
2022-02-21,97.0,97.0,93.0,95.8,7904.0,IRSA
2022-02-22,97.0,97.0,94.0,95.25,50043.0,IRSA
2022-02-23,96.9,96.9,94.5,95.0,119921.0,IRSA
2022-02-24,93.5,93.5,87.0,90.7,111662.0,IRSA
2022-02-25,91.0,94.0,90.0,91.85,91656.0,IRSA
2022-03-02,93.5,96.0,91.0,92.2,265651.0,IRSA
2022-03-03,94.8,96.8,92.0,95.7,191729.0,IRSA
2022-03-04,95.7,99.0,92.0,96.65,342143.0,IRSA
2022-03-07,98.8,98.8,91.0,91.1,190181.0,IRSA
2022-03-08,91.2,93.0,89.2,90.1,152898.0,IRSA
2022-03-09,90.1,92.45,88.5,90.0,316589.0,IRSA
2022-03-10,90.0,94.0,88.0,93.3,64254.0,IRSA
2022-03-11,93.7,95.0,89.8,90.0,182420.0,IRSA
2022-03-14,89.7,91.9,85.1,88.0,82321.0,IRSA
2022-03-15,92.0,92.0,88.25,90.7,97067.0,IRSA
2022-03-16,91.0,96.0,91.0,93.55,167427.0,IRSA
2022-03-17,95.5,96.2,94.3,94.55,48674.0,IRSA
2022-03-18,97.5,99.85,96.0,99.0,137078.0,IRSA
2022-03-21,100.0,101.45,99.0,100.05,55719.0,IRSA
2022-03-22,100.0,102.0,98.7,100.15,100112.0,IRSA
2022-03-23,100.0,101.45,99.0,99.9,69732.0,IRSA
2022-03-25,100.0,102.0,99.5,100.0,35762.0,IRSA
2022-03-28,101.0,101.0,96.4,96.45,122723.0,IRSA
2022-03-29,96.5,98.0,94.0,95.0,53879.0,IRSA
2022-03-30,93.05,96.0,92.7,93.0,71627.0,IRSA
2022-03-31,92.2,95.0,92.2,94.05,50305.0,IRSA
2022-04-01,95.0,95.85,94.0,95.25,25153.0,IRSA
2022-04-04,96.1,97.65,94.5,95.9,36501.0,IRSA
2022-04-05,97.0,97.0,90.0,93.7,27663.0,IRSA
2022-04-06,95.45,95.45,91.65,92.45,96389.0,IRSA
2022-04-07,91.5,94.95,91.5,93.75,36825.0,IRSA
2022-04-08,94.95,96.85,94.0,96.35,117756.0,IRSA
2022-04-11,98.1,98.1,95.0,95.4,47206.0,IRSA
2022-04-12,95.0,96.85,93.6,93.95,75166.0,IRSA
2022-04-13,97.0,98.5,93.0,97.55,44499.0,IRSA
2022-04-18,97.55,98.3,96.1,96.75,57353.0,IRSA
2022-04-19,99.0,99.4,97.0,99.2,48990.0,IRSA
2022-04-20,98.4,102.7,98.4,102.55,98715.0,IRSA
2022-04-21,104.9,108.35,104.9,105.85,194538.0,IRSA
2022-04-22,107.3,107.3,103.8,106.5,34597.0,IRSA
2022-04-25,102.0,105.0,102.0,104.85,29961.0,IRSA
2022-04-26,105.0,105.0,101.6,102.3,16678.0,IRSA
2022-04-27,102.3,102.3,99.0,100.05,42433.0,IRSA
2022-04-28,100.0,100.15,97.1,97.1,30536.0,IRSA
2022-04-29,100.0,100.0,94.7,94.7,15990.0,IRSA
2022-05-02,96.1,96.2,93.0,95.05,86236.0,IRSA
2022-05-03,96.0,97.45,94.0,97.0,116216.0,IRSA
2022-05-04,97.0,98.4,95.0,97.7,111381.0,IRSA
2022-05-05,98.5,98.5,94.0,94.9,494075.0,IRSA
2022-05-06,94.9,94.9,92.3,93.85,31604.0,IRSA
2022-05-09,95.0,95.0,88.0,88.75,134408.0,IRSA
2022-05-10,91.0,92.0,88.05,91.95,123536.0,IRSA
2022-05-11,92.5,93.8,90.5,91.35,21397.0,IRSA
2022-05-12,91.1,93.9,90.0,90.5,24831.0,IRSA
2022-05-13,93.0,94.9,90.2,94.8,56232.0,IRSA
2022-05-16,95.3,99.15,94.5,95.85,42444.0,IRSA
2022-05-17,97.2,97.2,93.0,94.0,23857.0,IRSA
2022-05-19,94.0,96.45,92.0,94.4,12186.0,IRSA
2022-05-20,95.9,95.9,93.0,94.0,95798.0,IRSA
2022-05-23,94.0,97.45,94.0,94.0,145718.0,IRSA
2022-05-24,91.05,95.75,91.05,94.1,107283.0,IRSA
2022-05-26,93.0,99.0,93.0,97.05,102601.0,IRSA
2022-05-27,99.0,99.75,96.0,99.0,100969.0,IRSA
2022-05-30,99.0,100.0,96.05,99.95,51757.0,IRSA
2022-05-31,99.0,99.5,95.25,95.45,241839.0,IRSA
2022-06-01,94.5,96.5,89.5,91.5,148051.0,IRSA
2022-06-02,89.6,92.0,88.0,90.7,293263.0,IRSA
2022-06-03,89.8,91.5,89.0,89.1,174539.0,IRSA
2022-06-06,87.8,90.7,87.8,89.0,165066.0,IRSA
2022-06-07,88.0,91.8,88.0,91.0,156062.0,IRSA
2022-06-08,91.0,91.8,88.95,90.6,196956.0,IRSA
2022-06-09,91.0,91.0,87.5,90.55,225549.0,IRSA
2022-06-10,89.8,90.7,86.3,89.3,210645.0,IRSA
2022-06-13,89.0,89.85,86.9,88.0,281986.0,IRSA
2022-06-14,87.0,88.0,85.4,86.9,196372.0,IRSA
2022-06-15,88.0,90.0,85.9,87.95,189883.0,IRSA
2022-06-16,87.5,87.5,82.0,82.35,329978.0,IRSA
2022-06-21,84.5,86.55,84.5,85.55,220164.0,IRSA
2022-06-22,87.4,87.4,84.0,84.05,230323.0,IRSA
2022-06-23,82.0,86.55,82.0,84.6,165313.0,IRSA
2022-06-24,87.0,87.5,84.05,85.0,192087.0,IRSA
2022-06-27,86.55,91.1,84.05,90.55,194745.0,IRSA
2022-06-28,90.5,94.5,87.2,90.95,209951.0,IRSA
2022-06-29,92.0,92.0,87.2,88.7,153274.0,IRSA
2022-06-30,88.0,93.0,88.0,93.0,188004.0,IRSA
2022-07-01,93.0,95.0,90.0,94.65,163660.0,IRSA
2022-07-04,94.0,96.9,90.0,96.45,55268.0,IRSA
2022-07-05,95.0,101.5,95.0,100.95,263875.0,IRSA
2022-07-06,101.5,102.0,98.0,100.0,238570.0,IRSA
2022-07-07,101.0,106.5,100.5,105.15,189018.0,IRSA
2022-07-08,105.0,106.5,101.05,104.55,244379.0,IRSA
2022-07-11,104.5,105.0,101.15,102.3,196542.0,IRSA
2022-07-12,103.0,106.5,101.0,101.0,122950.0,IRSA
2022-07-13,100.9,102.05,98.0,100.05,184659.0,IRSA
2022-07-14,100.5,102.35,98.0,101.25,161112.0,IRSA
2022-07-15,102.4,104.2,102.4,103.5,145723.0,IRSA
2022-07-18,100.3,108.0,100.3,107.8,129846.0,IRSA
2022-07-19,108.0,110.9,106.25,108.65,196241.0,IRSA
2022-07-20,108.5,110.0,107.45,109.85,133177.0,IRSA
2022-07-21,111.0,117.75,108.15,110.0,218386.0,IRSA
2022-07-22,115.0,115.0,107.0,109.3,291091.0,IRSA
2022-07-25,110.0,117.0,109.0,116.2,446466.0,IRSA
2022-07-26,116.2,119.5,116.2,118.85,213831.0,IRSA
2022-07-27,120.0,130.0,119.85,126.0,549306.0,IRSA
2022-07-28,126.0,128.0,121.5,124.75,309303.0,IRSA
2022-07-29,124.8,128.9,118.0,118.7,199531.0,IRSA
2022-08-01,117.9,117.9,111.4,117.0,164824.0,IRSA
2022-08-02,117.25,125.35,116.0,123.3,196845.0,IRSA
2022-08-03,118.0,127.5,118.0,121.3,174435.0,IRSA
2022-08-04,121.0,126.0,121.0,123.35,116881.0,IRSA
2022-08-05,123.25,127.0,122.0,122.35,277778.0,IRSA
2022-08-08,130.0,130.0,122.4,123.3,165030.0,IRSA
2022-08-09,124.0,126.0,121.5,122.0,265101.0,IRSA
2022-08-10,121.0,124.5,121.0,124.0,77619.0,IRSA
2022-08-11,124.0,124.05,121.15,122.8,170310.0,IRSA
2022-08-12,123.0,123.15,118.6,122.8,115554.0,IRSA
2022-08-16,123.0,123.65,118.05,119.3,121714.0,IRSA
2022-08-17,120.0,122.95,119.0,120.0,183048.0,IRSA
2022-08-18,121.0,125.25,120.0,124.05,242777.0,IRSA
2022-08-19,123.95,126.35,123.0,124.7,275386.0,IRSA
2022-08-22,125.0,126.0,119.0,125.0,329431.0,IRSA
2022-08-23,125.0,131.0,122.0,130.0,219356.0,IRSA
2022-08-24,132.0,132.0,127.0,130.85,133268.0,IRSA
2022-08-25,131.75,131.75,127.5,129.1,159962.0,IRSA
2022-08-26,132.0,132.0,121.95,122.8,195006.0,IRSA
2022-08-29,124.0,126.25,120.75,125.0,247473.0,IRSA
2022-08-30,127.0,127.0,120.5,123.6,186154.0,IRSA
2022-08-31,126.0,126.0,117.6,119.95,170928.0,IRSA
2022-09-01,118.75,121.75,116.5,119.0,148434.0,IRSA
2022-09-05,120.0,127.5,116.2,122.4,17405.0,IRSA
2022-09-06,116.95,122.0,113.5,120.1,243682.0,IRSA
2022-09-07,120.0,124.0,118.0,120.1,371880.0,IRSA
2022-09-08,121.0,126.7,121.0,125.25,353373.0,IRSA
2022-09-09,126.5,132.0,125.5,128.75,333480.0,IRSA
2022-09-12,130.0,131.5,127.5,127.5,198379.0,IRSA
2022-09-13,128.4,128.4,124.5,124.5,193281.0,IRSA
2022-09-14,125.0,128.0,124.8,125.05,450384.0,IRSA
2022-09-15,127.0,127.0,124.5,124.75,273927.0,IRSA
2022-09-16,125.8,126.55,121.5,122.55,107742.0,IRSA
2022-09-19,123.95,127.7,119.0,125.75,636985.0,IRSA
2022-09-20,126.0,127.0,122.0,123.35,39554.0,IRSA
2022-09-21,124.0,125.25,121.0,122.05,192529.0,IRSA
2022-09-22,120.5,121.9,118.55,120.4,56082.0,IRSA
2022-09-23,120.0,120.4,113.95,116.5,206097.0,IRSA
2022-09-26,116.5,120.0,112.0,113.4,180999.0,IRSA
2022-09-27,112.9,115.95,112.1,113.3,55963.0,IRSA
2022-09-28,114.2,118.85,113.0,118.45,70433.0,IRSA
2022-09-29,118.45,121.0,116.5,120.5,19424.0,IRSA
2022-09-30,121.9,126.0,119.65,124.75,120183.0,IRSA
2022-10-03,128.0,130.0,121.55,128.0,173478.0,IRSA
2022-10-04,128.0,132.0,127.2,129.0,81066.0,IRSA
2022-10-05,130.0,130.0,125.0,126.45,41625.0,IRSA
2022-10-06,126.0,130.0,125.0,126.25,38933.0,IRSA
2022-10-11,125.9,125.9,119.3,120.25,46819.0,IRSA
2022-10-12,117.4,122.3,117.4,121.8,71495.0,IRSA
2022-10-13,121.8,127.8,119.75,127.5,125478.0,IRSA
2022-10-14,125.85,130.0,124.0,126.5,61732.0,IRSA
2022-10-17,127.0,127.45,124.0,124.7,31187.0,IRSA
2022-10-18,126.0,127.0,121.0,121.3,47971.0,IRSA
2022-10-19,124.95,124.95,120.0,120.2,247823.0,IRSA
2022-10-20,121.0,124.0,118.2,118.4,370603.0,IRSA
2022-10-21,118.0,122.5,118.0,121.7,99284.0,IRSA
2022-10-24,122.0,123.25,116.7,118.0,202028.0,IRSA
2022-10-25,120.0,125.0,118.95,123.95,61818.0,IRSA
2022-10-26,122.25,130.0,122.25,126.4,43673.0,IRSA
2022-10-27,125.5,128.0,124.2,127.2,72941.0,IRSA
2022-10-28,126.5,131.5,123.65,129.9,89900.0,IRSA
2022-10-31,129.0,133.5,126.0,128.85,135875.0,IRSA
2022-11-01,131.0,131.0,126.55,130.75,39690.0,IRSA
2022-11-02,133.5,133.5,126.8,129.0,49891.0,IRSA
2022-11-03,129.0,134.0,125.0,126.75,284159.0,IRSA
2022-11-04,124.0,130.45,124.0,126.2,52204.0,IRSA
2022-11-07,126.2,129.0,120.2,123.7,417638.0,IRSA
2022-11-08,122.0,124.0,118.0,118.95,201756.0,IRSA
2022-11-09,118.0,123.0,116.0,117.6,129978.0,IRSA
2022-11-10,123.0,123.0,117.0,121.0,29952.0,IRSA
2022-11-11,122.5,126.35,119.5,126.35,158608.0,IRSA
2022-11-14,127.4,129.5,125.0,128.25,138234.0,IRSA
2022-11-15,129.0,131.5,125.0,128.9,180821.0,IRSA
2022-11-16,128.0,131.5,122.55,128.8,183602.0,IRSA
2022-11-17,130.0,135.0,126.75,135.0,328088.0,IRSA
2022-11-18,138.0,138.0,127.9,132.5,45977.0,IRSA
2022-11-22,132.5,135.0,128.6,131.0,244911.0,IRSA
2022-11-23,133.0,135.5,129.0,131.0,247467.0,IRSA
2022-11-24,129.0,134.0,128.0,130.65,70378.0,IRSA
2022-11-25,128.1,130.65,128.0,128.2,71586.0,IRSA
2022-11-28,128.2,132.0,128.2,130.95,139155.0,IRSA
2022-11-29,132.0,136.6,127.65,135.15,163292.0,IRSA
2022-11-30,136.0,140.0,135.0,139.95,63463.0,IRSA
2022-12-01,139.75,143.0,133.5,138.55,186972.0,IRSA
2022-12-02,139.0,151.0,138.75,146.0,231415.0,IRSA
2022-12-05,151.0,159.0,142.75,149.1,111592.0,IRSA
2022-12-06,148.0,160.0,147.0,156.0,91585.0,IRSA
2022-12-07,156.0,163.15,151.5,160.85,60232.0,IRSA
2022-12-12,160.0,164.25,151.5,161.9,100733.0,IRSA
2022-12-13,162.25,165.0,158.75,161.35,50873.0,IRSA
2022-12-14,160.0,165.0,158.0,161.55,66466.0,IRSA
2022-12-15,161.7,161.7,155.05,160.5,172176.0,IRSA
2022-12-16,162.0,163.5,158.0,162.25,96871.0,IRSA
2022-12-19,160.0,165.0,160.0,162.4,321369.0,IRSA
2022-12-20,162.5,164.0,160.0,162.0,30555.0,IRSA
2022-12-21,165.0,167.65,160.0,162.3,257905.0,IRSA
2022-12-22,165.9,165.9,157.7,159.45,48571.0,IRSA
2022-12-23,163.0,165.25,157.6,164.5,17632.0,IRSA
2022-12-26,166.0,169.0,161.5,167.2,48717.0,IRSA
2022-12-27,168.0,175.0,163.25,168.5,102259.0,IRSA
2022-12-28,167.0,174.8,165.75,169.9,144140.0,IRSA
2022-12-29,169.5,175.0,164.0,167.1,65893.0,IRSA
2022-12-30,170.0,170.0,159.5,164.9,34765.0,IRSA
2023-01-02,166.5,169.95,160.1,165.2,89316.0,IRSA
2023-01-03,167.0,168.0,159.0,164.75,197394.0,IRSA
2023-01-04,166.0,172.0,164.0,170.45,84650.0,IRSA
2023-01-05,174.0,182.0,167.0,178.55,253710.0,IRSA
2023-01-06,180.0,188.95,180.0,183.15,76038.0,IRSA
2023-01-09,183.15,191.05,183.0,186.9,77010.0,IRSA
2023-01-10,190.0,199.0,185.7,186.1,142268.0,IRSA
2023-01-11,186.0,193.0,182.25,189.25,89689.0,IRSA
2023-01-12,190.0,201.8,190.0,199.75,95609.0,IRSA
2023-01-13,198.0,205.0,196.0,203.0,70416.0,IRSA
2023-01-16,204.5,216.2,204.0,214.85,40001.0,IRSA
2023-01-17,216.5,225.95,210.0,223.75,194394.0,IRSA
2023-01-18,223.75,235.75,201.0,202.15,66064.0,IRSA
2023-01-19,208.0,210.0,185.25,200.75,130018.0,IRSA
2023-01-20,195.0,217.0,195.0,212.2,80627.0,IRSA
2023-01-23,212.0,221.75,206.5,213.55,107712.0,IRSA
2023-01-24,214.0,215.9,200.75,211.0,307781.0,IRSA
2023-01-25,220.25,227.0,210.0,226.15,257108.0,IRSA
2023-01-26,227.0,240.45,227.0,234.8,129246.0,IRSA
2023-01-27,235.0,245.0,233.0,237.15,133254.0,IRSA
2023-01-30,237.0,245.0,229.85,231.05,68986.0,IRSA
2023-01-31,232.0,239.3,227.0,234.6,147868.0,IRSA
2023-02-01,240.0,250.0,235.0,247.8,128894.0,IRSA
2023-02-02,257.0,265.0,247.55,255.45,155222.0,IRSA
2023-02-03,253.0,267.0,235.05,237.55,66822.0,IRSA
2023-02-06,239.0,247.0,226.0,230.35,80074.0,IRSA
2023-02-07,231.0,237.9,226.05,229.0,39228.0,IRSA
2023-02-08,230.0,236.0,222.55,226.1,61369.0,IRSA
2023-02-09,230.0,230.0,216.6,217.5,130464.0,IRSA
2023-02-10,219.0,228.0,215.0,227.65,89173.0,IRSA
2023-02-13,230.0,242.0,228.0,241.2,223837.0,IRSA
2023-02-14,238.0,258.95,238.0,255.7,385941.0,IRSA
2023-02-15,255.7,264.0,246.0,251.15,187907.0,IRSA
2023-02-16,255.0,261.0,240.0,253.6,228482.0,IRSA
2023-02-17,253.0,257.0,234.0,240.05,176304.0,IRSA
2023-02-22,249.0,249.0,220.05,236.95,96257.0,IRSA
2023-02-23,236.75,246.0,236.75,242.5,60536.0,IRSA
2023-02-24,244.0,253.0,235.55,237.3,83884.0,IRSA
2023-02-27,236.5,253.0,234.65,246.45,154262.0,IRSA
2023-02-28,247.5,258.5,242.5,243.1,127749.0,IRSA
2023-03-01,243.25,249.0,237.6,243.6,84567.0,IRSA
2023-03-02,250.5,250.5,239.0,240.1,39251.0,IRSA
2023-03-03,240.1,248.0,238.0,243.9,54136.0,IRSA
2023-03-06,246.0,249.55,236.05,244.55,109260.0,IRSA
2023-03-07,237.0,248.0,231.05,234.0,73339.0,IRSA
2023-03-08,238.0,245.0,231.5,235.7,50916.0,IRSA
2023-03-09,235.0,250.0,234.0,237.05,105404.0,IRSA
2023-03-10,237.1,240.95,230.65,233.4,112684.0,IRSA
2023-03-13,232.9,232.9,219.15,220.35,88842.0,IRSA
2023-03-14,220.0,237.9,220.0,225.0,67304.0,IRSA
2023-03-15,225.0,225.0,209.0,210.35,69299.0,IRSA
2023-03-16,210.0,222.0,204.15,217.05,35074.0,IRSA
2023-03-17,217.2,224.9,210.75,217.7,19778.0,IRSA
2023-03-20,219.0,220.2,210.0,214.25,39758.0,IRSA
2023-03-21,218.0,222.95,216.0,221.3,23738.0,IRSA
2023-03-22,220.0,221.4,212.6,214.15,43356.0,IRSA
2023-03-23,212.5,219.0,205.75,210.5,307074.0,IRSA
2023-03-27,210.75,228.0,208.05,226.9,323682.0,IRSA
2023-03-28,226.85,234.0,223.05,232.95,194623.0,IRSA
2023-03-29,238.05,244.15,236.0,240.0,226750.0,IRSA
2023-03-30,240.5,244.0,237.05,241.5,107563.0,IRSA
2023-03-31,245.0,247.9,234.7,237.45,65047.0,IRSA
2023-04-03,237.0,244.0,237.0,240.1,89476.0,IRSA
2023-04-04,245.0,248.95,239.0,240.95,53309.0,IRSA
2023-04-05,243.0,243.0,231.0,234.1,107780.0,IRSA
2023-04-10,238.8,243.0,232.0,234.95,138962.0,IRSA
2023-04-11,233.8,239.5,233.8,238.7,24699.0,IRSA
2023-04-12,241.55,250.0,238.7,248.0,81870.0,IRSA
2023-04-13,246.5,252.0,243.0,246.3,158999.0,IRSA
2023-04-14,248.0,254.0,244.2,251.9,73962.0,IRSA
2023-04-17,251.0,255.0,249.55,252.4,32862.0,IRSA
2023-04-18,254.0,260.0,250.0,255.8,74709.0,IRSA
2023-04-19,257.0,259.8,251.2,253.3,87368.0,IRSA
2023-04-20,251.0,257.25,246.65,251.75,87265.0,IRSA
2023-04-21,252.0,263.5,250.0,258.95,125143.0,IRSA
2023-04-24,260.0,262.0,246.8,258.5,62373.0,IRSA
2023-04-25,260.0,266.0,256.0,256.65,112494.0,IRSA
2023-04-26,255.0,257.95,249.0,253.0,114748.0,IRSA
2023-04-27,256.0,258.0,247.4,250.35,81559.0,IRSA
2023-04-28,250.0,257.9,250.0,250.15,92011.0,IRSA
2023-05-02,257.0,257.0,244.0,251.5,106842.0,IRSA
2023-05-03,236.0,251.0,230.0,235.85,86761.0,IRSA
2023-05-04,236.0,244.55,232.0,232.7,37226.0,IRSA
2023-05-05,235.0,245.0,232.7,242.0,34538.0,IRSA
2023-05-08,245.0,259.0,245.0,257.05,94777.0,IRSA
2023-05-09,259.5,270.0,246.25,268.25,85686.0,IRSA
2023-05-10,268.0,270.0,260.0,265.95,81655.0,IRSA
2023-05-11,267.0,267.0,258.0,259.95,127558.0,IRSA
2023-05-12,266.3,273.85,261.0,270.4,35741.0,IRSA
2023-05-15,270.4,271.0,255.0,269.6,126225.0,IRSA
2023-05-16,280.0,280.0,265.9,266.0,53738.0,IRSA
2023-05-17,266.0,279.0,260.3,277.5,52928.0,IRSA
2023-05-18,277.5,280.7,266.5,278.7,176016.0,IRSA
2023-05-19,283.0,283.0,270.5,277.95,329221.0,IRSA
2023-05-22,279.0,285.0,271.0,284.05,105193.0,IRSA
2023-05-23,285.0,298.0,284.55,290.6,182778.0,IRSA
2023-05-24,290.0,297.5,285.5,292.6,32422.0,IRSA
2023-05-29,292.0,299.9,285.5,294.95,56624.0,IRSA
2023-05-30,300.0,300.0,283.0,292.55,282173.0,IRSA
2023-05-31,300.0,300.0,289.0,295.7,151861.0,IRSA
2023-06-01,300.0,305.0,293.0,297.95,340823.0,IRSA
2023-06-02,304.5,304.5,292.0,295.3,236560.0,IRSA
2023-06-05,295.3,318.8,295.3,303.05,432390.0,IRSA
2023-06-06,310.0,335.0,300.0,332.4,194152.0,IRSA
2023-06-07,329.0,342.65,320.0,322.75,115526.0,IRSA
2023-06-08,333.5,333.5,312.35,321.75,153234.0,IRSA
2023-06-09,324.0,328.5,317.6,327.05,52250.0,IRSA
2023-06-12,337.0,337.0,315.3,325.6,50549.0,IRSA
2023-06-13,329.0,329.8,317.0,318.15,26809.0,IRSA
2023-06-14,330.0,330.0,320.15,327.85,54660.0,IRSA
2023-06-15,328.0,344.05,328.0,342.1,112635.0,IRSA
2023-06-16,350.0,366.2,343.0,364.2,413264.0,IRSA
2023-06-21,382.4,430.0,382.4,393.7,526421.0,IRSA
2023-06-22,400.0,406.95,372.7,377.6,314667.0,IRSA
2023-06-23,377.5,406.5,369.15,404.9,571209.0,IRSA
2023-06-26,422.0,430.0,402.4,413.5,336405.0,IRSA
2023-06-27,424.0,425.0,408.25,408.3,322361.0,IRSA
2023-06-28,420.0,426.0,389.0,393.65,844056.0,IRSA
2023-06-29,400.0,410.0,377.55,395.1,753097.0,IRSA
2023-06-30,400.0,417.5,397.0,415.05,264507.0,IRSA
2023-07-03,420.0,439.0,413.05,431.1,189200.0,IRSA
2023-07-04,431.0,442.0,423.0,426.95,77975.0,IRSA
2023-07-05,432.0,435.0,420.5,423.75,239794.0,IRSA
2023-07-06,420.0,420.0,403.85,410.95,278112.0,IRSA
2023-07-07,415.0,427.8,411.5,422.85,209731.0,IRSA
2023-07-10,415.9,425.0,405.9,407.05,255768.0,IRSA
2023-07-11,409.9,422.25,402.0,421.3,195824.0,IRSA
2023-07-12,425.95,433.05,413.05,428.6,43242.0,IRSA
2023-07-13,428.35,439.0,421.0,431.9,181038.0,IRSA
2023-07-14,431.8,431.8,419.3,420.1,191741.0,IRSA
2023-07-17,425.0,433.1,420.0,422.8,243727.0,IRSA
2023-07-18,421.0,422.8,411.5,413.6,309444.0,IRSA
2023-07-19,414.0,416.5,408.0,411.2,321649.0,IRSA
2023-07-20,411.7,416.15,404.3,405.0,250563.0,IRSA
2023-07-21,406.0,424.3,405.0,424.1,252577.0,IRSA
2023-07-24,431.0,431.0,418.0,419.1,80226.0,IRSA
2023-07-25,425.45,428.95,418.85,426.3,72298.0,IRSA
2023-07-26,435.0,435.0,416.6,421.1,120169.0,IRSA
2023-07-27,424.55,424.55,410.0,414.75,218025.0,IRSA
2023-07-28,402.7,430.0,402.7,425.2,32126.0,IRSA
2023-07-31,432.0,432.0,420.0,425.9,130847.0,IRSA
2023-08-01,424.0,432.0,416.4,420.4,100579.0,IRSA
2023-08-02,420.0,424.3,415.0,416.7,231481.0,IRSA
2023-08-03,415.5,429.5,410.55,417.85,148627.0,IRSA
2023-08-04,433.5,433.5,413.05,432.35,293825.0,IRSA
2023-08-07,433.85,442.55,431.5,432.6,139786.0,IRSA
2023-08-08,432.0,449.0,427.2,445.65,90215.0,IRSA
2023-08-09,445.65,453.0,435.0,439.0,46805.0,IRSA
2023-08-10,440.0,450.0,436.2,449.3,116499.0,IRSA
2023-08-11,448.9,453.25,438.85,442.5,50193.0,IRSA
2023-08-14,447.0,496.95,402.0,461.65,314746.0,IRSA
2023-08-15,461.0,496.1,461.0,480.7,94637.0,IRSA
2023-08-16,499.0,510.0,483.4,503.75,211642.0,IRSA
2023-08-17,504.0,532.75,504.0,530.9,155703.0,IRSA
2023-08-18,540.0,544.0,525.8,536.9,84834.0,IRSA
2023-08-22,538.0,554.3,523.45,545.65,203541.0,IRSA
2023-08-23,555.0,568.0,544.25,560.5,81501.0,IRSA
2023-08-24,560.0,575.9,542.2,552.15,108539.0,IRSA
2023-08-25,548.5,562.4,541.3,557.95,30984.0,IRSA
2023-08-28,557.0,589.0,552.0,587.15,70181.0,IRSA
2023-08-29,589.0,600.25,572.05,589.45,51556.0,IRSA
2023-08-30,590.0,600.0,568.05,581.75,56479.0,IRSA
2023-08-31,590.65,590.65,552.05,554.9,25714.0,IRSA
2023-09-01,565.05,576.0,541.15,554.75,31922.0,IRSA
2023-09-04,555.0,595.0,531.0,554.05,12468.0,IRSA
2023-09-05,550.0,550.0,516.0,516.5,48650.0,IRSA
2023-09-06,530.0,541.0,508.6,520.0,298909.0,IRSA
2023-09-07,521.75,547.0,475.0,476.65,313366.0,IRSA
2023-09-08,478.05,501.0,459.3,469.4,99714.0,IRSA
2023-09-12,484.0,505.75,480.0,505.2,117669.0,IRSA
2023-09-13,510.0,520.0,500.0,511.7,224490.0,IRSA
2023-09-14,520.0,522.0,507.05,511.05,370407.0,IRSA
2023-09-15,510.0,510.0,490.5,499.45,288293.0,IRSA
2023-09-18,504.45,542.95,502.0,530.1,132844.0,IRSA
2023-09-19,534.0,554.0,510.0,540.55,159769.0,IRSA
2023-09-20,548.95,563.5,523.0,528.35,159887.0,IRSA
2023-09-21,527.0,540.5,492.0,526.15,30755.0,IRSA
2023-09-22,521.0,554.0,501.0,553.4,86701.0,IRSA
2023-09-25,560.0,576.0,522.0,574.85,55860.0,IRSA
2023-09-26,595.0,595.0,530.0,544.15,45665.0,IRSA
2023-09-27,535.2,575.0,535.2,574.25,40540.0,IRSA
2023-09-28,575.0,650.0,574.5,645.05,70344.0,IRSA
2023-09-29,660.0,700.0,606.7,627.15,151167.0,IRSA
2023-10-02,600.0,625.0,580.0,622.1,292954.0,IRSA
2023-10-03,630.0,650.0,580.0,611.95,41756.0,IRSA
2023-10-04,607.0,671.0,601.0,644.75,43362.0,IRSA
2023-10-05,641.0,675.0,641.0,658.1,80891.0,IRSA
2023-10-06,680.3,769.95,670.0,753.15,96835.0,IRSA
2023-10-09,755.0,780.0,701.0,768.5,73103.0,IRSA
2023-10-10,783.5,794.0,680.0,706.3,149095.0,IRSA
2023-10-11,708.85,708.85,625.0,649.7,866635.0,IRSA
2023-10-12,660.0,665.0,641.0,660.85,600691.0,IRSA
2023-10-17,662.0,716.0,645.0,714.35,375281.0,IRSA
2023-10-18,714.0,729.0,688.0,715.9,187141.0,IRSA
2023-10-19,716.0,718.35,677.0,703.5,129217.0,IRSA
2023-10-20,719.0,740.0,695.0,720.6,187135.0,IRSA
2023-10-23,704.0,720.0,631.0,640.75,189661.0,IRSA
2023-10-24,660.0,700.0,585.0,628.5,162055.0,IRSA
2023-10-25,630.0,659.0,604.0,611.05,83259.0,IRSA
2023-10-26,623.0,640.0,587.0,616.5,56225.0,IRSA
2023-10-27,616.0,625.0,560.0,613.35,105446.0,IRSA
2023-10-30,610.0,610.0,521.5,530.15,559107.0,IRSA
2023-10-31,533.0,554.95,500.5,513.3,160845.0,IRSA
2023-11-01,515.0,550.0,515.0,549.9,93303.0,IRSA
2023-11-02,552.05,573.0,549.0,564.65,136745.0,IRSA
2023-11-03,570.0,581.0,536.0,556.85,75874.0,IRSA
2023-11-07,546.0,565.0,536.0,544.6,52405.0,IRSA
2023-11-08,544.0,559.0,529.55,543.0,42261.0,IRSA
2023-11-09,550.0,570.0,522.0,549.35,104035.0,IRSA
2023-11-10,550.5,580.0,550.0,576.1,98450.0,IRSA
2023-11-13,577.0,587.0,559.35,566.55,82823.0,IRSA
2023-11-14,570.0,585.0,540.0,556.35,82421.0,IRSA
2023-11-15,560.0,590.0,551.0,556.95,86945.0,IRSA
2023-11-16,556.95,570.0,540.0,545.8,45021.0,IRSA
2023-11-17,541.0,572.45,526.5,552.9,55494.0,IRSA
2023-11-21,620.0,736.0,597.0,646.55,325927.0,IRSA
2023-11-22,650.0,736.0,650.0,721.15,468845.0,IRSA
2023-11-23,736.0,870.0,729.0,849.6,373880.0,IRSA
2023-11-24,859.0,912.0,785.0,835.25,424084.0,IRSA
2023-11-27,850.0,906.0,741.0,763.6,457725.0,IRSA
2023-11-28,761.0,777.0,680.0,743.5,174903.0,IRSA
2023-11-29,745.0,799.0,745.0,764.55,200287.0,IRSA
2023-11-30,770.0,810.0,766.0,782.1,405464.0,IRSA
2023-12-01,788.0,860.0,749.0,843.05,417337.0,IRSA
2023-12-04,842.0,897.0,841.0,861.9,319172.0,IRSA
2023-12-05,861.9,866.0,786.0,844.8,361078.0,IRSA
2023-12-06,846.0,906.0,835.0,865.2,513689.0,IRSA
2023-12-07,865.0,930.0,850.0,891.75,230215.0,IRSA
2023-12-11,895.0,939.0,870.0,900.85,378224.0,IRSA
2023-12-12,928.5,945.0,912.0,930.9,442121.0,IRSA
2023-12-13,941.0,960.0,915.0,938.2,367410.0,IRSA
2023-12-14,935.0,968.0,898.0,939.85,200092.0,IRSA
2023-12-15,947.0,964.0,900.0,903.7,307196.0,IRSA
2023-12-18,899.0,928.95,840.0,879.15,340557.0,IRSA
2023-12-19,894.5,920.0,862.2,867.7,345280.0,IRSA
2023-12-20,874.0,900.0,865.0,877.3,345326.0,IRSA
2023-12-21,914.0,920.0,835.5,849.55,154386.0,IRSA
2023-12-22,860.0,869.0,822.05,849.8,174241.0,IRSA
2023-12-26,862.0,862.5,815.0,822.1,147469.0,IRSA
2023-12-27,822.1,846.0,800.05,809.55,56045.0,IRSA
2023-12-28,810.0,840.0,795.0,820.6,250272.0,IRSA
2023-12-29,824.0,856.5,796.0,854.35,103217.0,IRSA
2024-01-02,854.5,870.0,812.05,847.45,76017.0,IRSA
2024-01-03,849.0,873.95,822.0,869.4,170301.0,IRSA
2024-01-04,868.0,926.05,868.0,920.15,203835.0,IRSA
2024-01-05,925.95,955.0,888.0,918.75,138890.0,IRSA
2024-01-08,937.0,996.0,910.0,993.7,338158.0,IRSA
2024-01-09,995.0,1055.0,951.0,958.45,433548.0,IRSA
2024-01-10,968.0,995.0,959.0,974.35,410729.0,IRSA
2024-01-11,980.0,1018.95,951.5,976.6,302418.0,IRSA
2024-01-12,977.0,1000.0,960.0,971.5,324933.0,IRSA
2024-01-15,971.5,1039.95,953.5,1020.65,136597.0,IRSA
2024-01-16,1030.0,1035.0,985.0,1011.1,356967.0,IRSA
2024-01-17,1010.0,1057.0,990.0,1035.15,299615.0,IRSA
2024-01-18,1050.0,1099.0,1035.0,1039.1,357737.0,IRSA
2024-01-19,1049.0,1100.0,1049.0,1099.3,298072.0,IRSA
2024-01-22,1110.0,1198.5,1101.0,1184.95,434018.0,IRSA
2024-01-23,1190.0,1198.9,1112.0,1120.7,555480.0,IRSA
2024-01-24,1130.0,1153.4,1110.25,1120.7,82310.0,IRSA
2024-01-25,1140.0,1190.0,1088.0,1165.4,198908.0,IRSA
2024-01-26,1170.0,1200.0,1087.3,1095.9,100131.0,IRSA
2024-01-29,1099.0,1180.0,1000.0,1070.95,54600.0,IRSA
2024-01-30,1081.0,1125.0,1072.0,1081.05,121955.0,IRSA
2024-01-31,1104.0,1118.0,1075.9,1100.0,136154.0,IRSA
2024-02-01,1100.0,1145.0,1090.0,1132.15,68869.0,IRSA
2024-02-02,1140.0,1199.0,1121.4,1131.15,109097.0,IRSA
2024-02-05,1136.0,1170.0,1050.05,1078.25,154124.0,IRSA
2024-02-06,1100.0,1141.0,1005.0,1024.3,92993.0,IRSA
2024-02-07,1000.0,1005.85,900.0,999.75,240040.0,IRSA
2024-02-08,1030.0,1030.0,961.0,963.35,402243.0,IRSA
2024-02-09,963.5,1001.05,921.0,983.85,407525.0,IRSA
2024-02-14,995.0,1029.0,955.0,975.05,494498.0,IRSA
2024-02-15,980.0,1001.0,955.5,983.85,584865.0,IRSA
2024-02-16,1000.0,1000.0,936.25,970.0,251389.0,IRSA
2024-02-19,970.0,1010.0,910.0,995.8,59087.0,IRSA
2024-02-20,1000.0,1012.4,970.0,984.05,361454.0,IRSA
2024-02-21,995.0,1000.0,942.0,942.15,402487.0,IRSA
2024-02-22,942.0,995.45,942.0,980.0,330105.0,IRSA
2024-02-23,970.0,1029.0,935.55,976.6,539934.0,IRSA
2024-02-26,977.0,1022.0,914.15,928.05,477264.0,IRSA
2024-02-27,926.0,955.0,860.5,885.35,202460.0,IRSA
2024-02-28,889.0,910.0,830.55,832.35,399408.0,IRSA
2024-02-29,840.0,850.0,810.0,819.95,270280.0,IRSA
2024-03-01,830.0,848.0,815.0,841.25,177702.0,IRSA
2024-03-04,875.0,889.25,825.5,828.25,128055.0,IRSA
2024-03-05,850.0,850.0,807.05,816.0,141668.0,IRSA
2024-03-06,810.0,824.8,776.5,796.25,134902.0,IRSA
2024-03-07,820.0,820.0,775.0,790.15,80340.0,IRSA
2024-03-08,819.9,819.9,791.0,813.9,156932.0,IRSA
2024-03-11,816.0,816.0,759.25,781.45,174931.0,IRSA
2024-03-12,782.0,834.0,782.0,824.05,177028.0,IRSA
2024-03-13,835.0,875.0,825.0,853.1,442969.0,IRSA
2024-03-14,861.0,870.6,844.45,863.25,144945.0,IRSA
2024-03-15,864.0,864.5,837.9,859.05,189056.0,IRSA
2024-03-18,862.0,919.8,848.65,917.75,689986.0,IRSA
2024-03-19,921.0,946.0,901.85,911.3,412025.0,IRSA
2024-03-20,912.0,967.7,902.0,963.7,280469.0,IRSA
2024-03-21,970.0,1023.2,946.1,1016.95,751393.0,IRSA
2024-03-22,1014.0,1014.0,986.2,1001.6,295347.0,IRSA
2024-03-25,1010.0,1049.65,1000.05,1004.65,948858.0,IRSA
2024-03-26,1010.0,1029.95,990.65,1015.5,522590.0,IRSA
2024-03-27,1013.6,1027.5,1010.0,1021.1,549961.0,IRSA
2024-04-03,978.7,1006.0,950.0,991.15,749944.0,IRSA
2024-04-04,993.0,1015.0,971.5,975.65,644339.0,IRSA
2024-04-05,1019.0,1029.25,970.0,1027.2,563905.0,IRSA
2024-04-08,1050.0,1077.0,1033.15,1068.1,700422.0,IRSA
2024-04-09,1094.0,1094.0,1056.4,1077.5,533296.0,IRSA
2024-04-10,1076.6,1076.6,1036.35,1040.2,526237.0,IRSA
2024-04-11,1041.0,1088.0,1025.0,1037.4,265069.0,IRSA
2024-04-12,1050.0,1050.0,996.35,1000.1,516837.0,IRSA
2024-04-15,990.0,1032.0,990.0,1012.9,694295.0,IRSA
2024-04-16,990.0,1019.0,990.0,992.7,511622.0,IRSA
2024-04-17,1030.0,1030.0,971.0,989.55,583773.0,IRSA
2024-04-18,988.0,1001.25,975.05,999.0,432391.0,IRSA
2024-04-19,997.0,1033.45,997.0,1028.5,508527.0,IRSA
2024-04-22,1040.0,1078.25,1039.95,1077.35,256368.0,IRSA
2024-04-23,1077.0,1077.0,1044.0,1046.7,306622.0,IRSA
2024-04-24,1050.0,1050.0,982.0,996.25,257754.0,IRSA
2024-04-25,1000.0,1028.95,980.0,1026.9,105738.0,IRSA
2024-04-26,1035.0,1052.05,1015.0,1019.55,361927.0,IRSA
2024-04-29,1021.0,1053.05,1016.55,1039.35,185393.0,IRSA
2024-04-30,1060.0,1079.0,1038.0,1053.4,262995.0,IRSA
2024-05-02,1088.0,1088.0,1030.0,1072.6,210498.0,IRSA
2024-05-03,1105.0,1195.0,1075.8,1159.1,411693.0,IRSA
2024-05-06,1160.0,1350.0,1160.0,1333.9,443316.0,IRSA
2024-05-07,1300.0,1304.0,1165.0,1180.1,773785.0,IRSA
2024-05-08,1200.0,1239.95,1184.95,1216.5,318244.0,IRSA
2024-05-09,1200.0,1230.0,1126.0,1214.35,376545.0,IRSA
2024-05-10,1225.0,1247.15,1180.0,1204.5,475626.0,IRSA
2024-05-13,1203.0,1217.0,1155.35,1158.55,273545.0,IRSA
2024-05-14,1162.0,1198.0,1142.0,1180.55,213940.0,IRSA
2024-05-15,1227.0,1250.0,1190.0,1235.25,274904.0,IRSA
2024-05-16,1236.0,1267.0,1130.0,1247.55,250685.0,IRSA
2024-05-17,1245.0,1270.8,1219.45,1249.55,160663.0,IRSA
2024-05-20,1238.25,1285.0,1205.05,1283.6,196519.0,IRSA
2024-05-21,1287.0,1321.9,1287.0,1302.9,116816.0,IRSA
2024-05-22,1330.0,1330.0,1240.0,1269.85,242397.0,IRSA
2024-05-23,1270.0,1360.0,1210.0,1276.6,181912.0,IRSA
2024-05-24,1260.0,1297.45,1260.0,1285.1,226127.0,IRSA
2024-05-27,1280.0,1440.0,1201.0,1345.9,115745.0,IRSA
2024-05-28,1359.0,1360.0,1274.5,1356.3,259025.0,IRSA
2024-05-29,1350.0,1359.65,1305.0,1344.85,220679.0,IRSA
2024-05-30,1345.0,1413.5,1345.0,1409.5,182256.0,IRSA
2024-05-31,1405.0,1450.0,1375.0,1413.5,188062.0,IRSA
2024-06-03,1427.0,1427.0,1372.0,1392.2,278138.0,IRSA
2024-06-04,1385.0,1389.95,1300.0,1319.3,271535.0,IRSA
2024-06-05,1300.0,1348.95,1240.0,1290.9,189282.0,IRSA
2024-06-06,1270.0,1294.45,1234.05,1245.8,190791.0,IRSA
2024-06-07,1245.0,1284.95,1235.55,1238.6,144944.0,IRSA
2024-06-10,1242.0,1299.0,1225.0,1277.95,263553.0,IRSA
2024-06-11,1295.0,1295.0,1229.15,1235.5,189733.0,IRSA
2024-06-12,1245.0,1283.85,1235.7,1242.8,208338.0,IRSA
2024-06-13,1299.0,1331.0,1244.0,1286.3,359470.0,IRSA
2024-06-14,1295.0,1300.0,1250.0,1261.05,198499.0,IRSA
2024-06-18,1264.0,1264.0,1225.0,1246.45,146295.0,IRSA
2024-06-19,1279.0,1279.0,1244.0,1265.55,91333.0,IRSA
2024-06-24,1215.0,1215.0,1170.0,1201.55,476372.0,IRSA
2024-06-25,1203.0,1226.7,1203.0,1214.85,237647.0,IRSA
2024-06-26,1211.25,1213.1,1182.5,1201.9,163255.0,IRSA
2024-06-27,1241.95,1255.1,1203.15,1248.95,228500.0,IRSA
2024-06-28,1270.9,1289.95,1204.05,1220.75,228613.0,IRSA
2024-07-01,1222.0,1238.7,1155.0,1191.5,289563.0,IRSA
2024-07-02,1195.0,1229.9,1195.0,1214.35,117128.0,IRSA
2024-07-03,1220.0,1245.0,1175.0,1190.95,137977.0,IRSA
2024-07-04,1220.0,1228.0,1195.0,1213.35,58340.0,IRSA
2024-07-05,1225.0,1226.2,1200.0,1205.5,149499.0,IRSA
2024-07-08,1230.0,1235.0,1190.0,1203.85,159285.0,IRSA
2024-07-10,1225.0,1290.0,1205.0,1275.0,378455.0,IRSA
2024-07-11,1260.0,1345.0,1260.0,1320.0,293574.0,IRSA
2024-07-12,1340.0,1370.0,1335.0,1360.0,183585.0,IRSA
2024-07-15,1350.0,1350.0,1200.0,1250.0,531301.0,IRSA
2024-07-16,1245.0,1265.0,1145.0,1240.0,791410.0,IRSA
2024-07-17,1260.0,1280.0,1235.0,1265.0,535804.0,IRSA
2024-07-18,1270.0,1290.0,1220.0,1235.0,535780.0,IRSA
2024-07-19,1250.0,1280.0,1250.0,1255.0,490898.0,IRSA
2024-07-22,1265.0,1285.0,1250.0,1255.0,628385.0,IRSA
2024-07-23,1255.0,1315.0,1240.0,1305.0,651927.0,IRSA
2024-07-24,1305.0,1305.0,1260.0,1265.0,638046.0,IRSA
2024-07-25,1270.0,1270.0,1205.0,1245.0,476771.0,IRSA
2024-07-26,1245.0,1265.0,1230.0,1250.0,453927.0,IRSA
2024-07-29,1260.0,1265.0,1165.0,1185.0,488993.0,IRSA
2024-07-30,1185.0,1195.0,1145.0,1150.0,497151.0,IRSA
2024-07-31,1175.0,1260.0,1145.0,1250.0,366521.0,IRSA
2024-08-01,1250.0,1270.0,1215.0,1225.0,582994.0,IRSA
2024-08-02,1200.0,1225.0,1160.0,1205.0,433664.0,IRSA
2024-08-05,1180.0,1210.0,1105.0,1205.0,570144.0,IRSA
2024-08-06,1220.0,1260.0,1200.0,1245.0,421876.0,IRSA
2024-08-07,1230.0,1240.0,1205.0,1220.0,497242.0,IRSA
2024-08-08,1230.0,1245.0,1215.0,1235.0,505950.0,IRSA
2024-08-09,1245.0,1275.0,1200.0,1270.0,356706.0,IRSA
2024-08-12,1280.0,1285.0,1235.0,1275.0,318962.0,IRSA
2024-08-13,1280.0,1290.0,1245.0,1275.0,408049.0,IRSA
2024-08-14,1280.0,1315.0,1255.0,1300.0,377892.0,IRSA
2024-08-15,1345.0,1400.0,1345.0,1395.0,675597.0,IRSA
2024-08-16,1400.0,1410.0,1375.0,1380.0,443805.0,IRSA
2024-08-19,1390.0,1400.0,1370.0,1380.0,455998.0,IRSA
2024-08-20,1380.0,1410.0,1330.0,1355.0,147886.0,IRSA
2024-08-21,1360.0,1375.0,1300.0,1310.0,116086.0,IRSA
2024-08-22,1310.0,1320.0,1250.0,1255.0,122876.0,IRSA
2024-08-23,1255.0,1295.0,1255.0,1275.0,83672.0,IRSA
2024-08-26,1270.0,1290.0,1250.0,1260.0,121389.0,IRSA
2024-08-27,1270.0,1275.0,1200.0,1275.0,254254.0,IRSA
2024-08-28,1285.0,1285.0,1240.0,1265.0,83696.0,IRSA
2024-08-29,1270.0,1315.0,1255.0,1285.0,220135.0,IRSA
2024-08-30,1330.0,1360.0,1300.0,1305.0,171329.0,IRSA
2024-09-02,1340.0,1435.0,1270.0,1345.0,204020.0,IRSA
2024-09-03,1330.0,1365.0,1300.0,1340.0,256085.0,IRSA
2024-09-04,1345.0,1480.0,1345.0,1465.0,456756.0,IRSA
2024-09-05,1480.0,1555.0,1480.0,1510.0,904851.0,IRSA
2024-09-06,1515.0,1515.0,1430.0,1485.0,614094.0,IRSA
2024-09-09,1485.0,1600.0,1485.0,1515.0,737153.0,IRSA
2024-09-10,1510.0,1515.0,1455.0,1495.0,596264.0,IRSA
2024-09-11,1505.0,1535.0,1480.0,1490.0,410753.0,IRSA
2024-09-12,1490.0,1520.0,1465.0,1485.0,320744.0,IRSA
2024-09-13,1490.0,1515.0,1460.0,1505.0,185931.0,IRSA
2024-09-16,1540.0,1540.0,1490.0,1495.0,176325.0,IRSA
2024-09-17,1510.0,1515.0,1460.0,1470.0,179954.0,IRSA
2024-09-18,1470.0,1495.0,1400.0,1425.0,280266.0,IRSA
2024-09-19,1445.0,1475.0,1435.0,1455.0,172253.0,IRSA
2024-09-20,1465.0,1465.0,1420.0,1435.0,122492.0,IRSA
2024-09-23,1430.0,1445.0,1405.0,1435.0,84515.0,IRSA
2024-09-24,1425.0,1455.0,1405.0,1415.0,131222.0,IRSA
2024-09-25,1420.0,1425.0,1375.0,1400.0,224785.0,IRSA
2024-09-26,1400.0,1440.0,1400.0,1415.0,200477.0,IRSA
2024-09-27,1420.0,1485.0,1420.0,1470.0,228818.0,IRSA
2024-09-30,1470.0,1480.0,1395.0,1415.0,327890.0,IRSA
2024-10-01,1430.0,1465.0,1385.0,1445.0,216238.0,IRSA
2024-10-02,1480.0,1480.0,1410.0,1415.0,79423.0,IRSA
2024-10-03,1455.0,1455.0,1395.0,1430.0,193237.0,IRSA
2024-10-04,1430.0,1495.0,1420.0,1490.0,206227.0,IRSA
2024-10-07,1460.0,1495.0,1440.0,1460.0,174292.0,IRSA
2024-10-08,1465.0,1480.0,1435.0,1460.0,97683.0,IRSA
2024-10-09,1455.0,1465.0,1425.0,1460.0,137064.0,IRSA
2024-10-10,1465.0,1495.0,1430.0,1465.0,155763.0,IRSA
2024-10-14,1460.0,1500.0,1445.0,1465.0,245869.0,IRSA
2024-10-15,1450.0,1515.0,1430.0,1495.0,743278.0,IRSA
2024-10-16,1500.0,1510.0,1440.0,1445.0,135219.0,IRSA
2024-10-17,1490.0,1500.0,1440.0,1475.0,263689.0,IRSA
2024-10-18,1490.0,1500.0,1475.0,1495.0,215654.0,IRSA
2024-10-21,1460.0,1500.0,1445.0,1455.0,113968.0,IRSA
2024-10-22,1455.0,1475.0,1440.0,1470.0,79981.0,IRSA
2024-10-23,1475.0,1475.0,1430.0,1465.0,139466.0,IRSA
2024-10-24,1465.0,1500.0,1450.0,1495.0,124186.0,IRSA
2024-10-25,1500.0,1550.0,1500.0,1540.0,215717.0,IRSA
2024-10-28,1550.0,1570.0,1505.0,1510.0,171785.0,IRSA
2024-10-29,1545.0,1545.0,1490.0,1500.0,261130.0,IRSA
2024-10-30,1525.0,1530.0,1485.0,1510.0,222981.0,IRSA
2024-10-31,1530.0,1565.0,1480.0,1545.0,149686.0,IRSA
2024-11-01,1480.0,1575.0,1480.0,1545.0,253788.0,IRSA
2024-11-04,1570.0,1600.0,1480.0,1550.0,210495.0,IRSA
2024-11-05,1545.0,1620.0,1530.0,1580.0,124918.0,IRSA
2024-11-06,1650.0,1675.0,1530.0,1545.0,196435.0,IRSA
2024-11-07,1580.0,1700.0,1530.0,1665.0,384459.0,IRSA
2024-11-08,1670.0,1790.0,1560.0,1585.0,449893.0,IRSA
2024-11-11,1590.0,1605.0,1515.0,1565.0,260662.0,IRSA
2024-11-12,1585.0,1595.0,1530.0,1595.0,222328.0,IRSA
2024-11-13,1595.0,1700.0,1565.0,1690.0,285101.0,IRSA
2024-11-14,1730.0,1830.0,1670.0,1735.0,584306.0,IRSA
2024-11-15,1780.0,1795.0,1640.0,1680.0,448674.0,IRSA
2024-11-19,1750.0,1765.0,1650.0,1705.0,672273.0,IRSA
2024-11-20,1715.0,1730.0,1660.0,1720.0,475680.0,IRSA
2024-11-21,1740.0,1760.0,1655.0,1675.0,334532.0,IRSA
2024-11-22,1685.0,1720.0,1655.0,1690.0,260756.0,IRSA
2024-11-25,1685.0,1830.0,1655.0,1810.0,781630.0,IRSA
2024-11-26,1845.0,1875.0,1765.0,1835.0,901274.0,IRSA
2024-11-27,1830.0,1890.0,1810.0,1860.0,344242.0,IRSA
2024-11-28,1900.0,1985.0,1870.0,1930.0,240452.0,IRSA
2024-11-29,1975.0,1985.0,1845.0,1915.0,531245.0,IRSA
2024-12-02,1950.0,1950.0,1840.0,1910.0,579631.0,IRSA
2024-12-03,1920.0,1925.0,1855.0,1890.0,390549.0,IRSA
2024-12-04,1905.0,1905.0,1810.0,1835.0,329375.0,IRSA
2024-12-05,1850.0,1935.0,1805.0,1885.0,318875.0,IRSA
2024-12-06,1905.0,1920.0,1790.0,1830.0,372321.0,IRSA
2024-12-09,1860.0,1875.0,1780.0,1855.0,281908.0,IRSA
2024-12-10,1850.0,1860.0,1780.0,1785.0,273227.0,IRSA
2024-12-11,1805.0,1830.0,1760.0,1810.0,322632.0,IRSA
2024-12-12,1810.0,1840.0,1780.0,1800.0,461739.0,IRSA
2024-12-13,1805.0,1900.0,1755.0,1795.0,791750.0,IRSA
2024-12-16,1795.0,1905.0,1795.0,1890.0,672676.0,IRSA
2024-12-17,1920.0,1950.0,1875.0,1915.0,408997.0,IRSA
2024-12-18,1975.0,1975.0,1820.0,1830.0,307442.0,IRSA
2024-12-19,1840.0,1890.0,1745.0,1770.0,588012.0,IRSA
2024-12-20,1770.0,1810.0,1680.0,1785.0,435356.0,IRSA
2024-12-23,1770.0,1830.0,1725.0,1815.0,299311.0,IRSA
2024-12-24,1830.0,1860.0,1800.0,1815.0,52232.0,IRSA
2024-12-26,1815.0,1895.0,1800.0,1880.0,296818.0,IRSA
2024-12-27,1900.0,1925.0,1840.0,1855.0,319478.0,IRSA
2024-12-30,1850.0,1880.0,1770.0,1800.0,380821.0,IRSA
2025-01-02,1850.0,1880.0,1730.0,1870.0,343003.0,IRSA
2025-01-03,1880.0,1920.0,1815.0,1905.0,381844.0,IRSA
2025-01-06,1910.0,1940.0,1860.0,1935.0,387967.0,IRSA
2025-01-07,1950.0,1965.0,1875.0,1880.0,931186.0,IRSA
2025-01-08,1880.0,1900.0,1790.0,1885.0,1141444.0,IRSA
2025-01-09,1895.0,1920.0,1870.0,1910.0,181259.0,IRSA
2025-01-10,1925.0,1925.0,1800.0,1890.0,867226.0,IRSA
2025-01-13,1900.0,1930.0,1805.0,1840.0,543821.0,IRSA
2025-01-14,1840.0,1885.0,1800.0,1835.0,1049252.0,IRSA
2025-01-15,1840.0,1885.0,1810.0,1860.0,256648.0,IRSA
2025-01-16,1820.0,1890.0,1800.0,1805.0,500019.0,IRSA
2025-01-17,1790.0,1850.0,1690.0,1755.0,776214.0,IRSA
2025-01-20,1765.0,1800.0,1720.0,1750.0,107475.0,IRSA
2025-01-21,1760.0,1860.0,1720.0,1850.0,347097.0,IRSA
2025-01-22,1815.0,1885.0,1805.0,1850.0,532988.0,IRSA
2025-01-23,1870.0,1870.0,1810.0,1845.0,659493.0,IRSA
2025-01-24,1845.0,1890.0,1760.0,1875.0,401588.0,IRSA
2025-01-27,1870.0,1870.0,1750.0,1760.0,525075.0,IRSA
2025-01-28,1845.0,1845.0,1680.0,1740.0,390804.0,IRSA
2025-01-29,1745.0,1785.0,1700.0,1770.0,360331.0,IRSA
2025-01-30,1835.0,1855.0,1760.0,1835.0,225557.0,IRSA
2025-01-31,1760.0,1870.0,1760.0,1775.0,287818.0,IRSA
2025-02-03,1705.0,1765.0,1680.0,1740.0,203083.0,IRSA
2025-02-04,1745.0,1780.0,1735.0,1740.0,206694.0,IRSA
2025-02-05,1740.0,1785.0,1680.0,1685.0,299360.0,IRSA
2025-02-06,1685.0,1740.0,1680.0,1695.0,241571.0,IRSA
2025-02-07,1700.0,1735.0,1585.0,1605.0,773461.0,IRSA
2025-02-10,1610.0,1640.0,1565.0,1580.0,325399.0,IRSA
2025-02-11,1585.0,1585.0,1500.0,1550.0,293457.0,IRSA
2025-02-12,1555.0,1670.0,1500.0,1655.0,578794.0,IRSA
2025-02-13,1655.0,1700.0,1650.0,1685.0,201274.0,IRSA
2025-02-14,1685.0,1740.0,1650.0,1715.0,259131.0,IRSA
2025-02-17,1660.0,1680.0,1585.0,1610.0,217479.0,IRSA
2025-02-18,1635.0,1735.0,1575.0,1730.0,261711.0,IRSA
2025-02-19,1730.0,1750.0,1700.0,1740.0,252393.0,IRSA
2025-02-20,1730.0,1780.0,1685.0,1750.0,214683.0,IRSA
2025-02-21,1755.0,1785.0,1700.0,1710.0,128927.0,IRSA
2025-02-24,1750.0,1780.0,1670.0,1695.0,83812.0,IRSA
2025-02-25,1760.0,1760.0,1600.0,1630.0,145708.0,IRSA
2025-02-26,1635.0,1655.0,1600.0,1625.0,144960.0,IRSA
2025-02-27,1625.0,1650.0,1580.0,1585.0,218534.0,IRSA
2025-02-28,1590.0,1635.0,1550.0,1600.0,177808.0,IRSA
2025-03-05,1560.0,1660.0,1550.0,1650.0,100947.0,IRSA
2025-03-06,1680.0,1680.0,1565.0,1625.0,75223.0,IRSA
2025-03-07,1610.0,1675.0,1580.0,1620.0,138974.0,IRSA
2025-03-10,1560.0,1640.0,1545.0,1575.0,303616.0,IRSA
2025-03-11,1595.0,1650.0,1580.0,1625.0,327269.0,IRSA
2025-03-12,1660.0,1735.0,1640.0,1720.0,327651.0,IRSA
2025-03-13,1705.0,1720.0,1610.0,1615.0,229898.0,IRSA
2025-03-14,1615.0,1665.0,1615.0,1655.0,123116.0,IRSA
2025-03-17,1660.0,1735.0,1660.0,1715.0,156203.0,IRSA
2025-03-18,1700.0,1720.0,1670.0,1695.0,193077.0,IRSA
2025-03-19,1720.0,1760.0,1685.0,1725.0,197849.0,IRSA
2025-03-20,1720.0,1750.0,1700.0,1720.0,180057.0,IRSA
2025-03-21,1750.0,1770.0,1690.0,1760.0,82988.0,IRSA
2025-03-25,1760.0,1780.0,1725.0,1750.0,220169.0,IRSA
2025-03-26,1750.0,1780.0,1730.0,1750.0,129825.0,IRSA
2025-03-27,1755.0,1805.0,1715.0,1745.0,159528.0,IRSA
2025-03-28,1780.0,1785.0,1685.0,1715.0,176386.0,IRSA
2025-03-31,1680.0,1715.0,1670.0,1700.0,162456.0,IRSA
2025-04-01,1660.0,1750.0,1660.0,1735.0,188160.0,IRSA
2025-04-03,1735.0,1770.0,1660.0,1715.0,203792.0,IRSA
2025-04-04,1635.0,1710.0,1540.0,1670.0,310390.0,IRSA
2025-04-07,1620.0,1690.0,1565.0,1590.0,479330.0,IRSA
2025-04-08,1615.0,1705.0,1550.0,1575.0,215871.0,IRSA
2025-04-09,1520.0,1765.0,1455.0,1695.0,270358.0,IRSA
2025-04-10,1695.0,1695.0,1535.0,1645.0,277961.0,IRSA
2025-04-11,1650.0,1740.0,1645.0,1705.0,201565.0,IRSA
2025-04-14,1810.0,1810.0,1670.0,1740.0,513304.0,IRSA
2025-04-15,1815.0,1815.0,1690.0,1715.0,310538.0,IRSA
2025-04-16,1695.0,1740.0,1615.0,1635.0,102073.0,IRSA
2025-04-21,1650.0,1650.0,1535.0,1560.0,529301.0,IRSA
2025-04-22,1600.0,1650.0,1570.0,1645.0,98783.0,IRSA
2025-04-23,1625.0,1730.0,1625.0,1665.0,400732.0,IRSA
2025-04-24,1680.0,1770.0,1680.0,1710.0,489566.0,IRSA
2025-04-25,1745.0,1745.0,1675.0,1715.0,202819.0,IRSA
2025-04-28,1700.0,1740.0,1635.0,1655.0,217636.0,IRSA
2025-04-29,1690.0,1695.0,1650.0,1690.0,96670.0,IRSA
2025-04-30,1680.0,1690.0,1620.0,1650.0,304502.0,IRSA
2025-05-05,1650.0,1710.0,1635.0,1665.0,208106.0,IRSA
2025-05-06,1695.0,1725.0,1655.0,1700.0,148405.0,IRSA
2025-05-07,1750.0,1750.0,1615.0,1675.0,289211.0,IRSA
2025-05-08,1680.0,1730.0,1645.0,1700.0,284502.0,IRSA
2025-05-09,1750.0,1780.0,1700.0,1750.0,262893.0,IRSA
2025-05-12,1705.0,1780.0,1705.0,1770.0,369180.0,IRSA
2025-05-13,1800.0,1805.0,1735.0,1790.0,348670.0,IRSA
2025-05-14,1790.0,1800.0,1720.0,1755.0,208744.0,IRSA
2025-05-15,1775.0,1775.0,1725.0,1770.0,131668.0,IRSA
2025-05-16,1810.0,1810.0,1750.0,1775.0,104790.0,IRSA
2025-05-19,1815.0,1830.0,1775.0,1800.0,204699.0,IRSA
2025-05-20,1840.0,1865.0,1795.0,1840.0,269640.0,IRSA
2025-05-21,1840.0,1890.0,1785.0,1805.0,167085.0,IRSA
2025-05-22,1790.0,1820.0,1770.0,1780.0,238870.0,IRSA
2025-05-23,1750.0,1810.0,1745.0,1785.0,318995.0,IRSA
2025-05-26,1790.0,1840.0,1750.0,1810.0,99775.0,IRSA
2025-05-27,1810.0,1835.0,1790.0,1825.0,154386.0,IRSA
2025-05-28,1810.0,1840.0,1785.0,1805.0,100564.0,IRSA
2025-05-29,1820.0,1840.0,1790.0,1825.0,170698.0,IRSA
2025-05-30,1820.0,1850.0,1780.0,1815.0,376843.0,IRSA
2025-06-02,1805.0,1835.0,1785.0,1815.0,247318.0,IRSA
2025-06-03,1840.0,1845.0,1795.0,1820.0,168596.0,IRSA
2025-06-04,1810.0,1825.0,1780.0,1790.0,269251.0,IRSA
2025-06-05,1785.0,1800.0,1730.0,1750.0,112428.0,IRSA
2025-06-06,1745.0,1810.0,1710.0,1790.0,78413.0,IRSA
2025-06-09,1790.0,1800.0,1735.0,1735.0,88333.0,IRSA
2025-06-10,1735.0,1805.0,1735.0,1785.0,145986.0,IRSA
2025-06-11,1810.0,1810.0,1690.0,1700.0,234470.0,IRSA
2025-06-12,1700.0,1805.0,1675.0,1705.0,147285.0,IRSA
2025-06-13,1710.0,1725.0,1620.0,1650.0,321034.0,IRSA
2025-06-17,1650.0,1675.0,1600.0,1635.0,348106.0,IRSA
2025-06-18,1625.0,1645.0,1595.0,1610.0,122993.0,IRSA
2025-06-19,1610.0,1640.0,1580.0,1620.0,51761.0,IRSA
2025-06-23,1615.0,1675.0,1610.0,1660.0,497889.0,IRSA
2025-06-24,1660.0,1725.0,1650.0,1690.0,149875.0,IRSA
2025-06-25,1690.0,1705.0,1660.0,1680.0,115213.0,IRSA
2025-06-26,1700.0,1715.0,1675.0,1695.0,93687.0,IRSA
2025-06-27,1675.0,1720.0,1670.0,1685.0,84974.0,IRSA
2025-06-30,1700.0,1720.0,1655.0,1685.0,283733.0,IRSA
2025-07-01,1710.0,1800.0,1675.0,1790.0,360458.0,IRSA
2025-07-02,1800.0,1810.0,1750.0,1795.0,106720.0,IRSA
2025-07-03,1800.0,1835.0,1775.0,1830.0,90379.0,IRSA
2025-07-04,1850.0,1850.0,1790.0,1820.0,46525.0,IRSA
2025-07-07,1820.0,1850.0,1790.0,1840.0,332913.0,IRSA
2025-07-08,1840.0,1845.0,1780.0,1835.0,154384.0,IRSA
2025-07-10,1835.0,1855.0,1810.0,1835.0,146793.0,IRSA
2025-07-11,1825.0,1845.0,1770.0,1780.0,252447.0,IRSA
2025-07-14,1770.0,1860.0,1750.0,1855.0,468157.0,IRSA
2025-07-15,1830.0,1895.0,1830.0,1870.0,242696.0,IRSA
2025-07-16,1865.0,1865.0,1815.0,1855.0,140154.0,IRSA
2025-07-17,1855.0,1920.0,1850.0,1920.0,149987.0,IRSA
2025-07-18,1920.0,1935.0,1890.0,1900.0,111074.0,IRSA
2025-07-21,1900.0,1920.0,1885.0,1895.0,98394.0,IRSA
2025-07-22,1900.0,1900.0,1805.0,1835.0,549905.0,IRSA
2025-07-23,1825.0,1905.0,1825.0,1895.0,302526.0,IRSA
2025-07-24,1890.0,1940.0,1860.0,1930.0,87154.0,IRSA
2025-07-25,1950.0,2010.0,1945.0,1990.0,232639.0,IRSA
2025-07-28,2000.0,2030.0,1960.0,2000.0,291524.0,IRSA
2025-07-29,2005.0,2125.0,1975.0,2100.0,255544.0,IRSA
2025-07-30,2095.0,2125.0,2050.0,2065.0,298883.0,IRSA
2025-07-31,2100.0,2125.0,2000.0,2010.0,811686.0,IRSA
2025-08-01,2100.0,2100.0,1965.0,1980.0,111017.0,IRSA
2025-08-04,2000.0,2080.0,1970.0,2055.0,247945.0,IRSA
2025-08-05,2055.0,2080.0,2020.0,2070.0,146961.0,IRSA
2025-08-06,2080.0,2150.0,2075.0,2140.0,174296.0,IRSA
2025-08-07,2150.0,2200.0,2115.0,2125.0,165558.0,IRSA
2025-08-08,2175.0,2175.0,2060.0,2085.0,159741.0,IRSA
2025-08-11,2085.0,2120.0,2050.0,2110.0,293922.0,IRSA
2025-08-12,2105.0,2210.0,2105.0,2160.0,226662.0,IRSA
2025-08-13,2175.0,2185.0,2115.0,2120.0,218890.0,IRSA
2025-08-14,2120.0,2120.0,2020.0,2040.0,288019.0,IRSA
2025-08-18,2045.0,2060.0,1960.0,2010.0,204116.0,IRSA
2025-08-19,2045.0,2045.0,1930.0,1930.0,158519.0,IRSA
2025-08-20,1980.0,2000.0,1940.0,1960.0,130540.0,IRSA
2025-08-21,1980.0,2000.0,1925.0,1975.0,108073.0,IRSA
2025-08-22,1990.0,2045.0,1975.0,2005.0,245080.0,IRSA
2025-08-25,2000.0,2015.0,1950.0,1990.0,408819.0,IRSA
2025-08-26,1990.0,2025.0,1955.0,1980.0,346600.0,IRSA
2025-08-27,1965.0,2005.0,1920.0,1930.0,346613.0,IRSA
2025-08-28,1920.0,2020.0,1920.0,1995.0,293623.0,IRSA
2025-08-29,1975.0,2045.0,1945.0,1995.0,145674.0,IRSA
2025-09-01,1950.0,1990.0,1895.0,1910.0,91806.0,IRSA
2025-09-02,1935.0,2000.0,1920.0,1970.0,878658.0,IRSA
2025-09-03,1980.0,2010.0,1890.0,1905.0,143725.0,IRSA
2025-09-04,1895.0,1955.0,1855.0,1935.0,318693.0,IRSA
2025-09-05,1970.0,2005.0,1895.0,1985.0,264596.0,IRSA
2025-09-08,1788.0,1896.0,1643.0,1829.0,393746.0,IRSA
2025-09-09,1814.0,1905.0,1791.0,1793.0,250848.0,IRSA
2025-09-10,1800.0,1900.0,1799.0,1854.0,108646.0,IRSA
2025-09-11,1854.0,1880.0,1802.0,1815.0,302900.0,IRSA
2025-09-12,1880.0,1880.0,1735.0,1758.0,349853.0,IRSA
2025-09-15,1750.0,1807.0,1738.0,1757.0,118147.0,IRSA
2025-09-16,1755.0,1809.0,1755.0,1761.0,85168.0,IRSA
2025-09-17,1760.0,1879.0,1740.0,1794.0,297014.0,IRSA
2025-09-18,1794.0,1794.0,1724.0,1776.0,388366.0,IRSA
2025-09-19,1780.0,1890.0,1780.0,1855.0,323520.0,IRSA
2025-09-22,1840.0,1975.0,1780.0,1825.0,543078.0,IRSA
2025-09-23,1860.0,1870.0,1720.0,1775.0,177391.0,IRSA
2025-09-24,1800.0,1875.0,1760.0,1830.0,313516.0,IRSA
2025-09-25,1860.0,1865.0,1735.0,1775.0,176282.0,IRSA
2025-09-26,1815.0,1840.0,1745.0,1750.0,751423.0,IRSA
2025-09-29,1710.0,1830.0,1710.0,1810.0,163947.0,IRSA
2025-09-30,1810.0,1855.0,1770.0,1805.0,152077.0,IRSA
2025-10-01,1815.0,1840.0,1790.0,1800.0,433695.0,IRSA
2025-10-02,1780.0,1845.0,1760.0,1815.0,203143.0,IRSA
2025-10-03,1800.0,1835.0,1750.0,1760.0,72493.0,IRSA
2025-10-06,1750.0,1780.0,1730.0,1745.0,73816.0,IRSA
2025-10-07,1785.0,1805.0,1725.0,1760.0,86159.0,IRSA
2025-10-08,1730.0,1795.0,1685.0,1740.0,262004.0,IRSA
2025-10-09,1775.0,1815.0,1750.0,1785.0,530880.0,IRSA
2025-10-13,1770.0,1780.0,1670.0,1760.0,555580.0,IRSA
2025-10-14,1780.0,1800.0,1730.0,1730.0,135244.0,IRSA
2025-10-15,1750.0,1790.0,1725.0,1735.0,245943.0,IRSA
2025-10-16,1770.0,1770.0,1700.0,1730.0,234789.0,IRSA
2025-10-17,1715.0,1795.0,1705.0,1785.0,353501.0,IRSA
2025-10-20,1800.0,1815.0,1750.0,1770.0,477553.0,IRSA
2025-10-21,1780.0,1905.0,1760.0,1830.0,1170372.0,IRSA
2025-10-22,1830.0,1875.0,1815.0,1830.0,471815.0,IRSA
2025-10-23,1840.0,1890.0,1795.0,1870.0,337374.0,IRSA
2025-10-24,1885.0,1940.0,1825.0,1845.0,182498.0,IRSA
2025-10-27,1950.0,2290.0,1950.0,2240.0,678020.0,IRSA
2025-10-28,2250.0,2315.0,2175.0,2245.0,522093.0,IRSA
2025-10-29,2300.0,2350.0,2220.0,2260.0,241351.0,IRSA
2025-10-30,2260.0,2260.0,2180.0,2215.0,486562.0,IRSA
2025-10-31,2250.0,2390.0,2130.0,2375.0,518881.0,IRSA
2025-11-03,2240.0,2445.0,2045.0,2140.0,916397.0,IRSA
2025-11-04,2200.0,2255.0,1990.0,2015.0,450329.0,IRSA
2025-11-05,2060.0,2185.0,1925.0,1985.0,556332.0,IRSA
2025-11-06,2050.0,2090.0,2000.0,2020.0,176806.0,IRSA
2025-11-07,2055.0,2155.0,2015.0,2055.0,635177.0,IRSA
2025-11-10,2060.0,2180.0,2060.0,2100.0,265536.0,IRSA
2025-11-11,2120.0,2240.0,2070.0,2180.0,234172.0,IRSA
2025-11-12,2190.0,2240.0,2155.0,2195.0,229173.0,IRSA
2025-11-13,2220.0,2280.0,2070.0,2170.0,271311.0,IRSA
2025-11-14,2250.0,2280.0,2170.0,2215.0,166513.0,IRSA
2025-11-17,2220.0,2285.0,2150.0,2230.0,177962.0,IRSA
2025-11-18,2215.0,2350.0,2150.0,2325.0,199973.0,IRSA
2025-11-19,2280.0,2360.0,2255.0,2275.0,175436.0,IRSA
2025-11-20,2330.0,2350.0,2250.0,2285.0,141751.0,IRSA
2025-11-21,2350.0,2350.0,2120.0,2245.0,67729.0,IRSA
2025-11-25,2180.0,2210.0,2100.0,2200.0,403900.0,IRSA
2025-11-26,2220.0,2330.0,2180.0,2300.0,178723.0,IRSA
2025-11-27,2260.0,2445.0,2260.0,2355.0,219413.0,IRSA
2025-11-28,2320.0,2445.0,2280.0,2320.0,336408.0,IRSA
2025-12-01,2320.0,2350.0,2285.0,2305.0,267857.0,IRSA
2025-12-02,2360.0,2360.0,2270.0,2290.0,416294.0,IRSA
2025-12-03,2280.0,2345.0,2255.0,2330.0,246410.0,IRSA
2025-12-04,2330.0,2380.0,2280.0,2295.0,167172.0,IRSA
2025-12-05,2310.0,2350.0,2275.0,2285.0,73554.0,IRSA
2025-12-09,2285.0,2320.0,2230.0,2280.0,131573.0,IRSA
2025-12-10,2280.0,2320.0,2250.0,2285.0,58815.0,IRSA
2025-12-11,2295.0,2350.0,2235.0,2275.0,86926.0,IRSA
2025-12-12,2320.0,2345.0,2245.0,2330.0,132491.0,IRSA
2025-12-15,2345.0,2390.0,2285.0,2350.0,109526.0,IRSA
2025-12-16,2355.0,2430.0,2320.0,2355.0,141203.0,IRSA
2025-12-17,2380.0,2490.0,2325.0,2360.0,212896.0,IRSA
2025-12-18,2445.0,2445.0,2285.0,2405.0,232417.0,IRSA
2025-12-19,2445.0,2485.0,2330.0,2380.0,180797.0,IRSA
2025-12-22,2380.0,2475.0,2350.0,2365.0,94891.0,IRSA
2025-12-23,2365.0,2430.0,2355.0,2365.0,181332.0,IRSA
2025-12-24,2345.0,2445.0,2345.0,2375.0,37199.0,IRSA
2025-12-26,2300.0,2460.0,2300.0,2410.0,183202.0,IRSA
2025-12-29,2445.0,2505.0,2400.0,2485.0,152813.0,IRSA
2025-12-30,2495.0,2585.0,2485.0,2550.0,189113.0,IRSA
2026-01-02,2600.0,2745.0,2505.0,2555.0,139607.0,IRSA
2026-01-05,2550.0,2620.0,2460.0,2480.0,397439.0,IRSA
2026-01-06,2505.0,2540.0,2460.0,2500.0,316042.0,IRSA
2026-01-07,2500.0,2615.0,2400.0,2435.0,305218.0,IRSA
2026-01-08,2500.0,2545.0,2400.0,2480.0,295751.0,IRSA
2026-01-09,2480.0,2550.0,2430.0,2490.0,306245.0,IRSA
2026-01-12,2495.0,2590.0,2390.0,2575.0,192014.0,IRSA
2026-01-13,2560.0,2645.0,2465.0,2565.0,370918.0,IRSA
2026-01-14,2565.0,2620.0,2500.0,2570.0,232033.0,IRSA
2026-01-15,2555.0,2565.0,2465.0,2500.0,159312.0,IRSA
2026-01-16,2500.0,2555.0,2470.0,2535.0,220013.0,IRSA
2026-01-19,2535.0,2575.0,2430.0,2450.0,62176.0,IRSA
2026-01-20,2450.0,2520.0,2430.0,2470.0,135081.0,IRSA
2026-01-21,2450.0,2530.0,2440.0,2485.0,165698.0,IRSA
2026-01-22,2485.0,2520.0,2420.0,2485.0,311594.0,IRSA
2026-01-23,2480.0,2550.0,2475.0,2505.0,122257.0,IRSA
2026-01-26,2505.0,2670.0,2450.0,2620.0,215528.0,IRSA
2026-01-27,2600.0,2815.0,2580.0,2790.0,238430.0,IRSA
2026-01-28,2790.0,2870.0,2705.0,2735.0,325311.0,IRSA
2026-01-29,2700.0,2800.0,2680.0,2725.0,234293.0,IRSA
2026-01-30,2705.0,2785.0,2610.0,2635.0,217031.0,IRSA
2026-02-02,2640.0,2705.0,2510.0,2520.0,109904.0,IRSA
2026-02-03,2550.0,2700.0,2435.0,2465.0,159581.0,IRSA
2026-02-04,2470.0,2555.0,2350.0,2415.0,171522.0,IRSA
2026-02-05,2440.0,2495.0,2310.0,2375.0,101047.0,IRSA
2026-02-06,2375.0,2445.0,2355.0,2405.0,171435.0,IRSA
2026-02-09,2405.0,2440.0,2320.0,2370.0,221514.0,IRSA
2026-02-10,2370.0,2440.0,2275.0,2365.0,372826.0,IRSA
2026-02-11,2405.0,2405.0,2315.0,2335.0,104963.0,IRSA
2026-02-12,2420.0,2420.0,2215.0,2230.0,78953.0,IRSA
2026-02-13,2235.0,2260.0,2205.0,2230.0,104020.0,IRSA
2026-02-18,2235.0,2235.0,2130.0,2145.0,46738.0,IRSA
2026-02-19,2110.0,2230.0,2105.0,2180.0,208667.0,IRSA
2026-02-20,2200.0,2375.0,2160.0,2360.0,591986.0,IRSA
2026-02-23,2425.0,2425.0,2240.0,2295.0,156357.0,IRSA
2026-02-24,2295.0,2360.0,2230.0,2345.0,63746.0,IRSA
2026-02-25,2320.0,2365.0,2270.0,2355.0,89735.0,IRSA
2026-02-26,2390.0,2410.0,2310.0,2360.0,84615.0,IRSA
2026-02-27,2370.0,2410.0,2265.0,2280.0,78824.0,IRSA
2026-03-02,2290.0,2330.0,2230.0,2265.0,133264.0,IRSA
2026-03-03,2250.0,2265.0,2145.0,2195.0,941211.0,IRSA
2026-03-04,2200.0,2220.0,2155.0,2205.0,88897.0,IRSA
2026-03-05,2175.0,2260.0,2105.0,2115.0,50538.0,IRSA
2026-03-06,2115.0,2210.0,2085.0,2120.0,115579.0,IRSA
2026-03-09,2120.0,2195.0,2085.0,2180.0,137625.0,IRSA
2026-03-10,2180.0,2300.0,2165.0,2220.0,344361.0,IRSA
2026-03-11,2225.0,2280.0,2205.0,2215.0,197323.0,IRSA
2026-03-12,2235.0,2235.0,2165.0,2180.0,43563.0,IRSA
2026-03-13,2200.0,2215.0,2105.0,2130.0,179657.0,IRSA
2026-03-16,2120.0,2170.0,2090.0,2150.0,330084.0,IRSA
2026-03-17,2155.0,2200.0,2125.0,2140.0,155762.0,IRSA
2026-03-18,2130.0,2180.0,2085.0,2105.0,66306.0,IRSA
2026-03-19,2105.0,2130.0,2045.0,2110.0,108571.0,IRSA
2026-03-20,2120.0,2140.0,1980.0,2000.0,333419.0,IRSA
2026-03-23,2000.0,2160.0,1970.0,2120.0,53514.0,IRSA
2026-03-25,2190.0,2300.0,2190.0,2235.0,123552.0,IRSA
2026-03-26,2235.0,2320.0,2195.0,2220.0,117771.0,IRSA
2026-03-27,2240.0,2245.0,2130.0,2230.0,177135.0,IRSA
2026-03-30,2200.0,2290.0,2170.0,2265.0,108807.0,IRSA
2026-03-31,2250.0,2390.0,2250.0,2370.0,137001.0,IRSA
2026-04-01,2395.0,2480.0,2350.0,2475.0,169441.0,IRSA
2026-04-06,2440.0,2500.0,2425.0,2495.0,197771.0,IRSA
2026-04-07,2500.0,2525.0,2390.0,2410.0,66527.0,IRSA
2026-04-08,2405.0,2510.0,2405.0,2470.0,265560.0,IRSA
2026-04-09,2475.0,2500.0,2410.0,2445.0,75648.0,IRSA
2026-04-10,2400.0,2500.0,2350.0,2370.0,114585.0,IRSA
2026-04-13,2360.0,2375.0,2295.0,2320.0,52537.0,IRSA
2026-04-14,2320.0,2395.0,2320.0,2370.0,161719.0,IRSA
2026-04-15,2400.0,2425.0,2310.0,2315.0,78072.0,IRSA
2026-04-16,2340.0,2355.0,2315.0,2340.0,41679.0,IRSA
2026-04-17,2350.0,2395.0,2315.0,2330.0,108196.0,IRSA
2026-04-20,2360.0,2365.0,2295.0,2310.0,83803.0,IRSA
2026-04-21,2280.0,2335.0,2250.0,2270.0,105643.0,IRSA
2026-04-22,2300.0,2300.0,2220.0,2230.0,40418.0,IRSA
2026-04-23,2235.0,2255.0,2145.0,2155.0,202391.0,IRSA
2026-04-24,2195.0,2310.0,2155.0,2180.0,82541.0,IRSA
2026-04-27,2175.0,2250.0,2165.0,2220.0,156542.0,IRSA
2026-04-28,2220.0,2220.0,2140.0,2185.0,72507.0,IRSA
2026-04-29,2170.0,2200.0,2105.0,2115.0,129951.0,IRSA
2026-04-30,2195.0,2195.0,2060.0,2085.0,124151.0,IRSA
2026-05-04,2085.0,2120.0,2055.0,2105.0,133283.0,IRSA
2026-05-05,2110.0,2175.0,2110.0,2155.0,148183.0,IRSA
2026-05-06,2160.0,2265.0,2135.0,2235.0,317950.0,IRSA
2026-05-07,2275.0,2275.0,2185.0,2190.0,78344.0,IRSA
2026-05-08,2200.0,2235.0,2065.0,2090.0,99862.0,IRSA
2026-05-11,2100.0,2105.0,2050.0,2090.0,104860.0,IRSA
2026-05-12,2085.0,2095.0,2015.0,2030.0,49220.0,IRSA
2026-05-13,2050.0,2090.0,1970.0,1985.0,93607.0,IRSA
2026-05-14,2055.0,2055.0,1970.0,2030.0,83244.0,IRSA
2026-05-15,2050.0,2050.0,1975.0,1990.0,87261.0,IRSA
2026-05-18,2000.0,2095.0,1955.0,2080.0,64809.0,IRSA
2026-05-19,2070.0,2075.0,2000.0,2010.0,43852.0,IRSA
2026-05-20,2010.0,2045.0,1990.0,2035.0,101306.0,IRSA
2026-05-21,2050.0,2120.0,2005.0,2100.0,78676.0,IRSA
2026-05-22,2100.0,2130.0,2065.0,2095.0,65539.0,IRSA
2026-05-26,2090.0,2195.0,2090.0,2170.0,124751.0,IRSA
2026-05-27,2165.0,2260.0,2160.0,2240.0,117306.0,IRSA
2026-05-28,2275.0,2295.0,2185.0,2205.0,138683.0,IRSA
2026-05-29,2200.0,2335.0,2145.0,2295.0,112499.0,IRSA
2026-06-01,2310.0,2420.0,2240.0,2330.0,138217.0,IRSA
2026-06-02,2360.0,2380.0,2245.0,2265.0,92845.0,IRSA
2026-06-03,2255.0,2290.0,2200.0,2235.0,56778.0,IRSA
2026-06-04,2315.0,2345.0,2235.0,2330.0,154464.0,IRSA
2026-06-05,2340.0,2380.0,2265.0,2275.0,103294.0,IRSA
2026-06-08,2315.0,2375.0,2265.0,2360.0,76120.0,IRSA
2026-06-09,2360.0,2395.0,2250.0,2335.0,90958.0,IRSA
2026-06-10,2310.0,2390.0,2265.0,2290.0,92400.0,IRSA
2026-06-11,2260.0,2535.0,2260.0,2520.0,262811.0,IRSA
2026-06-12,2470.0,2550.0,2450.0,2485.0,142546.0,IRSA
2026-06-16,2530.0,2580.0,2490.0,2510.0,199962.0,IRSA
2026-06-17,2515.0,2580.0,2470.0,2495.0,98509.0,IRSA
2026-06-18,2450.0,2545.0,2450.0,2515.0,138486.0,IRSA
2026-06-19,2515.0,2515.0,2350.0,2500.0,35278.0,IRSA
2026-06-22,2475.0,2545.0,2370.0,2480.0,91531.0,IRSA
2026-06-23,2460.0,2500.0,2440.0,2490.0,66118.0,IRSA
2026-06-24,2495.0,2505.0,2435.0,2450.0,101571.0,IRSA
2026-06-25,2430.0,2485.0,2370.0,2380.0,166204.0,IRSA
2026-06-26,2345.0,2460.0,2340.0,2385.0,45230.0,IRSA
2026-06-29,2355.0,2475.0,2350.0,2395.0,66221.0,IRSA
2026-06-30,2330.0,2460.0,2330.0,2420.0,115630.0,IRSA
2026-07-01,2465.0,2480.0,2335.0,2420.0,113179.0,IRSA
2026-07-02,2450.0,2530.0,2450.0,2480.0,72986.0,IRSA
2026-07-03,2500.0,2540.0,2410.0,2450.0,26511.0,IRSA
2026-07-06,2470.0,2525.0,2450.0,2515.0,112461.0,IRSA
2026-07-07,2545.0,2550.0,2390.0,2420.0,43959.0,IRSA
2026-07-08,2445.0,2450.0,2390.0,2405.0,36303.0,IRSA
2026-07-10,2410.0,2440.0,2370.0,2420.0,18168.0,IRSA
2026-07-13,2415.0,2450.0,2370.0,2375.0,70148.0,IRSA
2026-07-14,2380.0,2420.0,2335.0,2405.0,39867.0,IRSA
2026-07-15,2425.0,2435.0,2360.0,2420.0,25576.0,IRSA
2026-07-16,2400.0,2435.0,2370.0,2380.0,45332.0,IRSA
2026-07-17,2390.0,2430.0,2320.0,2360.0,56576.0,IRSA
2026-07-20,2340.0,2405.0,2320.0,2380.0,41278.0,IRSA
2026-07-21,2345.0,2455.0,2345.0,2420.0,66459.0,IRSA
2026-07-22,2425.0,2470.0,2405.0,2450.0,157942.0,IRSA
2026-07-23,2450.0,2455.0,2375.0,2380.0,45704.0,IRSA
2026-07-24,2385.0,2425.0,2365.0,2365.0,35065.0,IRSA
2026-07-27,2380.0,2490.0,2380.0,2475.0,85019.0,IRSA
2026-07-28,2480.0,2490.0,2425.0,2480.0,75045.0,IRSA
2026-07-29,2480.0,2500.0,2425.0,2465.0,56478.0,IRSA
2026-07-30,2425.0,2485.0,2415.0,2435.0,99150.0,IRSA
2026-07-31,2405.0,2485.0,2390.0,2400.0,137078.0,IRSA
2026-08-03,2390.0,2445.0,2390.0,2415.0,24765.0,IRSA
2026-08-04,2410.0,2445.0,2345.0,2355.0,68121.0,IRSA
2026-08-05,2360.0,2380.0,2340.0,2340.0,31245.0,IRSA
2026-08-06,2345.0,2380.0,2310.0,2315.0,77097.0,IRSA
2026-08-07,2365.0,2365.0,2310.0,2350.0,63034.0,IRSA
2026-08-10,2375.0,2385.0,2320.0,2330.0,53483.0,IRSA
2026-08-11,2310.0,2375.0,2275.0,2290.0,77904.0,IRSA
2026-08-12,2295.0,2350.0,2270.0,2325.0,111400.0,IRSA
2026-08-13,2340.0,2360.0,2295.0,2320.0,103544.0,IRSA
2026-08-14,2315.0,2360.0,2285.0,2300.0,103472.0,IRSA
2026-08-18,2310.0,2315.0,2230.0,2245.0,140841.0,IRSA
2026-08-19,2265.0,2335.0,2265.0,2320.0,40359.0,IRSA
2026-08-20,2340.0,2345.0,2275.0,2295.0,85653.0,IRSA
2026-08-21,2335.0,2365.0,2300.0,2345.0,88917.0,IRSA
2026-08-24,2340.0,2420.0,2340.0,2400.0,36601.0,IRSA
2026-08-25,2375.0,2420.0,2370.0,2415.0,80876.0,IRSA
