date,open,high,low,close,volume,ticker
2018-01-02,86.0,90.5,85.5,88.4,119780.0,LOMA
2018-01-03,89.1,92.0,88.0,89.0,192767.0,LOMA
2018-01-04,90.0,94.5,90.0,92.1,320006.0,LOMA
2018-01-05,93.0,94.7,91.0,92.0,281532.0,LOMA
2018-01-08,92.05,93.0,87.0,90.5,158779.0,LOMA
2018-01-09,90.5,92.0,88.8,89.25,154372.0,LOMA
2018-01-10,88.0,91.0,88.0,90.5,66521.0,LOMA
2018-01-11,91.45,92.0,89.0,90.6,130032.0,LOMA
2018-01-12,91.9,95.0,91.9,95.0,244928.0,LOMA
2018-01-15,95.2,102.0,95.0,98.25,165341.0,LOMA
2018-01-16,99.4,99.4,94.1,95.0,368417.0,LOMA
2018-01-17,95.0,95.0,92.3,93.0,246928.0,LOMA
2018-01-18,95.0,95.0,92.5,93.65,118042.0,LOMA
2018-01-19,93.75,95.0,91.6,94.5,197963.0,LOMA
2018-01-22,95.0,95.5,92.15,95.0,89336.0,LOMA
2018-01-23,95.0,96.5,93.25,94.6,254046.0,LOMA
2018-01-24,95.0,97.5,93.35,94.0,143173.0,LOMA
2018-01-25,94.0,94.7,91.8,94.35,118586.0,LOMA
2018-01-26,95.3,96.2,93.8,94.3,130962.0,LOMA
2018-01-29,96.65,96.65,91.05,93.0,85160.0,LOMA
2018-01-30,92.75,94.0,88.5,90.6,108661.0,LOMA
2018-01-31,90.8,94.0,90.8,93.7,142607.0,LOMA
2018-02-01,95.0,96.0,92.3,93.5,182356.0,LOMA
2018-02-02,94.0,94.0,89.4,90.1,217808.0,LOMA
2018-02-05,90.1,90.1,84.5,85.6,176701.0,LOMA
2018-02-06,82.3,89.0,81.1,84.75,334193.0,LOMA
2018-02-07,87.0,90.0,85.9,87.1,110176.0,LOMA
2018-02-08,90.6,90.6,85.1,87.0,99367.0,LOMA
2018-02-09,88.7,88.7,83.95,86.4,119026.0,LOMA
2018-02-14,87.0,93.5,87.0,93.0,114545.0,LOMA
2018-02-15,93.05,95.0,89.7,90.8,141586.0,LOMA
2018-02-16,91.1,92.5,89.0,90.8,204085.0,LOMA
2018-02-19,91.0,92.8,90.0,92.25,46627.0,LOMA
2018-02-20,92.2,92.5,90.0,92.0,116459.0,LOMA
2018-02-21,90.5,92.0,90.0,91.05,21326.0,LOMA
2018-02-22,91.25,93.0,90.5,90.5,51985.0,LOMA
2018-02-23,90.6,91.85,88.5,89.5,38255.0,LOMA
2018-02-26,92.0,92.0,88.1,90.0,43922.0,LOMA
2018-02-27,91.5,92.0,88.5,90.2,52027.0,LOMA
2018-02-28,90.5,90.5,87.0,88.5,53957.0,LOMA
2018-03-01,88.5,90.0,86.0,86.9,40109.0,LOMA
2018-03-02,87.0,87.0,84.5,86.0,125291.0,LOMA
2018-03-05,87.0,91.4,86.0,90.1,134019.0,LOMA
2018-03-06,90.5,91.0,87.5,89.8,59393.0,LOMA
2018-03-07,89.9,90.0,89.25,89.95,61182.0,LOMA
2018-03-08,91.0,92.0,87.25,89.0,111301.0,LOMA
2018-03-09,90.0,91.0,89.4,89.4,241203.0,LOMA
2018-03-12,89.45,90.0,87.0,89.0,136884.0,LOMA
2018-03-13,89.05,90.7,89.05,89.5,98304.0,LOMA
2018-03-14,89.45,90.0,87.5,88.5,61794.0,LOMA
2018-03-15,88.5,90.4,86.7,90.0,27918.0,LOMA
2018-03-16,90.1,91.0,88.5,89.9,64911.0,LOMA
2018-03-19,89.0,90.5,86.5,86.5,140512.0,LOMA
2018-03-20,86.0,87.5,85.05,86.95,52011.0,LOMA
2018-03-21,87.0,89.0,86.6,86.8,46285.0,LOMA
2018-03-22,86.0,86.0,83.5,84.75,142936.0,LOMA
2018-03-23,83.5,85.1,82.75,83.5,53280.0,LOMA
2018-03-26,84.0,87.0,83.2,84.5,187362.0,LOMA
2018-03-27,86.0,88.0,84.0,86.5,107037.0,LOMA
2018-03-28,86.5,87.0,85.0,86.4,74830.0,LOMA
2018-04-03,86.4,87.0,85.8,86.5,32175.0,LOMA
2018-04-04,86.5,88.0,85.5,88.0,80543.0,LOMA
2018-04-05,87.95,88.55,87.05,87.1,23237.0,LOMA
2018-04-06,88.95,88.95,87.65,88.9,37566.0,LOMA
2018-04-09,90.0,90.0,87.2,88.0,117967.0,LOMA
2018-04-10,88.0,89.9,87.0,89.2,185715.0,LOMA
2018-04-11,89.1,89.1,87.15,88.0,71088.0,LOMA
2018-04-12,86.8,89.75,86.8,88.5,55813.0,LOMA
2018-04-13,88.5,88.5,86.0,87.5,53694.0,LOMA
2018-04-16,87.5,87.5,85.0,87.1,44049.0,LOMA
2018-04-17,86.65,87.0,85.2,86.0,26412.0,LOMA
2018-04-18,85.7,90.0,85.7,89.2,35542.0,LOMA
2018-04-19,89.0,89.0,85.8,86.6,34308.0,LOMA
2018-04-20,86.3,86.95,85.75,86.0,33308.0,LOMA
2018-04-23,87.0,88.0,86.15,86.6,44326.0,LOMA
2018-04-24,88.4,88.4,83.5,85.0,50630.0,LOMA
2018-04-25,84.0,85.0,82.1,84.0,44629.0,LOMA
2018-04-26,84.15,85.0,82.0,84.2,96611.0,LOMA
2018-04-27,84.5,85.5,82.25,84.4,162937.0,LOMA
2018-05-02,84.2,86.0,78.1,81.75,84824.0,LOMA
2018-05-03,79.2,85.0,78.0,83.9,601642.0,LOMA
2018-05-04,83.0,83.0,79.0,80.3,431460.0,LOMA
2018-05-07,79.0,82.95,77.0,77.0,341384.0,LOMA
2018-05-08,78.0,79.0,73.5,75.5,850006.0,LOMA
2018-05-09,74.9,79.5,74.9,79.1,303205.0,LOMA
2018-05-10,79.0,83.5,79.0,83.5,80864.0,LOMA
2018-05-11,83.0,83.0,79.0,80.1,142552.0,LOMA
2018-05-14,79.0,79.0,71.4,72.5,489292.0,LOMA
2018-05-15,70.0,75.0,67.5,72.25,852500.0,LOMA
2018-05-16,73.95,74.0,69.55,73.5,343649.0,LOMA
2018-05-17,75.5,75.5,72.6,74.85,152993.0,LOMA
2018-05-18,76.0,77.95,74.3,74.55,286070.0,LOMA
2018-05-21,75.0,76.1,74.0,74.0,148356.0,LOMA
2018-05-22,74.95,75.0,71.6,73.9,70750.0,LOMA
2018-05-23,73.5,73.5,63.8,63.8,849403.0,LOMA
2018-05-24,62.75,62.75,54.5,56.8,1834768.0,LOMA
2018-05-28,59.1,61.35,58.1,59.05,338140.0,LOMA
2018-05-29,60.5,64.5,60.5,63.6,834471.0,LOMA
2018-05-30,65.0,65.0,62.0,64.5,210527.0,LOMA
2018-05-31,63.0,64.5,60.5,64.25,199265.0,LOMA
2018-06-01,64.0,64.85,61.5,64.5,221248.0,LOMA
2018-06-04,64.15,66.9,63.75,66.5,100892.0,LOMA
2018-06-05,66.7,70.0,66.25,70.0,332820.0,LOMA
2018-06-06,70.0,70.25,67.5,69.4,213780.0,LOMA
2018-06-07,68.45,69.5,66.2,67.0,95583.0,LOMA
2018-06-08,69.5,71.95,69.0,70.0,144810.0,LOMA
2018-06-11,71.0,71.0,69.0,69.75,181270.0,LOMA
2018-06-12,70.1,70.1,67.05,69.0,45293.0,LOMA
2018-06-13,68.8,68.8,66.8,68.0,95513.0,LOMA
2018-06-14,68.0,69.5,66.5,69.5,262719.0,LOMA
2018-06-15,69.25,70.7,65.7,70.7,91117.0,LOMA
2018-06-18,66.5,66.5,62.05,64.0,191474.0,LOMA
2018-06-19,63.2,68.0,63.2,67.5,441817.0,LOMA
2018-06-21,71.5,75.5,68.05,70.0,734169.0,LOMA
2018-06-22,72.0,72.5,69.05,72.5,260481.0,LOMA
2018-06-25,72.45,72.45,67.05,67.25,56925.0,LOMA
2018-06-26,67.4,68.5,65.0,66.0,33917.0,LOMA
2018-06-27,64.0,64.0,59.0,59.0,102478.0,LOMA
2018-06-28,59.0,61.0,45.5,60.25,156462.0,LOMA
2018-06-29,61.0,62.5,57.0,58.2,185353.0,LOMA
2018-07-02,56.15,58.0,45.0,58.0,232258.0,LOMA
2018-07-03,57.5,62.8,57.5,62.0,90344.0,LOMA
2018-07-04,62.0,62.7,59.0,61.25,42474.0,LOMA
2018-07-05,61.95,65.0,61.95,65.0,164996.0,LOMA
2018-07-06,64.75,67.25,62.5,63.0,92455.0,LOMA
2018-07-10,63.0,63.0,60.05,61.7,340805.0,LOMA
2018-07-11,59.0,62.0,59.0,60.7,24442.0,LOMA
2018-07-12,61.1,62.5,58.5,59.5,79863.0,LOMA
2018-07-13,61.0,61.0,56.05,57.8,84007.0,LOMA
2018-07-16,58.0,58.0,56.0,56.5,43898.0,LOMA
2018-07-17,55.0,57.95,55.0,56.65,44913.0,LOMA
2018-07-18,56.95,58.05,56.0,57.85,129411.0,LOMA
2018-07-19,57.35,58.65,56.35,58.0,40078.0,LOMA
2018-07-20,55.1,60.5,55.1,60.5,72274.0,LOMA
2018-07-23,60.45,60.45,57.5,57.75,139198.0,LOMA
2018-07-24,58.55,59.0,56.65,56.7,74956.0,LOMA
2018-07-25,56.75,60.5,56.75,59.0,180358.0,LOMA
2018-07-26,61.0,62.0,60.0,61.75,108467.0,LOMA
2018-07-27,61.9,64.0,61.75,63.5,95550.0,LOMA
2018-07-30,63.5,65.45,62.7,63.0,222943.0,LOMA
2018-07-31,63.5,63.5,61.2,61.85,153389.0,LOMA
2018-08-01,63.0,63.0,60.25,61.25,40050.0,LOMA
2018-08-02,61.95,62.0,58.5,58.5,75366.0,LOMA
2018-08-03,60.0,61.5,59.5,60.0,181812.0,LOMA
2018-08-06,61.5,61.5,58.4,59.0,89570.0,LOMA
2018-08-07,59.0,59.0,56.65,56.7,45244.0,LOMA
2018-08-08,56.0,57.0,54.0,54.7,169976.0,LOMA
2018-08-09,52.85,53.6,51.5,53.0,134069.0,LOMA
2018-08-10,52.0,55.2,50.1,55.1,192941.0,LOMA
2018-08-13,53.1,59.0,53.1,55.1,242792.0,LOMA
2018-08-14,55.1,58.0,55.0,58.0,46282.0,LOMA
2018-08-15,57.95,59.0,55.25,56.5,49169.0,LOMA
2018-08-16,56.45,56.95,53.0,54.8,40870.0,LOMA
2018-08-17,55.0,55.5,51.05,54.45,414558.0,LOMA
2018-08-21,54.2,54.25,51.5,52.5,80021.0,LOMA
2018-08-22,52.95,53.2,51.35,52.85,73774.0,LOMA
2018-08-23,51.7,54.6,51.2,52.5,179597.0,LOMA
2018-08-24,52.5,52.5,48.1,50.3,180003.0,LOMA
2018-08-27,50.5,52.6,50.5,51.5,112133.0,LOMA
2018-08-28,51.0,54.5,50.0,52.0,66669.0,LOMA
2018-08-29,50.3,52.15,50.05,52.0,136869.0,LOMA
2018-08-30,50.55,54.95,49.0,52.95,85536.0,LOMA
2018-08-31,54.0,56.75,54.0,56.75,252573.0,LOMA
2018-09-03,56.3,57.0,52.9,56.0,46947.0,LOMA
2018-09-04,54.0,56.7,54.0,56.7,131481.0,LOMA
2018-09-05,58.6,60.0,56.55,57.5,89102.0,LOMA
2018-09-06,60.15,61.75,58.8,60.8,594604.0,LOMA
2018-09-07,62.0,62.0,57.0,59.5,62132.0,LOMA
2018-09-10,58.0,60.0,57.15,59.3,24024.0,LOMA
2018-09-11,56.95,59.5,56.9,59.45,113889.0,LOMA
2018-09-12,59.5,61.0,57.1,60.7,49951.0,LOMA
2018-09-13,60.0,66.0,60.0,64.1,124583.0,LOMA
2018-09-14,64.0,64.1,61.5,61.55,122620.0,LOMA
2018-09-17,63.0,64.0,61.0,62.8,175222.0,LOMA
2018-09-18,62.65,62.8,61.1,61.4,87163.0,LOMA
2018-09-19,60.15,66.9,60.15,65.8,126747.0,LOMA
2018-09-20,67.0,77.0,65.3,75.0,363533.0,LOMA
2018-09-21,76.45,81.0,72.0,73.8,209691.0,LOMA
2018-09-24,74.85,74.85,67.4,70.0,256400.0,LOMA
2018-09-25,68.0,72.0,65.1,71.7,107777.0,LOMA
2018-09-26,71.75,73.5,70.5,73.0,106548.0,LOMA
2018-09-27,74.0,74.95,69.0,69.1,184694.0,LOMA
2018-09-28,69.75,76.0,69.75,72.55,116038.0,LOMA
2018-10-01,72.0,72.0,67.55,67.85,44509.0,LOMA
2018-10-02,67.5,70.45,67.1,69.8,89735.0,LOMA
2018-10-03,70.5,71.4,68.0,68.2,77407.0,LOMA
2018-10-04,66.9,67.0,63.05,63.05,137025.0,LOMA
2018-10-05,64.1,64.1,55.55,55.55,124741.0,LOMA
2018-10-08,57.2,61.75,57.0,61.0,198628.0,LOMA
2018-10-09,61.0,61.1,57.0,58.65,65446.0,LOMA
2018-10-10,60.0,60.85,58.0,58.5,27582.0,LOMA
2018-10-11,59.1,60.0,56.0,57.8,35888.0,LOMA
2018-10-12,58.0,61.8,57.85,61.45,93915.0,LOMA
2018-10-16,61.0,64.0,61.0,63.0,108515.0,LOMA
2018-10-17,61.4,62.0,59.25,60.5,13826.0,LOMA
2018-10-18,61.9,61.9,59.2,60.5,12487.0,LOMA
2018-10-19,61.9,61.95,59.5,60.95,87749.0,LOMA
2018-10-22,59.0,61.9,59.0,60.5,37722.0,LOMA
2018-10-23,58.05,63.45,58.05,60.75,34258.0,LOMA
2018-10-24,60.0,61.0,58.5,61.0,34690.0,LOMA
2018-10-25,61.9,65.0,61.9,64.25,30853.0,LOMA
2018-10-26,61.05,64.95,61.0,62.5,26679.0,LOMA
2018-10-29,62.55,63.1,59.0,61.0,27466.0,LOMA
2018-10-30,60.0,62.3,59.5,61.4,105416.0,LOMA
2018-10-31,61.35,65.0,61.35,64.0,65386.0,LOMA
2018-11-01,65.05,72.0,65.05,72.0,112027.0,LOMA
2018-11-02,72.0,76.15,72.0,75.4,131650.0,LOMA
2018-11-05,75.4,78.9,73.05,77.5,226739.0,LOMA
2018-11-06,75.5,78.9,73.3,78.0,137675.0,LOMA
2018-11-07,76.0,77.7,73.5,77.0,74254.0,LOMA
2018-11-08,77.1,78.0,74.2,76.55,53674.0,LOMA
2018-11-09,76.55,80.0,75.3,78.2,124239.0,LOMA
2018-11-12,75.5,76.5,72.0,73.1,51250.0,LOMA
2018-11-13,74.2,77.0,71.55,75.5,211126.0,LOMA
2018-11-14,75.0,76.0,74.0,75.4,31720.0,LOMA
2018-11-15,75.4,83.25,75.05,80.1,239578.0,LOMA
2018-11-16,80.0,85.0,78.0,84.95,250033.0,LOMA
2018-11-20,82.0,82.0,75.5,76.9,94568.0,LOMA
2018-11-21,79.5,79.95,75.0,76.05,54545.0,LOMA
2018-11-22,76.4,76.4,73.8,73.8,12707.0,LOMA
2018-11-23,73.8,79.3,73.8,75.5,72044.0,LOMA
2018-11-26,75.2,86.0,75.2,83.0,323370.0,LOMA
2018-11-27,83.2,83.2,81.15,82.3,14650.0,LOMA
2018-11-28,82.3,83.0,81.0,81.0,11843.0,LOMA
2018-11-29,81.0,83.0,78.0,78.0,8972.0,LOMA
2018-12-03,80.0,84.9,78.4,79.2,109847.0,LOMA
2018-12-04,79.8,80.0,77.5,80.0,45980.0,LOMA
2018-12-05,80.0,80.0,77.05,79.0,5254.0,LOMA
2018-12-06,77.0,80.5,77.0,78.5,53962.0,LOMA
2018-12-07,76.45,77.0,72.7,74.0,152722.0,LOMA
2018-12-10,74.0,75.9,72.1,74.0,33081.0,LOMA
2018-12-11,71.2,76.9,71.2,75.8,77348.0,LOMA
2018-12-12,75.8,79.7,73.35,79.7,127292.0,LOMA
2018-12-13,77.5,79.2,76.0,76.0,39082.0,LOMA
2018-12-14,76.0,78.75,75.5,77.25,31542.0,LOMA
2018-12-17,78.35,78.5,75.35,76.9,72722.0,LOMA
2018-12-18,75.0,77.7,74.55,75.0,36350.0,LOMA
2018-12-19,75.0,79.85,75.0,75.0,78124.0,LOMA
2018-12-20,74.5,75.0,73.0,74.85,67554.0,LOMA
2018-12-21,74.0,74.9,72.0,73.1,70707.0,LOMA
2018-12-26,76.75,76.75,72.55,73.65,75467.0,LOMA
2018-12-27,73.8,76.4,73.65,75.0,10846.0,LOMA
2018-12-28,77.35,80.5,77.35,80.5,71902.0,LOMA
2019-01-02,81.0,83.75,80.0,81.75,32793.0,LOMA
2019-01-03,82.0,82.0,79.15,79.5,20260.0,LOMA
2019-01-04,79.0,83.9,79.0,82.4,26662.0,LOMA
2019-01-07,82.4,85.5,82.4,84.9,71267.0,LOMA
2019-01-08,84.0,90.0,84.0,90.0,168475.0,LOMA
2019-01-09,90.8,95.5,89.2,94.0,96178.0,LOMA
2019-01-10,93.0,100.0,91.5,96.7,73362.0,LOMA
2019-01-11,96.0,96.4,93.2,93.5,39322.0,LOMA
2019-01-14,92.5,96.45,90.5,94.9,33222.0,LOMA
2019-01-15,93.0,94.5,92.15,92.15,9852.0,LOMA
2019-01-16,92.0,96.0,92.0,94.8,188884.0,LOMA
2019-01-17,92.05,95.3,90.25,91.6,120162.0,LOMA
2019-01-18,93.0,95.9,92.5,95.4,55812.0,LOMA
2019-01-21,96.5,96.5,93.0,93.0,10223.0,LOMA
2019-01-22,92.8,93.8,91.5,93.2,70020.0,LOMA
2019-01-23,94.8,94.8,90.0,92.0,35471.0,LOMA
2019-01-24,91.65,95.4,91.0,91.0,136653.0,LOMA
2019-01-25,91.0,95.1,91.0,92.7,48209.0,LOMA
2019-01-28,92.0,93.95,91.15,92.0,20980.0,LOMA
2019-01-29,92.45,94.55,90.0,92.0,47632.0,LOMA
2019-01-30,90.1,95.6,90.1,95.5,117901.0,LOMA
2019-01-31,95.0,95.0,92.0,93.5,75847.0,LOMA
2019-02-01,95.9,98.9,94.25,95.0,144211.0,LOMA
2019-02-04,94.9,97.5,94.9,96.0,31058.0,LOMA
2019-02-05,96.0,96.95,95.5,96.0,54012.0,LOMA
2019-02-06,96.0,97.0,93.0,93.9,83887.0,LOMA
2019-02-07,93.6,94.0,89.05,91.0,29032.0,LOMA
2019-02-08,91.15,91.2,88.7,89.5,56245.0,LOMA
2019-02-11,89.65,91.9,89.5,90.0,32851.0,LOMA
2019-02-12,90.2,92.5,90.0,91.5,44141.0,LOMA
2019-02-13,91.5,93.0,87.05,87.15,39154.0,LOMA
2019-02-14,87.15,92.0,87.0,90.5,26258.0,LOMA
2019-02-15,90.25,91.5,90.0,91.2,30411.0,LOMA
2019-02-18,90.0,90.0,88.6,89.05,15305.0,LOMA
2019-02-19,91.0,91.0,86.0,86.0,53621.0,LOMA
2019-02-20,85.15,89.95,85.15,87.0,64270.0,LOMA
2019-02-21,88.2,89.5,87.6,88.3,24871.0,LOMA
2019-02-22,90.15,93.0,88.7,92.1,43311.0,LOMA
2019-02-25,93.0,93.0,89.55,90.75,48765.0,LOMA
2019-02-26,90.7,90.85,89.45,90.2,21061.0,LOMA
2019-02-27,91.0,91.0,85.7,89.0,24840.0,LOMA
2019-02-28,89.0,90.5,87.5,87.6,70770.0,LOMA
2019-03-01,87.25,91.0,87.0,87.6,11252.0,LOMA
2019-03-06,88.05,92.35,87.0,90.2,37718.0,LOMA
2019-03-07,90.1,92.45,89.0,90.3,36701.0,LOMA
2019-03-08,90.8,97.0,90.1,97.0,81938.0,LOMA
2019-03-11,96.5,101.5,96.5,100.3,92222.0,LOMA
2019-03-12,100.3,102.5,99.0,99.0,64272.0,LOMA
2019-03-13,98.0,101.0,97.8,99.5,19004.0,LOMA
2019-03-14,99.75,99.75,95.5,98.0,16298.0,LOMA
2019-03-15,96.9,101.1,96.55,100.75,42376.0,LOMA
2019-03-18,101.1,101.8,97.8,99.25,15402.0,LOMA
2019-03-19,100.0,105.0,100.0,102.0,48906.0,LOMA
2019-03-20,102.5,104.5,100.0,101.0,44365.0,LOMA
2019-03-21,102.0,103.0,96.3,96.5,10579.0,LOMA
2019-03-22,97.0,98.0,93.7,94.0,27128.0,LOMA
2019-03-25,93.9,99.5,90.85,99.0,31068.0,LOMA
2019-03-26,100.0,100.0,94.0,95.4,21964.0,LOMA
2019-03-27,91.55,95.4,91.55,95.35,38358.0,LOMA
2019-03-28,95.1,96.9,94.5,95.2,9412.0,LOMA
2019-03-29,98.0,98.0,93.1,97.0,80817.0,LOMA
2019-04-01,96.95,96.95,92.05,95.5,72533.0,LOMA
2019-04-03,95.2,95.2,93.4,94.95,72323.0,LOMA
2019-04-04,93.0,95.0,93.0,93.25,17154.0,LOMA
2019-04-05,93.15,96.65,93.05,96.15,163770.0,LOMA
2019-04-08,97.0,97.0,94.45,94.6,2644.0,LOMA
2019-04-09,93.5,95.5,93.0,94.0,196342.0,LOMA
2019-04-10,93.95,93.95,92.45,93.95,77229.0,LOMA
2019-04-11,92.05,93.85,92.05,93.0,18996.0,LOMA
2019-04-12,93.0,95.7,93.0,95.1,19244.0,LOMA
2019-04-15,94.0,100.8,94.0,100.25,62148.0,LOMA
2019-04-16,101.3,103.5,99.0,101.0,91726.0,LOMA
2019-04-17,100.0,101.15,98.6,101.0,72910.0,LOMA
2019-04-22,100.85,100.85,95.0,97.5,151600.0,LOMA
2019-04-23,97.5,97.5,95.1,96.5,46287.0,LOMA
2019-04-24,94.0,94.0,85.0,85.0,96266.0,LOMA
2019-04-25,88.0,88.0,80.1,84.8,185916.0,LOMA
2019-04-26,84.0,91.4,84.0,91.35,283540.0,LOMA
2019-04-29,87.0,88.3,86.0,86.4,157798.0,LOMA
2019-04-30,84.75,88.2,83.0,88.0,207666.0,LOMA
2019-05-02,87.0,90.0,87.0,90.0,71207.0,LOMA
2019-05-03,92.0,94.25,92.0,93.7,49306.0,LOMA
2019-05-06,94.5,94.5,89.05,92.7,76238.0,LOMA
2019-05-07,93.2,93.2,88.3,88.5,59187.0,LOMA
2019-05-08,88.7,92.5,86.55,92.5,20518.0,LOMA
2019-05-09,92.3,94.0,91.0,93.5,31017.0,LOMA
2019-05-10,95.0,97.8,92.0,92.25,9557.0,LOMA
2019-05-13,91.5,91.5,90.55,90.55,15060.0,LOMA
2019-05-14,90.55,91.85,87.0,87.0,23884.0,LOMA
2019-05-15,87.0,89.95,86.9,89.95,9840.0,LOMA
2019-05-16,89.1,91.0,88.3,88.5,12417.0,LOMA
2019-05-17,89.0,90.5,85.05,85.1,49629.0,LOMA
2019-05-20,85.3,85.8,84.15,85.0,78282.0,LOMA
2019-05-21,85.3,86.0,84.0,85.0,84725.0,LOMA
2019-05-22,84.75,84.85,82.5,83.9,65423.0,LOMA
2019-05-23,82.95,82.95,81.5,81.6,76462.0,LOMA
2019-05-24,85.0,89.5,81.0,89.0,38661.0,LOMA
2019-05-27,87.0,89.0,86.3,88.5,7638.0,LOMA
2019-05-28,89.5,89.5,82.6,82.6,40087.0,LOMA
2019-05-29,83.95,86.75,80.3,84.55,17114.0,LOMA
2019-05-30,87.95,90.5,84.55,89.5,27571.0,LOMA
2019-05-31,90.95,91.35,86.65,89.25,88317.0,LOMA
2019-06-03,88.0,91.5,86.65,88.15,38695.0,LOMA
2019-06-04,88.0,90.5,87.2,90.0,38727.0,LOMA
2019-06-05,90.0,93.0,89.65,93.0,153457.0,LOMA
2019-06-06,93.0,93.95,91.75,92.0,161392.0,LOMA
2019-06-07,92.5,92.5,90.0,90.0,6378.0,LOMA
2019-06-10,90.15,96.0,89.5,94.4,52760.0,LOMA
2019-06-11,94.4,100.0,92.95,100.0,23039.0,LOMA
2019-06-12,100.0,108.0,100.0,104.8,121905.0,LOMA
2019-06-13,104.0,104.0,96.5,101.7,23737.0,LOMA
2019-06-14,100.05,101.35,98.9,99.5,15869.0,LOMA
2019-06-18,99.45,102.1,99.0,99.25,8929.0,LOMA
2019-06-19,98.25,99.25,97.2,97.25,9903.0,LOMA
2019-06-21,97.4,97.85,96.5,97.85,34774.0,LOMA
2019-06-24,99.9,99.9,96.1,96.5,23077.0,LOMA
2019-06-25,96.0,96.0,94.5,96.0,9916.0,LOMA
2019-06-26,96.5,102.0,95.0,98.75,75455.0,LOMA
2019-06-27,99.0,100.0,96.75,99.75,106084.0,LOMA
2019-06-28,99.0,99.45,96.35,99.2,53918.0,LOMA
2019-07-01,102.2,102.2,98.05,99.5,16739.0,LOMA
2019-07-02,100.0,101.45,100.0,100.8,23611.0,LOMA
2019-07-03,101.05,101.05,95.2,98.7,23867.0,LOMA
2019-07-04,97.0,99.0,97.0,98.0,967.0,LOMA
2019-07-05,98.0,102.0,98.0,100.0,23144.0,LOMA
2019-07-10,100.5,101.55,99.0,101.55,110487.0,LOMA
2019-07-11,101.5,102.85,100.0,102.4,97976.0,LOMA
2019-07-12,102.05,105.95,102.05,104.55,44582.0,LOMA
2019-07-15,103.7,103.7,100.7,100.7,39945.0,LOMA
2019-07-16,100.6,105.4,100.6,105.0,41841.0,LOMA
2019-07-17,105.9,106.0,103.75,106.0,47558.0,LOMA
2019-07-18,104.95,104.95,102.05,104.0,16196.0,LOMA
2019-07-19,103.95,105.0,102.5,104.4,22868.0,LOMA
2019-07-22,101.5,101.75,100.3,101.0,28314.0,LOMA
2019-07-23,101.0,101.0,97.0,100.4,186358.0,LOMA
2019-07-24,101.5,103.8,100.0,102.0,164881.0,LOMA
2019-07-25,103.0,103.0,100.9,102.0,5773.0,LOMA
2019-07-26,102.0,106.5,102.0,105.0,31982.0,LOMA
2019-07-29,105.0,109.4,105.0,109.4,23831.0,LOMA
2019-07-30,110.0,110.0,105.9,109.25,38697.0,LOMA
2019-07-31,110.0,111.5,107.0,107.55,38338.0,LOMA
2019-08-01,108.7,108.7,104.5,105.0,29323.0,LOMA
2019-08-02,104.8,108.5,104.55,108.5,13244.0,LOMA
2019-08-05,106.0,106.0,102.4,104.3,41038.0,LOMA
2019-08-06,104.3,105.25,102.85,104.1,7019.0,LOMA
2019-08-07,100.55,107.6,100.55,106.0,13063.0,LOMA
2019-08-08,108.0,108.0,103.9,105.75,24520.0,LOMA
2019-08-09,102.15,116.75,102.15,116.75,104417.0,LOMA
2019-08-12,81.0,81.0,58.5,61.0,443127.0,LOMA
2019-08-13,71.0,72.65,66.2,71.7,621362.0,LOMA
2019-08-14,72.0,72.0,64.7,65.7,604820.0,LOMA
2019-08-15,65.0,70.3,65.0,70.0,714158.0,LOMA
2019-08-16,69.0,70.1,64.3,65.0,326396.0,LOMA
2019-08-20,64.8,64.8,60.5,62.35,103473.0,LOMA
2019-08-21,63.6,63.6,61.5,62.5,48801.0,LOMA
2019-08-22,62.5,64.3,62.5,64.3,64536.0,LOMA
2019-08-23,65.0,65.15,60.0,60.6,670427.0,LOMA
2019-08-26,60.0,61.6,59.75,60.25,72828.0,LOMA
2019-08-27,59.0,59.35,55.0,56.0,190986.0,LOMA
2019-08-28,58.8,61.55,58.5,60.5,72925.0,LOMA
2019-08-29,61.0,63.8,56.5,58.25,113452.0,LOMA
2019-08-30,59.5,63.0,59.5,61.75,184453.0,LOMA
2019-09-02,64.0,65.0,62.6,65.0,62788.0,LOMA
2019-09-03,66.0,66.0,55.9,58.0,147037.0,LOMA
2019-09-04,57.8,63.0,57.05,60.2,206599.0,LOMA
2019-09-05,64.0,66.35,63.0,66.35,166514.0,LOMA
2019-09-06,68.0,70.0,67.65,69.75,58377.0,LOMA
2019-09-09,71.0,72.5,67.4,68.75,100901.0,LOMA
2019-09-10,68.95,70.5,68.4,70.0,26899.0,LOMA
2019-09-11,70.0,71.6,69.8,71.2,94271.0,LOMA
2019-09-12,71.0,74.0,70.3,74.0,86534.0,LOMA
2019-09-13,75.0,76.0,72.0,75.9,107436.0,LOMA
2019-09-16,75.9,78.85,74.5,75.9,47250.0,LOMA
2019-09-17,75.0,76.8,74.0,75.35,104736.0,LOMA
2019-09-18,74.0,75.7,74.0,74.25,7824.0,LOMA
2019-09-19,74.0,76.0,72.1,76.0,26863.0,LOMA
2019-09-20,76.0,76.0,73.5,74.8,9289.0,LOMA
2019-09-23,74.0,74.0,69.6,71.0,24835.0,LOMA
2019-09-24,70.0,70.5,67.6,68.8,58925.0,LOMA
2019-09-25,66.1,70.5,66.1,70.0,39395.0,LOMA
2019-09-26,70.0,71.85,70.0,70.9,16152.0,LOMA
2019-09-27,72.1,73.5,68.7,73.0,30571.0,LOMA
2019-09-30,72.8,73.5,71.0,72.85,84558.0,LOMA
2019-10-01,73.3,76.0,73.3,76.0,65351.0,LOMA
2019-10-02,76.0,77.75,73.0,76.15,17338.0,LOMA
2019-10-03,76.5,79.05,75.0,79.05,67137.0,LOMA
2019-10-04,78.5,81.95,78.0,81.9,75748.0,LOMA
2019-10-07,81.9,82.5,79.1,79.7,28504.0,LOMA
2019-10-08,79.75,80.0,76.05,78.0,34052.0,LOMA
2019-10-09,77.0,79.7,77.0,79.5,13582.0,LOMA
2019-10-10,79.25,82.75,78.0,82.6,51011.0,LOMA
2019-10-11,82.0,83.0,81.0,83.0,66885.0,LOMA
2019-10-15,81.0,81.25,79.0,81.05,23387.0,LOMA
2019-10-16,81.05,81.05,79.0,81.05,6697.0,LOMA
2019-10-17,82.0,88.6,80.15,86.95,24420.0,LOMA
2019-10-18,86.95,91.0,85.1,87.5,64293.0,LOMA
2019-10-21,85.5,91.4,84.5,91.3,42964.0,LOMA
2019-10-22,90.0,94.5,88.75,94.4,144059.0,LOMA
2019-10-23,94.0,95.35,90.55,93.95,501728.0,LOMA
2019-10-24,91.55,96.5,91.25,96.5,137813.0,LOMA
2019-10-25,95.2,99.9,94.0,97.85,70267.0,LOMA
2019-10-28,97.3,105.6,91.5,96.5,95429.0,LOMA
2019-10-29,100.0,100.0,88.0,89.1,75054.0,LOMA
2019-10-30,90.0,92.25,87.0,92.15,117477.0,LOMA
2019-10-31,90.0,96.1,90.0,95.7,92795.0,LOMA
2019-11-01,98.5,100.75,95.65,95.8,144684.0,LOMA
2019-11-04,96.0,98.0,94.15,97.0,110505.0,LOMA
2019-11-05,97.9,97.9,93.15,94.4,52601.0,LOMA
2019-11-06,93.5,94.3,89.95,92.8,13332.0,LOMA
2019-11-07,94.0,94.0,90.0,92.0,36472.0,LOMA
2019-11-08,93.0,95.0,88.0,90.5,43304.0,LOMA
2019-11-11,93.95,93.95,88.15,88.5,33937.0,LOMA
2019-11-12,87.6,91.75,87.6,91.6,77896.0,LOMA
2019-11-13,91.5,96.55,90.4,92.0,41732.0,LOMA
2019-11-14,92.6,94.05,90.5,91.1,60829.0,LOMA
2019-11-15,91.5,95.2,90.1,93.9,41258.0,LOMA
2019-11-19,95.0,95.0,94.0,94.6,13030.0,LOMA
2019-11-20,94.6,101.35,93.95,101.0,43246.0,LOMA
2019-11-21,100.0,101.0,96.1,99.0,50088.0,LOMA
2019-11-22,98.0,100.5,96.15,98.0,24756.0,LOMA
2019-11-26,98.6,98.6,95.0,96.9,33899.0,LOMA
2019-11-27,96.9,99.0,93.1,99.0,39361.0,LOMA
2019-11-28,100.5,102.0,98.75,99.0,8460.0,LOMA
2019-11-29,99.0,100.0,96.1,98.9,25691.0,LOMA
2019-12-02,101.0,101.0,93.15,94.2,27064.0,LOMA
2019-12-03,94.1,97.95,91.0,91.0,26999.0,LOMA
2019-12-04,91.7,96.0,91.7,95.0,43487.0,LOMA
2019-12-05,96.5,100.0,95.5,100.0,21871.0,LOMA
2019-12-06,100.0,102.5,97.25,97.7,111455.0,LOMA
2019-12-09,100.0,103.7,100.0,102.0,62759.0,LOMA
2019-12-10,103.0,103.5,97.0,97.5,57971.0,LOMA
2019-12-11,99.95,99.95,92.3,96.0,160350.0,LOMA
2019-12-12,98.0,98.5,94.95,98.5,70354.0,LOMA
2019-12-13,100.0,106.0,100.0,103.0,115126.0,LOMA
2019-12-16,103.6,106.0,102.7,105.0,68843.0,LOMA
2019-12-17,105.0,105.0,101.8,103.5,29345.0,LOMA
2019-12-18,104.0,109.0,103.0,107.0,99154.0,LOMA
2019-12-19,108.0,110.9,105.8,107.1,40236.0,LOMA
2019-12-20,107.0,110.5,107.0,109.0,93855.0,LOMA
2019-12-23,109.0,111.85,106.5,109.0,50424.0,LOMA
2019-12-26,111.0,122.9,111.0,121.5,160599.0,LOMA
2019-12-27,124.0,129.95,113.2,116.0,119843.0,LOMA
2019-12-30,116.0,125.0,113.5,125.0,32720.0,LOMA
2020-01-02,124.0,124.75,113.75,116.35,104891.0,LOMA
2020-01-03,116.8,117.5,112.8,115.0,60282.0,LOMA
2020-01-06,115.0,117.6,113.0,117.5,37919.0,LOMA
2020-01-07,117.8,120.0,113.1,116.0,55341.0,LOMA
2020-01-08,116.0,116.0,113.0,114.35,22865.0,LOMA
2020-01-09,115.5,117.6,113.0,117.0,30887.0,LOMA
2020-01-10,119.0,119.0,115.0,116.9,31782.0,LOMA
2020-01-13,117.0,120.5,113.5,114.3,73104.0,LOMA
2020-01-14,114.5,116.05,110.0,115.95,64245.0,LOMA
2020-01-15,117.0,117.0,113.6,115.1,33790.0,LOMA
2020-01-16,116.0,119.3,114.95,119.3,103350.0,LOMA
2020-01-17,120.0,123.3,119.3,119.5,76604.0,LOMA
2020-01-20,122.85,122.85,119.0,122.0,53307.0,LOMA
2020-01-21,122.95,123.0,116.2,120.0,76644.0,LOMA
2020-01-22,122.9,122.9,117.0,121.0,36592.0,LOMA
2020-01-23,122.0,122.0,116.15,117.9,34165.0,LOMA
2020-01-24,120.0,121.0,116.1,119.25,123317.0,LOMA
2020-01-27,119.0,119.0,114.5,117.65,51769.0,LOMA
2020-01-28,117.4,123.1,116.5,122.1,59936.0,LOMA
2020-01-29,122.0,124.75,115.45,117.35,55980.0,LOMA
2020-01-30,119.5,119.5,116.45,118.0,304415.0,LOMA
2020-01-31,118.5,120.0,114.65,116.8,20960.0,LOMA
2020-02-03,116.0,119.0,114.75,119.0,28688.0,LOMA
2020-02-04,118.5,123.0,118.5,120.95,76636.0,LOMA
2020-02-05,123.35,123.35,120.0,121.3,20746.0,LOMA
2020-02-06,122.0,123.35,119.5,123.35,12504.0,LOMA
2020-02-07,123.35,123.45,117.0,117.0,106341.0,LOMA
2020-02-10,117.5,120.7,116.0,117.0,29966.0,LOMA
2020-02-11,116.5,116.8,112.0,112.9,41415.0,LOMA
2020-02-12,112.5,114.85,111.2,112.85,9733.0,LOMA
2020-02-13,112.0,112.0,107.7,109.75,44104.0,LOMA
2020-02-14,110.0,112.0,107.1,108.5,60707.0,LOMA
2020-02-17,109.0,116.0,109.0,113.5,12360.0,LOMA
2020-02-18,113.4,113.4,106.1,108.45,411571.0,LOMA
2020-02-19,109.0,110.0,106.5,109.4,26120.0,LOMA
2020-02-20,109.0,109.1,107.0,107.0,188091.0,LOMA
2020-02-21,106.8,109.0,103.0,104.3,32984.0,LOMA
2020-02-26,102.9,102.9,97.05,100.1,23900.0,LOMA
2020-02-27,100.0,100.0,95.0,97.0,60291.0,LOMA
2020-02-28,95.0,97.0,92.2,97.0,179206.0,LOMA
2020-03-02,95.5,100.0,92.2,98.3,31524.0,LOMA
2020-03-03,99.0,100.9,94.0,94.4,52285.0,LOMA
2020-03-04,94.2,98.0,94.2,97.65,108102.0,LOMA
2020-03-05,98.0,98.0,93.75,97.0,41660.0,LOMA
2020-03-06,96.1,97.75,91.3,97.5,137788.0,LOMA
2020-03-09,94.5,94.5,84.0,86.0,98113.0,LOMA
2020-03-10,86.75,89.75,83.0,86.0,90538.0,LOMA
2020-03-11,86.0,86.9,82.0,85.3,25434.0,LOMA
2020-03-12,85.0,85.0,70.0,70.0,59486.0,LOMA
2020-03-13,72.0,77.9,70.0,76.75,67412.0,LOMA
2020-03-16,75.0,75.0,69.65,70.5,22375.0,LOMA
2020-03-17,70.0,72.05,67.0,68.0,17149.0,LOMA
2020-03-18,72.5,72.5,56.1,56.1,171592.0,LOMA
2020-03-19,56.0,60.6,55.0,60.0,229866.0,LOMA
2020-03-20,62.3,65.5,61.1,62.1,102509.0,LOMA
2020-03-25,63.0,69.45,63.0,68.0,72929.0,LOMA
2020-03-26,69.95,70.5,63.0,64.0,553547.0,LOMA
2020-03-27,65.5,65.5,60.0,60.5,121826.0,LOMA
2020-03-30,61.0,61.45,59.7,60.5,84478.0,LOMA
2020-04-01,61.45,61.5,57.1,60.5,108987.0,LOMA
2020-04-02,61.0,66.5,60.0,66.5,72926.0,LOMA
2020-04-03,67.95,67.95,63.0,67.0,105686.0,LOMA
2020-04-06,67.1,75.0,67.1,72.0,122676.0,LOMA
2020-04-07,76.0,80.0,74.2,78.0,113278.0,LOMA
2020-04-08,80.4,82.3,72.25,74.0,264287.0,LOMA
2020-04-13,74.5,76.75,69.0,72.4,143080.0,LOMA
2020-04-14,75.0,78.6,72.5,77.0,355108.0,LOMA
2020-04-15,76.8,80.0,73.0,79.0,220902.0,LOMA
2020-04-16,79.9,80.85,70.85,73.5,104755.0,LOMA
2020-04-17,77.0,77.5,72.4,75.0,73427.0,LOMA
2020-04-20,75.95,75.95,71.2,74.45,94954.0,LOMA
2020-04-21,74.05,75.1,73.2,73.9,50477.0,LOMA
2020-04-22,74.5,77.3,74.5,77.15,56244.0,LOMA
2020-04-23,77.8,78.0,74.1,75.0,110186.0,LOMA
2020-04-24,76.0,77.5,69.0,75.1,397585.0,LOMA
2020-04-27,78.45,80.05,75.5,80.0,112351.0,LOMA
2020-04-28,81.5,87.0,80.65,87.0,284364.0,LOMA
2020-04-29,88.1,88.15,80.5,83.0,363546.0,LOMA
2020-04-30,80.5,84.0,78.7,83.0,240086.0,LOMA
2020-05-04,80.5,81.0,75.75,77.35,452442.0,LOMA
2020-05-05,79.35,81.5,75.9,80.2,212775.0,LOMA
2020-05-06,80.5,86.0,78.5,83.4,494011.0,LOMA
2020-05-07,84.0,87.5,83.2,86.5,1021796.0,LOMA
2020-05-08,87.75,88.9,83.0,83.7,732242.0,LOMA
2020-05-11,85.0,92.75,83.0,92.4,1007882.0,LOMA
2020-05-12,95.6,103.5,95.6,97.9,851210.0,LOMA
2020-05-13,97.75,98.0,92.0,94.0,220383.0,LOMA
2020-05-14,93.5,97.1,90.0,93.1,244179.0,LOMA
2020-05-15,96.6,97.5,94.3,96.7,195940.0,LOMA
2020-05-18,100.0,103.0,98.65,99.8,303084.0,LOMA
2020-05-19,99.7,109.9,98.0,107.75,371444.0,LOMA
2020-05-20,108.0,110.0,100.5,107.0,475900.0,LOMA
2020-05-21,108.0,111.3,103.9,109.0,251552.0,LOMA
2020-05-22,109.0,109.45,100.0,108.6,346888.0,LOMA
2020-05-26,110.0,115.0,110.0,113.0,254704.0,LOMA
2020-05-27,113.3,115.85,105.5,107.0,252801.0,LOMA
2020-05-28,107.2,109.2,103.9,107.0,456788.0,LOMA
2020-05-29,107.9,108.0,100.0,106.2,145614.0,LOMA
2020-06-01,107.5,111.5,106.0,110.0,125224.0,LOMA
2020-06-02,110.4,115.8,110.4,115.5,182960.0,LOMA
2020-06-03,115.1,123.0,114.0,118.0,279623.0,LOMA
2020-06-04,120.0,120.0,113.2,114.2,102121.0,LOMA
2020-06-05,116.3,121.0,116.0,116.75,203242.0,LOMA
2020-06-08,118.0,123.0,118.0,122.0,319028.0,LOMA
2020-06-09,117.5,121.8,111.25,117.9,221156.0,LOMA
2020-06-10,117.0,117.75,111.5,117.3,219749.0,LOMA
2020-06-11,116.5,116.75,106.0,110.0,261051.0,LOMA
2020-06-12,110.0,113.0,98.0,106.5,412309.0,LOMA
2020-06-16,107.5,114.0,102.0,103.9,387236.0,LOMA
2020-06-17,103.0,104.0,97.0,98.6,204145.0,LOMA
2020-06-18,96.95,97.0,88.7,92.5,146747.0,LOMA
2020-06-19,94.5,102.45,93.85,99.85,158364.0,LOMA
2020-06-22,103.0,103.0,93.0,95.5,148512.0,LOMA
2020-06-23,96.0,99.0,95.5,99.0,216697.0,LOMA
2020-06-24,98.6,98.6,93.8,95.9,87095.0,LOMA
2020-06-25,96.0,99.0,95.8,98.2,96020.0,LOMA
2020-06-26,98.5,98.5,94.5,95.0,41679.0,LOMA
2020-06-29,98.0,98.5,93.5,94.2,127801.0,LOMA
2020-06-30,94.2,94.2,86.9,91.0,104339.0,LOMA
2020-07-01,91.0,94.0,89.3,92.85,94635.0,LOMA
2020-07-02,94.1,99.5,93.2,96.0,93094.0,LOMA
2020-07-03,95.55,98.0,94.0,98.0,32236.0,LOMA
2020-07-06,101.25,106.75,101.0,105.8,304462.0,LOMA
2020-07-07,104.15,104.2,97.05,99.75,415882.0,LOMA
2020-07-08,101.95,102.9,99.0,99.9,209020.0,LOMA
2020-07-13,102.2,104.4,99.05,103.0,322541.0,LOMA
2020-07-14,103.95,103.95,100.0,103.6,239890.0,LOMA
2020-07-15,105.0,110.0,103.5,109.3,280479.0,LOMA
2020-07-16,109.0,111.9,106.5,111.4,170345.0,LOMA
2020-07-17,112.0,115.2,108.0,113.0,488796.0,LOMA
2020-07-20,114.55,114.9,110.0,111.95,374344.0,LOMA
2020-07-21,112.5,119.2,112.0,118.0,404863.0,LOMA
2020-07-22,119.2,126.6,115.0,126.0,651937.0,LOMA
2020-07-23,126.0,134.6,120.7,127.9,820403.0,LOMA
2020-07-24,126.9,130.1,125.2,128.5,544060.0,LOMA
2020-07-27,130.0,134.95,130.0,133.2,624625.0,LOMA
2020-07-28,131.9,133.0,128.1,130.2,538946.0,LOMA
2020-07-29,132.95,133.0,126.5,133.0,316541.0,LOMA
2020-07-30,132.4,133.85,126.0,130.0,266377.0,LOMA
2020-07-31,130.8,130.8,126.5,128.0,300774.0,LOMA
2020-08-03,127.2,143.0,125.0,137.8,591432.0,LOMA
2020-08-04,149.0,149.0,131.65,143.0,1029889.0,LOMA
2020-08-05,143.5,145.0,133.3,135.75,623712.0,LOMA
2020-08-06,135.5,149.3,135.4,147.9,562231.0,LOMA
2020-08-07,147.0,150.25,145.0,146.9,756245.0,LOMA
2020-08-10,148.1,152.0,144.05,146.2,381744.0,LOMA
2020-08-11,147.6,149.0,139.5,143.0,453283.0,LOMA
2020-08-12,144.9,144.9,134.5,136.0,364333.0,LOMA
2020-08-13,137.0,141.45,134.0,134.2,378691.0,LOMA
2020-08-14,134.95,134.95,129.0,131.5,353300.0,LOMA
2020-08-18,131.5,135.0,128.0,132.25,170666.0,LOMA
2020-08-19,133.0,136.1,132.0,134.6,243004.0,LOMA
2020-08-20,133.0,137.0,130.7,137.0,260258.0,LOMA
2020-08-21,138.0,138.0,131.9,134.0,222602.0,LOMA
2020-08-24,134.5,134.5,125.0,129.0,667826.0,LOMA
2020-08-25,128.95,132.0,122.7,130.25,261786.0,LOMA
2020-08-26,130.95,130.95,124.0,124.3,462975.0,LOMA
2020-08-27,125.0,127.2,116.0,119.0,304958.0,LOMA
2020-08-28,120.05,129.95,120.0,127.65,216724.0,LOMA
2020-08-31,129.0,129.6,125.0,127.0,1070153.0,LOMA
2020-09-01,128.0,131.0,124.5,128.0,344748.0,LOMA
2020-09-02,126.8,128.0,121.05,123.25,464395.0,LOMA
2020-09-03,124.1,127.0,120.5,122.4,172550.0,LOMA
2020-09-04,122.5,124.0,119.1,122.9,128514.0,LOMA
2020-09-07,123.9,127.1,122.8,126.4,78732.0,LOMA
2020-09-08,125.9,125.95,121.3,125.8,267291.0,LOMA
2020-09-09,126.8,126.8,122.0,124.5,206506.0,LOMA
2020-09-10,126.75,127.9,125.05,126.0,194457.0,LOMA
2020-09-11,126.6,134.05,124.5,131.2,409005.0,LOMA
2020-09-14,134.0,135.0,127.0,127.4,232876.0,LOMA
2020-09-15,129.65,133.0,127.4,132.2,412267.0,LOMA
2020-09-16,129.0,129.0,120.0,121.0,334072.0,LOMA
2020-09-17,121.0,121.0,108.6,110.5,371957.0,LOMA
2020-09-18,109.1,115.0,109.0,114.0,253368.0,LOMA
2020-09-21,112.0,117.6,107.7,117.5,160657.0,LOMA
2020-09-22,117.0,120.0,114.0,119.0,0.0,LOMA
2020-09-23,118.4,118.4,113.1,114.35,278641.0,LOMA
2020-09-24,112.55,120.0,112.55,119.0,377808.0,LOMA
2020-09-25,119.5,123.9,116.5,122.0,200159.0,LOMA
2020-09-28,124.5,125.4,122.5,123.0,721075.0,LOMA
2020-09-29,122.9,125.0,119.95,124.0,539385.0,LOMA
2020-09-30,124.0,130.3,122.5,128.1,576240.0,LOMA
2020-10-01,130.0,133.0,127.0,133.0,283525.0,LOMA
2020-10-02,130.0,136.0,128.8,136.0,200959.0,LOMA
2020-10-05,137.0,143.5,132.5,140.0,317837.0,LOMA
2020-10-06,143.95,147.5,140.5,144.0,704279.0,LOMA
2020-10-07,144.7,146.1,140.25,144.0,376406.0,LOMA
2020-10-08,146.0,148.0,145.0,147.9,347627.0,LOMA
2020-10-09,144.2,144.2,134.05,140.5,324721.0,LOMA
2020-10-13,141.95,141.95,136.0,139.55,149520.0,LOMA
2020-10-14,140.5,144.0,139.0,143.25,263473.0,LOMA
2020-10-15,142.5,150.0,132.9,148.3,308689.0,LOMA
2020-10-16,149.0,154.5,149.0,153.7,325236.0,LOMA
2020-10-19,153.7,161.0,153.5,155.5,306806.0,LOMA
2020-10-20,157.0,159.95,151.1,152.9,237679.0,LOMA
2020-10-21,152.8,157.0,152.0,156.1,488604.0,LOMA
2020-10-22,156.0,158.0,153.0,158.0,149541.0,LOMA
2020-10-23,158.0,162.8,151.65,160.0,416530.0,LOMA
2020-10-26,159.6,160.0,147.1,148.25,261715.0,LOMA
2020-10-27,147.65,150.6,138.0,139.2,161598.0,LOMA
2020-10-28,135.0,136.0,128.85,133.5,245470.0,LOMA
2020-10-29,133.5,136.7,130.0,135.25,139524.0,LOMA
2020-10-30,138.0,138.0,131.75,133.95,200835.0,LOMA
2020-11-02,138.0,140.0,134.3,137.2,312889.0,LOMA
2020-11-03,138.0,147.0,138.0,143.5,358614.0,LOMA
2020-11-04,146.9,148.75,141.5,143.0,479262.0,LOMA
2020-11-05,142.1,147.5,139.5,143.0,364698.0,LOMA
2020-11-06,147.95,147.95,138.5,138.55,91215.0,LOMA
2020-11-09,144.9,144.9,135.0,136.0,699509.0,LOMA
2020-11-10,137.0,140.5,133.1,138.9,447847.0,LOMA
2020-11-11,140.1,151.0,139.2,148.7,819588.0,LOMA
2020-11-12,149.2,153.5,146.6,147.0,444828.0,LOMA
2020-11-13,147.4,152.0,142.55,145.5,311299.0,LOMA
2020-11-16,146.0,151.0,146.0,150.5,381817.0,LOMA
2020-11-17,149.0,156.9,144.0,156.0,325909.0,LOMA
2020-11-18,156.5,159.5,152.15,155.25,197699.0,LOMA
2020-11-19,157.25,157.25,151.1,154.5,131490.0,LOMA
2020-11-20,152.0,156.0,151.1,155.5,236701.0,LOMA
2020-11-24,155.25,162.55,155.2,162.55,256627.0,LOMA
2020-11-25,167.25,174.5,165.2,166.6,314914.0,LOMA
2020-11-26,169.0,171.0,166.0,168.4,86220.0,LOMA
2020-11-27,168.4,179.25,167.5,172.0,325281.0,LOMA
2020-11-30,172.0,177.0,167.0,170.0,155220.0,LOMA
2020-12-01,172.0,172.0,164.0,169.2,111466.0,LOMA
2020-12-02,169.0,179.35,168.5,170.45,103134.0,LOMA
2020-12-03,170.0,172.95,169.0,171.85,132747.0,LOMA
2020-12-04,174.9,174.9,169.5,170.5,135836.0,LOMA
2020-12-09,165.55,170.25,161.85,163.0,209561.0,LOMA
2020-12-10,163.5,168.95,163.5,167.0,130773.0,LOMA
2020-12-11,167.7,169.25,165.0,168.0,135073.0,LOMA
2020-12-14,166.0,171.9,163.0,166.6,131743.0,LOMA
2020-12-15,167.0,173.6,167.0,170.65,113171.0,LOMA
2020-12-16,172.0,173.95,170.1,171.1,246151.0,LOMA
2020-12-17,175.0,178.0,171.75,178.0,144013.0,LOMA
2020-12-18,178.0,180.5,177.0,180.0,110017.0,LOMA
2020-12-21,178.95,178.95,163.0,173.0,147159.0,LOMA
2020-12-22,173.0,176.0,166.2,172.0,400478.0,LOMA
2020-12-23,168.0,177.0,167.4,176.5,153649.0,LOMA
2020-12-28,173.0,176.55,172.5,176.0,126833.0,LOMA
2020-12-29,177.0,179.95,172.0,175.0,88419.0,LOMA
2020-12-30,179.0,184.0,175.5,182.0,288545.0,LOMA
2021-01-04,181.45,182.0,170.1,173.0,268866.0,LOMA
2021-01-05,173.8,177.0,172.0,173.3,396566.0,LOMA
2021-01-06,177.5,180.0,170.1,176.0,388601.0,LOMA
2021-01-07,176.0,179.0,173.1,174.55,177529.0,LOMA
2021-01-08,178.5,178.5,164.5,168.0,195652.0,LOMA
2021-01-11,167.0,170.0,163.0,166.7,433985.0,LOMA
2021-01-12,165.9,171.0,164.0,169.95,226357.0,LOMA
2021-01-13,170.0,175.5,166.05,169.95,191051.0,LOMA
2021-01-14,170.0,170.0,163.0,163.1,236995.0,LOMA
2021-01-15,163.15,165.0,157.05,160.0,135029.0,LOMA
2021-01-18,160.0,161.9,155.15,156.0,69391.0,LOMA
2021-01-19,158.0,164.0,158.0,163.9,128626.0,LOMA
2021-01-20,165.0,168.05,163.0,166.0,119842.0,LOMA
2021-01-21,168.0,168.0,155.0,157.7,133062.0,LOMA
2021-01-22,159.9,164.3,152.5,156.0,81462.0,LOMA
2021-01-25,157.0,160.0,151.0,151.0,137121.0,LOMA
2021-01-26,151.1,160.0,150.0,159.6,196872.0,LOMA
2021-01-27,160.0,160.0,152.0,156.5,205124.0,LOMA
2021-01-28,157.5,162.25,155.0,162.25,102846.0,LOMA
2021-01-29,164.5,166.75,155.5,157.2,137034.0,LOMA
2021-02-01,159.0,161.0,157.5,159.4,84384.0,LOMA
2021-02-02,165.0,165.0,160.1,165.0,121940.0,LOMA
2021-02-03,166.0,168.0,164.5,166.5,179864.0,LOMA
2021-02-04,166.45,170.0,164.7,167.6,116920.0,LOMA
2021-02-05,169.1,170.0,165.0,167.8,102763.0,LOMA
2021-02-08,166.2,171.8,166.2,170.75,145752.0,LOMA
2021-02-09,170.75,175.7,170.5,175.7,155255.0,LOMA
2021-02-10,175.35,179.0,175.0,178.3,176260.0,LOMA
2021-02-11,178.0,186.0,175.55,185.0,297447.0,LOMA
2021-02-12,181.5,186.0,176.85,179.0,104332.0,LOMA
2021-02-17,179.1,187.0,174.75,181.0,260771.0,LOMA
2021-02-18,181.0,183.0,173.2,177.25,265251.0,LOMA
2021-02-19,179.5,180.0,175.5,176.0,195791.0,LOMA
2021-02-22,178.0,179.0,170.6,172.0,104355.0,LOMA
2021-02-23,169.0,175.0,165.0,175.0,79000.0,LOMA
2021-02-24,178.9,180.0,172.0,176.75,124960.0,LOMA
2021-02-25,178.0,182.0,168.9,171.5,111425.0,LOMA
2021-02-26,175.0,175.0,165.0,168.3,121599.0,LOMA
2021-03-01,170.5,172.8,168.0,172.0,69550.0,LOMA
2021-03-02,174.7,174.7,167.0,170.5,140810.0,LOMA
2021-03-03,171.0,172.75,164.5,170.1,133858.0,LOMA
2021-03-04,169.9,173.95,165.1,170.0,272563.0,LOMA
2021-03-05,170.0,171.5,162.0,163.5,181266.0,LOMA
2021-03-08,163.0,166.6,156.2,163.5,106644.0,LOMA
2021-03-09,162.9,167.5,162.0,165.0,106546.0,LOMA
2021-03-10,166.0,169.0,164.6,169.0,299242.0,LOMA
2021-03-11,169.3,177.95,162.75,177.5,361343.0,LOMA
2021-03-12,178.0,181.0,174.0,179.5,143117.0,LOMA
2021-03-15,179.5,183.9,178.7,182.65,185044.0,LOMA
2021-03-16,182.5,183.0,178.5,180.0,166197.0,LOMA
2021-03-17,179.0,181.5,177.25,179.7,168854.0,LOMA
2021-03-18,179.7,179.7,177.0,177.75,177277.0,LOMA
2021-03-19,177.0,180.85,173.0,179.45,184821.0,LOMA
2021-03-22,179.0,181.25,176.0,180.3,141293.0,LOMA
2021-03-23,181.0,182.0,177.35,180.9,60801.0,LOMA
2021-03-25,178.5,180.9,172.05,176.3,219988.0,LOMA
2021-03-26,178.0,180.9,173.0,177.9,220422.0,LOMA
2021-03-29,172.0,182.0,172.0,178.95,128130.0,LOMA
2021-03-30,180.0,187.4,179.25,187.0,322597.0,LOMA
2021-03-31,187.0,187.7,185.0,186.35,205005.0,LOMA
2021-04-05,186.5,190.5,183.75,189.8,110624.0,LOMA
2021-04-06,191.0,195.0,191.0,193.85,158009.0,LOMA
2021-04-07,193.8,198.5,191.8,198.2,185891.0,LOMA
2021-04-08,197.0,198.0,191.0,191.8,334904.0,LOMA
2021-04-09,192.9,193.0,187.0,189.35,111485.0,LOMA
2021-04-12,189.35,189.35,185.4,188.05,138842.0,LOMA
2021-04-13,187.75,187.75,183.5,185.1,138207.0,LOMA
2021-04-14,186.0,186.9,181.4,182.55,258954.0,LOMA
2021-04-15,183.0,184.0,181.5,184.0,132488.0,LOMA
2021-04-16,184.0,186.0,181.2,182.0,149821.0,LOMA
2021-04-19,182.0,185.0,180.0,183.75,113852.0,LOMA
2021-04-20,183.75,188.0,178.0,178.65,881935.0,LOMA
2021-04-21,180.0,185.0,178.0,183.35,123318.0,LOMA
2021-04-22,183.4,183.4,179.8,180.25,268205.0,LOMA
2021-04-23,180.0,185.45,178.1,183.95,106294.0,LOMA
2021-04-26,183.5,186.0,180.0,185.65,125586.0,LOMA
2021-04-27,186.2,190.0,186.2,187.45,180397.0,LOMA
2021-04-28,187.95,191.0,186.0,186.9,135575.0,LOMA
2021-04-29,190.9,190.9,182.0,185.35,185878.0,LOMA
2021-04-30,186.0,186.95,183.0,186.0,102446.0,LOMA
2021-05-03,185.0,186.0,183.6,185.15,97574.0,LOMA
2021-05-04,183.5,187.05,183.5,186.3,229200.0,LOMA
2021-05-05,186.4,189.5,186.4,186.7,159352.0,LOMA
2021-05-06,186.7,188.25,185.05,186.2,152602.0,LOMA
2021-05-07,188.0,190.0,187.0,187.45,224914.0,LOMA
2021-05-10,187.4,189.5,187.0,187.8,277844.0,LOMA
2021-05-11,187.0,189.0,185.0,187.0,110369.0,LOMA
2021-05-12,187.0,189.0,184.0,188.65,90233.0,LOMA
2021-05-13,189.0,191.0,185.5,191.0,96850.0,LOMA
2021-05-14,192.15,201.8,192.15,199.3,160605.0,LOMA
2021-05-17,199.0,210.0,197.5,209.6,302981.0,LOMA
2021-05-18,208.5,210.75,207.5,208.0,232957.0,LOMA
2021-05-19,205.0,212.95,200.55,211.95,237923.0,LOMA
2021-05-20,211.85,217.8,207.15,217.3,243821.0,LOMA
2021-05-21,217.4,221.0,210.0,214.0,277038.0,LOMA
2021-05-26,208.5,220.0,202.0,216.25,148339.0,LOMA
2021-05-27,216.25,220.0,213.0,214.1,257745.0,LOMA
2021-05-28,214.2,222.0,213.0,220.0,168292.0,LOMA
2021-05-31,222.0,229.9,219.0,225.95,75943.0,LOMA
2021-06-01,225.0,233.35,224.85,232.1,238046.0,LOMA
2021-06-02,234.0,240.0,233.0,236.85,242095.0,LOMA
2021-06-03,230.0,234.0,229.0,232.3,339430.0,LOMA
2021-06-04,234.75,237.0,228.25,236.1,342698.0,LOMA
2021-06-07,240.1,247.0,238.05,240.5,634360.0,LOMA
2021-06-08,236.7,239.7,234.05,236.3,322995.0,LOMA
2021-06-09,236.65,242.2,234.9,240.65,214404.0,LOMA
2021-06-10,240.0,245.7,239.3,242.4,573209.0,LOMA
2021-06-11,243.3,243.3,235.1,235.95,190076.0,LOMA
2021-06-14,236.8,238.6,232.9,234.0,405477.0,LOMA
2021-06-15,234.5,238.0,229.35,236.5,130127.0,LOMA
2021-06-16,239.2,239.2,236.0,237.55,157675.0,LOMA
2021-06-17,236.95,236.95,232.05,234.0,95907.0,LOMA
2021-06-18,231.0,231.75,223.05,230.3,128787.0,LOMA
2021-06-22,230.3,235.4,220.25,235.2,125298.0,LOMA
2021-06-23,238.0,240.0,234.65,238.8,185327.0,LOMA
2021-06-24,235.0,246.55,235.0,244.4,142181.0,LOMA
2021-06-25,238.0,238.9,228.0,237.4,174534.0,LOMA
2021-06-28,236.0,237.0,233.0,234.95,108640.0,LOMA
2021-06-29,234.95,234.95,231.5,233.7,85912.0,LOMA
2021-06-30,233.0,235.05,230.0,231.75,98876.0,LOMA
2021-07-01,235.0,235.0,224.25,225.05,124048.0,LOMA
2021-07-02,226.0,229.9,226.0,229.5,17032.0,LOMA
2021-07-05,229.5,247.0,229.5,242.85,72943.0,LOMA
2021-07-06,243.5,243.5,234.2,239.9,203251.0,LOMA
2021-07-07,241.75,243.0,235.25,241.7,129568.0,LOMA
2021-07-08,236.85,241.05,229.0,240.3,104509.0,LOMA
2021-07-12,242.65,255.0,242.65,252.6,103078.0,LOMA
2021-07-13,251.1,253.0,248.0,248.55,186253.0,LOMA
2021-07-14,251.5,258.0,251.5,256.95,154236.0,LOMA
2021-07-15,257.4,265.0,257.4,264.65,340060.0,LOMA
2021-07-16,268.0,268.0,258.0,258.6,119784.0,LOMA
2021-07-19,248.0,257.45,247.0,255.95,162574.0,LOMA
2021-07-20,255.0,269.0,255.0,264.9,144134.0,LOMA
2021-07-21,267.0,273.0,266.0,272.45,141128.0,LOMA
2021-07-22,273.4,277.0,270.5,276.3,100918.0,LOMA
2021-07-23,277.75,281.0,275.5,276.3,161922.0,LOMA
2021-07-26,280.0,287.0,280.0,285.1,108462.0,LOMA
2021-07-27,284.8,287.0,282.1,284.45,109704.0,LOMA
2021-07-28,284.4,294.0,284.0,291.9,114575.0,LOMA
2021-07-29,294.85,299.0,294.0,297.05,174681.0,LOMA
2021-07-30,297.3,297.3,288.45,289.65,292548.0,LOMA
2021-08-02,289.0,294.0,285.0,289.0,168669.0,LOMA
2021-08-03,289.0,292.95,286.0,292.15,120347.0,LOMA
2021-08-04,295.0,296.0,284.0,288.35,444705.0,LOMA
2021-08-05,296.0,296.0,280.0,287.0,713109.0,LOMA
2021-08-06,288.45,292.8,280.1,283.6,379133.0,LOMA
2021-08-09,283.5,283.6,271.5,275.55,162064.0,LOMA
2021-08-10,277.0,285.0,275.55,283.0,289529.0,LOMA
2021-08-11,283.0,290.45,281.9,287.05,184334.0,LOMA
2021-08-12,283.0,286.5,283.0,284.45,224804.0,LOMA
2021-08-13,285.5,286.5,276.1,285.75,231187.0,LOMA
2021-08-17,285.25,285.25,272.0,276.55,551853.0,LOMA
2021-08-18,276.8,276.8,266.1,271.15,548083.0,LOMA
2021-08-19,269.9,269.9,256.0,263.15,222961.0,LOMA
2021-08-20,263.0,267.0,260.0,264.75,195293.0,LOMA
2021-08-23,265.6,271.0,264.75,267.25,128778.0,LOMA
2021-08-24,270.0,277.4,268.0,276.5,209251.0,LOMA
2021-08-25,277.1,279.5,272.75,275.05,224665.0,LOMA
2021-08-26,280.0,280.0,268.7,269.05,228686.0,LOMA
2021-08-27,271.0,279.0,271.0,274.95,262572.0,LOMA
2021-08-30,279.0,288.0,277.3,281.8,305615.0,LOMA
2021-08-31,283.5,285.25,277.3,278.35,235463.0,LOMA
2021-09-01,279.0,282.85,275.5,276.9,425600.0,LOMA
2021-09-02,283.0,283.0,273.5,276.75,305347.0,LOMA
2021-09-03,270.0,274.6,267.65,271.35,217778.0,LOMA
2021-09-06,271.35,278.0,271.35,276.25,52099.0,LOMA
2021-09-07,277.0,279.0,275.0,277.35,267536.0,LOMA
2021-09-08,277.4,278.15,266.0,267.9,575846.0,LOMA
2021-09-09,270.0,271.8,257.15,262.75,119474.0,LOMA
2021-09-10,263.05,265.6,254.0,259.7,126830.0,LOMA
2021-09-13,274.0,287.85,262.0,263.75,222425.0,LOMA
2021-09-14,264.5,264.5,253.05,258.75,196704.0,LOMA
2021-09-15,259.0,264.0,253.5,256.65,145814.0,LOMA
2021-09-16,257.45,260.0,248.0,259.7,295456.0,LOMA
2021-09-17,260.0,267.0,260.0,263.95,193580.0,LOMA
2021-09-20,257.5,262.2,254.5,261.15,240461.0,LOMA
2021-09-21,261.0,272.0,255.0,269.9,177183.0,LOMA
2021-09-22,272.5,272.5,264.0,267.9,308267.0,LOMA
2021-09-23,271.55,271.55,264.0,268.1,182131.0,LOMA
2021-09-24,269.9,269.9,261.0,263.05,92990.0,LOMA
2021-09-27,259.85,271.0,259.85,270.5,92594.0,LOMA
2021-09-28,271.5,275.85,267.0,272.4,108726.0,LOMA
2021-09-29,273.0,278.5,270.0,276.35,280629.0,LOMA
2021-09-30,279.0,279.8,275.5,277.55,617578.0,LOMA
2021-10-01,277.0,280.0,272.5,275.0,185508.0,LOMA
2021-10-04,269.0,275.9,269.0,270.5,244367.0,LOMA
2021-10-05,268.9,269.0,265.0,265.7,300181.0,LOMA
2021-10-06,264.1,266.0,259.1,263.4,206418.0,LOMA
2021-10-07,260.75,269.0,260.75,265.1,178202.0,LOMA
2021-10-12,267.0,268.0,263.8,266.0,167896.0,LOMA
2021-10-13,267.0,270.0,266.5,269.6,158483.0,LOMA
2021-10-14,270.0,277.4,269.6,275.9,215001.0,LOMA
2021-10-15,277.0,284.0,277.0,281.75,168681.0,LOMA
2021-10-18,285.0,288.0,281.0,281.75,215070.0,LOMA
2021-10-19,281.0,283.0,276.0,281.3,207411.0,LOMA
2021-10-20,281.0,285.75,276.95,284.2,206384.0,LOMA
2021-10-21,284.15,285.65,277.05,277.7,381550.0,LOMA
2021-10-22,277.7,281.0,275.0,279.05,149317.0,LOMA
2021-10-25,275.05,282.0,275.05,279.45,351552.0,LOMA
2021-10-26,280.1,285.5,280.1,284.15,182893.0,LOMA
2021-10-27,281.8,282.7,275.5,276.25,239903.0,LOMA
2021-10-28,277.0,285.5,277.0,280.95,160651.0,LOMA
2021-10-29,284.95,284.95,274.0,277.05,276985.0,LOMA
2021-11-01,271.1,290.5,271.1,288.85,138023.0,LOMA
2021-11-02,290.0,303.0,289.1,297.95,143239.0,LOMA
2021-11-03,303.0,308.55,303.0,304.0,174761.0,LOMA
2021-11-04,305.0,306.8,295.45,299.85,254126.0,LOMA
2021-11-05,304.0,315.0,298.0,310.05,296000.0,LOMA
2021-11-08,317.0,322.0,309.0,311.15,930389.0,LOMA
2021-11-09,312.0,319.0,305.0,308.0,475900.0,LOMA
2021-11-10,312.0,316.0,304.9,311.7,328235.0,LOMA
2021-11-11,310.0,321.1,310.0,316.4,369332.0,LOMA
2021-11-12,320.7,320.95,292.0,302.05,720517.0,LOMA
2021-11-15,309.0,310.0,281.0,290.85,560510.0,LOMA
2021-11-16,286.1,294.0,275.5,284.9,264332.0,LOMA
2021-11-17,290.0,290.0,278.5,288.45,294473.0,LOMA
2021-11-18,291.0,298.0,280.1,295.95,273683.0,LOMA
2021-11-19,296.0,301.5,281.0,282.4,344758.0,LOMA
2021-11-23,272.0,280.0,263.6,269.0,579900.0,LOMA
2021-11-24,270.0,273.0,265.0,267.85,326844.0,LOMA
2021-11-25,265.0,280.0,265.0,278.5,126469.0,LOMA
2021-11-26,265.95,272.9,254.0,264.9,461701.0,LOMA
2021-11-29,264.9,269.7,251.1,254.8,463095.0,LOMA
2021-11-30,254.7,259.3,246.0,256.7,309312.0,LOMA
2021-12-01,260.0,271.0,260.0,270.0,257977.0,LOMA
2021-12-02,273.9,275.75,263.0,271.25,194091.0,LOMA
2021-12-03,278.0,280.0,266.5,271.55,146003.0,LOMA
2021-12-06,279.5,285.5,267.05,273.8,298055.0,LOMA
2021-12-07,278.0,282.7,274.0,278.5,316420.0,LOMA
2021-12-09,276.0,282.0,260.0,263.8,494895.0,LOMA
2021-12-10,267.0,268.0,259.1,261.0,194177.0,LOMA
2021-12-13,261.0,263.45,250.0,253.5,270948.0,LOMA
2021-12-14,250.0,256.5,239.5,247.3,79036.0,LOMA
2021-12-15,248.0,255.0,237.0,241.2,121206.0,LOMA
2021-12-16,241.0,251.0,241.0,249.8,170248.0,LOMA
2021-12-17,254.0,256.0,245.1,254.2,113330.0,LOMA
2021-12-20,253.0,253.0,243.5,250.4,186755.0,LOMA
2021-12-21,250.0,259.8,250.0,256.1,96058.0,LOMA
2021-12-22,257.5,262.0,257.5,261.0,92481.0,LOMA
2021-12-23,263.0,269.9,263.0,267.3,173840.0,LOMA
2021-12-27,270.0,272.0,261.6,263.7,223324.0,LOMA
2021-12-28,262.0,269.2,262.0,264.7,205134.0,LOMA
2021-12-29,262.0,270.75,257.0,264.75,213748.0,LOMA
2021-12-30,270.0,274.0,265.0,272.2,248293.0,LOMA
2022-01-03,272.2,276.8,268.0,274.0,161154.0,LOMA
2022-01-04,272.0,279.5,269.0,270.7,318107.0,LOMA
2022-01-05,265.5,276.5,260.0,273.0,112331.0,LOMA
2022-01-06,272.0,276.0,263.05,273.5,120538.0,LOMA
2022-01-07,274.0,276.0,268.2,274.6,103020.0,LOMA
2022-01-10,274.6,277.5,269.5,270.55,180603.0,LOMA
2022-01-11,272.5,275.0,270.5,270.6,160014.0,LOMA
2022-01-12,275.0,275.0,268.0,270.5,141826.0,LOMA
2022-01-13,271.0,275.0,267.0,268.75,193829.0,LOMA
2022-01-14,274.5,274.5,264.0,268.4,136908.0,LOMA
2022-01-17,263.0,277.7,263.0,277.3,69067.0,LOMA
2022-01-18,265.4,273.5,264.0,266.8,170883.0,LOMA
2022-01-19,272.0,272.0,260.2,264.0,216405.0,LOMA
2022-01-20,265.0,270.0,263.5,267.2,118220.0,LOMA
2022-01-21,268.4,268.5,259.0,260.95,224835.0,LOMA
2022-01-24,256.0,260.5,240.0,257.1,141102.0,LOMA
2022-01-25,261.0,271.0,251.4,266.3,94545.0,LOMA
2022-01-26,264.0,271.9,260.5,266.05,114630.0,LOMA
2022-01-27,260.0,270.5,260.0,264.25,122165.0,LOMA
2022-01-28,272.0,277.0,259.5,266.95,220670.0,LOMA
2022-01-31,268.0,279.5,267.0,279.05,87083.0,LOMA
2022-02-01,279.0,285.5,269.2,282.1,137053.0,LOMA
2022-02-02,283.0,284.0,276.0,276.55,193841.0,LOMA
2022-02-03,279.0,279.0,269.75,271.95,113470.0,LOMA
2022-02-04,271.9,272.0,265.5,269.0,97798.0,LOMA
2022-02-07,269.5,275.0,263.0,268.7,95803.0,LOMA
2022-02-08,264.0,271.0,264.0,267.55,105004.0,LOMA
2022-02-09,268.1,270.9,266.0,268.75,92908.0,LOMA
2022-02-10,271.8,271.8,266.0,269.85,68307.0,LOMA
2022-02-11,272.0,277.85,266.8,270.9,113585.0,LOMA
2022-02-14,271.0,274.0,266.0,272.95,60100.0,LOMA
2022-02-15,274.0,280.0,268.0,274.35,97091.0,LOMA
2022-02-16,277.95,283.0,274.0,274.85,126420.0,LOMA
2022-02-17,274.85,280.0,274.0,275.05,1578627.0,LOMA
2022-02-18,275.0,280.0,265.5,266.8,184850.0,LOMA
2022-02-21,270.0,272.0,266.5,270.5,14407.0,LOMA
2022-02-22,270.0,270.0,263.8,264.75,196747.0,LOMA
2022-02-23,265.0,268.9,259.8,261.65,671655.0,LOMA
2022-02-24,259.7,259.7,240.0,250.95,472804.0,LOMA
2022-02-25,254.0,254.0,237.0,238.95,299809.0,LOMA
2022-03-02,236.0,237.0,225.75,230.35,392593.0,LOMA
2022-03-03,235.0,237.75,216.5,224.55,615908.0,LOMA
2022-03-04,226.0,227.0,213.3,217.6,578183.0,LOMA
2022-03-07,220.0,224.95,210.0,213.4,481472.0,LOMA
2022-03-08,210.0,218.0,210.0,212.0,262553.0,LOMA
2022-03-09,211.7,222.65,210.0,221.1,533811.0,LOMA
2022-03-10,227.0,227.0,219.45,224.2,249866.0,LOMA
2022-03-11,225.0,226.95,219.0,221.15,137492.0,LOMA
2022-03-14,218.0,218.0,208.25,210.2,187849.0,LOMA
2022-03-15,210.2,214.05,208.1,213.0,95798.0,LOMA
2022-03-16,210.2,226.0,210.2,225.45,217806.0,LOMA
2022-03-17,218.0,230.0,218.0,229.5,89098.0,LOMA
2022-03-18,230.0,233.15,228.0,230.0,101920.0,LOMA
2022-03-21,234.45,234.45,228.45,230.0,56037.0,LOMA
2022-03-22,229.0,233.9,229.0,230.1,91829.0,LOMA
2022-03-23,227.1,230.0,222.95,223.0,209689.0,LOMA
2022-03-25,233.0,233.9,225.0,226.15,128222.0,LOMA
2022-03-28,229.9,229.9,223.1,224.0,205849.0,LOMA
2022-03-29,227.75,229.0,222.3,223.3,57160.0,LOMA
2022-03-30,223.0,228.65,220.0,221.0,67113.0,LOMA
2022-03-31,221.5,224.65,216.15,217.15,55757.0,LOMA
2022-04-01,219.0,222.25,214.2,218.15,207981.0,LOMA
2022-04-04,220.0,229.8,219.0,229.15,259918.0,LOMA
2022-04-05,229.0,231.75,223.4,226.85,149066.0,LOMA
2022-04-06,225.0,227.95,219.0,224.95,111799.0,LOMA
2022-04-07,228.0,234.0,222.5,232.2,121371.0,LOMA
2022-04-08,232.0,235.0,230.5,231.45,59028.0,LOMA
2022-04-11,233.9,233.9,227.0,231.65,61459.0,LOMA
2022-04-12,232.0,232.0,227.55,229.0,73714.0,LOMA
2022-04-13,233.65,237.0,227.0,236.6,70384.0,LOMA
2022-04-18,239.6,245.0,236.8,243.05,102080.0,LOMA
2022-04-19,245.0,250.3,244.0,249.95,135843.0,LOMA
2022-04-20,249.95,252.0,246.25,250.65,55861.0,LOMA
2022-04-21,251.0,256.0,248.85,255.85,228624.0,LOMA
2022-04-22,245.45,245.45,240.0,242.45,128031.0,LOMA
2022-04-25,242.55,247.0,231.0,246.15,123948.0,LOMA
2022-04-26,243.0,243.45,236.0,240.75,87994.0,LOMA
2022-04-27,241.5,244.75,236.0,236.1,94752.0,LOMA
2022-04-28,236.1,245.0,230.05,239.45,77756.0,LOMA
2022-04-29,240.7,249.75,232.0,235.65,123252.0,LOMA
2022-05-02,238.5,238.5,231.0,234.95,79469.0,LOMA
2022-05-03,236.65,244.2,235.0,243.65,221145.0,LOMA
2022-05-04,243.45,243.45,236.0,241.15,114178.0,LOMA
2022-05-05,242.0,242.0,231.5,235.7,99690.0,LOMA
2022-05-06,229.45,236.1,218.45,233.25,38812.0,LOMA
2022-05-09,225.0,228.95,222.0,223.7,100860.0,LOMA
2022-05-10,223.7,226.15,216.25,219.15,165069.0,LOMA
2022-05-11,219.5,225.95,219.5,224.5,95659.0,LOMA
2022-05-12,220.0,228.5,218.0,222.6,100517.0,LOMA
2022-05-13,222.0,235.0,219.95,234.0,44120.0,LOMA
2022-05-16,230.5,244.0,230.5,243.05,139050.0,LOMA
2022-05-17,243.0,251.0,243.0,246.0,210376.0,LOMA
2022-05-19,245.75,246.5,235.0,236.1,56580.0,LOMA
2022-05-20,242.75,244.75,236.3,241.5,45412.0,LOMA
2022-05-23,241.5,247.0,238.5,246.0,59542.0,LOMA
2022-05-24,246.0,248.75,240.05,246.6,48976.0,LOMA
2022-05-26,248.0,251.85,245.0,250.55,89446.0,LOMA
2022-05-27,250.0,255.0,248.45,251.5,64135.0,LOMA
2022-05-30,253.0,256.0,250.0,254.7,25758.0,LOMA
2022-05-31,252.0,252.5,244.95,248.45,92189.0,LOMA
2022-06-01,249.0,249.0,241.75,244.6,20487.0,LOMA
2022-06-02,245.0,258.0,241.5,254.6,84702.0,LOMA
2022-06-03,253.5,256.0,247.75,255.15,25527.0,LOMA
2022-06-06,255.5,256.0,247.75,251.2,58419.0,LOMA
2022-06-07,252.0,257.5,248.35,257.3,52954.0,LOMA
2022-06-08,257.2,262.0,252.5,257.45,169831.0,LOMA
2022-06-09,258.0,258.0,248.25,252.05,233029.0,LOMA
2022-06-10,253.0,255.0,244.2,254.15,174725.0,LOMA
2022-06-13,254.0,254.0,241.1,252.9,113712.0,LOMA
2022-06-14,250.0,253.0,247.0,252.6,82449.0,LOMA
2022-06-15,259.25,259.25,248.0,255.0,161007.0,LOMA
2022-06-16,248.0,250.5,243.5,244.0,68193.0,LOMA
2022-06-21,249.0,250.0,245.0,245.85,133196.0,LOMA
2022-06-22,247.5,248.95,240.0,242.15,64603.0,LOMA
2022-06-23,243.0,244.0,234.8,239.95,116526.0,LOMA
2022-06-24,240.0,243.0,236.1,239.95,250471.0,LOMA
2022-06-27,239.25,253.5,237.5,250.0,243309.0,LOMA
2022-06-28,250.35,264.0,250.0,261.65,152530.0,LOMA
2022-06-29,263.0,263.0,250.5,255.45,123224.0,LOMA
2022-06-30,255.0,264.0,250.25,259.1,138285.0,LOMA
2022-07-01,265.0,265.0,251.15,261.7,48356.0,LOMA
2022-07-04,256.0,260.0,246.0,252.5,121873.0,LOMA
2022-07-05,259.75,275.0,255.0,274.2,189377.0,LOMA
2022-07-06,275.0,292.95,270.0,291.85,162400.0,LOMA
2022-07-07,295.5,308.5,293.5,300.65,191086.0,LOMA
2022-07-08,290.0,290.0,262.5,285.25,385177.0,LOMA
2022-07-11,281.0,287.95,269.05,286.85,355653.0,LOMA
2022-07-12,284.75,285.35,275.0,278.8,117766.0,LOMA
2022-07-13,273.7,280.45,270.0,280.05,86379.0,LOMA
2022-07-14,275.05,285.0,272.0,284.65,62821.0,LOMA
2022-07-15,279.3,296.8,277.0,293.95,276905.0,LOMA
2022-07-18,295.0,298.0,286.1,294.2,169545.0,LOMA
2022-07-19,295.0,298.15,291.1,296.0,92641.0,LOMA
2022-07-20,296.0,302.0,293.0,298.75,139987.0,LOMA
2022-07-21,304.3,325.0,298.0,320.2,168809.0,LOMA
2022-07-22,325.0,325.0,310.0,315.3,508904.0,LOMA
2022-07-25,315.5,327.3,311.05,326.65,221610.0,LOMA
2022-07-26,328.0,333.0,320.0,328.35,292673.0,LOMA
2022-07-27,327.0,345.5,324.5,343.85,136416.0,LOMA
2022-07-28,346.05,359.0,333.5,353.05,282970.0,LOMA
2022-07-29,355.0,359.8,335.1,343.4,245048.0,LOMA
2022-08-01,343.4,347.55,330.0,336.0,87783.0,LOMA
2022-08-02,345.0,345.0,330.05,334.05,108368.0,LOMA
2022-08-03,340.0,340.95,331.0,339.3,77670.0,LOMA
2022-08-04,340.0,340.0,331.0,336.45,102275.0,LOMA
2022-08-05,337.0,350.0,336.05,342.95,192423.0,LOMA
2022-08-08,350.0,353.0,341.5,350.6,45074.0,LOMA
2022-08-09,349.9,354.95,344.0,348.55,58429.0,LOMA
2022-08-10,350.1,360.0,348.0,355.4,125064.0,LOMA
2022-08-11,356.0,371.5,342.0,343.5,526486.0,LOMA
2022-08-12,355.0,364.05,347.0,362.8,105507.0,LOMA
2022-08-16,366.0,368.45,348.05,351.45,118808.0,LOMA
2022-08-17,350.0,377.0,349.0,376.45,226247.0,LOMA
2022-08-18,375.8,396.4,374.05,395.75,126319.0,LOMA
2022-08-19,395.0,402.0,386.3,394.55,159119.0,LOMA
2022-08-22,395.0,398.95,386.0,387.75,111583.0,LOMA
2022-08-23,388.0,400.45,386.0,390.4,277685.0,LOMA
2022-08-24,397.9,399.0,388.15,398.1,196154.0,LOMA
2022-08-25,400.0,404.5,392.85,401.95,74037.0,LOMA
2022-08-26,403.0,406.0,385.35,395.8,200367.0,LOMA
2022-08-29,400.0,404.1,393.05,396.0,70669.0,LOMA
2022-08-30,398.0,398.0,382.05,383.15,160306.0,LOMA
2022-08-31,383.0,383.15,370.45,371.25,128655.0,LOMA
2022-09-01,374.5,377.0,367.0,367.1,178585.0,LOMA
2022-09-05,376.0,376.0,359.0,363.4,50560.0,LOMA
2022-09-06,365.35,381.3,365.35,368.8,78381.0,LOMA
2022-09-07,367.0,377.1,366.3,376.15,86840.0,LOMA
2022-09-08,386.0,386.0,376.0,384.9,85535.0,LOMA
2022-09-09,383.0,392.4,381.0,385.1,68137.0,LOMA
2022-09-12,386.0,393.0,385.5,389.45,63399.0,LOMA
2022-09-13,395.0,395.0,371.2,373.0,109999.0,LOMA
2022-09-14,371.0,385.0,370.0,383.55,217414.0,LOMA
2022-09-15,387.0,395.0,383.55,387.6,81039.0,LOMA
2022-09-16,386.0,390.4,381.45,384.75,33484.0,LOMA
2022-09-19,384.75,405.0,382.95,402.25,125395.0,LOMA
2022-09-20,401.95,408.95,392.35,401.6,197671.0,LOMA
2022-09-21,401.0,405.0,393.0,398.0,132341.0,LOMA
2022-09-22,398.0,408.95,394.0,401.0,72902.0,LOMA
2022-09-23,401.0,401.0,374.35,379.9,185429.0,LOMA
2022-09-26,380.0,385.0,362.25,369.35,189280.0,LOMA
2022-09-27,369.0,373.5,358.3,364.15,58477.0,LOMA
2022-09-28,370.0,390.0,363.0,379.9,64497.0,LOMA
2022-09-29,379.0,388.0,370.0,382.0,81773.0,LOMA
2022-09-30,385.0,395.0,382.0,389.95,70637.0,LOMA
2022-10-03,397.35,412.0,395.4,409.15,117809.0,LOMA
2022-10-04,413.0,425.0,408.0,414.95,276524.0,LOMA
2022-10-05,415.0,419.0,396.05,417.05,124812.0,LOMA
2022-10-06,416.0,425.0,410.0,419.55,160300.0,LOMA
2022-10-11,404.1,418.5,395.05,399.15,108449.0,LOMA
2022-10-12,399.0,410.0,395.05,405.0,116764.0,LOMA
2022-10-13,406.0,422.95,397.0,416.8,179092.0,LOMA
2022-10-14,417.55,423.0,394.9,395.75,251410.0,LOMA
2022-10-17,397.0,406.35,388.5,388.8,125288.0,LOMA
2022-10-18,385.0,401.0,385.0,400.05,140839.0,LOMA
2022-10-19,405.0,405.0,386.7,389.5,171645.0,LOMA
2022-10-20,388.0,399.95,385.8,386.0,123308.0,LOMA
2022-10-21,386.1,396.0,385.8,392.55,80157.0,LOMA
2022-10-24,394.0,401.8,385.0,400.55,49763.0,LOMA
2022-10-25,401.0,407.05,396.05,405.0,95428.0,LOMA
2022-10-26,405.0,409.5,400.5,401.3,185617.0,LOMA
2022-10-27,400.5,415.05,397.45,400.9,127729.0,LOMA
2022-10-28,396.25,410.6,392.55,407.85,107092.0,LOMA
2022-10-31,408.0,428.0,408.0,425.1,255613.0,LOMA
2022-11-01,426.5,426.5,411.8,414.3,206849.0,LOMA
2022-11-02,416.9,417.0,397.0,398.3,230718.0,LOMA
2022-11-03,400.0,413.0,395.0,411.0,120578.0,LOMA
2022-11-04,415.0,425.3,411.0,422.55,91499.0,LOMA
2022-11-07,425.0,440.0,414.0,415.05,85498.0,LOMA
2022-11-08,433.0,433.0,405.0,409.0,128134.0,LOMA
2022-11-09,409.0,412.0,384.25,384.95,117832.0,LOMA
2022-11-10,387.0,399.9,375.0,381.05,195489.0,LOMA
2022-11-11,390.0,399.0,382.0,397.35,88200.0,LOMA
2022-11-14,397.35,404.2,386.5,393.45,130913.0,LOMA
2022-11-15,397.0,404.95,391.5,392.2,178000.0,LOMA
2022-11-16,392.0,406.0,388.0,403.4,106696.0,LOMA
2022-11-17,420.0,420.0,395.0,410.1,87446.0,LOMA
2022-11-18,410.0,424.5,406.5,423.65,164445.0,LOMA
2022-11-22,425.0,429.35,417.0,428.8,117526.0,LOMA
2022-11-23,430.0,430.05,418.5,419.05,77928.0,LOMA
2022-11-24,415.0,440.0,415.0,428.25,54287.0,LOMA
2022-11-25,428.25,433.0,417.0,420.0,369548.0,LOMA
2022-11-28,418.0,428.0,405.1,412.55,186030.0,LOMA
2022-11-29,412.0,433.0,407.5,426.15,95153.0,LOMA
2022-11-30,427.0,437.0,420.0,436.6,118187.0,LOMA
2022-12-01,436.3,442.0,430.0,436.25,151028.0,LOMA
2022-12-02,436.0,437.0,422.3,425.75,251539.0,LOMA
2022-12-05,426.0,430.0,415.0,416.9,146847.0,LOMA
2022-12-06,425.0,435.95,417.0,433.2,92288.0,LOMA
2022-12-07,433.0,438.85,425.0,430.05,213134.0,LOMA
2022-12-12,429.5,429.5,406.0,423.75,152270.0,LOMA
2022-12-13,424.0,433.0,421.1,422.05,94147.0,LOMA
2022-12-14,438.0,439.0,415.0,426.45,113208.0,LOMA
2022-12-15,426.5,432.95,420.5,428.25,110692.0,LOMA
2022-12-16,432.0,436.0,425.0,435.45,65723.0,LOMA
2022-12-19,436.0,442.0,425.5,430.15,177637.0,LOMA
2022-12-20,439.75,440.0,430.0,434.95,8041.0,LOMA
2022-12-21,435.0,444.95,429.45,437.15,272710.0,LOMA
2022-12-22,440.0,448.5,432.5,437.8,185969.0,LOMA
2022-12-23,440.0,449.5,434.9,436.65,182586.0,LOMA
2022-12-26,443.95,452.0,436.5,449.45,51903.0,LOMA
2022-12-27,452.0,469.0,443.05,466.6,245322.0,LOMA
2022-12-28,470.0,490.5,469.0,482.85,158973.0,LOMA
2022-12-29,490.0,500.0,463.0,473.55,108696.0,LOMA
2022-12-30,475.0,490.0,454.95,474.65,97878.0,LOMA
2023-01-02,480.0,495.0,480.0,488.45,66731.0,LOMA
2023-01-03,491.0,491.0,460.0,461.0,179826.0,LOMA
2023-01-04,465.0,479.0,454.0,462.95,118516.0,LOMA
2023-01-05,464.0,469.9,446.7,457.5,218187.0,LOMA
2023-01-06,460.0,480.5,458.0,474.6,288832.0,LOMA
2023-01-09,484.0,489.5,469.15,476.9,319113.0,LOMA
2023-01-10,489.5,490.0,467.0,469.5,176490.0,LOMA
2023-01-11,469.5,498.0,464.2,494.2,359999.0,LOMA
2023-01-12,499.0,532.0,492.6,525.45,238862.0,LOMA
2023-01-13,523.0,541.8,516.2,539.45,144244.0,LOMA
2023-01-16,543.0,572.0,535.0,566.75,157720.0,LOMA
2023-01-17,570.0,575.5,560.0,568.25,342577.0,LOMA
2023-01-18,565.0,586.8,503.05,508.3,287675.0,LOMA
2023-01-19,508.0,515.85,478.6,510.4,334964.0,LOMA
2023-01-20,511.0,531.0,511.0,530.45,310368.0,LOMA
2023-01-23,530.0,544.25,530.0,541.45,329600.0,LOMA
2023-01-24,541.45,545.0,521.0,535.0,163045.0,LOMA
2023-01-25,535.0,554.75,525.0,553.7,260377.0,LOMA
2023-01-26,559.5,562.0,541.0,551.85,237025.0,LOMA
2023-01-27,550.0,556.0,530.95,533.2,107845.0,LOMA
2023-01-30,532.5,545.0,517.95,519.0,113284.0,LOMA
2023-01-31,520.0,528.0,510.0,522.45,278979.0,LOMA
2023-02-01,522.0,535.5,515.0,527.55,74551.0,LOMA
2023-02-02,540.0,545.0,514.45,521.5,156116.0,LOMA
2023-02-03,523.0,529.0,496.5,498.05,141582.0,LOMA
2023-02-06,500.0,515.05,492.0,506.95,135271.0,LOMA
2023-02-07,514.0,514.0,501.85,506.95,84214.0,LOMA
2023-02-08,510.0,510.0,500.0,508.45,91867.0,LOMA
2023-02-09,519.0,519.0,498.9,503.9,97206.0,LOMA
2023-02-10,500.0,511.75,500.0,506.1,81515.0,LOMA
2023-02-13,514.9,520.0,500.0,513.95,105545.0,LOMA
2023-02-14,516.0,534.8,505.0,508.2,594547.0,LOMA
2023-02-15,509.0,522.0,496.0,497.7,200772.0,LOMA
2023-02-16,500.0,520.0,498.0,511.0,173722.0,LOMA
2023-02-17,512.0,519.0,490.75,498.05,54614.0,LOMA
2023-02-22,498.05,511.0,459.0,479.05,134537.0,LOMA
2023-02-23,484.0,501.55,470.45,498.75,162588.0,LOMA
2023-02-24,500.0,520.0,495.0,514.05,176243.0,LOMA
2023-02-27,510.1,523.0,501.0,501.9,105811.0,LOMA
2023-02-28,509.0,511.0,491.55,499.5,51284.0,LOMA
2023-03-01,499.5,509.0,492.0,504.4,41563.0,LOMA
2023-03-02,506.0,510.0,498.25,507.0,114723.0,LOMA
2023-03-03,511.0,514.95,497.0,497.9,116056.0,LOMA
2023-03-06,498.0,512.0,492.0,504.3,123189.0,LOMA
2023-03-07,507.0,510.0,491.0,494.8,63653.0,LOMA
2023-03-08,494.9,513.0,485.0,507.1,88512.0,LOMA
2023-03-09,506.0,523.5,500.0,519.35,154476.0,LOMA
2023-03-10,521.0,527.5,501.0,507.75,173883.0,LOMA
2023-03-13,504.15,514.5,498.9,510.7,216259.0,LOMA
2023-03-14,524.35,532.0,502.3,510.4,272920.0,LOMA
2023-03-15,497.35,499.0,476.0,489.45,238391.0,LOMA
2023-03-16,490.0,514.8,490.0,512.5,295118.0,LOMA
2023-03-17,512.0,528.2,505.45,524.55,126544.0,LOMA
2023-03-20,540.0,540.0,510.0,521.05,190722.0,LOMA
2023-03-21,524.35,532.2,518.15,528.1,291146.0,LOMA
2023-03-22,530.45,538.85,516.85,526.0,267678.0,LOMA
2023-03-23,535.0,538.95,519.0,526.0,167806.0,LOMA
2023-03-27,534.5,561.9,532.0,558.75,156317.0,LOMA
2023-03-28,560.2,574.0,552.55,565.05,143718.0,LOMA
2023-03-29,566.0,570.0,561.2,563.4,105161.0,LOMA
2023-03-30,570.0,585.0,567.05,579.8,63443.0,LOMA
2023-03-31,582.0,590.0,560.0,561.35,118104.0,LOMA
2023-04-03,581.1,581.1,564.0,568.6,91730.0,LOMA
2023-04-04,568.0,576.0,549.5,556.7,111474.0,LOMA
2023-04-05,550.0,557.0,538.0,544.25,135698.0,LOMA
2023-04-10,547.5,551.25,538.65,543.9,129854.0,LOMA
2023-04-11,543.0,554.95,542.05,544.5,68231.0,LOMA
2023-04-12,546.1,568.9,546.1,562.95,96997.0,LOMA
2023-04-13,575.5,575.5,562.15,568.1,112624.0,LOMA
2023-04-14,577.5,577.5,562.0,569.3,167622.0,LOMA
2023-04-17,571.0,585.0,560.0,565.0,135900.0,LOMA
2023-04-18,572.0,584.5,567.5,581.7,266570.0,LOMA
2023-04-19,580.0,580.0,557.0,563.6,143230.0,LOMA
2023-04-20,563.6,580.75,559.0,577.75,128968.0,LOMA
2023-04-21,585.0,601.6,572.0,595.0,100986.0,LOMA
2023-04-24,596.0,603.0,580.3,595.8,117598.0,LOMA
2023-04-25,597.0,605.0,580.0,588.7,220460.0,LOMA
2023-04-26,588.8,597.5,558.0,579.4,367620.0,LOMA
2023-04-27,581.0,583.75,566.7,569.15,157022.0,LOMA
2023-04-28,574.2,574.2,550.0,558.35,194474.0,LOMA
2023-05-02,563.5,564.0,540.0,548.7,163877.0,LOMA
2023-05-03,527.0,555.0,527.0,547.9,444470.0,LOMA
2023-05-04,558.0,558.0,530.05,541.0,90483.0,LOMA
2023-05-05,541.0,579.0,541.0,573.7,58308.0,LOMA
2023-05-08,578.0,585.0,559.0,564.9,89203.0,LOMA
2023-05-09,562.0,570.0,560.5,562.05,141562.0,LOMA
2023-05-10,563.0,568.0,547.5,553.3,161549.0,LOMA
2023-05-11,562.0,562.0,545.0,552.9,115112.0,LOMA
2023-05-12,553.0,597.85,553.0,593.65,371015.0,LOMA
2023-05-15,590.0,603.5,568.7,597.9,265219.0,LOMA
2023-05-16,600.0,614.0,597.05,611.4,297673.0,LOMA
2023-05-17,615.0,622.0,606.0,614.45,316945.0,LOMA
2023-05-18,611.6,616.95,599.05,612.2,139407.0,LOMA
2023-05-19,615.0,618.8,597.8,613.95,175468.0,LOMA
2023-05-22,610.0,628.0,610.0,623.2,126906.0,LOMA
2023-05-23,630.0,634.4,614.0,621.0,105673.0,LOMA
2023-05-24,621.0,632.0,612.0,625.25,130307.0,LOMA
2023-05-29,623.8,631.95,599.0,628.95,91354.0,LOMA
2023-05-30,615.05,627.95,593.0,602.15,426846.0,LOMA
2023-05-31,602.0,608.0,594.55,607.75,299700.0,LOMA
2023-06-01,617.0,636.4,610.0,636.15,279367.0,LOMA
2023-06-02,640.0,654.85,626.9,628.85,240192.0,LOMA
2023-06-05,625.0,641.0,610.0,638.1,531481.0,LOMA
2023-06-06,609.0,659.95,609.0,656.65,252710.0,LOMA
2023-06-07,660.0,672.0,653.0,657.95,157860.0,LOMA
2023-06-08,672.0,672.0,650.0,660.05,83743.0,LOMA
2023-06-09,657.0,670.0,651.0,655.0,197967.0,LOMA
2023-06-12,655.0,661.15,638.55,640.5,363403.0,LOMA
2023-06-13,650.0,650.0,628.0,633.4,111053.0,LOMA
2023-06-14,632.0,642.55,625.0,631.3,60608.0,LOMA
2023-06-15,630.0,652.0,628.0,646.4,1629860.0,LOMA
2023-06-16,650.0,668.5,650.0,660.85,270070.0,LOMA
2023-06-21,675.0,714.9,675.0,710.65,302251.0,LOMA
2023-06-22,710.0,710.0,685.0,689.6,265776.0,LOMA
2023-06-23,692.0,709.95,683.25,695.75,251194.0,LOMA
2023-06-26,720.0,724.0,682.05,699.05,608019.0,LOMA
2023-06-27,710.0,734.1,710.0,725.65,299574.0,LOMA
2023-06-28,730.0,744.45,712.5,724.25,243629.0,LOMA
2023-06-29,726.0,746.0,724.0,742.9,167302.0,LOMA
2023-06-30,720.0,720.0,691.0,703.75,321598.0,LOMA
2023-07-03,708.0,740.0,695.0,732.6,189633.0,LOMA
2023-07-04,740.0,740.0,724.5,729.3,110893.0,LOMA
2023-07-05,729.3,729.3,700.0,715.05,281861.0,LOMA
2023-07-06,712.0,712.0,696.0,709.35,226214.0,LOMA
2023-07-07,710.2,718.0,690.0,702.8,165882.0,LOMA
2023-07-10,707.05,709.95,693.0,697.3,66982.0,LOMA
2023-07-11,705.0,706.75,689.0,690.25,129991.0,LOMA
2023-07-12,698.0,704.0,693.6,696.6,97844.0,LOMA
2023-07-13,701.8,746.0,701.8,734.35,328586.0,LOMA
2023-07-14,730.0,744.45,724.0,734.65,200900.0,LOMA
2023-07-17,723.2,739.15,722.0,729.35,316222.0,LOMA
2023-07-18,740.0,740.0,715.65,720.9,248047.0,LOMA
2023-07-19,732.85,732.85,704.0,711.9,200979.0,LOMA
2023-07-20,715.0,726.95,703.6,709.6,225332.0,LOMA
2023-07-21,713.45,732.4,705.05,729.75,315406.0,LOMA
2023-07-24,750.0,754.0,736.05,748.4,443905.0,LOMA
2023-07-25,754.55,764.1,747.0,749.8,282114.0,LOMA
2023-07-26,753.0,759.9,743.0,748.75,296001.0,LOMA
2023-07-27,758.0,758.0,724.0,727.0,84511.0,LOMA
2023-07-28,739.05,740.0,728.0,733.55,111732.0,LOMA
2023-07-31,740.0,740.0,722.5,733.4,189992.0,LOMA
2023-08-01,733.5,744.0,722.0,734.2,192165.0,LOMA
2023-08-02,730.9,733.4,710.0,722.15,181398.0,LOMA
2023-08-03,723.0,754.4,722.0,746.35,181572.0,LOMA
2023-08-04,755.0,767.0,750.3,762.2,125329.0,LOMA
2023-08-07,760.8,774.0,760.0,765.9,193890.0,LOMA
2023-08-08,770.0,792.0,762.0,788.0,337828.0,LOMA
2023-08-09,790.0,804.85,760.8,762.3,191100.0,LOMA
2023-08-10,763.0,789.55,755.0,755.2,401545.0,LOMA
2023-08-11,760.0,788.5,756.0,781.8,198411.0,LOMA
2023-08-14,779.8,840.0,770.8,814.15,170661.0,LOMA
2023-08-15,814.0,877.9,814.0,858.25,195650.0,LOMA
2023-08-16,858.0,910.0,858.0,908.9,310993.0,LOMA
2023-08-17,911.0,960.0,911.0,942.85,499494.0,LOMA
2023-08-18,960.0,975.0,940.0,971.4,576679.0,LOMA
2023-08-22,972.0,975.0,943.25,974.1,464713.0,LOMA
2023-08-23,968.0,999.5,965.0,990.1,270813.0,LOMA
2023-08-24,992.2,996.3,975.9,991.85,181686.0,LOMA
2023-08-25,992.0,1015.7,977.05,1014.1,212316.0,LOMA
2023-08-28,1023.5,1056.45,1014.1,1045.45,228468.0,LOMA
2023-08-29,1047.75,1076.85,1047.75,1074.7,344752.0,LOMA
2023-08-30,1111.0,1130.5,1050.45,1079.6,334474.0,LOMA
2023-08-31,1088.95,1088.95,1013.15,1038.1,187063.0,LOMA
2023-09-01,1054.0,1054.9,1002.3,1004.5,117626.0,LOMA
2023-09-04,1020.0,1049.5,990.0,1025.7,53986.0,LOMA
2023-09-05,975.95,978.3,944.0,956.9,455394.0,LOMA
2023-09-06,948.5,949.7,914.05,919.35,361003.0,LOMA
2023-09-07,910.0,929.5,870.0,870.2,198512.0,LOMA
2023-09-08,870.2,896.35,860.0,867.1,231148.0,LOMA
2023-09-12,875.0,899.0,866.6,884.65,142701.0,LOMA
2023-09-13,899.0,913.6,884.5,909.7,242500.0,LOMA
2023-09-14,910.0,918.3,901.0,910.25,188943.0,LOMA
2023-09-15,911.0,913.0,882.05,887.2,86954.0,LOMA
2023-09-18,890.0,929.5,882.0,928.0,296746.0,LOMA
2023-09-19,926.0,936.8,900.0,915.9,192505.0,LOMA
2023-09-20,909.55,926.8,904.0,906.4,114552.0,LOMA
2023-09-21,909.9,910.0,884.2,900.25,147943.0,LOMA
2023-09-22,899.0,913.1,882.4,898.85,297308.0,LOMA
2023-09-25,899.05,908.0,895.0,904.15,92593.0,LOMA
2023-09-26,890.0,916.0,890.0,907.35,195377.0,LOMA
2023-09-27,910.0,964.75,909.25,959.8,169408.0,LOMA
2023-09-28,970.0,1020.0,964.7,1007.05,144109.0,LOMA
2023-09-29,1007.1,1033.0,980.0,999.1,219004.0,LOMA
2023-10-02,996.7,1007.0,975.0,992.0,186390.0,LOMA
2023-10-03,987.0,1034.0,978.0,1021.25,321284.0,LOMA
2023-10-04,1031.05,1110.0,1000.0,1088.4,337276.0,LOMA
2023-10-05,1087.0,1124.0,1050.0,1088.2,188992.0,LOMA
2023-10-06,1070.0,1105.0,1041.0,1056.95,163334.0,LOMA
2023-10-09,1099.0,1110.95,1066.4,1089.95,190797.0,LOMA
2023-10-10,1108.0,1265.0,1093.7,1205.3,518737.0,LOMA
2023-10-11,1248.0,1248.0,1105.85,1224.4,403406.0,LOMA
2023-10-12,1252.0,1380.0,1180.0,1304.05,1586288.0,LOMA
2023-10-17,1333.0,1374.0,1288.2,1338.1,1179442.0,LOMA
2023-10-18,1303.0,1362.0,1251.0,1272.05,833081.0,LOMA
2023-10-19,1275.0,1313.75,1220.0,1282.5,361153.0,LOMA
2023-10-20,1300.0,1400.0,1282.5,1393.05,371810.0,LOMA
2023-10-23,1260.0,1276.6,1132.0,1149.05,275188.0,LOMA
2023-10-24,1149.5,1203.15,1046.15,1071.6,129256.0,LOMA
2023-10-25,1114.0,1150.0,1000.0,1123.2,63043.0,LOMA
2023-10-26,1100.0,1163.15,1070.0,1082.6,78704.0,LOMA
2023-10-27,1050.0,1085.0,1010.0,1065.8,84921.0,LOMA
2023-10-30,1050.5,1075.0,980.0,990.75,54266.0,LOMA
2023-10-31,990.0,1030.05,890.0,976.85,65591.0,LOMA
2023-11-01,1009.5,1049.95,991.5,1040.2,139669.0,LOMA
2023-11-02,1031.0,1100.0,1031.0,1092.9,192370.0,LOMA
2023-11-03,1100.0,1115.95,1020.0,1048.35,223272.0,LOMA
2023-11-07,1075.0,1141.5,1070.0,1072.45,115719.0,LOMA
2023-11-08,1036.0,1072.0,1001.15,1004.1,47276.0,LOMA
2023-11-09,1000.0,1084.95,961.8,1049.05,130892.0,LOMA
2023-11-10,1080.0,1111.0,1051.0,1093.45,64558.0,LOMA
2023-11-13,1125.0,1128.0,1038.3,1053.0,42791.0,LOMA
2023-11-14,1053.0,1098.0,1040.1,1048.7,45064.0,LOMA
2023-11-15,1050.0,1070.0,1025.0,1037.3,83830.0,LOMA
2023-11-16,1065.5,1065.5,999.0,1029.3,106579.0,LOMA
2023-11-17,1055.0,1090.0,999.0,1077.75,293058.0,LOMA
2023-11-21,1156.0,1223.0,1132.4,1197.4,359742.0,LOMA
2023-11-22,1200.5,1354.05,1190.0,1270.7,248551.0,LOMA
2023-11-23,1278.0,1350.0,1240.0,1334.5,84987.0,LOMA
2023-11-24,1348.0,1384.0,1245.0,1280.75,348829.0,LOMA
2023-11-27,1290.0,1348.0,1172.55,1184.35,912844.0,LOMA
2023-11-28,1185.0,1248.0,1068.9,1071.6,187557.0,LOMA
2023-11-29,1080.0,1125.0,1070.0,1085.95,198324.0,LOMA
2023-11-30,1105.0,1180.0,1051.0,1163.05,589956.0,LOMA
2023-12-01,1200.0,1270.0,1148.0,1260.05,149793.0,LOMA
2023-12-04,1280.0,1280.0,1180.5,1215.95,165040.0,LOMA
2023-12-05,1214.5,1272.1,1184.0,1267.75,160825.0,LOMA
2023-12-06,1298.0,1300.0,1201.0,1272.65,252378.0,LOMA
2023-12-07,1300.0,1317.0,1230.0,1310.9,291315.0,LOMA
2023-12-11,1310.0,1360.0,1281.0,1313.7,392511.0,LOMA
2023-12-12,1300.0,1420.0,1289.0,1409.9,322430.0,LOMA
2023-12-13,1425.0,1495.0,1340.0,1397.75,137786.0,LOMA
2023-12-14,1398.8,1470.0,1355.1,1399.15,135951.0,LOMA
2023-12-15,1420.0,1450.0,1305.05,1315.6,276352.0,LOMA
2023-12-18,1314.0,1335.0,1250.0,1301.15,184219.0,LOMA
2023-12-19,1335.0,1350.0,1286.45,1304.6,152971.0,LOMA
2023-12-20,1280.0,1336.0,1280.0,1305.15,264886.0,LOMA
2023-12-21,1341.0,1372.0,1286.0,1347.7,194802.0,LOMA
2023-12-22,1350.0,1400.0,1300.0,1320.3,132049.0,LOMA
2023-12-26,1344.0,1344.0,1286.15,1299.95,275069.0,LOMA
2023-12-27,1270.0,1333.5,1261.0,1304.4,356137.0,LOMA
2023-12-28,1275.0,1354.0,1260.0,1326.6,158078.0,LOMA
2023-12-29,1320.0,1400.0,1313.5,1393.55,83189.0,LOMA
2024-01-02,1407.0,1440.0,1338.0,1393.6,80970.0,LOMA
2024-01-03,1395.0,1449.9,1350.0,1438.9,157124.0,LOMA
2024-01-04,1450.0,1485.0,1424.9,1453.25,125713.0,LOMA
2024-01-05,1484.0,1564.1,1453.0,1536.75,254017.0,LOMA
2024-01-08,1540.0,1612.0,1510.0,1587.8,232056.0,LOMA
2024-01-09,1580.0,1620.0,1542.0,1563.4,93394.0,LOMA
2024-01-10,1560.0,1600.0,1518.35,1582.4,131282.0,LOMA
2024-01-11,1600.0,1618.0,1510.0,1519.2,251737.0,LOMA
2024-01-12,1542.0,1599.95,1490.5,1514.45,188062.0,LOMA
2024-01-15,1514.45,1560.0,1483.0,1512.35,63238.0,LOMA
2024-01-16,1512.0,1579.0,1500.0,1555.15,382068.0,LOMA
2024-01-17,1560.0,1678.0,1560.0,1675.3,653224.0,LOMA
2024-01-18,1697.0,1740.0,1656.0,1733.05,448118.0,LOMA
2024-01-19,1750.0,1808.5,1690.0,1792.7,657024.0,LOMA
2024-01-22,1793.0,1925.5,1766.0,1919.35,440553.0,LOMA
2024-01-23,1921.0,1972.0,1851.0,1871.15,162441.0,LOMA
2024-01-24,1870.0,1914.0,1832.0,1869.8,109279.0,LOMA
2024-01-25,1925.0,1933.35,1873.0,1880.25,130332.0,LOMA
2024-01-26,1880.0,1905.0,1760.0,1770.5,93045.0,LOMA
2024-01-29,1816.0,1816.0,1770.0,1782.95,86695.0,LOMA
2024-01-30,1790.0,1850.0,1780.0,1846.0,197226.0,LOMA
2024-01-31,1850.0,1920.0,1763.95,1804.85,106566.0,LOMA
2024-02-01,1812.0,1900.0,1750.0,1874.9,141851.0,LOMA
2024-02-02,1900.0,1924.0,1830.0,1854.6,183908.0,LOMA
2024-02-05,1878.0,1878.0,1740.0,1759.2,180028.0,LOMA
2024-02-06,1750.0,1790.0,1665.55,1686.25,140907.0,LOMA
2024-02-07,1660.0,1734.95,1588.9,1615.25,370270.0,LOMA
2024-02-08,1618.0,1671.0,1550.9,1567.3,278648.0,LOMA
2024-02-09,1550.0,1585.0,1500.0,1536.85,242236.0,LOMA
2024-02-14,1498.0,1569.5,1495.0,1514.05,66907.0,LOMA
2024-02-15,1515.0,1559.0,1465.0,1473.95,135542.0,LOMA
2024-02-16,1480.5,1520.0,1400.0,1438.75,58207.0,LOMA
2024-02-19,1430.0,1507.0,1405.0,1460.8,113202.0,LOMA
2024-02-20,1490.0,1500.0,1426.6,1436.35,135053.0,LOMA
2024-02-21,1497.05,1497.05,1390.55,1439.3,658245.0,LOMA
2024-02-22,1448.7,1568.35,1440.0,1503.95,930352.0,LOMA
2024-02-23,1503.95,1585.0,1451.0,1505.0,188772.0,LOMA
2024-02-26,1460.0,1560.0,1410.0,1427.25,174461.0,LOMA
2024-02-27,1423.4,1480.0,1374.95,1397.5,1013617.0,LOMA
2024-02-28,1360.0,1415.0,1342.6,1350.2,685675.0,LOMA
2024-02-29,1400.0,1461.25,1341.0,1422.7,406706.0,LOMA
2024-03-01,1420.0,1502.3,1395.5,1497.05,387886.0,LOMA
2024-03-04,1502.0,1615.0,1488.05,1517.3,422620.0,LOMA
2024-03-05,1520.0,1555.0,1406.7,1420.35,99523.0,LOMA
2024-03-06,1420.5,1439.0,1315.0,1386.25,308548.0,LOMA
2024-03-07,1390.0,1429.0,1326.45,1355.4,324679.0,LOMA
2024-03-08,1302.5,1425.0,1302.5,1415.4,506052.0,LOMA
2024-03-11,1426.0,1426.0,1345.0,1357.75,170573.0,LOMA
2024-03-12,1347.0,1459.95,1347.0,1435.75,124975.0,LOMA
2024-03-13,1480.0,1532.5,1435.0,1448.15,275598.0,LOMA
2024-03-14,1477.45,1477.45,1418.3,1457.35,247961.0,LOMA
2024-03-15,1445.0,1493.05,1412.15,1483.15,233122.0,LOMA
2024-03-18,1425.0,1542.1,1425.0,1536.25,465343.0,LOMA
2024-03-19,1550.0,1570.0,1505.0,1519.55,895659.0,LOMA
2024-03-20,1523.15,1585.0,1520.5,1580.0,352201.0,LOMA
2024-03-21,1613.25,1613.25,1545.6,1595.65,286034.0,LOMA
2024-03-22,1600.0,1616.95,1530.0,1580.85,529424.0,LOMA
2024-03-25,1581.0,1610.0,1517.9,1522.0,322849.0,LOMA
2024-03-26,1530.0,1557.0,1520.15,1536.35,118533.0,LOMA
2024-03-27,1538.0,1538.55,1460.05,1484.65,323067.0,LOMA
2024-04-03,1490.0,1490.0,1407.5,1434.55,265321.0,LOMA
2024-04-04,1410.0,1435.0,1334.0,1373.0,295003.0,LOMA
2024-04-05,1370.0,1412.5,1370.0,1402.0,246161.0,LOMA
2024-04-08,1461.0,1600.0,1436.0,1580.2,545390.0,LOMA
2024-04-09,1600.0,1620.0,1520.5,1590.85,599427.0,LOMA
2024-04-10,1599.5,1620.0,1530.0,1555.15,402800.0,LOMA
2024-04-11,1554.5,1600.0,1515.0,1578.9,291205.0,LOMA
2024-04-12,1590.0,1605.0,1560.0,1567.0,175048.0,LOMA
2024-04-15,1560.0,1560.0,1470.0,1478.25,111406.0,LOMA
2024-04-16,1485.0,1548.45,1450.0,1509.25,154831.0,LOMA
2024-04-17,1475.5,1515.0,1432.0,1450.75,113430.0,LOMA
2024-04-18,1470.0,1520.0,1400.0,1467.95,61594.0,LOMA
2024-04-19,1468.0,1514.25,1432.0,1466.3,193955.0,LOMA
2024-04-22,1460.0,1548.0,1460.0,1531.25,132636.0,LOMA
2024-04-23,1578.0,1578.0,1470.0,1492.4,268768.0,LOMA
2024-04-24,1480.0,1520.05,1475.0,1494.25,227084.0,LOMA
2024-04-25,1500.0,1572.45,1456.95,1569.0,243042.0,LOMA
2024-04-26,1562.0,1586.0,1532.6,1570.95,231777.0,LOMA
2024-04-29,1570.0,1620.0,1551.3,1599.9,116571.0,LOMA
2024-04-30,1620.75,1620.75,1559.4,1568.95,491524.0,LOMA
2024-05-02,1590.0,1638.0,1581.5,1634.65,320746.0,LOMA
2024-05-03,1657.0,1724.0,1640.0,1674.6,853963.0,LOMA
2024-05-06,1690.0,1710.0,1640.6,1701.95,2146255.0,LOMA
2024-05-07,1705.0,1736.45,1645.0,1659.3,1802407.0,LOMA
2024-05-08,1692.25,1692.25,1605.0,1627.7,704714.0,LOMA
2024-05-09,1648.0,1648.0,1610.0,1636.1,480335.0,LOMA
2024-05-10,1665.0,1695.85,1650.0,1674.05,605423.0,LOMA
2024-05-13,1669.3,1671.5,1562.0,1573.85,650656.0,LOMA
2024-05-14,1589.0,1600.0,1540.0,1567.5,707508.0,LOMA
2024-05-15,1599.0,1700.0,1570.1,1666.5,647874.0,LOMA
2024-05-16,1720.0,1720.0,1642.0,1680.1,833457.0,LOMA
2024-05-17,1735.5,1735.5,1649.0,1660.6,582638.0,LOMA
2024-05-20,1670.0,1710.4,1633.05,1705.85,351289.0,LOMA
2024-05-21,1728.95,1750.0,1703.0,1736.5,650686.0,LOMA
2024-05-22,1745.0,1790.0,1732.2,1754.75,636545.0,LOMA
2024-05-23,1755.0,1787.45,1704.3,1734.95,255225.0,LOMA
2024-05-24,1756.8,1756.8,1681.35,1714.9,658300.0,LOMA
2024-05-27,1750.0,1780.0,1698.0,1758.4,149776.0,LOMA
2024-05-28,1760.0,1781.25,1709.3,1758.2,498669.0,LOMA
2024-05-29,1761.0,1779.8,1715.0,1761.3,327883.0,LOMA
2024-05-30,1781.0,1842.0,1772.0,1825.15,678753.0,LOMA
2024-05-31,1829.5,1879.0,1790.0,1866.95,345067.0,LOMA
2024-06-03,1876.7,1903.95,1865.0,1889.35,730869.0,LOMA
2024-06-04,1890.0,1890.0,1800.0,1828.0,399419.0,LOMA
2024-06-05,1828.0,1880.0,1750.0,1855.95,469010.0,LOMA
2024-06-06,1881.75,1881.75,1789.8,1837.5,476858.0,LOMA
2024-06-07,1837.5,1864.2,1828.25,1846.2,312869.0,LOMA
2024-06-10,1847.0,1898.15,1805.0,1887.05,484394.0,LOMA
2024-06-11,1890.0,1890.0,1820.35,1843.35,163453.0,LOMA
2024-06-12,1851.0,1884.05,1806.05,1836.1,276563.0,LOMA
2024-06-13,1887.5,1895.0,1805.2,1834.55,594507.0,LOMA
2024-06-14,1835.0,1851.65,1781.0,1828.05,306972.0,LOMA
2024-06-18,1800.0,1829.0,1789.0,1812.2,246385.0,LOMA
2024-06-19,1819.5,1848.0,1805.0,1820.25,115106.0,LOMA
2024-06-24,1810.0,1832.0,1760.0,1824.55,258584.0,LOMA
2024-06-25,1824.0,1840.0,1790.0,1815.05,532843.0,LOMA
2024-06-26,1817.0,1830.45,1791.05,1815.15,656900.0,LOMA
2024-06-27,1821.9,1870.0,1804.05,1858.05,200234.0,LOMA
2024-06-28,1895.0,1937.0,1825.0,1853.0,208662.0,LOMA
2024-07-01,1859.8,1868.0,1820.0,1856.8,203744.0,LOMA
2024-07-02,1898.5,1920.0,1860.6,1878.6,118947.0,LOMA
2024-07-03,1902.0,1955.6,1870.1,1911.65,170946.0,LOMA
2024-07-04,1912.0,1948.0,1845.0,1919.45,159257.0,LOMA
2024-07-05,1920.0,1935.0,1889.0,1900.15,342829.0,LOMA
2024-07-08,1900.0,1903.95,1856.0,1879.7,408679.0,LOMA
2024-07-10,1890.0,1930.0,1860.0,1910.0,203168.0,LOMA
2024-07-11,1920.0,2015.0,1910.0,2010.0,357211.0,LOMA
2024-07-12,2015.0,2045.0,1970.0,1975.0,311636.0,LOMA
2024-07-15,1950.0,1965.0,1720.0,1725.0,504814.0,LOMA
2024-07-16,1740.0,1750.0,1640.0,1730.0,434476.0,LOMA
2024-07-17,1750.0,1795.0,1695.0,1775.0,437157.0,LOMA
2024-07-18,1790.0,1830.0,1740.0,1785.0,342615.0,LOMA
2024-07-19,1800.0,1820.0,1755.0,1820.0,411060.0,LOMA
2024-07-22,1850.0,1855.0,1805.0,1850.0,201654.0,LOMA
2024-07-23,1885.0,1885.0,1820.0,1845.0,248593.0,LOMA
2024-07-24,1850.0,1850.0,1765.0,1775.0,179738.0,LOMA
2024-07-25,1770.0,1770.0,1710.0,1740.0,368047.0,LOMA
2024-07-26,1770.0,1770.0,1715.0,1730.0,169984.0,LOMA
2024-07-29,1745.0,1745.0,1645.0,1650.0,250243.0,LOMA
2024-07-30,1640.0,1665.0,1565.0,1585.0,383314.0,LOMA
2024-07-31,1585.0,1685.0,1565.0,1655.0,405989.0,LOMA
2024-08-01,1650.0,1680.0,1605.0,1635.0,116213.0,LOMA
2024-08-02,1600.0,1680.0,1600.0,1640.0,430951.0,LOMA
2024-08-05,1615.0,1660.0,1580.0,1625.0,594867.0,LOMA
2024-08-06,1625.0,1660.0,1615.0,1635.0,162821.0,LOMA
2024-08-07,1640.0,1690.0,1605.0,1615.0,484082.0,LOMA
2024-08-08,1670.0,1775.0,1670.0,1765.0,598440.0,LOMA
2024-08-09,1730.0,1805.0,1705.0,1790.0,767335.0,LOMA
2024-08-12,1790.0,1790.0,1730.0,1750.0,204034.0,LOMA
2024-08-13,1750.0,1770.0,1725.0,1750.0,281653.0,LOMA
2024-08-14,1755.0,1780.0,1735.0,1775.0,289095.0,LOMA
2024-08-15,1750.0,1840.0,1750.0,1790.0,218167.0,LOMA
2024-08-16,1805.0,1830.0,1780.0,1800.0,249125.0,LOMA
2024-08-19,1800.0,1830.0,1765.0,1815.0,486378.0,LOMA
2024-08-20,1860.0,1875.0,1775.0,1835.0,809187.0,LOMA
2024-08-21,1855.0,1855.0,1785.0,1795.0,181578.0,LOMA
2024-08-22,1795.0,1795.0,1735.0,1745.0,255842.0,LOMA
2024-08-23,1750.0,1820.0,1750.0,1810.0,129052.0,LOMA
2024-08-26,1800.0,1840.0,1765.0,1805.0,510002.0,LOMA
2024-08-27,1790.0,1830.0,1770.0,1785.0,163753.0,LOMA
2024-08-28,1760.0,1775.0,1745.0,1765.0,449824.0,LOMA
2024-08-29,1770.0,1835.0,1760.0,1800.0,314587.0,LOMA
2024-08-30,1820.0,1860.0,1800.0,1830.0,292990.0,LOMA
2024-09-02,1845.0,1895.0,1830.0,1870.0,145807.0,LOMA
2024-09-03,1850.0,1885.0,1775.0,1855.0,836160.0,LOMA
2024-09-04,1850.0,1910.0,1840.0,1900.0,394761.0,LOMA
2024-09-05,1905.0,1925.0,1870.0,1910.0,302053.0,LOMA
2024-09-06,1910.0,1910.0,1800.0,1825.0,204603.0,LOMA
2024-09-09,1825.0,1860.0,1795.0,1810.0,249288.0,LOMA
2024-09-10,1820.0,1840.0,1760.0,1825.0,328905.0,LOMA
2024-09-11,1825.0,1910.0,1815.0,1860.0,457975.0,LOMA
2024-09-12,1890.0,1990.0,1865.0,1980.0,965412.0,LOMA
2024-09-13,1990.0,2030.0,1975.0,2000.0,445183.0,LOMA
2024-09-16,2050.0,2070.0,2025.0,2045.0,1047125.0,LOMA
2024-09-17,2035.0,2105.0,2035.0,2090.0,1071753.0,LOMA
2024-09-18,2130.0,2200.0,2085.0,2180.0,1929567.0,LOMA
2024-09-19,2210.0,2225.0,2185.0,2195.0,1052138.0,LOMA
2024-09-20,2200.0,2210.0,2120.0,2180.0,375663.0,LOMA
2024-09-23,2185.0,2200.0,2045.0,2080.0,877185.0,LOMA
2024-09-24,2090.0,2130.0,2065.0,2085.0,417229.0,LOMA
2024-09-25,2095.0,2155.0,2060.0,2125.0,966595.0,LOMA
2024-09-26,2125.0,2200.0,2095.0,2120.0,323412.0,LOMA
2024-09-27,2120.0,2150.0,2030.0,2045.0,489691.0,LOMA
2024-09-30,2050.0,2050.0,1980.0,2015.0,505382.0,LOMA
2024-10-01,2015.0,2045.0,1990.0,2020.0,243298.0,LOMA
2024-10-02,2040.0,2055.0,1980.0,1990.0,176669.0,LOMA
2024-10-03,1990.0,2060.0,1980.0,2055.0,369063.0,LOMA
2024-10-04,2035.0,2045.0,2005.0,2020.0,504908.0,LOMA
2024-10-07,2055.0,2065.0,1990.0,2060.0,604415.0,LOMA
2024-10-08,2050.0,2090.0,2025.0,2045.0,496770.0,LOMA
2024-10-09,2055.0,2060.0,1990.0,2050.0,763064.0,LOMA
2024-10-10,2050.0,2090.0,2020.0,2055.0,543534.0,LOMA
2024-10-14,2060.0,2060.0,1985.0,2005.0,587588.0,LOMA
2024-10-15,2025.0,2025.0,1960.0,1975.0,652913.0,LOMA
2024-10-16,1990.0,2030.0,1935.0,1945.0,303686.0,LOMA
2024-10-17,1965.0,1985.0,1935.0,1955.0,417152.0,LOMA
2024-10-18,1990.0,1990.0,1915.0,1940.0,232911.0,LOMA
2024-10-21,1950.0,1965.0,1920.0,1950.0,416765.0,LOMA
2024-10-22,1960.0,1960.0,1920.0,1940.0,602583.0,LOMA
2024-10-23,1940.0,1990.0,1910.0,1980.0,463827.0,LOMA
2024-10-24,2010.0,2045.0,2010.0,2035.0,630896.0,LOMA
2024-10-25,2045.0,2180.0,2045.0,2150.0,768646.0,LOMA
2024-10-28,2155.0,2220.0,2095.0,2110.0,474667.0,LOMA
2024-10-29,2120.0,2130.0,2080.0,2095.0,304748.0,LOMA
2024-10-30,2090.0,2130.0,2060.0,2105.0,237827.0,LOMA
2024-10-31,2060.0,2150.0,2060.0,2145.0,284848.0,LOMA
2024-11-01,2180.0,2205.0,2130.0,2150.0,306381.0,LOMA
2024-11-04,2200.0,2225.0,2150.0,2220.0,365452.0,LOMA
2024-11-05,2240.0,2300.0,2200.0,2290.0,628406.0,LOMA
2024-11-06,2300.0,2340.0,2255.0,2305.0,748307.0,LOMA
2024-11-07,2330.0,2480.0,2310.0,2405.0,958087.0,LOMA
2024-11-08,2470.0,2500.0,2350.0,2405.0,685197.0,LOMA
2024-11-11,2415.0,2460.0,2340.0,2385.0,517744.0,LOMA
2024-11-12,2380.0,2445.0,2340.0,2380.0,939873.0,LOMA
2024-11-13,2450.0,2480.0,2390.0,2450.0,1730276.0,LOMA
2024-11-14,2500.0,2500.0,2400.0,2435.0,1457366.0,LOMA
2024-11-15,2435.0,2450.0,2330.0,2375.0,1045173.0,LOMA
2024-11-19,2480.0,2500.0,2430.0,2450.0,1382473.0,LOMA
2024-11-20,2470.0,2530.0,2440.0,2465.0,1309449.0,LOMA
2024-11-21,2500.0,2525.0,2315.0,2325.0,1729222.0,LOMA
2024-11-22,2380.0,2385.0,2315.0,2365.0,1327153.0,LOMA
2024-11-25,2440.0,2485.0,2350.0,2475.0,1499196.0,LOMA
2024-11-26,2480.0,2635.0,2425.0,2575.0,1361263.0,LOMA
2024-11-27,2635.0,2665.0,2485.0,2535.0,1187658.0,LOMA
2024-11-28,2540.0,2640.0,2450.0,2600.0,577651.0,LOMA
2024-11-29,2650.0,2685.0,2520.0,2665.0,813404.0,LOMA
2024-12-02,2725.0,2795.0,2650.0,2780.0,1629372.0,LOMA
2024-12-03,2795.0,2880.0,2740.0,2850.0,1171901.0,LOMA
2024-12-04,2850.0,2875.0,2690.0,2745.0,1768866.0,LOMA
2024-12-05,2745.0,2745.0,2585.0,2660.0,2259289.0,LOMA
2024-12-06,2650.0,2740.0,2540.0,2595.0,953005.0,LOMA
2024-12-09,2640.0,2700.0,2520.0,2645.0,871329.0,LOMA
2024-12-10,2645.0,2695.0,2610.0,2620.0,489771.0,LOMA
2024-12-11,2630.0,2800.0,2535.0,2780.0,590580.0,LOMA
2024-12-12,2815.0,2895.0,2740.0,2875.0,1220585.0,LOMA
2024-12-13,2900.0,2970.0,2855.0,2870.0,842241.0,LOMA
2024-12-16,2880.0,3035.0,2830.0,2990.0,1195702.0,LOMA
2024-12-17,2990.0,3125.0,2900.0,2935.0,891720.0,LOMA
2024-12-18,2935.0,3070.0,2795.0,2805.0,884920.0,LOMA
2024-12-19,2800.0,2880.0,2650.0,2710.0,632125.0,LOMA
2024-12-20,2660.0,2770.0,2560.0,2750.0,873341.0,LOMA
2024-12-23,2750.0,2850.0,2690.0,2780.0,675223.0,LOMA
2024-12-24,2800.0,2860.0,2795.0,2805.0,120056.0,LOMA
2024-12-26,2805.0,2940.0,2790.0,2930.0,586628.0,LOMA
2024-12-27,2950.0,3000.0,2870.0,2985.0,650620.0,LOMA
2024-12-30,3010.0,3100.0,2855.0,2880.0,590039.0,LOMA
2025-01-02,2950.0,3025.0,2900.0,2980.0,1108987.0,LOMA
2025-01-03,3020.0,3100.0,2875.0,3005.0,781706.0,LOMA
2025-01-06,3060.0,3220.0,3030.0,3060.0,1005064.0,LOMA
2025-01-07,3075.0,3150.0,3020.0,3080.0,930459.0,LOMA
2025-01-08,3100.0,3100.0,2930.0,3000.0,757730.0,LOMA
2025-01-09,3050.0,3050.0,2915.0,3000.0,321520.0,LOMA
2025-01-10,3010.0,3060.0,2890.0,3040.0,1019372.0,LOMA
2025-01-13,3100.0,3100.0,2775.0,2790.0,1149993.0,LOMA
2025-01-14,2800.0,2915.0,2800.0,2860.0,702830.0,LOMA
2025-01-15,2940.0,3025.0,2760.0,2765.0,555825.0,LOMA
2025-01-16,2775.0,2805.0,2655.0,2660.0,540303.0,LOMA
2025-01-17,2670.0,2730.0,2515.0,2525.0,691743.0,LOMA
2025-01-20,2500.0,2675.0,2500.0,2570.0,292977.0,LOMA
2025-01-21,2625.0,2710.0,2550.0,2700.0,410875.0,LOMA
2025-01-22,2750.0,2835.0,2705.0,2805.0,676815.0,LOMA
2025-01-23,2800.0,2800.0,2655.0,2720.0,684278.0,LOMA
2025-01-24,2725.0,2780.0,2600.0,2745.0,428221.0,LOMA
2025-01-27,2695.0,2700.0,2605.0,2645.0,630727.0,LOMA
2025-01-28,2660.0,2775.0,2590.0,2650.0,324307.0,LOMA
2025-01-29,2700.0,2850.0,2630.0,2825.0,731393.0,LOMA
2025-01-30,2860.0,2970.0,2850.0,2950.0,592964.0,LOMA
2025-01-31,3000.0,3020.0,2830.0,2845.0,643069.0,LOMA
2025-02-03,2840.0,2840.0,2690.0,2820.0,253746.0,LOMA
2025-02-04,2840.0,2960.0,2840.0,2935.0,314701.0,LOMA
2025-02-05,2970.0,3010.0,2855.0,2880.0,201836.0,LOMA
2025-02-06,2885.0,2940.0,2870.0,2920.0,269052.0,LOMA
2025-02-07,2935.0,2995.0,2830.0,2885.0,381239.0,LOMA
2025-02-10,2885.0,2975.0,2825.0,2830.0,326178.0,LOMA
2025-02-11,2830.0,2850.0,2650.0,2685.0,708734.0,LOMA
2025-02-12,2685.0,2780.0,2605.0,2720.0,387015.0,LOMA
2025-02-13,2700.0,2805.0,2700.0,2795.0,166291.0,LOMA
2025-02-14,2785.0,2865.0,2720.0,2850.0,250600.0,LOMA
2025-02-17,2790.0,2800.0,2595.0,2620.0,1109532.0,LOMA
2025-02-18,2710.0,2870.0,2650.0,2850.0,856469.0,LOMA
2025-02-19,2850.0,2885.0,2810.0,2860.0,301078.0,LOMA
2025-02-20,2855.0,2900.0,2810.0,2865.0,258298.0,LOMA
2025-02-21,2900.0,2935.0,2720.0,2740.0,308414.0,LOMA
2025-02-24,2770.0,2830.0,2730.0,2815.0,266550.0,LOMA
2025-02-25,2815.0,2815.0,2670.0,2700.0,294910.0,LOMA
2025-02-26,2700.0,2740.0,2635.0,2690.0,311570.0,LOMA
2025-02-27,2695.0,2735.0,2565.0,2585.0,383168.0,LOMA
2025-02-28,2575.0,2615.0,2500.0,2515.0,467212.0,LOMA
2025-03-05,2515.0,2675.0,2460.0,2660.0,414761.0,LOMA
2025-03-06,2650.0,2690.0,2560.0,2595.0,172574.0,LOMA
2025-03-07,2595.0,2695.0,2530.0,2645.0,162893.0,LOMA
2025-03-10,2615.0,2615.0,2500.0,2540.0,219708.0,LOMA
2025-03-11,2555.0,2680.0,2535.0,2595.0,274654.0,LOMA
2025-03-12,2600.0,2685.0,2570.0,2625.0,318451.0,LOMA
2025-03-13,2640.0,2640.0,2500.0,2520.0,273445.0,LOMA
2025-03-14,2540.0,2705.0,2540.0,2690.0,261204.0,LOMA
2025-03-17,2710.0,2790.0,2670.0,2745.0,199325.0,LOMA
2025-03-18,2700.0,2710.0,2625.0,2670.0,295321.0,LOMA
2025-03-19,2695.0,2920.0,2695.0,2900.0,598856.0,LOMA
2025-03-20,2890.0,2895.0,2790.0,2810.0,206197.0,LOMA
2025-03-21,2800.0,2930.0,2720.0,2910.0,535708.0,LOMA
2025-03-25,2910.0,3070.0,2910.0,3025.0,902011.0,LOMA
2025-03-26,3010.0,3020.0,2890.0,2935.0,432886.0,LOMA
2025-03-27,3005.0,3015.0,2840.0,2875.0,312618.0,LOMA
2025-03-28,2875.0,2910.0,2805.0,2845.0,282618.0,LOMA
2025-03-31,2830.0,2940.0,2735.0,2920.0,904860.0,LOMA
2025-04-01,2960.0,2960.0,2835.0,2915.0,297321.0,LOMA
2025-04-03,2900.0,2900.0,2750.0,2805.0,224668.0,LOMA
2025-04-04,2750.0,2750.0,2435.0,2640.0,559929.0,LOMA
2025-04-07,2500.0,2675.0,2400.0,2460.0,1090050.0,LOMA
2025-04-08,2625.0,2625.0,2315.0,2355.0,985349.0,LOMA
2025-04-09,2400.0,2540.0,2105.0,2515.0,935434.0,LOMA
2025-04-10,2520.0,2535.0,2350.0,2445.0,353364.0,LOMA
2025-04-11,2485.0,2695.0,2485.0,2670.0,341995.0,LOMA
2025-04-14,3000.0,3000.0,2670.0,2780.0,419374.0,LOMA
2025-04-15,2800.0,2850.0,2600.0,2695.0,468948.0,LOMA
2025-04-16,2650.0,2735.0,2500.0,2555.0,725134.0,LOMA
2025-04-21,2555.0,2555.0,2285.0,2330.0,443159.0,LOMA
2025-04-22,2375.0,2485.0,2350.0,2475.0,715926.0,LOMA
2025-04-23,2550.0,2795.0,2550.0,2750.0,589566.0,LOMA
2025-04-24,2775.0,2955.0,2755.0,2840.0,558186.0,LOMA
2025-04-25,2800.0,2840.0,2715.0,2775.0,496095.0,LOMA
2025-04-28,2800.0,2835.0,2665.0,2755.0,300131.0,LOMA
2025-04-29,2770.0,2830.0,2710.0,2720.0,251222.0,LOMA
2025-04-30,2730.0,2735.0,2630.0,2670.0,419147.0,LOMA
2025-05-05,2670.0,2710.0,2585.0,2665.0,330452.0,LOMA
2025-05-06,2670.0,2800.0,2635.0,2760.0,242060.0,LOMA
2025-05-07,2750.0,2750.0,2565.0,2580.0,278919.0,LOMA
2025-05-08,2555.0,2625.0,2515.0,2590.0,565171.0,LOMA
2025-05-09,2650.0,2710.0,2570.0,2660.0,254962.0,LOMA
2025-05-12,2670.0,2790.0,2620.0,2760.0,603729.0,LOMA
2025-05-13,2790.0,2895.0,2715.0,2855.0,580806.0,LOMA
2025-05-14,2900.0,2900.0,2720.0,2810.0,580103.0,LOMA
2025-05-15,2810.0,2875.0,2740.0,2855.0,281575.0,LOMA
2025-05-16,2805.0,2910.0,2795.0,2885.0,233703.0,LOMA
2025-05-19,2885.0,2965.0,2855.0,2955.0,471484.0,LOMA
2025-05-20,3010.0,3120.0,3010.0,3070.0,1290232.0,LOMA
2025-05-21,3125.0,3180.0,3005.0,3025.0,1350546.0,LOMA
2025-05-22,3025.0,3125.0,2965.0,3095.0,755403.0,LOMA
2025-05-23,3020.0,3220.0,3000.0,3195.0,442191.0,LOMA
2025-05-26,3195.0,3500.0,3190.0,3295.0,651064.0,LOMA
2025-05-27,3270.0,3270.0,3175.0,3240.0,606247.0,LOMA
2025-05-28,3170.0,3185.0,3040.0,3080.0,1066645.0,LOMA
2025-05-29,3100.0,3140.0,3010.0,3120.0,875878.0,LOMA
2025-05-30,3135.0,3135.0,3010.0,3045.0,473464.0,LOMA
2025-06-02,3045.0,3055.0,2940.0,2970.0,287379.0,LOMA
2025-06-03,2970.0,3030.0,2880.0,3010.0,355316.0,LOMA
2025-06-04,2990.0,3025.0,2935.0,2990.0,671496.0,LOMA
2025-06-05,2940.0,3010.0,2880.0,2895.0,454888.0,LOMA
2025-06-06,2895.0,2935.0,2835.0,2880.0,229387.0,LOMA
2025-06-09,2880.0,2910.0,2825.0,2845.0,344655.0,LOMA
2025-06-10,2900.0,2965.0,2850.0,2930.0,312358.0,LOMA
2025-06-11,2940.0,2950.0,2850.0,2865.0,221908.0,LOMA
2025-06-12,2900.0,2965.0,2860.0,2925.0,395634.0,LOMA
2025-06-13,2900.0,2900.0,2715.0,2770.0,335620.0,LOMA
2025-06-17,2730.0,2745.0,2640.0,2665.0,820252.0,LOMA
2025-06-18,2735.0,2785.0,2685.0,2705.0,343600.0,LOMA
2025-06-19,2620.0,2775.0,2620.0,2770.0,303078.0,LOMA
2025-06-23,2680.0,2680.0,2575.0,2635.0,570081.0,LOMA
2025-06-24,2650.0,2800.0,2650.0,2780.0,189350.0,LOMA
2025-06-25,2750.0,2750.0,2645.0,2675.0,279661.0,LOMA
2025-06-26,2675.0,2760.0,2645.0,2685.0,284882.0,LOMA
2025-06-27,2650.0,2735.0,2645.0,2720.0,143483.0,LOMA
2025-06-30,2740.0,2770.0,2630.0,2650.0,226066.0,LOMA
2025-07-01,2650.0,2795.0,2625.0,2780.0,433501.0,LOMA
2025-07-02,2780.0,2850.0,2760.0,2785.0,154031.0,LOMA
2025-07-03,2835.0,2845.0,2780.0,2825.0,206374.0,LOMA
2025-07-04,2870.0,2880.0,2760.0,2820.0,79636.0,LOMA
2025-07-07,2770.0,2845.0,2720.0,2750.0,302796.0,LOMA
2025-07-08,2775.0,2905.0,2740.0,2880.0,427702.0,LOMA
2025-07-10,2775.0,2780.0,2720.0,2730.0,521645.0,LOMA
2025-07-11,2690.0,2745.0,2630.0,2700.0,668360.0,LOMA
2025-07-14,2680.0,2755.0,2655.0,2745.0,151956.0,LOMA
2025-07-15,2780.0,2805.0,2695.0,2755.0,403735.0,LOMA
2025-07-16,2750.0,2750.0,2655.0,2680.0,205818.0,LOMA
2025-07-17,2685.0,2740.0,2680.0,2700.0,507036.0,LOMA
2025-07-18,2700.0,2785.0,2700.0,2735.0,242784.0,LOMA
2025-07-21,2745.0,2850.0,2720.0,2740.0,505580.0,LOMA
2025-07-22,2730.0,2795.0,2655.0,2670.0,120781.0,LOMA
2025-07-23,2700.0,2815.0,2670.0,2805.0,351360.0,LOMA
2025-07-24,2750.0,2970.0,2750.0,2955.0,447003.0,LOMA
2025-07-25,2980.0,3065.0,2970.0,3010.0,427462.0,LOMA
2025-07-28,3020.0,3125.0,3005.0,3110.0,727238.0,LOMA
2025-07-29,3130.0,3200.0,3075.0,3145.0,749363.0,LOMA
2025-07-30,3145.0,3200.0,3050.0,3150.0,644686.0,LOMA
2025-07-31,3150.0,3230.0,3105.0,3175.0,282967.0,LOMA
2025-08-01,3195.0,3215.0,3060.0,3185.0,194697.0,LOMA
2025-08-04,3175.0,3265.0,3100.0,3190.0,278192.0,LOMA
2025-08-05,3210.0,3270.0,3150.0,3255.0,229353.0,LOMA
2025-08-06,3270.0,3365.0,3215.0,3340.0,802064.0,LOMA
2025-08-07,3380.0,3390.0,3260.0,3290.0,201621.0,LOMA
2025-08-08,3200.0,3230.0,2945.0,3035.0,1136334.0,LOMA
2025-08-11,3050.0,3090.0,2985.0,3005.0,348390.0,LOMA
2025-08-12,3010.0,3115.0,2985.0,3015.0,237365.0,LOMA
2025-08-13,3030.0,3085.0,2875.0,2885.0,470930.0,LOMA
2025-08-14,2890.0,2900.0,2765.0,2815.0,446013.0,LOMA
2025-08-18,2835.0,2835.0,2710.0,2740.0,363804.0,LOMA
2025-08-19,2760.0,2780.0,2630.0,2635.0,444997.0,LOMA
2025-08-20,2635.0,2720.0,2630.0,2665.0,205387.0,LOMA
2025-08-21,2700.0,2760.0,2650.0,2720.0,135822.0,LOMA
2025-08-22,2765.0,2820.0,2690.0,2705.0,591984.0,LOMA
2025-08-25,2700.0,2740.0,2620.0,2690.0,1509263.0,LOMA
2025-08-26,2685.0,2745.0,2640.0,2700.0,1557314.0,LOMA
2025-08-27,2775.0,2775.0,2535.0,2550.0,703063.0,LOMA
2025-08-28,2600.0,2605.0,2500.0,2505.0,895974.0,LOMA
2025-08-29,2520.0,2540.0,2455.0,2530.0,146226.0,LOMA
2025-09-01,2540.0,2560.0,2360.0,2445.0,191036.0,LOMA
2025-09-02,2530.0,2550.0,2415.0,2540.0,858921.0,LOMA
2025-09-03,2570.0,2575.0,2480.0,2495.0,484605.0,LOMA
2025-09-04,2520.0,2555.0,2455.0,2510.0,811616.0,LOMA
2025-09-05,2550.0,2565.0,2450.0,2490.0,635679.0,LOMA
2025-09-08,2320.0,2469.0,2150.0,2293.0,549517.0,LOMA
2025-09-09,2295.0,2377.0,2258.0,2286.0,527993.0,LOMA
2025-09-10,2300.0,2375.0,2296.0,2311.0,677285.0,LOMA
2025-09-11,2315.0,2351.0,2262.0,2277.0,461735.0,LOMA
2025-09-12,2300.0,2306.0,2199.0,2240.0,224513.0,LOMA
2025-09-15,2239.0,2289.0,2193.0,2243.0,630153.0,LOMA
2025-09-16,2300.0,2340.0,2225.0,2253.0,398385.0,LOMA
2025-09-17,2260.0,2302.0,2215.0,2220.0,366076.0,LOMA
2025-09-18,2230.0,2239.0,2170.0,2211.0,859393.0,LOMA
2025-09-19,2215.0,2270.0,2189.0,2229.0,1077760.0,LOMA
2025-09-22,2260.0,2429.0,2250.0,2344.0,608402.0,LOMA
2025-09-23,2367.0,2367.0,2180.0,2242.0,1234106.0,LOMA
2025-09-24,2255.0,2308.0,2203.0,2227.0,1376168.0,LOMA
2025-09-25,2226.0,2251.0,2122.0,2192.0,835630.0,LOMA
2025-09-26,2190.0,2260.0,2188.0,2243.0,344666.0,LOMA
2025-09-29,2250.0,2269.0,2220.0,2251.0,231001.0,LOMA
2025-09-30,2230.0,2270.0,2190.0,2255.0,465924.0,LOMA
2025-10-01,2260.0,2350.0,2220.0,2227.0,263824.0,LOMA
2025-10-02,2283.0,2317.0,2206.0,2307.0,391331.0,LOMA
2025-10-03,2340.0,2371.0,2244.0,2273.0,216704.0,LOMA
2025-10-06,2277.0,2308.0,2227.0,2302.0,567410.0,LOMA
2025-10-07,2315.0,2383.0,2284.0,2336.0,342906.0,LOMA
2025-10-08,2360.0,2414.0,2321.0,2403.0,259394.0,LOMA
2025-10-09,2400.0,2542.5,2400.0,2418.0,1093352.0,LOMA
2025-10-13,2470.0,2470.0,2216.0,2398.0,680627.0,LOMA
2025-10-14,2500.0,2500.0,2278.0,2310.0,498738.0,LOMA
2025-10-15,2300.0,2396.0,2272.0,2321.0,280943.0,LOMA
2025-10-16,2400.0,2400.0,2282.0,2332.0,131426.0,LOMA
2025-10-17,2331.0,2417.0,2297.0,2402.0,190140.0,LOMA
2025-10-20,2405.0,2500.0,2359.0,2387.0,265335.0,LOMA
2025-10-21,2355.0,2525.0,2350.0,2460.0,330317.0,LOMA
2025-10-22,2460.0,2537.5,2414.0,2479.0,605823.0,LOMA
2025-10-23,2471.0,2617.5,2470.0,2527.5,944666.0,LOMA
2025-10-24,2530.0,2620.0,2469.0,2505.0,567272.0,LOMA
2025-10-27,2760.0,3175.0,2647.5,3015.0,1886523.0,LOMA
2025-10-28,3000.0,3212.5,2990.0,3112.5,1526355.0,LOMA
2025-10-29,3050.0,3215.0,3050.0,3167.5,1382150.0,LOMA
2025-10-30,3200.0,3200.0,3000.0,3095.0,1318577.0,LOMA
2025-10-31,3140.0,3335.0,3097.5,3322.5,2207395.0,LOMA
2025-11-03,3350.0,3572.5,3162.5,3260.0,1644326.0,LOMA
2025-11-04,3200.0,3310.0,3120.0,3255.0,1115152.0,LOMA
2025-11-05,3250.0,3427.5,3227.5,3415.0,1899834.0,LOMA
2025-11-06,3415.0,3500.0,3212.5,3282.5,413178.0,LOMA
2025-11-07,3295.0,3360.0,3117.5,3200.0,1369520.0,LOMA
2025-11-10,3200.0,3350.0,3160.0,3345.0,983456.0,LOMA
2025-11-11,3350.0,3500.0,3300.0,3372.5,1801499.0,LOMA
2025-11-12,3400.0,3545.0,3382.5,3492.5,2249107.0,LOMA
2025-11-13,3520.0,3562.5,3360.0,3395.0,791199.0,LOMA
2025-11-14,3422.5,3575.0,3340.0,3562.5,921658.0,LOMA
2025-11-17,3560.0,3692.5,3507.5,3530.0,1059500.0,LOMA
2025-11-18,3575.0,3575.0,3300.0,3487.5,1010502.0,LOMA
2025-11-19,3500.0,3550.0,3382.5,3397.5,535263.0,LOMA
2025-11-20,3390.0,3565.0,3350.0,3385.0,999450.0,LOMA
2025-11-21,3447.5,3450.0,3245.0,3347.5,105039.0,LOMA
2025-11-25,3350.0,3490.0,3275.0,3480.0,881878.0,LOMA
2025-11-26,3500.0,3700.0,3410.0,3675.0,527300.0,LOMA
2025-11-27,3700.0,3780.0,3675.0,3757.5,686424.0,LOMA
2025-11-28,3710.0,3865.0,3640.0,3750.0,1785573.0,LOMA
2025-12-01,3800.0,3837.5,3692.5,3780.0,1066400.0,LOMA
2025-12-02,3780.0,3850.0,3760.0,3810.0,661053.0,LOMA
2025-12-03,3812.5,3907.5,3780.0,3852.5,1591346.0,LOMA
2025-12-04,3900.0,4000.0,3765.0,3800.0,664142.0,LOMA
2025-12-05,3850.0,3925.0,3682.5,3720.0,738411.0,LOMA
2025-12-09,3740.0,3780.0,3650.0,3695.0,465889.0,LOMA
2025-12-10,3750.0,3865.0,3605.0,3840.0,906946.0,LOMA
2025-12-11,3840.0,3900.0,3752.5,3877.5,273502.0,LOMA
2025-12-12,3880.0,3952.5,3777.5,3870.0,377743.0,LOMA
2025-12-15,3870.0,3945.0,3750.0,3895.0,664057.0,LOMA
2025-12-16,3900.0,3980.0,3770.0,3822.5,493560.0,LOMA
2025-12-17,3820.0,3950.0,3752.5,3815.0,436476.0,LOMA
2025-12-18,3845.0,4055.0,3800.0,4040.0,807902.0,LOMA
2025-12-19,4030.0,4130.0,3840.0,3940.0,384899.0,LOMA
2025-12-22,3970.0,4000.0,3920.0,3935.0,480027.0,LOMA
2025-12-23,3935.0,4030.0,3882.5,3935.0,435689.0,LOMA
2025-12-24,3935.0,3995.0,3855.0,3945.0,21826.0,LOMA
2025-12-26,3945.0,4090.0,3860.0,3980.0,408030.0,LOMA
2025-12-29,4000.0,4100.0,3905.0,3945.0,558094.0,LOMA
2025-12-30,4000.0,4067.5,3850.0,3885.0,229359.0,LOMA
2026-01-02,3945.0,4032.5,3895.0,3997.5,324915.0,LOMA
2026-01-05,4002.5,4050.0,3840.0,4017.5,426124.0,LOMA
2026-01-06,4005.0,4080.0,3912.5,3920.0,559756.0,LOMA
2026-01-07,3910.0,3910.0,3700.0,3735.0,480129.0,LOMA
2026-01-08,3750.0,3812.5,3630.0,3810.0,299235.0,LOMA
2026-01-09,3810.0,3920.0,3755.0,3805.0,243798.0,LOMA
2026-01-12,3810.0,3880.0,3700.0,3852.5,311815.0,LOMA
2026-01-13,3850.0,3860.0,3680.0,3710.0,377839.0,LOMA
2026-01-14,3800.0,3827.5,3582.5,3595.0,535120.0,LOMA
2026-01-15,3560.0,3660.0,3510.0,3530.0,363307.0,LOMA
2026-01-16,3650.0,3650.0,3507.5,3542.5,172934.0,LOMA
2026-01-19,3555.0,3605.0,3422.5,3477.5,112616.0,LOMA
2026-01-20,3475.0,3570.0,3395.0,3497.5,416188.0,LOMA
2026-01-21,3495.0,3655.0,3460.0,3642.5,629185.0,LOMA
2026-01-22,3690.0,3740.0,3540.0,3552.5,816838.0,LOMA
2026-01-23,3590.0,3657.5,3552.5,3592.5,851117.0,LOMA
2026-01-26,3550.0,3720.0,3550.0,3620.0,411553.0,LOMA
2026-01-27,3615.0,3737.5,3605.0,3692.5,436993.0,LOMA
2026-01-28,3740.0,3800.0,3590.0,3592.5,636268.0,LOMA
2026-01-29,3600.0,3650.0,3497.5,3522.5,510677.0,LOMA
2026-01-30,3590.0,3630.0,3422.5,3487.5,670759.0,LOMA
2026-02-02,3500.0,3600.0,3310.0,3342.5,666722.0,LOMA
2026-02-03,3345.0,3420.0,3227.5,3265.0,713131.0,LOMA
2026-02-04,3280.0,3375.0,3050.0,3165.0,506465.0,LOMA
2026-02-05,3160.0,3297.5,3110.0,3227.5,466681.0,LOMA
2026-02-06,3232.5,3405.0,3232.5,3315.0,215744.0,LOMA
2026-02-09,3327.5,3430.0,3245.0,3375.0,162561.0,LOMA
2026-02-10,3390.0,3525.0,3320.0,3487.5,407442.0,LOMA
2026-02-11,3502.5,3582.5,3400.0,3512.5,270312.0,LOMA
2026-02-12,3505.0,3600.0,3255.0,3365.0,389672.0,LOMA
2026-02-13,3330.0,3460.0,3250.0,3320.0,186065.0,LOMA
2026-02-18,3400.0,3400.0,3197.5,3220.0,184747.0,LOMA
2026-02-19,3290.0,3375.0,3160.0,3287.5,190592.0,LOMA
2026-02-20,3275.0,3420.0,3235.0,3290.0,394939.0,LOMA
2026-02-23,3290.0,3417.5,3060.0,3092.5,613183.0,LOMA
2026-02-24,3140.0,3185.0,3060.0,3175.0,196852.0,LOMA
2026-02-25,3180.0,3260.0,3075.0,3187.5,303924.0,LOMA
2026-02-26,3205.0,3235.0,3050.0,3105.0,776171.0,LOMA
2026-02-27,3060.0,3150.0,2965.0,2992.5,548147.0,LOMA
2026-03-02,2990.0,3090.0,2900.0,2945.0,225643.0,LOMA
2026-03-03,2945.0,3010.0,2852.5,2947.5,583675.0,LOMA
2026-03-04,3000.0,3040.0,2900.0,2927.5,309857.0,LOMA
2026-03-05,2920.0,2975.0,2862.5,2902.5,144988.0,LOMA
2026-03-06,2985.0,2985.0,2850.0,2907.5,314528.0,LOMA
2026-03-09,2887.5,2972.5,2825.0,2942.5,244373.0,LOMA
2026-03-10,2950.0,3160.0,2867.5,3090.0,412945.0,LOMA
2026-03-11,3100.0,3175.0,3020.0,3082.5,261355.0,LOMA
2026-03-12,3105.0,3120.0,2995.0,3000.0,102944.0,LOMA
2026-03-13,3015.0,3015.0,2880.0,2930.0,514539.0,LOMA
2026-03-16,2932.5,2977.5,2880.0,2907.5,423586.0,LOMA
2026-03-17,3000.0,3000.0,2872.5,2945.0,470661.0,LOMA
2026-03-18,2950.0,3017.5,2900.0,2997.5,313418.0,LOMA
2026-03-19,3027.5,3027.5,2915.0,2977.5,268808.0,LOMA
2026-03-20,2975.0,3010.0,2905.0,2960.0,324720.0,LOMA
2026-03-23,2955.0,3160.0,2880.0,3152.5,143468.0,LOMA
2026-03-25,3200.0,3222.5,3055.0,3110.0,772943.0,LOMA
2026-03-26,3120.0,3187.5,2957.5,2982.5,153937.0,LOMA
2026-03-27,3000.0,3020.0,2895.0,2962.5,215866.0,LOMA
2026-03-30,2900.0,3115.0,2900.0,3080.0,443752.0,LOMA
2026-03-31,3080.0,3262.5,3067.5,3252.5,608576.0,LOMA
2026-04-01,3280.0,3357.5,3172.5,3325.0,812702.0,LOMA
2026-04-06,3325.0,3450.0,3217.5,3430.0,676558.0,LOMA
2026-04-07,3432.5,3525.0,3322.5,3435.0,547480.0,LOMA
2026-04-08,3437.5,3590.0,3350.0,3535.0,504454.0,LOMA
2026-04-09,3540.0,3695.0,3410.0,3650.0,1763115.0,LOMA
2026-04-10,3620.0,3712.5,3395.0,3585.0,479824.0,LOMA
2026-04-13,3647.5,3675.0,3402.5,3470.0,265460.0,LOMA
2026-04-14,3460.0,3600.0,3420.0,3472.5,404836.0,LOMA
2026-04-15,3452.5,3550.0,3360.0,3380.0,166281.0,LOMA
2026-04-16,3400.0,3410.0,3287.5,3362.5,107119.0,LOMA
2026-04-17,3387.5,3490.0,3332.5,3395.0,177153.0,LOMA
2026-04-20,3397.5,3510.0,3315.0,3502.5,275150.0,LOMA
2026-04-21,3415.0,3680.0,3400.0,3467.5,207734.0,LOMA
2026-04-22,3550.0,3572.5,3392.5,3465.0,214817.0,LOMA
2026-04-23,3460.0,3505.0,3290.0,3312.5,330356.0,LOMA
2026-04-24,3340.0,3355.0,3210.0,3337.5,525628.0,LOMA
2026-04-27,3330.0,3435.0,3285.0,3302.5,452888.0,LOMA
2026-04-28,3290.0,3375.0,3260.0,3365.0,285835.0,LOMA
2026-04-29,3400.0,3400.0,3250.0,3265.0,320855.0,LOMA
2026-04-30,3255.0,3340.0,3190.0,3325.0,298114.0,LOMA
2026-05-04,3360.0,3360.0,3125.0,3130.0,507478.0,LOMA
2026-05-05,3170.0,3345.0,3160.0,3335.0,552584.0,LOMA
2026-05-06,3350.0,3545.0,3315.0,3475.0,422778.0,LOMA
2026-05-07,3590.0,3590.0,3312.5,3322.5,366254.0,LOMA
2026-05-08,3375.0,3375.0,3210.0,3270.0,500891.0,LOMA
2026-05-11,3350.0,3350.0,3240.0,3265.0,334480.0,LOMA
2026-05-12,3350.0,3350.0,3127.5,3145.0,414970.0,LOMA
2026-05-13,3145.0,3200.0,3060.0,3115.0,250101.0,LOMA
2026-05-14,3115.0,3220.0,3050.0,3162.5,229484.0,LOMA
2026-05-15,3170.0,3240.0,3075.0,3105.0,144578.0,LOMA
2026-05-18,3105.0,3247.5,3060.0,3242.5,166355.0,LOMA
2026-05-19,3245.0,3245.0,3120.0,3130.0,363922.0,LOMA
2026-05-20,3095.0,3210.0,3095.0,3207.5,411841.0,LOMA
2026-05-21,3210.0,3380.0,3127.5,3350.0,700004.0,LOMA
2026-05-22,3350.0,3352.5,3265.0,3277.5,149155.0,LOMA
2026-05-26,3300.0,3425.0,3282.5,3417.5,392992.0,LOMA
2026-05-27,3420.0,3612.5,3400.0,3570.0,1315527.0,LOMA
2026-05-28,3570.0,3620.0,3477.5,3505.0,521357.0,LOMA
2026-05-29,3505.0,3620.0,3482.5,3592.5,466091.0,LOMA
2026-06-01,3580.0,3772.5,3532.5,3662.5,391836.0,LOMA
2026-06-02,3662.5,3662.5,3490.0,3505.0,341749.0,LOMA
2026-06-03,3522.5,3522.5,3400.0,3452.5,219254.0,LOMA
2026-06-04,3470.0,3600.0,3415.0,3457.5,288957.0,LOMA
2026-06-05,3520.0,3520.0,3312.5,3347.5,148571.0,LOMA
2026-06-08,3360.0,3420.0,3307.5,3337.5,164374.0,LOMA
2026-06-09,3387.5,3560.0,3362.5,3522.5,309074.0,LOMA
2026-06-10,3525.0,3550.0,3405.0,3422.5,170144.0,LOMA
2026-06-11,3500.0,3782.5,3445.0,3750.0,507629.0,LOMA
2026-06-12,3750.0,3825.0,3700.0,3737.5,300834.0,LOMA
2026-06-16,3682.5,3860.0,3550.0,3607.5,287884.0,LOMA
2026-06-17,3647.5,3700.0,3540.0,3575.0,169426.0,LOMA
2026-06-18,3600.0,3700.0,3527.5,3582.5,351586.0,LOMA
2026-06-19,3690.0,3690.0,3420.0,3552.5,95852.0,LOMA
2026-06-22,3600.0,3647.5,3557.5,3627.5,166923.0,LOMA
2026-06-23,3650.0,3810.0,3580.0,3790.0,365205.0,LOMA
2026-06-24,3800.0,3810.0,3505.0,3577.5,657945.0,LOMA
2026-06-25,3510.0,3585.0,3480.0,3547.5,141511.0,LOMA
2026-06-26,3560.0,3705.0,3527.5,3555.0,133453.0,LOMA
2026-06-29,3555.0,3670.0,3552.5,3610.0,346467.0,LOMA
2026-06-30,3600.0,3655.0,3547.5,3607.5,152049.0,LOMA
2026-07-01,3545.0,3672.5,3465.0,3537.5,277395.0,LOMA
2026-07-02,3597.5,3720.0,3572.5,3685.0,379719.0,LOMA
2026-07-03,3720.0,3750.0,3615.0,3672.5,153088.0,LOMA
2026-07-06,3670.0,3797.5,3590.0,3687.5,944791.0,LOMA
2026-07-07,3685.0,3720.0,3527.5,3540.0,706166.0,LOMA
2026-07-08,3575.0,3575.0,3467.5,3497.5,421868.0,LOMA
2026-07-10,3510.0,3602.5,3470.0,3582.5,221199.0,LOMA
2026-07-13,3565.0,3600.0,3480.0,3497.5,188716.0,LOMA
2026-07-14,3575.0,3580.0,3465.0,3532.5,201745.0,LOMA
2026-07-15,3535.0,3640.0,3490.0,3612.5,106114.0,LOMA
2026-07-16,3650.0,3650.0,3532.5,3557.5,89913.0,LOMA
2026-07-17,3550.0,3565.0,3480.0,3522.5,165335.0,LOMA
2026-07-20,3550.0,3600.0,3480.0,3572.5,230696.0,LOMA
2026-07-21,3560.0,3650.0,3560.0,3605.0,180198.0,LOMA
2026-07-22,3605.0,3872.5,3605.0,3810.0,277727.0,LOMA
2026-07-23,3750.0,3890.0,3720.0,3765.0,411920.0,LOMA
2026-07-24,3765.0,3775.0,3602.5,3610.0,332361.0,LOMA
2026-07-27,3600.0,3740.0,3600.0,3707.5,156009.0,LOMA
2026-07-28,3700.0,3750.0,3597.5,3645.0,203673.0,LOMA
2026-07-29,3650.0,3717.5,3590.0,3672.5,106604.0,LOMA
2026-07-30,3677.5,3745.0,3620.0,3685.0,296425.0,LOMA
2026-07-31,3690.0,3760.0,3610.0,3620.0,193930.0,LOMA
2026-08-03,3635.0,3660.0,3537.5,3587.5,208786.0,LOMA
2026-08-04,3500.0,3655.0,3452.5,3477.5,333451.0,LOMA
2026-08-05,3485.0,3530.0,3437.5,3497.5,98335.0,LOMA
2026-08-06,3500.0,3520.0,3375.0,3380.0,477452.0,LOMA
2026-08-07,3392.5,3485.0,3215.0,3265.0,723088.0,LOMA
2026-08-10,3282.5,3315.0,3202.5,3260.0,463436.0,LOMA
2026-08-11,3300.0,3320.0,3112.5,3127.5,482293.0,LOMA
2026-08-12,3145.0,3205.0,3055.0,3062.5,489059.0,LOMA
2026-08-13,3060.0,3110.0,2972.5,2980.0,653520.0,LOMA
2026-08-14,3000.0,3075.0,2907.5,2957.5,736425.0,LOMA
2026-08-18,2962.5,2962.5,2867.5,2902.5,557867.0,LOMA
2026-08-19,2905.0,2992.5,2905.0,2955.0,437669.0,LOMA
2026-08-20,2970.0,3000.0,2920.0,2947.5,197025.0,LOMA
2026-08-21,3000.0,3017.5,2905.0,2965.0,237177.0,LOMA
2026-08-24,2965.0,3107.5,2910.0,3087.5,235604.0,LOMA
2026-08-25,3087.5,3127.5,3022.5,3120.0,325040.0,LOMA
