date,open,high,low,close,volume,ticker
2018-01-02,515.0,560.0,515.0,560.0,55101.0,MIRG
2018-01-03,558.04999,578.0,551.0,577.0,45513.0,MIRG
2018-01-04,578.0,593.0,572.0,585.0,42616.0,MIRG
2018-01-05,584.0,584.0,567.0,576.0,19352.0,MIRG
2018-01-08,575.5,575.5,562.0,573.0,36704.0,MIRG
2018-01-09,573.0,579.7,563.0,578.0,15874.0,MIRG
2018-01-10,574.0,585.0,560.0,583.0,12729.0,MIRG
2018-01-11,583.95001,596.4,582.0,595.84998,25549.0,MIRG
2018-01-12,595.0,605.0,590.0,604.0,28919.0,MIRG
2018-01-15,600.0,609.0,593.5,606.29999,24882.0,MIRG
2018-01-16,607.0,607.0,587.0,588.04999,12336.0,MIRG
2018-01-17,589.04999,595.0,581.0,587.0,17315.0,MIRG
2018-01-18,587.0,609.0,576.6,606.0,38089.0,MIRG
2018-01-19,610.0,633.95,601.0,618.34998,51278.0,MIRG
2018-01-22,620.04999,624.95,610.0,612.15002,17679.0,MIRG
2018-01-23,612.15002,614.5,600.05,610.45001,13198.0,MIRG
2018-01-24,608.0,629.0,608.0,621.04999,15725.0,MIRG
2018-01-25,627.0,629.0,618.0,620.04999,9148.0,MIRG
2018-01-26,618.09998,649.85,618.1,644.59998,30036.0,MIRG
2018-01-29,646.0,668.0,640.7,662.15002,69128.0,MIRG
2018-01-30,660.0,667.9,646.0,653.79999,24736.0,MIRG
2018-01-31,657.0,669.0,655.0,666.15002,33456.0,MIRG
2018-02-01,666.15002,680.0,655.5,666.65002,22918.0,MIRG
2018-02-02,660.0,660.0,630.0,643.59998,33597.0,MIRG
2018-02-05,632.95001,632.95,602.5,615.0,23360.0,MIRG
2018-02-06,601.0,633.95,590.0,620.0,35733.0,MIRG
2018-02-07,625.0,640.0,616.5,631.0,12526.0,MIRG
2018-02-08,633.0,640.0,595.0,601.5,29718.0,MIRG
2018-02-09,599.90002,604.95,570.0,588.20001,22340.0,MIRG
2018-02-14,592.0,618.0,592.0,612.0,7806.0,MIRG
2018-02-15,612.09998,627.9,612.1,627.34998,9594.0,MIRG
2018-02-16,627.5,643.9,613.0,623.84998,19132.0,MIRG
2018-02-19,630.0,646.0,624.0,644.40002,8380.0,MIRG
2018-02-20,633.45001,645.0,625.0,626.34998,7824.0,MIRG
2018-02-21,626.0,644.25,626.0,641.90002,8630.0,MIRG
2018-02-22,639.90002,645.0,630.05,638.34998,7489.0,MIRG
2018-02-23,640.0,648.85,630.0,631.0,9372.0,MIRG
2018-02-26,631.0,645.0,621.5,622.59998,6437.0,MIRG
2018-02-27,621.0,626.0,598.95,615.0,15712.0,MIRG
2018-02-28,618.0,618.0,608.3,615.54999,10528.0,MIRG
2018-03-01,617.0,618.95,586.0,592.29999,20657.0,MIRG
2018-03-02,585.0,614.95,585.0,609.65002,24027.0,MIRG
2018-03-05,610.5,639.0,610.0,631.0,10621.0,MIRG
2018-03-06,640.0,659.65,633.0,659.0,34667.0,MIRG
2018-03-07,659.09998,667.0,645.0,656.59998,12897.0,MIRG
2018-03-08,660.0,664.0,650.0,661.40002,10698.0,MIRG
2018-03-09,665.0,665.0,635.1,637.45001,29925.0,MIRG
2018-03-12,640.0,649.5,625.25,638.90002,13077.0,MIRG
2018-03-13,640.0,640.0,617.0,619.25,18549.0,MIRG
2018-03-14,614.0,624.5,605.0,618.04999,21597.0,MIRG
2018-03-15,616.5,626.0,616.5,623.04999,11013.0,MIRG
2018-03-16,620.0,625.0,612.55,616.70001,16547.0,MIRG
2018-03-19,615.0,615.0,586.0,593.29999,18161.0,MIRG
2018-03-20,597.75,598.0,567.05,577.04999,19996.0,MIRG
2018-03-21,580.0,596.0,580.0,593.09998,22719.0,MIRG
2018-03-22,585.0,602.0,585.0,597.70001,6221.0,MIRG
2018-03-23,599.95001,599.95,587.0,587.5,10058.0,MIRG
2018-03-26,590.0,599.0,581.1,588.25,9759.0,MIRG
2018-03-27,591.95001,595.0,585.0,588.0,11954.0,MIRG
2018-03-28,589.5,589.5,580.0,582.95001,14358.0,MIRG
2018-04-03,583.0,591.2,579.0,586.0,8172.0,MIRG
2018-04-04,580.0,585.0,579.0,584.70001,14225.0,MIRG
2018-04-05,590.0,601.25,580.2,592.0,7154.0,MIRG
2018-04-06,580.09998,599.0,580.1,596.75,5833.0,MIRG
2018-04-09,598.0,602.0,590.0,600.04999,6584.0,MIRG
2018-04-10,600.09998,614.0,600.1,609.25,3962.0,MIRG
2018-04-11,614.0,639.0,614.0,627.59998,16949.0,MIRG
2018-04-12,630.0,636.5,625.0,628.95001,8775.0,MIRG
2018-04-13,631.0,633.95,622.0,626.0,2387.0,MIRG
2018-04-16,626.0,626.0,602.05,605.65002,4703.0,MIRG
2018-04-17,606.0,617.0,603.0,614.34998,3957.0,MIRG
2018-04-18,614.34998,624.95,603.0,621.90002,3148.0,MIRG
2018-04-19,621.29999,621.3,603.55,612.25,5949.0,MIRG
2018-04-20,616.0,620.5,615.0,618.59998,9336.0,MIRG
2018-04-23,618.79999,618.8,608.0,613.65002,3621.0,MIRG
2018-04-24,613.70001,613.7,581.0,590.04999,14695.0,MIRG
2018-04-25,587.90002,588.0,580.0,583.65002,6631.0,MIRG
2018-04-26,583.65002,600.0,561.5,572.40002,15380.0,MIRG
2018-04-27,565.0,610.0,565.0,593.0,13270.0,MIRG
2018-05-02,610.0,634.9,592.15,598.95001,8604.0,MIRG
2018-05-03,580.0,588.0,570.0,582.5,15289.0,MIRG
2018-05-04,582.5,598.95,531.0,551.65002,14608.0,MIRG
2018-05-07,551.70001,568.0,514.0,523.40002,17384.0,MIRG
2018-05-08,515.0,519.5,481.0,500.0,55469.0,MIRG
2018-05-09,501.04999,519.5,501.0,514.5,17576.0,MIRG
2018-05-10,520.0,569.0,520.0,558.54999,18666.0,MIRG
2018-05-11,570.0,570.0,522.0,554.34998,16799.0,MIRG
2018-05-14,550.0,550.0,535.0,545.84998,15528.0,MIRG
2018-05-15,550.0,568.0,539.0,539.0,12621.0,MIRG
2018-05-16,563.0,563.0,520.0,523.40002,17352.0,MIRG
2018-05-17,533.95001,548.0,521.0,539.84998,16284.0,MIRG
2018-05-18,550.0,581.0,535.0,561.75,13898.0,MIRG
2018-05-21,563.0,575.0,553.0,558.34998,7732.0,MIRG
2018-05-22,559.0,563.0,542.0,542.5,5874.0,MIRG
2018-05-23,532.0,535.0,512.0,516.70001,12053.0,MIRG
2018-05-24,516.20001,520.0,502.0,507.25,10882.0,MIRG
2018-05-28,508.0,516.0,483.0,485.54999,10013.0,MIRG
2018-05-29,495.0,495.0,450.7,455.0,22309.0,MIRG
2018-05-30,455.0,472.0,448.0,449.25,13355.0,MIRG
2018-05-31,460.0,460.0,428.0,443.0,33499.0,MIRG
2018-06-01,440.0,458.5,435.0,452.5,12662.0,MIRG
2018-06-04,453.0,478.85,453.0,473.64999,16390.0,MIRG
2018-06-05,475.0,489.95,470.0,482.25,14565.0,MIRG
2018-06-06,490.0,504.35,485.25,499.95001,14785.0,MIRG
2018-06-07,496.0,498.95,480.0,484.85001,11635.0,MIRG
2018-06-08,504.89999,534.9,495.0,527.25,25085.0,MIRG
2018-06-11,527.25,532.9,507.0,519.20001,18072.0,MIRG
2018-06-12,529.90002,529.9,485.0,513.09998,9542.0,MIRG
2018-06-13,508.0,518.8,490.0,501.79999,6316.0,MIRG
2018-06-14,490.0,517.95,473.0,474.54999,7774.0,MIRG
2018-06-15,484.5,484.5,465.05,474.0,6799.0,MIRG
2018-06-18,465.0,465.0,410.0,410.70001,21503.0,MIRG
2018-06-19,430.0,430.0,413.05,417.20001,40820.0,MIRG
2018-06-21,438.04999,457.95,431.0,436.5,26826.0,MIRG
2018-06-22,441.0,445.85,430.0,438.64999,15577.0,MIRG
2018-06-25,438.0,438.0,412.0,412.89999,6025.0,MIRG
2018-06-26,412.89999,429.95,400.05,410.75,6790.0,MIRG
2018-06-27,409.0,409.0,351.0,360.0,38154.0,MIRG
2018-06-28,369.0,370.0,343.0,351.79999,24505.0,MIRG
2018-06-29,350.0,363.8,321.0,342.0,71679.0,MIRG
2018-07-02,330.0,330.0,300.5,312.5,48724.0,MIRG
2018-07-03,328.10001,340.0,318.0,323.0,18685.0,MIRG
2018-07-04,335.0,358.0,322.0,354.75,19440.0,MIRG
2018-07-05,360.0,378.0,360.0,363.0,29170.0,MIRG
2018-07-06,374.85001,374.85,340.0,360.79999,11557.0,MIRG
2018-07-10,365.5,384.0,364.0,367.95001,8134.0,MIRG
2018-07-11,368.0,370.0,350.0,361.79999,3178.0,MIRG
2018-07-12,369.0,369.0,343.0,348.35001,10460.0,MIRG
2018-07-13,354.95001,354.95,333.0,340.0,13760.0,MIRG
2018-07-16,342.0,343.0,326.0,331.85001,6069.0,MIRG
2018-07-17,331.0,340.95,326.0,334.0,7560.0,MIRG
2018-07-18,338.95,365.0,331.0,355.0,11751.1,MIRG
2018-07-19,360.0,361.9,342.4,350.0,7428.7,MIRG
2018-07-20,359.5,365.0,353.0,361.0,7881.9,MIRG
2018-07-23,358.0,369.9,358.0,360.0,8476.6,MIRG
2018-07-24,360.0,378.9,358.0,378.0,11046.2,MIRG
2018-07-25,375.5,403.0,375.0,403.0,35679.2,MIRG
2018-07-26,408.5,409.0,390.0,402.0,15516.4,MIRG
2018-07-27,405.0,410.0,391.0,400.0,8161.1,MIRG
2018-07-30,403.0,405.0,390.0,394.5,4885.1,MIRG
2018-07-31,394.0,400.0,393.55,395.9,2037.8,MIRG
2018-08-01,397.0,402.0,390.0,396.0,4593.1,MIRG
2018-08-02,392.9,400.0,373.0,387.0,10903.9,MIRG
2018-08-03,387.0,391.0,382.5,384.0,1898.3,MIRG
2018-08-06,384.0,384.0,367.0,377.0,7421.2,MIRG
2018-08-07,374.9,374.9,358.0,364.2,4984.3,MIRG
2018-08-08,365.0,365.0,334.0,342.0,5934.8,MIRG
2018-08-09,345.0,355.0,339.0,344.0,4214.7,MIRG
2018-08-10,310.0,335.0,310.0,320.0,21452.7,MIRG
2018-08-13,318.0,318.0,295.0,300.0,16353.8,MIRG
2018-08-14,306.0,338.0,306.0,338.0,12681.3,MIRG
2018-08-15,328.0,351.9,315.0,349.85,16798.8,MIRG
2018-08-16,348.05,358.0,342.0,347.45,4160.1,MIRG
2018-08-17,347.0,347.0,329.5,344.0,6019.7,MIRG
2018-08-21,349.9,361.9,346.0,357.5,30551.1,MIRG
2018-08-22,355.0,370.0,351.0,359.45,5094.5,MIRG
2018-08-23,359.0,363.0,352.0,354.0,4102.4,MIRG
2018-08-24,349.95,349.95,323.0,337.45,15670.4,MIRG
2018-08-27,325.05,350.0,325.05,330.0,12459.3,MIRG
2018-08-28,322.0,327.9,308.8,316.95,19851.5,MIRG
2018-08-29,315.95,324.0,295.0,309.45,12915.2,MIRG
2018-08-30,300.0,309.55,285.15,306.0,15359.5,MIRG
2018-08-31,306.5,348.95,306.5,348.95,28510.0,MIRG
2018-09-03,348.95,349.0,325.05,329.0,13398.8,MIRG
2018-09-04,325.0,328.0,307.0,316.0,8265.5,MIRG
2018-09-05,322.0,336.95,320.25,327.0,5546.7,MIRG
2018-09-06,334.0,346.0,331.0,344.0,12158.1,MIRG
2018-09-07,342.8,358.0,332.05,356.95,16121.7,MIRG
2018-09-10,357.0,359.5,342.1,353.7,5079.3,MIRG
2018-09-11,349.8,349.8,333.5,345.95,5352.5,MIRG
2018-09-12,350.0,350.0,337.25,347.9,7849.4,MIRG
2018-09-13,334.05,354.0,334.05,339.0,14318.9,MIRG
2018-09-14,340.0,340.0,334.0,340.0,16335.8,MIRG
2018-09-17,348.95,390.0,345.0,381.0,41216.6,MIRG
2018-09-18,385.0,398.75,385.0,394.95,30796.5,MIRG
2018-09-19,395.0,417.0,391.15,412.0,24210.5,MIRG
2018-09-20,425.0,430.0,403.05,413.95,23491.3,MIRG
2018-09-21,416.0,420.0,391.05,411.0,16684.7,MIRG
2018-09-24,415.0,415.0,391.1,396.95,5532.1,MIRG
2018-09-25,389.9,414.0,371.05,405.0,8808.3,MIRG
2018-09-26,404.5,410.0,399.0,405.0,7131.3,MIRG
2018-09-27,404.0,415.0,385.25,387.95,19759.4,MIRG
2018-09-28,387.0,387.0,363.0,371.5,18829.1,MIRG
2018-10-01,371.0,380.0,363.65,367.0,4444.8,MIRG
2018-10-02,350.1,392.0,350.1,383.0,7930.2,MIRG
2018-10-03,380.0,394.9,371.0,379.0,10082.3,MIRG
2018-10-04,360.0,371.45,355.0,362.7,9514.1,MIRG
2018-10-05,365.0,365.0,341.2,348.4,16618.7,MIRG
2018-10-08,342.0,350.0,330.0,333.0,4658.8,MIRG
2018-10-09,330.0,334.5,311.0,313.6,12215.8,MIRG
2018-10-10,311.0,320.0,302.0,309.5,6345.1,MIRG
2018-10-11,310.0,314.95,295.0,302.95,10230.2,MIRG
2018-10-12,315.0,325.0,308.2,316.5,11043.2,MIRG
2018-10-16,320.0,330.0,318.1,321.85,4075.5,MIRG
2018-10-17,320.0,323.0,310.0,311.95,6992.2,MIRG
2018-10-18,305.0,314.85,302.0,308.95,3677.1,MIRG
2018-10-19,309.0,314.0,309.0,312.4,9686.2,MIRG
2018-10-22,312.0,312.0,304.5,305.0,3991.7,MIRG
2018-10-23,309.0,309.0,287.95,295.85,5460.5,MIRG
2018-10-24,296.0,314.25,295.85,307.0,8272.2,MIRG
2018-10-25,314.25,323.0,305.0,323.0,2320.1,MIRG
2018-10-26,328.9,328.9,317.0,326.0,4658.2,MIRG
2018-10-29,330.0,332.0,315.0,317.0,1879.8,MIRG
2018-10-30,320.0,324.95,312.0,317.0,2746.0,MIRG
2018-10-31,316.95,316.95,312.5,316.05,3085.4,MIRG
2018-11-01,317.0,349.95,317.0,347.0,13812.0,MIRG
2018-11-02,350.0,365.0,335.0,345.05,13861.7,MIRG
2018-11-05,348.0,359.9,341.0,344.0,6605.2,MIRG
2018-11-06,339.0,351.0,322.0,343.0,939.3,MIRG
2018-11-07,342.95,351.0,338.7,339.95,6932.7,MIRG
2018-11-08,340.0,348.95,333.0,336.0,8689.1,MIRG
2018-11-09,329.95,329.95,315.0,321.45,19729.1,MIRG
2018-11-12,320.0,320.0,302.05,307.5,21272.0,MIRG
2018-11-13,307.45,309.45,294.1,299.85,10966.3,MIRG
2018-11-14,295.0,308.0,292.0,303.0,18440.4,MIRG
2018-11-15,305.0,318.0,305.0,313.0,13999.2,MIRG
2018-11-16,310.0,316.5,304.0,316.4,14354.4,MIRG
2018-11-20,314.0,314.0,303.0,307.0,6354.2,MIRG
2018-11-21,310.0,314.9,306.0,313.5,8910.3,MIRG
2018-11-22,311.0,311.0,304.0,310.9,3358.2,MIRG
2018-11-23,309.45,314.0,305.0,309.0,7902.7,MIRG
2018-11-26,310.1,310.1,304.0,306.0,9437.1,MIRG
2018-11-27,307.0,307.0,299.0,299.5,6428.4,MIRG
2018-11-28,299.0,304.0,296.1,300.0,35549.1,MIRG
2018-11-29,301.0,309.0,300.0,306.5,5171.8,MIRG
2018-12-03,315.0,328.0,315.0,325.0,17750.4,MIRG
2018-12-04,325.0,329.0,320.15,325.85,8675.0,MIRG
2018-12-05,321.0,347.0,321.0,347.0,29850.2,MIRG
2018-12-06,343.8,361.5,336.0,357.05,16477.3,MIRG
2018-12-07,359.0,369.95,347.0,348.0,12891.2,MIRG
2018-12-10,348.7,348.7,337.0,343.4,3013.7,MIRG
2018-12-11,340.95,360.0,338.0,338.0,8293.0,MIRG
2018-12-12,343.1,349.4,343.1,345.0,4733.4,MIRG
2018-12-13,334.95,334.95,325.0,330.2,16886.3,MIRG
2018-12-14,325.0,334.95,323.9,332.7,4121.5,MIRG
2018-12-17,330.0,332.6,320.05,323.0,18183.9,MIRG
2018-12-18,322.0,328.0,320.0,321.0,7959.3,MIRG
2018-12-19,322.0,336.0,321.0,321.0,4881.1,MIRG
2018-12-20,323.0,326.0,311.1,315.1,7893.5,MIRG
2018-12-21,319.0,319.0,304.0,304.2,6408.5,MIRG
2018-12-26,306.0,319.5,295.0,315.0,7638.1,MIRG
2018-12-27,312.0,335.0,312.0,335.0,6098.8,MIRG
2018-12-28,340.0,360.0,340.0,356.95,19961.5,MIRG
2019-01-02,355.0,359.0,340.0,356.95,5073.8,MIRG
2019-01-03,355.0,355.0,337.0,341.0,8898.5,MIRG
2019-01-04,350.0,363.0,340.05,353.9,4933.3,MIRG
2019-01-07,365.0,365.0,345.0,348.5,6512.4,MIRG
2019-01-08,350.0,351.5,339.0,345.0,2832.5,MIRG
2019-01-09,346.0,358.5,346.0,352.0,11480.6,MIRG
2019-01-10,343.5,355.0,343.5,350.0,10690.2,MIRG
2019-01-11,350.0,365.0,348.0,365.0,14715.9,MIRG
2019-01-14,364.0,372.5,356.0,363.0,6424.3,MIRG
2019-01-15,358.0,373.0,358.0,367.0,7521.3,MIRG
2019-01-16,378.5,378.5,362.0,371.0,3344.3,MIRG
2019-01-17,370.0,371.0,364.0,371.0,7496.1,MIRG
2019-01-18,370.5,386.0,370.5,386.0,9129.6,MIRG
2019-01-21,384.5,401.0,383.5,400.0,9971.4,MIRG
2019-01-22,401.0,404.0,372.5,381.0,17722.7,MIRG
2019-01-23,380.0,395.0,380.0,395.0,9894.8,MIRG
2019-01-24,398.0,405.0,396.5,401.5,8545.8,MIRG
2019-01-25,402.0,402.0,389.0,394.0,11275.6,MIRG
2019-01-28,393.5,393.5,375.0,387.0,4815.0,MIRG
2019-01-29,384.0,389.5,376.0,384.0,4639.5,MIRG
2019-01-30,385.0,389.0,380.5,387.0,9272.2,MIRG
2019-01-31,387.5,388.5,380.5,386.5,6867.6,MIRG
2019-02-01,387.0,390.0,381.5,388.0,5822.2,MIRG
2019-02-04,388.0,388.0,375.0,375.5,26401.2,MIRG
2019-02-05,385.0,385.0,366.0,373.0,12317.2,MIRG
2019-02-06,374.0,382.0,367.0,367.0,8302.5,MIRG
2019-02-07,367.5,367.5,360.0,367.5,8922.5,MIRG
2019-02-08,379.0,385.0,367.5,385.0,5528.7,MIRG
2019-02-11,380.0,394.0,380.0,394.0,6120.9,MIRG
2019-02-12,393.0,400.0,390.0,399.0,7506.9,MIRG
2019-02-13,398.0,403.0,388.5,393.0,5385.3,MIRG
2019-02-14,393.0,393.0,382.0,384.0,7293.8,MIRG
2019-02-15,382.5,395.0,382.5,394.0,14023.8,MIRG
2019-02-18,395.0,395.0,382.0,388.0,4901.9,MIRG
2019-02-19,392.0,392.0,377.5,384.0,3107.4,MIRG
2019-02-20,380.5,389.0,376.0,382.5,3866.9,MIRG
2019-02-21,371.0,378.5,370.0,370.0,2290.2,MIRG
2019-02-22,368.0,374.5,368.0,368.5,4121.6,MIRG
2019-02-25,370.0,375.0,361.0,367.0,6328.2,MIRG
2019-02-26,365.0,370.0,355.0,370.0,2164.3,MIRG
2019-02-27,369.0,371.0,365.0,371.0,3639.9,MIRG
2019-02-28,378.0,378.0,367.0,373.0,3033.3,MIRG
2019-03-01,375.0,380.0,356.0,378.5,4572.0,MIRG
2019-03-06,368.0,373.5,360.0,368.0,3320.8,MIRG
2019-03-07,367.5,373.5,347.5,364.0,11015.9,MIRG
2019-03-08,353.0,369.5,353.0,362.5,2879.9,MIRG
2019-03-11,363.0,366.0,348.0,351.5,7961.1,MIRG
2019-03-12,350.0,352.0,328.0,343.0,14320.9,MIRG
2019-03-13,345.0,345.0,327.5,338.0,13922.2,MIRG
2019-03-14,336.0,338.5,325.5,338.0,7304.9,MIRG
2019-03-15,340.0,344.0,329.0,334.0,10130.6,MIRG
2019-03-18,340.0,340.0,315.0,320.5,23678.8,MIRG
2019-03-19,321.5,326.0,307.0,312.0,10841.2,MIRG
2019-03-20,307.0,324.0,307.0,317.5,24896.7,MIRG
2019-03-21,325.5,326.0,307.0,313.0,8596.2,MIRG
2019-03-22,312.5,312.5,300.0,306.5,14248.3,MIRG
2019-03-25,306.0,314.0,300.0,305.0,8126.9,MIRG
2019-03-26,302.5,309.5,298.5,301.0,7582.7,MIRG
2019-03-27,291.0,295.0,281.0,295.0,18560.3,MIRG
2019-03-28,297.0,312.0,297.0,309.0,14242.4,MIRG
2019-03-29,315.0,320.0,311.0,311.0,4811.1,MIRG
2019-04-01,312.0,320.0,300.0,308.0,11474.0,MIRG
2019-04-03,308.0,308.0,295.0,298.0,6466.8,MIRG
2019-04-04,296.0,302.0,286.5,290.5,7873.9,MIRG
2019-04-05,290.5,295.0,287.5,291.0,6468.4,MIRG
2019-04-08,293.0,304.0,288.5,290.0,5137.5,MIRG
2019-04-09,290.0,290.0,276.0,278.0,6940.9,MIRG
2019-04-10,278.0,292.0,278.0,280.0,19734.1,MIRG
2019-04-11,280.0,282.0,270.0,278.5,5662.7,MIRG
2019-04-12,278.0,285.0,270.0,284.0,5994.1,MIRG
2019-04-15,284.5,284.5,273.0,278.0,7720.5,MIRG
2019-04-16,276.0,282.0,274.0,278.0,1011.5,MIRG
2019-04-17,277.0,278.0,273.0,274.5,2939.7,MIRG
2019-04-22,265.0,269.0,261.0,263.0,4674.7,MIRG
2019-04-23,265.0,267.0,260.0,265.0,3439.0,MIRG
2019-04-24,260.5,264.0,245.0,246.5,13601.8,MIRG
2019-04-25,247.0,271.0,233.0,265.0,16230.7,MIRG
2019-04-26,265.0,287.0,260.0,284.0,24525.3,MIRG
2019-04-29,286.0,310.0,285.0,295.0,12617.3,MIRG
2019-04-30,296.0,303.5,295.0,302.0,6114.5,MIRG
2019-05-02,300.0,306.5,295.0,304.5,3537.8,MIRG
2019-05-03,305.0,314.0,305.0,313.5,5814.7,MIRG
2019-05-06,312.0,325.5,305.5,324.0,9108.3,MIRG
2019-05-07,323.0,325.0,312.0,320.0,4037.8,MIRG
2019-05-08,320.0,329.0,320.0,328.5,4815.0,MIRG
2019-05-09,340.0,340.0,321.0,329.0,4104.4,MIRG
2019-05-10,335.0,337.0,320.0,335.0,9564.2,MIRG
2019-05-13,330.5,330.5,315.0,323.0,1756.6,MIRG
2019-05-14,325.0,334.0,318.0,319.0,4265.5,MIRG
2019-05-15,320.0,331.5,320.0,326.0,2572.7,MIRG
2019-05-16,330.0,332.5,322.0,330.0,6651.7,MIRG
2019-05-17,334.0,334.0,315.0,316.0,5678.2,MIRG
2019-05-20,316.0,327.5,310.5,327.0,5053.5,MIRG
2019-05-21,325.0,332.0,320.0,329.0,12600.0,MIRG
2019-05-22,332.0,332.0,321.5,326.0,3712.5,MIRG
2019-05-23,329.0,329.0,316.5,323.5,2275.7,MIRG
2019-05-24,319.0,327.0,316.0,323.0,7172.2,MIRG
2019-05-27,321.0,322.5,317.0,320.0,3100.6,MIRG
2019-05-28,321.5,323.0,308.0,315.0,5380.9,MIRG
2019-05-29,315.0,316.5,310.0,313.5,3897.2,MIRG
2019-05-30,315.0,317.0,307.0,307.0,4246.6,MIRG
2019-05-31,307.0,310.0,305.0,307.0,7709.7,MIRG
2019-06-03,302.0,315.0,302.0,305.0,5133.1,MIRG
2019-06-04,310.5,312.0,301.0,312.0,8279.0,MIRG
2019-06-05,310.0,314.0,305.0,313.0,3787.2,MIRG
2019-06-06,314.0,314.0,310.0,314.0,3971.2,MIRG
2019-06-07,312.0,317.0,312.0,315.5,6394.2,MIRG
2019-06-10,315.5,322.0,315.0,319.5,6225.1,MIRG
2019-06-11,319.5,335.0,316.5,334.5,11266.7,MIRG
2019-06-12,335.0,359.0,335.0,357.5,26104.0,MIRG
2019-06-13,350.0,355.0,330.0,346.0,13935.7,MIRG
2019-06-14,351.0,353.0,333.0,345.5,11946.8,MIRG
2019-06-18,350.0,355.0,337.0,346.0,5391.5,MIRG
2019-06-19,343.0,343.0,332.0,339.5,3560.2,MIRG
2019-06-21,327.0,344.0,327.0,341.5,24702.6,MIRG
2019-06-24,341.0,342.0,329.0,333.0,4610.0,MIRG
2019-06-25,331.5,340.0,330.0,338.0,5243.2,MIRG
2019-06-26,338.0,340.0,331.0,340.0,3593.6,MIRG
2019-06-27,331.0,344.5,331.0,344.5,10300.2,MIRG
2019-06-28,340.0,344.0,334.0,344.0,1418.8,MIRG
2019-07-01,350.0,350.0,337.5,343.5,4635.1,MIRG
2019-07-02,345.0,345.0,338.0,339.0,5659.6,MIRG
2019-07-03,339.0,340.0,334.0,338.5,3933.0,MIRG
2019-07-04,338.5,344.5,332.0,344.5,3844.0,MIRG
2019-07-05,354.5,354.5,336.5,344.0,6281.6,MIRG
2019-07-10,345.0,359.5,345.0,359.0,19165.5,MIRG
2019-07-11,362.0,365.0,359.0,363.0,10191.3,MIRG
2019-07-12,363.0,369.0,354.0,360.0,5627.9,MIRG
2019-07-15,360.0,364.0,345.5,346.5,9610.0,MIRG
2019-07-16,349.0,358.0,345.0,349.0,4457.7,MIRG
2019-07-17,359.5,359.5,343.5,353.0,4765.3,MIRG
2019-07-18,352.5,354.5,340.0,353.0,8540.4,MIRG
2019-07-19,350.0,355.0,343.0,350.0,2755.0,MIRG
2019-07-22,338.0,340.0,336.0,338.0,6268.0,MIRG
2019-07-23,337.0,337.0,324.0,334.5,8759.6,MIRG
2019-07-24,329.0,342.0,325.0,330.0,6262.8,MIRG
2019-07-25,328.5,332.5,320.0,331.0,5249.7,MIRG
2019-07-26,331.0,338.0,330.0,338.0,15102.8,MIRG
2019-07-29,339.0,345.0,334.0,344.5,5313.6,MIRG
2019-07-30,348.5,348.5,337.0,340.5,3304.5,MIRG
2019-07-31,349.5,349.5,335.5,342.0,4084.5,MIRG
2019-08-01,343.0,343.0,335.0,339.5,3979.4,MIRG
2019-08-02,340.0,341.0,333.0,333.0,3873.0,MIRG
2019-08-05,333.0,334.5,325.0,334.5,3849.8,MIRG
2019-08-06,335.0,341.5,334.0,339.5,4595.2,MIRG
2019-08-07,341.0,341.0,323.5,332.5,6226.0,MIRG
2019-08-08,330.0,331.0,322.0,327.5,3869.4,MIRG
2019-08-09,331.0,344.0,330.0,338.0,17991.1,MIRG
2019-08-12,298.0,298.0,225.0,236.0,24978.8,MIRG
2019-08-13,242.0,298.0,242.0,290.0,23573.6,MIRG
2019-08-14,280.0,315.0,261.0,315.0,26532.3,MIRG
2019-08-15,315.0,365.0,315.0,359.0,35991.6,MIRG
2019-08-16,360.0,415.0,360.0,370.0,40823.4,MIRG
2019-08-20,370.0,370.0,347.5,365.0,22011.1,MIRG
2019-08-21,364.0,390.0,364.0,370.0,9704.8,MIRG
2019-08-22,366.0,380.0,361.5,371.0,37446.9,MIRG
2019-08-23,371.0,379.0,360.0,365.0,55899.4,MIRG
2019-08-26,369.0,372.0,352.0,357.0,13363.8,MIRG
2019-08-27,343.0,348.5,305.0,314.0,24067.5,MIRG
2019-08-28,301.0,327.0,300.0,316.5,9399.3,MIRG
2019-08-29,314.0,314.0,280.0,287.5,9561.4,MIRG
2019-08-30,284.0,299.0,271.0,282.5,22444.7,MIRG
2019-09-02,285.0,319.0,280.0,316.5,28923.8,MIRG
2019-09-03,317.0,321.0,276.0,295.0,17372.1,MIRG
2019-09-04,288.0,315.0,288.0,307.0,26703.3,MIRG
2019-09-05,308.0,329.5,308.0,328.0,22019.0,MIRG
2019-09-06,329.5,343.0,315.5,330.0,29602.7,MIRG
2019-09-09,330.0,345.0,320.0,334.0,10460.6,MIRG
2019-09-10,334.5,345.0,330.0,340.0,8076.4,MIRG
2019-09-11,335.5,343.0,335.5,340.0,5392.8,MIRG
2019-09-12,339.5,339.5,315.0,329.0,6887.0,MIRG
2019-09-13,329.0,338.5,322.0,329.5,6529.5,MIRG
2019-09-16,334.0,335.0,323.0,328.0,7805.3,MIRG
2019-09-17,332.0,332.0,315.0,329.0,8051.9,MIRG
2019-09-18,325.0,325.0,317.0,325.0,6769.6,MIRG
2019-09-19,315.5,320.0,310.5,319.5,22356.3,MIRG
2019-09-20,317.0,322.0,305.0,314.0,10824.9,MIRG
2019-09-23,311.0,311.0,294.0,294.0,12960.6,MIRG
2019-09-24,298.5,298.5,272.0,277.5,26503.6,MIRG
2019-09-25,272.5,280.0,258.5,270.0,17707.0,MIRG
2019-09-26,272.0,282.0,261.0,274.0,17762.7,MIRG
2019-09-27,281.5,281.5,266.0,273.0,21595.4,MIRG
2019-09-30,275.0,277.0,265.0,272.5,18623.3,MIRG
2019-10-01,275.0,280.0,268.5,273.0,21562.8,MIRG
2019-10-02,273.0,312.0,268.0,312.0,126900.5,MIRG
2019-10-03,317.5,335.0,312.5,314.0,37608.2,MIRG
2019-10-04,311.0,327.0,310.5,326.0,24883.1,MIRG
2019-10-07,326.0,334.0,318.0,320.0,12826.7,MIRG
2019-10-08,318.0,318.0,303.0,304.0,27559.2,MIRG
2019-10-09,307.0,310.0,302.0,310.0,5406.1,MIRG
2019-10-10,310.0,318.0,306.5,311.5,5406.7,MIRG
2019-10-11,311.5,316.0,307.0,314.5,8456.8,MIRG
2019-10-15,314.0,317.0,305.0,315.0,7390.7,MIRG
2019-10-16,313.0,314.5,307.5,310.0,5666.6,MIRG
2019-10-17,310.0,310.0,301.5,307.5,7072.1,MIRG
2019-10-18,305.0,310.0,300.0,306.5,16582.6,MIRG
2019-10-21,307.0,312.0,305.0,307.0,9613.2,MIRG
2019-10-22,300.5,309.0,300.0,304.0,29055.0,MIRG
2019-10-23,300.0,309.0,288.5,299.0,22994.2,MIRG
2019-10-24,289.0,304.5,285.0,304.5,18117.4,MIRG
2019-10-25,305.0,317.5,298.5,311.0,22492.8,MIRG
2019-10-28,320.0,339.0,305.0,327.0,15462.2,MIRG
2019-10-29,326.5,350.0,320.0,340.0,31583.0,MIRG
2019-10-30,340.0,371.0,335.0,367.0,25767.4,MIRG
2019-10-31,369.0,411.5,369.0,411.0,53502.3,MIRG
2019-11-01,428.5,436.0,413.0,433.5,30226.1,MIRG
2019-11-04,440.5,492.0,440.5,490.0,53810.9,MIRG
2019-11-05,491.5,519.5,466.0,481.0,47216.7,MIRG
2019-11-06,477.0,480.0,462.0,477.0,11785.2,MIRG
2019-11-07,477.0,480.0,470.0,476.0,13951.9,MIRG
2019-11-08,473.5,482.0,440.0,447.0,31809.2,MIRG
2019-11-11,447.0,470.0,430.0,448.5,14737.5,MIRG
2019-11-12,449.0,460.0,438.0,459.5,14238.9,MIRG
2019-11-13,465.0,475.0,445.0,454.0,8477.0,MIRG
2019-11-14,454.0,461.0,431.0,439.5,4967.2,MIRG
2019-11-15,439.5,449.0,431.5,448.5,8920.2,MIRG
2019-11-19,458.5,458.5,438.5,450.0,4760.4,MIRG
2019-11-20,451.0,475.0,451.0,475.0,6016.8,MIRG
2019-11-21,475.0,490.0,473.0,478.5,6999.6,MIRG
2019-11-22,478.5,489.0,471.0,485.0,8983.7,MIRG
2019-11-26,477.5,484.0,441.0,466.0,9731.6,MIRG
2019-11-27,467.5,476.0,467.5,473.5,4870.5,MIRG
2019-11-28,475.0,496.0,470.0,491.5,24587.1,MIRG
2019-11-29,493.0,521.5,493.0,521.5,34141.9,MIRG
2019-12-02,524.0,547.5,523.0,535.0,39009.2,MIRG
2019-12-03,534.5,544.5,521.5,535.0,9340.1,MIRG
2019-12-04,540.5,555.0,536.0,553.0,16542.6,MIRG
2019-12-05,554.0,578.0,553.0,570.0,19253.7,MIRG
2019-12-06,571.0,593.0,571.0,590.0,28017.9,MIRG
2019-12-09,600.0,610.0,590.0,596.0,22879.9,MIRG
2019-12-10,590.0,603.0,552.0,563.5,21971.8,MIRG
2019-12-11,563.5,580.0,535.0,565.0,18891.8,MIRG
2019-12-12,565.0,589.5,548.0,576.5,17250.0,MIRG
2019-12-13,577.0,605.0,576.5,602.0,53156.1,MIRG
2019-12-16,607.0,640.0,607.0,635.0,23675.5,MIRG
2019-12-17,635.0,669.5,620.0,656.5,39842.6,MIRG
2019-12-18,656.5,670.0,640.0,661.0,36958.1,MIRG
2019-12-19,668.0,679.0,647.0,657.0,16223.0,MIRG
2019-12-20,657.5,666.0,641.0,655.0,18831.4,MIRG
2019-12-23,655.0,674.0,651.0,672.0,25292.1,MIRG
2019-12-26,672.0,719.5,668.0,711.0,30250.3,MIRG
2019-12-27,715.5,743.0,700.5,714.0,13770.3,MIRG
2019-12-30,713.0,736.0,710.0,730.0,10929.4,MIRG
2020-01-02,740.0,770.0,730.0,765.5,18232.5,MIRG
2020-01-03,765.0,782.0,754.0,782.0,14145.0,MIRG
2020-01-06,783.0,809.5,783.0,809.0,33705.7,MIRG
2020-01-07,811.0,839.5,770.0,818.0,44087.9,MIRG
2020-01-08,810.0,810.0,769.0,805.0,17639.7,MIRG
2020-01-09,805.0,826.0,798.5,822.0,14573.5,MIRG
2020-01-10,822.0,870.0,810.0,870.0,23835.3,MIRG
2020-01-13,870.0,908.0,867.0,906.0,24906.5,MIRG
2020-01-14,920.0,961.0,907.0,946.5,30859.7,MIRG
2020-01-15,955.0,973.0,951.0,964.5,26272.0,MIRG
2020-01-16,961.0,989.5,916.5,975.0,40984.1,MIRG
2020-01-17,975.0,990.0,938.0,972.0,21811.1,MIRG
2020-01-20,972.0,975.0,941.5,950.5,15964.9,MIRG
2020-01-21,945.0,950.0,900.0,905.0,26132.9,MIRG
2020-01-22,900.0,900.0,860.0,890.0,39185.9,MIRG
2020-01-23,887.0,899.0,870.5,872.0,8182.7,MIRG
2020-01-24,870.0,882.0,816.0,824.5,22850.2,MIRG
2020-01-27,824.0,824.0,755.0,780.0,31251.3,MIRG
2020-01-28,780.0,848.0,780.0,825.0,16372.9,MIRG
2020-01-29,842.0,865.0,826.0,836.5,12746.8,MIRG
2020-01-30,837.0,854.0,810.5,845.0,7538.8,MIRG
2020-01-31,845.0,859.0,824.0,825.0,5815.8,MIRG
2020-02-03,820.0,850.0,820.0,835.0,7848.3,MIRG
2020-02-04,835.0,848.5,810.0,839.5,4597.7,MIRG
2020-02-05,840.0,840.0,818.0,824.0,4629.8,MIRG
2020-02-06,824.0,838.0,823.0,833.0,2934.8,MIRG
2020-02-07,833.0,847.0,812.0,820.0,4751.3,MIRG
2020-02-10,815.0,815.0,790.0,803.0,4716.1,MIRG
2020-02-11,799.0,799.0,750.0,794.5,8318.7,MIRG
2020-02-12,804.5,804.5,792.0,794.0,4913.9,MIRG
2020-02-13,793.5,793.5,766.5,777.5,20501.5,MIRG
2020-02-14,780.0,799.0,768.0,784.5,3404.9,MIRG
2020-02-17,800.0,800.0,770.0,785.0,2654.5,MIRG
2020-02-18,785.0,785.0,758.0,782.0,8201.8,MIRG
2020-02-19,782.0,799.0,762.0,796.0,4428.7,MIRG
2020-02-20,796.0,810.0,773.0,797.0,5028.3,MIRG
2020-02-21,797.0,810.0,780.5,782.5,2160.3,MIRG
2020-02-26,750.0,765.5,730.0,757.0,2657.2,MIRG
2020-02-27,755.0,757.0,712.0,739.5,5617.4,MIRG
2020-02-28,708.5,730.0,692.0,714.0,8703.8,MIRG
2020-03-02,713.0,789.0,703.5,763.0,8338.5,MIRG
2020-03-03,780.0,799.0,754.0,772.5,10735.8,MIRG
2020-03-04,775.0,799.0,775.0,796.5,6804.7,MIRG
2020-03-05,797.0,798.0,765.0,768.5,9209.5,MIRG
2020-03-06,750.0,760.0,730.0,744.0,4421.9,MIRG
2020-03-09,700.0,707.0,666.0,681.0,10692.2,MIRG
2020-03-10,704.0,775.5,695.0,724.5,11210.0,MIRG
2020-03-11,720.0,720.0,680.0,703.0,10635.4,MIRG
2020-03-12,696.5,696.5,631.0,669.0,15859.8,MIRG
2020-03-13,690.0,710.0,635.0,653.5,6955.9,MIRG
2020-03-16,615.0,620.0,530.0,530.0,12004.9,MIRG
2020-03-17,530.0,530.0,475.0,483.0,27805.8,MIRG
2020-03-18,460.0,460.0,390.0,412.0,29764.7,MIRG
2020-03-19,390.0,455.5,390.0,413.0,14064.3,MIRG
2020-03-20,413.0,450.0,413.0,425.0,21308.1,MIRG
2020-03-25,432.0,448.5,430.0,441.0,11956.3,MIRG
2020-03-26,445.0,470.0,430.0,443.5,13848.7,MIRG
2020-03-27,427.0,435.0,408.0,427.5,4214.2,MIRG
2020-03-30,427.0,436.0,412.0,417.0,7279.4,MIRG
2020-04-01,415.5,416.0,396.0,400.0,11474.9,MIRG
2020-04-02,413.0,422.0,392.0,417.0,14560.5,MIRG
2020-04-03,420.0,448.5,414.0,444.0,15788.8,MIRG
2020-04-06,444.0,469.0,444.0,457.0,11203.4,MIRG
2020-04-07,470.0,498.0,465.0,469.5,19110.8,MIRG
2020-04-08,471.0,484.0,448.0,465.5,14577.7,MIRG
2020-04-13,466.0,482.0,440.0,450.0,13837.2,MIRG
2020-04-14,459.5,462.0,450.0,457.5,17900.2,MIRG
2020-04-15,455.0,475.0,448.0,468.5,22475.1,MIRG
2020-04-16,468.0,500.0,435.5,465.0,17847.7,MIRG
2020-04-17,481.0,481.0,456.0,472.5,6686.4,MIRG
2020-04-20,476.5,497.0,456.0,494.0,12230.8,MIRG
2020-04-21,500.0,500.0,474.5,485.0,5222.8,MIRG
2020-04-22,485.0,500.0,484.0,494.0,6808.2,MIRG
2020-04-23,499.5,499.5,466.0,475.0,7910.9,MIRG
2020-04-24,470.0,485.0,450.5,485.0,11135.7,MIRG
2020-04-27,485.0,580.0,482.0,580.0,55803.7,MIRG
2020-04-28,590.0,634.0,590.0,629.0,49626.4,MIRG
2020-04-29,630.0,651.0,590.0,630.0,19983.4,MIRG
2020-04-30,630.0,675.0,612.5,675.0,48124.0,MIRG
2020-05-04,680.0,690.0,641.0,660.5,20209.3,MIRG
2020-05-05,668.0,683.0,645.0,678.0,13053.0,MIRG
2020-05-06,678.0,682.0,650.0,673.0,15639.8,MIRG
2020-05-07,675.0,695.0,665.0,689.0,16961.0,MIRG
2020-05-08,688.0,700.0,660.0,674.0,12705.1,MIRG
2020-05-11,680.0,688.0,655.0,684.0,13928.1,MIRG
2020-05-12,684.0,715.0,684.0,707.0,28370.1,MIRG
2020-05-13,719.0,720.0,676.0,680.0,14013.7,MIRG
2020-05-14,675.0,700.0,651.0,697.0,13971.0,MIRG
2020-05-15,700.0,705.0,691.5,698.0,9353.2,MIRG
2020-05-18,712.0,720.0,702.0,715.0,13742.6,MIRG
2020-05-19,713.0,777.0,690.0,770.0,37801.5,MIRG
2020-05-20,770.0,788.0,763.0,765.0,15371.2,MIRG
2020-05-21,771.0,786.5,770.0,779.0,27401.2,MIRG
2020-05-22,779.0,789.5,767.0,787.0,9075.4,MIRG
2020-05-26,790.0,798.0,771.0,775.0,15102.2,MIRG
2020-05-27,775.0,789.0,725.0,739.0,9890.7,MIRG
2020-05-28,738.0,738.0,700.0,719.5,18338.6,MIRG
2020-05-29,707.0,734.0,702.0,730.0,7814.8,MIRG
2020-06-01,730.0,766.0,730.0,766.0,10685.4,MIRG
2020-06-02,766.0,789.5,766.0,772.0,32269.4,MIRG
2020-06-03,772.0,798.0,772.0,797.0,20074.7,MIRG
2020-06-04,810.0,817.0,800.0,808.5,25879.0,MIRG
2020-06-05,817.5,844.0,817.5,841.0,25715.8,MIRG
2020-06-08,846.0,885.0,846.0,870.0,32605.9,MIRG
2020-06-09,855.0,869.5,811.0,816.0,25414.6,MIRG
2020-06-10,816.0,857.0,804.5,845.0,12659.6,MIRG
2020-06-11,841.5,841.5,769.0,799.0,14649.8,MIRG
2020-06-12,806.0,838.0,765.0,824.5,11274.5,MIRG
2020-06-16,830.0,843.0,820.0,829.0,7960.4,MIRG
2020-06-17,839.0,839.0,797.0,814.0,4903.1,MIRG
2020-06-18,785.0,790.0,730.0,769.5,13012.3,MIRG
2020-06-19,781.5,819.5,781.5,819.0,12111.5,MIRG
2020-06-22,822.0,835.0,801.0,833.0,13482.9,MIRG
2020-06-23,833.0,886.0,833.0,873.0,44600.4,MIRG
2020-06-24,875.0,920.0,865.0,918.0,50189.3,MIRG
2020-06-25,920.0,958.0,920.0,945.0,22539.0,MIRG
2020-06-26,940.0,948.0,890.0,918.0,18249.5,MIRG
2020-06-29,920.5,952.0,920.0,937.0,21722.9,MIRG
2020-06-30,945.0,947.5,884.5,920.0,26304.0,MIRG
2020-07-01,920.0,938.0,905.0,935.0,11208.7,MIRG
2020-07-02,937.0,944.5,910.5,933.0,14997.6,MIRG
2020-07-03,930.0,937.0,910.0,920.0,14711.2,MIRG
2020-07-06,930.0,970.0,930.0,953.0,37207.7,MIRG
2020-07-07,950.0,951.0,910.0,913.0,26272.3,MIRG
2020-07-08,918.0,945.0,910.0,914.0,16150.1,MIRG
2020-07-13,914.0,925.5,881.5,891.0,19870.3,MIRG
2020-07-14,900.0,912.0,836.5,889.5,54298.4,MIRG
2020-07-15,900.0,907.0,889.0,906.0,18459.7,MIRG
2020-07-16,900.0,925.0,885.0,913.0,14757.2,MIRG
2020-07-17,920.0,924.5,904.0,918.5,7522.8,MIRG
2020-07-20,918.5,918.5,893.0,908.0,6467.3,MIRG
2020-07-21,911.0,939.5,910.0,928.5,12803.5,MIRG
2020-07-22,930.0,938.0,912.0,938.0,12697.4,MIRG
2020-07-23,940.0,941.0,918.0,937.0,19011.3,MIRG
2020-07-24,938.0,980.0,908.5,973.0,35083.3,MIRG
2020-07-27,975.0,1050.0,974.0,1009.0,41363.7,MIRG
2020-07-28,1011.0,1048.0,1011.0,1046.0,20843.5,MIRG
2020-07-29,1050.0,1070.0,1021.0,1065.0,15704.2,MIRG
2020-07-30,1020.0,1060.0,1020.0,1059.5,12688.5,MIRG
2020-07-31,1056.0,1068.0,1035.5,1056.5,13565.1,MIRG
2020-08-03,1058.0,1130.0,1015.0,1124.0,24190.0,MIRG
2020-08-04,1130.0,1195.0,1124.0,1137.0,27752.5,MIRG
2020-08-05,1148.0,1165.0,1105.0,1124.5,14688.1,MIRG
2020-08-06,1125.0,1144.0,1082.0,1123.5,10044.6,MIRG
2020-08-07,1128.0,1149.5,1080.0,1149.5,12603.6,MIRG
2020-08-10,1150.0,1179.0,1105.0,1154.5,22737.3,MIRG
2020-08-11,1160.0,1160.0,1112.0,1114.0,15440.0,MIRG
2020-08-12,1130.0,1130.0,1086.5,1117.0,13143.3,MIRG
2020-08-13,1149.0,1149.0,1122.0,1135.0,10487.2,MIRG
2020-08-14,1130.0,1149.5,1092.0,1127.5,18317.6,MIRG
2020-08-18,1140.0,1149.5,1065.0,1095.0,9912.7,MIRG
2020-08-19,1070.0,1131.0,1070.0,1111.5,10836.2,MIRG
2020-08-20,1115.0,1115.0,1080.0,1110.0,3608.3,MIRG
2020-08-21,1130.0,1130.0,1111.0,1119.0,8608.7,MIRG
2020-08-24,1118.0,1139.5,1073.0,1138.0,7308.6,MIRG
2020-08-25,1137.0,1137.0,1030.0,1112.0,12063.9,MIRG
2020-08-26,1110.0,1118.0,1055.0,1113.5,4317.3,MIRG
2020-08-27,1100.0,1120.0,1070.0,1102.0,9076.9,MIRG
2020-08-28,1096.5,1180.0,1065.5,1180.0,24565.6,MIRG
2020-08-31,1200.0,1249.0,1150.5,1230.0,36612.9,MIRG
2020-09-01,1230.0,1247.0,1221.5,1236.0,12007.6,MIRG
2020-09-02,1240.0,1240.0,1181.0,1219.0,10114.7,MIRG
2020-09-03,1230.0,1230.0,1187.5,1204.5,6838.9,MIRG
2020-09-04,1220.0,1220.0,1152.0,1207.5,5582.1,MIRG
2020-09-07,1248.0,1248.0,1165.0,1193.5,29742.8,MIRG
2020-09-08,1185.0,1185.0,1156.0,1171.5,9475.6,MIRG
2020-09-09,1160.0,1190.0,1153.0,1181.0,16849.8,MIRG
2020-09-10,1215.0,1227.0,1200.0,1221.0,26850.2,MIRG
2020-09-11,1236.0,1236.0,1210.5,1222.0,8487.7,MIRG
2020-09-14,1236.0,1236.0,1196.0,1208.0,3846.8,MIRG
2020-09-15,1205.0,1205.0,1160.0,1196.0,5774.4,MIRG
2020-09-16,1180.0,1180.0,1066.0,1119.5,16610.4,MIRG
2020-09-17,1120.0,1157.0,1040.0,1065.5,22126.8,MIRG
2020-09-18,1060.0,1145.0,1030.0,1122.5,21385.5,MIRG
2020-09-21,1123.5,1130.0,1062.0,1129.5,15598.7,MIRG
2020-09-22,1131.0,1148.0,1118.0,1123.0,9.09494701772928e-13,MIRG
2020-09-23,1122.0,1143.0,1073.0,1140.0,7074.2,MIRG
2020-09-24,1090.0,1155.0,1090.0,1152.5,6854.4,MIRG
2020-09-25,1152.0,1167.0,1130.0,1157.0,2549.5,MIRG
2020-09-28,1199.5,1199.5,1159.5,1172.5,2276.1,MIRG
2020-09-29,1171.5,1171.5,1134.5,1160.0,7990.0,MIRG
2020-09-30,1159.0,1185.0,1091.0,1128.5,12336.2,MIRG
2020-10-01,1133.0,1160.0,1115.0,1147.0,8072.0,MIRG
2020-10-02,1140.0,1150.0,1110.0,1136.0,7782.6,MIRG
2020-10-05,1133.0,1158.5,1120.0,1134.0,5367.3,MIRG
2020-10-06,1124.0,1144.5,1110.0,1119.5,13114.3,MIRG
2020-10-07,1110.0,1120.0,1071.0,1095.0,15709.0,MIRG
2020-10-08,1095.0,1125.0,1085.0,1100.0,5062.7,MIRG
2020-10-09,1100.0,1101.0,1055.0,1055.0,13788.3,MIRG
2020-10-13,1050.0,1086.0,1020.0,1050.0,66857.3,MIRG
2020-10-14,1059.5,1095.0,1027.0,1095.0,17490.9,MIRG
2020-10-15,1100.0,1100.0,1070.0,1079.5,8742.7,MIRG
2020-10-16,1080.0,1120.0,1040.0,1113.0,24059.1,MIRG
2020-10-19,1120.0,1155.0,1114.0,1144.5,19438.1,MIRG
2020-10-20,1151.0,1210.0,1140.0,1208.5,19602.9,MIRG
2020-10-21,1210.0,1234.0,1202.0,1223.5,23808.0,MIRG
2020-10-22,1231.0,1299.0,1231.0,1286.0,38574.9,MIRG
2020-10-23,1320.0,1340.0,1250.0,1287.0,53059.1,MIRG
2020-10-26,1300.0,1320.0,1205.0,1236.0,22886.5,MIRG
2020-10-27,1241.0,1285.0,1165.0,1207.5,18388.6,MIRG
2020-10-28,1180.0,1199.5,1130.5,1145.0,24294.5,MIRG
2020-10-29,1199.5,1199.5,1116.0,1154.0,11517.0,MIRG
2020-10-30,1157.0,1194.0,1135.0,1155.0,6098.2,MIRG
2020-11-02,1156.0,1240.0,1155.0,1239.5,16445.6,MIRG
2020-11-03,1250.0,1299.0,1250.0,1275.0,13985.2,MIRG
2020-11-04,1275.0,1298.0,1230.0,1259.5,9871.1,MIRG
2020-11-05,1215.0,1275.0,1215.0,1263.0,6885.7,MIRG
2020-11-06,1246.0,1279.5,1240.0,1259.0,2357.6,MIRG
2020-11-09,1280.0,1330.0,1230.0,1264.5,6541.7,MIRG
2020-11-10,1280.0,1300.0,1230.0,1270.0,11606.8,MIRG
2020-11-11,1280.0,1280.0,1250.0,1267.0,11063.6,MIRG
2020-11-12,1263.0,1290.0,1245.0,1274.0,6218.7,MIRG
2020-11-13,1265.0,1319.0,1251.0,1309.5,15516.5,MIRG
2020-11-16,1309.0,1335.0,1299.0,1319.5,8218.8,MIRG
2020-11-17,1320.0,1320.0,1280.0,1300.0,4690.6,MIRG
2020-11-18,1282.0,1310.0,1279.0,1293.0,4010.7,MIRG
2020-11-19,1299.0,1299.5,1250.0,1298.5,7440.2,MIRG
2020-11-20,1298.0,1298.0,1261.0,1296.0,8665.0,MIRG
2020-11-24,1300.0,1318.0,1280.0,1290.0,6312.4,MIRG
2020-11-25,1285.0,1300.0,1270.0,1271.0,6544.0,MIRG
2020-11-26,1287.0,1287.0,1214.0,1255.0,3733.7,MIRG
2020-11-27,1251.0,1330.0,1249.0,1316.0,5599.9,MIRG
2020-11-30,1323.0,1339.0,1285.0,1300.0,2484.8,MIRG
2020-12-01,1306.0,1330.0,1298.5,1321.0,5456.8,MIRG
2020-12-02,1325.0,1370.0,1302.0,1350.0,8040.1,MIRG
2020-12-03,1349.0,1375.0,1349.0,1364.0,5438.3,MIRG
2020-12-04,1399.0,1399.0,1331.5,1351.0,9594.4,MIRG
2020-12-09,1365.0,1425.0,1365.0,1379.0,14367.6,MIRG
2020-12-10,1400.0,1425.0,1379.0,1400.0,9144.2,MIRG
2020-12-11,1400.0,1419.0,1360.0,1387.0,8131.9,MIRG
2020-12-14,1382.0,1416.0,1375.0,1375.0,3804.9,MIRG
2020-12-15,1375.0,1423.0,1375.0,1415.0,18149.9,MIRG
2020-12-16,1425.0,1464.0,1425.0,1449.0,13258.1,MIRG
2020-12-17,1447.0,1485.0,1407.0,1465.5,10475.1,MIRG
2020-12-18,1474.0,1499.5,1472.5,1488.5,14449.3,MIRG
2020-12-21,1475.0,1515.0,1440.5,1480.0,12787.3,MIRG
2020-12-22,1480.0,1495.0,1460.0,1495.0,13226.2,MIRG
2020-12-23,1495.0,1549.0,1495.0,1545.0,13744.7,MIRG
2020-12-28,1544.0,1578.0,1527.0,1575.0,19756.4,MIRG
2020-12-29,1606.0,1606.0,1544.0,1575.0,7799.4,MIRG
2020-12-30,1599.5,1610.0,1551.5,1590.0,13590.1,MIRG
2021-01-04,1590.0,1610.0,1536.5,1590.0,7722.6,MIRG
2021-01-05,1600.0,1600.0,1561.0,1577.0,11782.6,MIRG
2021-01-06,1573.0,1594.0,1550.0,1574.5,4598.9,MIRG
2021-01-07,1575.0,1595.0,1555.0,1579.0,10222.6,MIRG
2021-01-08,1579.0,1590.0,1550.0,1567.0,8258.4,MIRG
2021-01-11,1567.0,1585.0,1551.0,1579.5,3647.1,MIRG
2021-01-12,1579.0,1597.5,1530.0,1560.0,6945.5,MIRG
2021-01-13,1560.0,1590.0,1560.0,1586.0,8100.4,MIRG
2021-01-14,1582.0,1598.0,1570.0,1588.5,10074.7,MIRG
2021-01-15,1599.0,1620.0,1551.0,1617.5,9564.1,MIRG
2021-01-18,1605.0,1655.0,1560.0,1647.5,7409.7,MIRG
2021-01-19,1699.0,1699.0,1590.0,1634.0,6433.2,MIRG
2021-01-20,1664.0,1664.0,1600.0,1625.0,8499.2,MIRG
2021-01-21,1600.0,1634.0,1553.5,1598.0,17015.5,MIRG
2021-01-22,1600.0,1615.0,1550.5,1606.0,5500.1,MIRG
2021-01-25,1605.0,1620.0,1580.0,1586.0,2250.8,MIRG
2021-01-26,1590.0,1597.0,1554.0,1590.0,3698.4,MIRG
2021-01-27,1600.0,1607.0,1567.5,1578.0,3122.0,MIRG
2021-01-28,1576.0,1607.5,1575.0,1595.0,9946.2,MIRG
2021-01-29,1595.0,1600.0,1552.0,1560.0,7793.6,MIRG
2021-02-01,1550.0,1580.0,1494.0,1505.0,25820.7,MIRG
2021-02-02,1504.0,1515.0,1451.0,1478.5,10691.6,MIRG
2021-02-03,1485.0,1499.0,1471.5,1479.5,7818.3,MIRG
2021-02-04,1480.0,1487.0,1447.5,1454.0,13555.1,MIRG
2021-02-05,1450.0,1478.0,1450.0,1469.5,8759.5,MIRG
2021-02-08,1470.0,1491.0,1470.0,1489.0,16173.3,MIRG
2021-02-09,1490.0,1496.5,1470.0,1489.0,17948.5,MIRG
2021-02-10,1491.0,1528.0,1490.0,1500.5,26989.7,MIRG
2021-02-11,1500.0,1518.0,1490.0,1493.5,11225.9,MIRG
2021-02-12,1490.0,1500.0,1456.0,1461.0,9587.0,MIRG
2021-02-17,1460.5,1505.0,1421.0,1438.0,15099.8,MIRG
2021-02-18,1437.0,1460.0,1421.0,1427.0,15994.8,MIRG
2021-02-19,1429.5,1430.0,1411.5,1420.5,5136.1,MIRG
2021-02-22,1422.5,1454.5,1411.5,1449.0,8914.4,MIRG
2021-02-23,1459.0,1499.5,1440.0,1473.0,10789.4,MIRG
2021-02-24,1489.0,1519.0,1489.0,1517.0,9503.7,MIRG
2021-02-25,1519.5,1539.5,1505.0,1514.5,4986.1,MIRG
2021-02-26,1520.0,1525.0,1460.0,1497.0,7599.8,MIRG
2021-03-01,1523.5,1523.5,1461.0,1477.5,8425.3,MIRG
2021-03-02,1471.0,1471.0,1427.0,1440.0,9108.9,MIRG
2021-03-03,1440.0,1455.0,1389.0,1450.0,5657.6,MIRG
2021-03-04,1382.0,1460.0,1380.0,1430.0,6092.4,MIRG
2021-03-05,1415.0,1449.5,1406.0,1449.0,3570.3,MIRG
2021-03-08,1435.0,1478.5,1412.0,1425.0,5257.3,MIRG
2021-03-09,1421.0,1442.0,1382.0,1442.0,11140.7,MIRG
2021-03-10,1449.0,1449.0,1401.0,1416.0,3386.1,MIRG
2021-03-11,1415.0,1485.0,1393.0,1475.5,14475.6,MIRG
2021-03-12,1480.0,1494.0,1440.0,1473.0,5685.4,MIRG
2021-03-15,1489.5,1496.5,1464.5,1486.5,10146.3,MIRG
2021-03-16,1486.5,1499.5,1471.0,1492.0,7113.6,MIRG
2021-03-17,1498.0,1498.0,1450.5,1496.5,5053.0,MIRG
2021-03-18,1488.5,1497.5,1465.0,1488.0,10599.4,MIRG
2021-03-19,1532.0,1605.0,1532.0,1599.0,20184.5,MIRG
2021-03-22,1601.0,1619.0,1576.0,1614.0,11062.3,MIRG
2021-03-23,1617.0,1639.5,1585.0,1606.5,8173.5,MIRG
2021-03-25,1600.0,1600.0,1522.0,1577.5,11051.4,MIRG
2021-03-26,1565.0,1599.5,1540.0,1589.0,5973.2,MIRG
2021-03-29,1589.0,1595.0,1525.0,1579.5,6968.5,MIRG
2021-03-30,1580.0,1584.5,1560.0,1584.0,2546.9,MIRG
2021-03-31,1590.0,1618.0,1541.0,1587.5,12568.7,MIRG
2021-04-05,1585.0,1597.0,1528.0,1594.5,10667.3,MIRG
2021-04-06,1599.0,1630.0,1564.0,1617.5,7061.9,MIRG
2021-04-07,1620.0,1629.5,1605.0,1617.5,6878.0,MIRG
2021-04-08,1619.5,1619.5,1597.0,1609.5,9842.5,MIRG
2021-04-09,1609.0,1616.5,1581.0,1608.5,9509.0,MIRG
2021-04-12,1609.0,1610.0,1581.0,1590.0,3230.5,MIRG
2021-04-13,1580.5,1600.0,1572.5,1576.5,5249.4,MIRG
2021-04-14,1572.0,1599.5,1564.0,1578.0,3260.6,MIRG
2021-04-15,1570.5,1594.5,1570.5,1578.5,2563.9,MIRG
2021-04-16,1596.0,1596.0,1560.0,1590.5,3618.7,MIRG
2021-04-19,1565.0,1599.5,1565.0,1580.0,6108.3,MIRG
2021-04-20,1580.0,1580.0,1505.0,1510.0,10225.9,MIRG
2021-04-21,1526.0,1548.0,1501.0,1540.0,3029.2,MIRG
2021-04-22,1547.5,1547.5,1510.5,1527.0,4326.2,MIRG
2021-04-23,1533.0,1533.0,1502.0,1520.5,6015.3,MIRG
2021-04-26,1506.0,1526.0,1500.0,1504.0,2895.9,MIRG
2021-04-27,1501.0,1530.0,1501.0,1526.0,3563.6,MIRG
2021-04-28,1526.0,1540.0,1525.0,1534.5,6388.3,MIRG
2021-04-29,1556.0,1593.5,1540.0,1587.5,5722.7,MIRG
2021-04-30,1600.0,1620.0,1557.0,1601.0,6837.0,MIRG
2021-05-03,1600.0,1628.0,1552.0,1597.0,29102.1,MIRG
2021-05-04,1580.0,1580.0,1566.0,1573.0,3394.1,MIRG
2021-05-05,1574.0,1589.0,1573.0,1581.5,3134.3,MIRG
2021-05-06,1580.0,1595.0,1575.0,1592.0,3243.8,MIRG
2021-05-07,1596.0,1609.5,1590.0,1598.5,10992.4,MIRG
2021-05-10,1590.0,1621.5,1572.0,1582.0,5602.3,MIRG
2021-05-11,1580.0,1598.5,1548.0,1568.0,3601.5,MIRG
2021-05-12,1582.0,1589.5,1560.0,1587.0,2980.0,MIRG
2021-05-13,1552.0,1600.0,1552.0,1600.0,2929.499999999999,MIRG
2021-05-14,1600.0,1649.5,1600.0,1634.5,16495.9,MIRG
2021-05-17,1637.0,1648.0,1604.5,1639.5,15890.5,MIRG
2021-05-18,1640.0,1640.0,1607.0,1630.5,7042.6,MIRG
2021-05-19,1649.0,1649.0,1601.0,1630.5,15257.1,MIRG
2021-05-20,1647.5,1691.0,1630.5,1669.5,10437.4,MIRG
2021-05-21,1670.0,1690.0,1651.5,1674.0,3555.9999999999964,MIRG
2021-05-26,1667.5,1698.0,1640.0,1684.5,4434.3,MIRG
2021-05-27,1687.0,1740.0,1651.5,1729.0,16806.1,MIRG
2021-05-28,1743.0,1760.0,1741.0,1756.0,6196.7,MIRG
2021-05-31,1760.0,1808.0,1755.0,1757.0,4146.5,MIRG
2021-06-01,1779.0,1800.0,1730.0,1745.0,8252.1,MIRG
2021-06-02,1759.5,1831.0,1750.0,1821.5,10050.0,MIRG
2021-06-03,1870.0,1912.0,1853.0,1899.5,19072.0,MIRG
2021-06-04,1905.0,1950.0,1900.0,1937.5,14899.9,MIRG
2021-06-07,1951.0,1995.0,1950.0,1964.5,25536.8,MIRG
2021-06-08,1967.0,2044.0,1911.0,1956.0,9243.3,MIRG
2021-06-09,1920.0,1995.0,1918.0,1988.0,17075.6,MIRG
2021-06-10,2000.0,2050.0,1973.0,1986.5,7655.8,MIRG
2021-06-11,2000.0,2038.0,1955.0,1978.0,8915.0,MIRG
2021-06-14,1951.0,2024.5,1951.0,1993.5,10161.9,MIRG
2021-06-15,1993.0,2034.5,1970.5,1995.5,3536.4,MIRG
2021-06-16,1995.5,1995.5,1971.5,1985.0,7259.8,MIRG
2021-06-17,1985.0,1985.0,1902.0,1959.0,5507.1,MIRG
2021-06-18,1950.0,1967.0,1917.5,1961.5,4392.1,MIRG
2021-06-22,1995.0,1995.0,1921.5,1974.5,4886.8,MIRG
2021-06-23,1985.0,2024.5,1936.0,1957.5,11255.9,MIRG
2021-06-24,1940.0,1994.0,1936.0,1963.0,4950.1,MIRG
2021-06-25,1950.0,1950.0,1851.0,1924.0,7186.0,MIRG
2021-06-28,1925.0,1949.0,1900.0,1917.0,3402.7,MIRG
2021-06-29,1910.0,1950.0,1900.5,1901.0,5282.9,MIRG
2021-06-30,1902.0,1945.0,1880.5,1902.5,4299.0,MIRG
2021-07-01,1954.5,1954.5,1865.0,1898.0,4964.7,MIRG
2021-07-02,1897.0,1979.5,1870.0,1955.5,5417.9,MIRG
2021-07-05,1956.0,1994.0,1952.0,1974.0,7134.9,MIRG
2021-07-06,1999.5,1999.5,1917.5,1965.0,3439.5,MIRG
2021-07-07,1970.0,1980.0,1935.0,1960.0,2808.0,MIRG
2021-07-08,1975.0,1975.0,1930.0,1953.0,2416.0,MIRG
2021-07-12,1942.0,1974.5,1912.0,1965.5,4473.8,MIRG
2021-07-13,1965.5,1979.0,1960.5,1965.0,2557.1,MIRG
2021-07-14,1985.0,1985.0,1955.0,1958.5,4300.3,MIRG
2021-07-15,1950.0,1988.5,1905.5,1961.5,2121.3,MIRG
2021-07-16,1929.5,1988.5,1929.5,1956.5,1638.9,MIRG
2021-07-19,1917.0,1969.5,1900.5,1924.0,3500.6,MIRG
2021-07-20,1924.0,1979.5,1924.0,1939.5,3218.4,MIRG
2021-07-21,1990.0,1990.0,1950.0,1966.0,4503.0,MIRG
2021-07-22,1960.0,1982.0,1940.0,1963.5,2292.7,MIRG
2021-07-23,1980.0,1980.0,1945.0,1960.5,2408.5,MIRG
2021-07-26,1980.0,1999.5,1960.0,1969.0,1646.5,MIRG
2021-07-27,1969.0,1986.5,1940.0,1969.0,3545.7,MIRG
2021-07-28,1989.5,1989.5,1962.0,1986.5,4995.6,MIRG
2021-07-29,1999.5,1999.5,1979.5,1989.0,2477.8,MIRG
2021-07-30,2014.0,2014.0,1971.0,1978.5,4111.0,MIRG
2021-08-02,2017.0,2030.0,1960.5,1989.0,2282.4,MIRG
2021-08-03,2007.0,2007.0,1972.0,1993.5,4883.9,MIRG
2021-08-04,2004.0,2004.5,1985.0,2002.0,12077.6,MIRG
2021-08-05,2005.0,2125.0,2005.0,2116.0,13483.0,MIRG
2021-08-06,2130.0,2148.0,2105.0,2131.0,5272.8,MIRG
2021-08-09,2165.0,2165.0,2111.5,2142.5,3813.4,MIRG
2021-08-10,2143.0,2200.0,2130.0,2182.0,7767.7,MIRG
2021-08-11,2190.0,2289.0,2190.0,2274.5,5791.6,MIRG
2021-08-12,2270.0,2328.0,2240.0,2300.0,9040.0,MIRG
2021-08-13,2300.0,2334.5,2267.0,2290.5,5848.1,MIRG
2021-08-17,2288.0,2288.0,2223.0,2269.5,5777.3,MIRG
2021-08-18,2293.0,2365.5,2250.0,2259.0,4210.1,MIRG
2021-08-19,2267.0,2267.0,2218.0,2225.5,4334.0,MIRG
2021-08-20,2240.0,2343.5,2220.0,2253.0,4255.3,MIRG
2021-08-23,2279.0,2279.0,2231.0,2252.5,5189.0,MIRG
2021-08-24,2275.0,2329.5,2240.5,2278.5,5794.1,MIRG
2021-08-25,2294.0,2299.0,2280.0,2292.0,4184.3,MIRG
2021-08-26,2300.0,2300.0,2270.5,2277.0,3601.8,MIRG
2021-08-27,2300.0,2360.0,2300.0,2353.5,7642.4,MIRG
2021-08-30,2345.0,2448.5,2300.0,2442.5,6255.3,MIRG
2021-08-31,2516.0,2770.0,2516.0,2687.0,25040.7,MIRG
2021-09-01,2711.5,2776.5,2711.5,2768.5,25710.2,MIRG
2021-09-02,2772.0,2800.0,2751.0,2769.5,15309.1,MIRG
2021-09-03,2770.0,2794.5,2701.5,2757.5,12273.5,MIRG
2021-09-06,2798.5,2799.0,2760.0,2780.0,6791.5,MIRG
2021-09-07,2760.0,2799.5,2760.0,2796.0,10801.5,MIRG
2021-09-08,2815.0,2832.5,2702.0,2765.5,12402.7,MIRG
2021-09-09,2760.0,2833.0,2745.0,2774.0,7262.1,MIRG
2021-09-10,2800.0,2800.0,2715.5,2748.0,5376.1,MIRG
2021-09-13,2810.0,2999.0,2810.0,2874.0,9491.5,MIRG
2021-09-14,2874.0,2949.0,2851.0,2931.5,7018.2,MIRG
2021-09-15,2999.0,3130.0,2856.0,3098.0,28405.0,MIRG
2021-09-16,3149.5,3249.5,3100.0,3241.0,19941.1,MIRG
2021-09-17,3300.0,3300.0,3120.0,3264.5,13770.0,MIRG
2021-09-20,3299.0,3299.0,3122.0,3199.0,6718.3,MIRG
2021-09-21,3201.0,3259.5,3160.0,3170.5,6882.9,MIRG
2021-09-22,3171.0,3240.0,3110.0,3202.0,11802.8,MIRG
2021-09-23,3209.0,3276.5,3180.0,3253.0,18560.7,MIRG
2021-09-24,3299.5,3299.5,3222.0,3279.0,7000.2,MIRG
2021-09-27,3279.0,3311.0,3279.0,3290.5,9781.1,MIRG
2021-09-28,3302.0,3315.0,3250.0,3255.0,9313.9,MIRG
2021-09-29,3290.0,3330.0,3260.5,3329.0,7087.7,MIRG
2021-09-30,3333.5,3375.0,3331.0,3347.5,7580.7,MIRG
2021-10-01,3350.0,3350.0,3300.0,3338.5,13770.9,MIRG
2021-10-04,3350.0,3380.0,3341.5,3373.5,8020.3,MIRG
2021-10-05,3389.0,3424.5,3359.5,3419.5,12361.8,MIRG
2021-10-06,3420.0,3450.0,3363.5,3423.0,7254.4,MIRG
2021-10-07,3450.0,3474.0,3430.0,3460.0,6060.2,MIRG
2021-10-12,3460.0,3599.0,3460.0,3524.0,12460.9,MIRG
2021-10-13,3500.0,3550.0,3490.0,3500.0,5738.4,MIRG
2021-10-14,3550.0,3619.5,3506.0,3618.5,10620.2,MIRG
2021-10-15,3619.0,3747.0,3619.0,3738.5,12252.9,MIRG
2021-10-18,3925.0,4100.0,3902.5,3999.0,41692.2,MIRG
2021-10-19,4075.0,4075.0,3951.0,4009.5,22623.2,MIRG
2021-10-20,4049.0,4070.0,3931.0,4030.5,8538.8,MIRG
2021-10-21,4029.0,4029.0,3931.0,4008.0,4121.2,MIRG
2021-10-22,4008.0,4030.0,3911.0,4011.0,6250.2,MIRG
2021-10-25,4030.0,4030.0,3969.5,3995.5,11514.9,MIRG
2021-10-26,3979.0,3998.0,3936.0,3977.0,11058.1,MIRG
2021-10-27,3977.0,3988.0,3925.5,3928.5,8810.7,MIRG
2021-10-28,3950.0,3999.5,3940.0,3951.0,8471.1,MIRG
2021-10-29,3950.0,3950.0,3851.0,3925.0,9323.9,MIRG
2021-11-01,3950.0,3998.5,3887.5,3984.0,6527.0,MIRG
2021-11-02,3985.0,3987.0,3954.0,3959.5,5315.9,MIRG
2021-11-03,4019.0,4019.0,3941.0,3958.5,8298.0,MIRG
2021-11-04,3970.0,3998.5,3935.0,3939.5,7269.3,MIRG
2021-11-05,3959.5,3996.0,3775.0,3800.5,34241.9,MIRG
2021-11-08,3810.0,3880.0,3765.0,3793.0,25093.8,MIRG
2021-11-09,3795.0,3850.0,3685.0,3816.0,16603.5,MIRG
2021-11-10,3816.0,3830.0,3750.5,3820.0,8431.3,MIRG
2021-11-11,3822.0,3949.5,3760.5,3947.0,14438.3,MIRG
2021-11-12,3972.5,3972.5,3900.5,3948.0,13099.8,MIRG
2021-11-15,3951.5,4005.0,3910.0,3972.0,13138.8,MIRG
2021-11-16,3971.0,3999.0,3910.0,3975.0,7907.5,MIRG
2021-11-17,3984.0,3984.0,3907.0,3932.0,6252.6,MIRG
2021-11-18,3934.0,3960.0,3820.0,3955.5,12307.8,MIRG
2021-11-19,3950.0,3970.0,3873.0,3946.0,16541.4,MIRG
2021-11-23,3943.0,3943.0,3801.0,3905.0,7751.6,MIRG
2021-11-24,3965.0,3965.0,3861.5,3866.0,5703.9,MIRG
2021-11-25,3875.0,3948.5,3785.0,3911.5,6641.9,MIRG
2021-11-26,3908.0,3908.0,3701.0,3799.5,5223.8,MIRG
2021-11-29,3800.0,3885.0,3750.0,3774.5,6428.5,MIRG
2021-11-30,3776.0,3825.0,3652.5,3787.5,7337.5,MIRG
2021-12-01,3780.0,3890.0,3760.0,3877.5,9110.5,MIRG
2021-12-02,3898.0,3949.5,3878.0,3924.0,6131.6,MIRG
2021-12-03,3931.0,3990.0,3902.0,3913.5,4672.4,MIRG
2021-12-06,3949.5,3949.5,3860.0,3912.5,12646.7,MIRG
2021-12-07,3979.0,3979.0,3890.0,3924.5,17385.8,MIRG
2021-12-09,3924.0,3924.5,3875.5,3907.0,3280.2,MIRG
2021-12-10,3908.0,3980.0,3890.0,3917.5,7824.8,MIRG
2021-12-13,3980.0,3980.0,3888.0,3898.0,8733.4,MIRG
2021-12-14,3890.0,3945.0,3801.0,3880.0,3418.5,MIRG
2021-12-15,3884.0,3900.0,3800.0,3849.5,2494.1,MIRG
2021-12-16,3801.0,3875.0,3801.0,3872.5,6114.1,MIRG
2021-12-17,3900.0,3900.0,3825.0,3860.0,5136.4,MIRG
2021-12-20,3889.0,3897.0,3795.0,3805.0,10210.7,MIRG
2021-12-21,3825.0,3900.0,3701.0,3821.0,4707.4,MIRG
2021-12-22,3821.0,3823.5,3730.0,3804.5,5002.7,MIRG
2021-12-23,3800.0,3899.0,3780.0,3808.0,13749.300000000003,MIRG
2021-12-27,3800.0,3900.0,3766.0,3808.5,6550.599999999999,MIRG
2021-12-28,3820.0,3888.0,3820.0,3851.0,9102.1,MIRG
2021-12-29,3879.5,3879.5,3812.0,3876.0,5682.3,MIRG
2021-12-30,3890.0,3897.0,3831.5,3882.5,9365.900000000001,MIRG
2022-01-03,3882.0,3934.5,3875.0,3897.0,9248.6,MIRG
2022-01-04,3890.0,3900.0,3830.5,3885.5,8038.6,MIRG
2022-01-05,3899.0,3899.0,3835.5,3858.0,8021.7,MIRG
2022-01-06,3860.0,3860.5,3806.0,3816.5,5561.099999999999,MIRG
2022-01-07,3830.0,3860.0,3791.0,3810.0,7882.4,MIRG
2022-01-10,3825.0,3890.0,3750.5,3790.5,1954.8,MIRG
2022-01-11,3800.0,3800.0,3738.0,3751.0,6414.8,MIRG
2022-01-12,3720.0,3796.0,3687.5,3698.0,7801.0,MIRG
2022-01-13,3690.0,3697.0,3644.0,3670.0,7847.1,MIRG
2022-01-14,3641.0,3650.0,3601.5,3609.0,6087.7,MIRG
2022-01-17,3555.0,3595.5,3548.0,3553.0,9257.2,MIRG
2022-01-18,3560.0,3586.5,3513.0,3545.0,8964.3,MIRG
2022-01-19,3546.0,3578.0,3507.0,3526.5,7017.8,MIRG
2022-01-20,3540.0,3573.5,3511.5,3517.0,7176.7,MIRG
2022-01-21,3517.0,3530.0,3455.0,3469.5,26639.1,MIRG
2022-01-24,3420.0,3465.0,3350.0,3375.0,13563.2,MIRG
2022-01-25,3400.0,3427.0,3352.0,3422.5,7093.6,MIRG
2022-01-26,3390.0,3475.0,3390.0,3452.0,5055.5,MIRG
2022-01-27,3475.5,3535.0,3455.0,3462.5,11497.2,MIRG
2022-01-28,3548.0,3599.5,3470.0,3478.0,13445.1,MIRG
2022-01-31,3545.0,3580.0,3501.5,3555.5,14495.8,MIRG
2022-02-01,3579.5,3629.5,3520.0,3622.0,15875.7,MIRG
2022-02-02,3629.0,3724.5,3622.0,3682.0,8939.8,MIRG
2022-02-03,3700.0,3744.5,3556.0,3581.0,7770.5,MIRG
2022-02-04,3585.0,3627.0,3560.5,3569.0,3318.6,MIRG
2022-02-07,3580.0,3635.5,3561.5,3591.5,5711.7,MIRG
2022-02-08,3630.0,3630.0,3502.0,3505.5,3655.1,MIRG
2022-02-09,3550.0,3550.0,3420.0,3427.5,6297.6,MIRG
2022-02-10,3477.0,3477.0,3382.0,3441.0,3978.2,MIRG
2022-02-11,3447.0,3460.0,3380.0,3396.0,4278.4,MIRG
2022-02-14,3396.0,3458.0,3355.0,3438.5,8403.2,MIRG
2022-02-15,3405.0,3464.0,3372.5,3455.5,5721.6,MIRG
2022-02-16,3480.0,3489.5,3440.0,3468.0,1200.8,MIRG
2022-02-17,3485.0,3535.0,3430.0,3494.5,5281.2,MIRG
2022-02-18,3500.0,3549.0,3360.5,3412.5,9313.4,MIRG
2022-02-21,3425.0,3486.5,3361.5,3403.5,3032.7,MIRG
2022-02-22,3410.0,3512.0,3400.0,3438.5,4043.3,MIRG
2022-02-23,3489.5,3489.5,3380.5,3445.0,4113.8,MIRG
2022-02-24,3340.0,3345.0,3266.5,3341.5,6458.8,MIRG
2022-02-25,3394.0,3425.0,3300.0,3326.0,3073.2,MIRG
2022-03-02,3280.0,3398.5,3262.0,3307.0,4022.7,MIRG
2022-03-03,3290.0,3347.5,3240.0,3342.5,15506.6,MIRG
2022-03-04,3359.5,3359.5,3238.0,3243.5,17051.5,MIRG
2022-03-07,3243.0,3295.0,3100.0,3223.5,12959.3,MIRG
2022-03-08,3292.0,3292.0,3156.5,3232.5,9260.7,MIRG
2022-03-09,3185.5,3275.0,3122.0,3189.5,8908.7,MIRG
2022-03-10,3200.0,3435.0,3120.0,3392.5,11216.4,MIRG
2022-03-11,3316.0,3392.0,3277.0,3342.5,8398.6,MIRG
2022-03-14,3345.0,3345.0,3150.0,3217.0,5340.0,MIRG
2022-03-15,3250.0,3285.5,3181.0,3206.5,2596.6,MIRG
2022-03-16,3333.0,3333.0,3180.0,3298.5,6498.6,MIRG
2022-03-17,3355.5,3425.0,3250.5,3398.0,3275.4,MIRG
2022-03-18,3397.0,3429.5,3335.0,3415.5,10500.4,MIRG
2022-03-21,3465.0,3489.0,3370.5,3483.0,5747.2,MIRG
2022-03-22,3483.0,3499.0,3415.5,3444.5,4187.0,MIRG
2022-03-23,3445.0,3500.0,3390.5,3494.5,12724.2,MIRG
2022-03-25,3495.0,3550.0,3409.0,3503.0,7377.4,MIRG
2022-03-28,3504.0,3529.5,3440.0,3499.5,4281.7,MIRG
2022-03-29,3539.0,3539.0,3406.0,3457.0,2196.4,MIRG
2022-03-30,3394.0,3493.0,3320.0,3404.5,10626.6,MIRG
2022-03-31,3448.0,3450.0,3315.0,3358.0,7373.9,MIRG
2022-04-01,3350.0,3395.0,3311.0,3391.0,6637.8,MIRG
2022-04-04,3393.0,3440.0,3325.0,3429.0,8143.3,MIRG
2022-04-05,3429.0,3455.0,3371.0,3435.5,3868.3,MIRG
2022-04-06,3399.0,3494.0,3355.0,3491.0,3555.2,MIRG
2022-04-07,3498.5,3498.5,3446.0,3486.5,8269.8,MIRG
2022-04-08,3440.0,3534.0,3440.0,3533.0,4954.2,MIRG
2022-04-11,3528.0,3528.0,3447.0,3497.0,2506.9,MIRG
2022-04-12,3500.0,3510.0,3403.0,3484.0,1814.5,MIRG
2022-04-13,3410.0,3516.0,3410.0,3507.5,2004.4,MIRG
2022-04-18,3500.0,3500.0,3411.0,3441.0,8626.2,MIRG
2022-04-19,3441.0,3478.0,3406.0,3432.5,7352.1,MIRG
2022-04-20,3400.0,3501.0,3400.0,3473.5,4588.3,MIRG
2022-04-21,3426.0,3499.0,3425.0,3478.0,5467.8,MIRG
2022-04-22,3480.0,3490.0,3433.5,3476.0,1990.3,MIRG
2022-04-25,3476.0,3476.0,3330.0,3428.5,4510.3,MIRG
2022-04-26,3400.0,3424.5,3330.0,3406.0,2376.5,MIRG
2022-04-27,3353.0,3443.5,3301.0,3357.0,4283.6,MIRG
2022-04-28,3380.0,3380.0,3277.0,3313.0,2274.5,MIRG
2022-04-29,3300.0,3368.0,3270.0,3341.5,8442.5,MIRG
2022-05-02,3270.0,3352.0,3270.0,3317.0,2817.9,MIRG
2022-05-03,3289.0,3349.0,3289.0,3316.5,1902.3,MIRG
2022-05-04,3275.0,3339.0,3261.0,3317.0,4969.2,MIRG
2022-05-05,3240.5,3299.5,3201.0,3224.5,3000.5,MIRG
2022-05-06,3200.0,3249.5,3152.0,3224.5,9831.2,MIRG
2022-05-09,3230.0,3230.0,3100.0,3110.0,3428.5,MIRG
2022-05-10,3067.0,3170.0,3067.0,3166.0,1664.4,MIRG
2022-05-11,3166.0,3245.5,3130.0,3203.0,3040.7,MIRG
2022-05-12,3160.0,3299.5,3080.0,3214.0,1950.8,MIRG
2022-05-13,3216.0,3324.5,3216.0,3298.0,4384.2,MIRG
2022-05-16,3319.0,3348.5,3211.0,3284.0,1438.8,MIRG
2022-05-17,3286.0,3334.0,3224.0,3253.0,2165.1,MIRG
2022-05-19,3291.0,3301.5,3111.0,3141.0,2851.0,MIRG
2022-05-20,3150.0,3175.0,3037.0,3061.0,19499.5,MIRG
2022-05-23,3062.0,3120.0,3010.0,3074.5,5273.7,MIRG
2022-05-24,3099.5,3099.5,3010.5,3075.0,2012.4,MIRG
2022-05-26,3090.0,3099.5,3050.5,3098.5,4955.9,MIRG
2022-05-27,3099.5,3132.0,3080.0,3123.0,4840.7,MIRG
2022-05-30,3122.0,3127.0,3090.0,3122.5,2574.7,MIRG
2022-05-31,3125.0,3519.0,3095.5,3506.0,16927.1,MIRG
2022-06-01,3520.0,3520.0,3305.5,3444.0,4835.9,MIRG
2022-06-02,3420.0,3500.0,3333.0,3485.5,2728.6,MIRG
2022-06-03,3495.0,3510.0,3461.5,3501.0,4046.2,MIRG
2022-06-06,3492.0,3499.0,3430.5,3449.5,1720.3,MIRG
2022-06-07,3449.0,3449.0,3360.5,3436.0,985.4,MIRG
2022-06-08,3371.5,3430.0,3371.5,3427.5,2750.1,MIRG
2022-06-09,3425.0,3425.0,3350.5,3362.5,1752.2,MIRG
2022-06-10,3361.5,3400.0,3300.0,3395.5,3045.6,MIRG
2022-06-13,3375.0,3375.0,3304.0,3346.0,2525.1,MIRG
2022-06-14,3350.0,3425.0,3330.0,3373.0,3174.5,MIRG
2022-06-15,3380.0,3449.0,3331.5,3419.0,3872.2,MIRG
2022-06-16,3419.0,3419.0,3317.5,3378.5,3010.0,MIRG
2022-06-21,3400.0,3443.0,3300.0,3392.0,2794.3,MIRG
2022-06-22,3390.0,3390.0,3321.0,3375.5,1396.3,MIRG
2022-06-23,3390.0,3390.0,3211.0,3245.0,6946.6,MIRG
2022-06-24,3250.0,3299.0,3113.5,3187.0,6292.0,MIRG
2022-06-27,3090.0,3190.0,3050.0,3158.5,4139.7,MIRG
2022-06-28,3160.0,3200.0,3110.0,3175.5,4196.4,MIRG
2022-06-29,3199.0,3199.0,3078.5,3143.5,3448.8,MIRG
2022-06-30,3102.5,3180.0,3102.0,3173.0,2744.8,MIRG
2022-07-01,3204.0,3204.0,3102.0,3137.5,3949.2,MIRG
2022-07-04,3097.0,3097.0,3000.0,3081.0,3945.8,MIRG
2022-07-05,3051.0,3150.0,3040.0,3124.5,4162.0,MIRG
2022-07-06,3124.5,3189.0,3100.0,3174.5,4619.6,MIRG
2022-07-07,3200.0,3384.0,3200.0,3348.5,8304.4,MIRG
2022-07-08,3351.0,3600.0,3351.0,3524.0,7460.1,MIRG
2022-07-11,3550.0,3550.0,3403.5,3467.5,2745.9,MIRG
2022-07-12,3485.0,3485.0,3417.5,3464.0,5216.2,MIRG
2022-07-13,3450.0,3495.0,3400.5,3489.0,2665.7,MIRG
2022-07-14,3490.0,3490.0,3405.0,3444.0,1240.8,MIRG
2022-07-15,3500.0,3574.5,3478.0,3560.5,5718.8,MIRG
2022-07-18,3599.5,3625.0,3562.0,3579.0,2233.9,MIRG
2022-07-19,3580.0,3630.0,3550.0,3576.0,1689.2,MIRG
2022-07-20,3550.0,3589.5,3501.0,3585.5,3324.7,MIRG
2022-07-21,3586.0,3795.0,3510.0,3780.5,7220.0,MIRG
2022-07-22,3780.5,3888.0,3670.0,3863.0,5543.3,MIRG
2022-07-25,3901.0,4051.0,3899.0,4039.0,13888.3,MIRG
2022-07-26,4039.0,4118.5,3900.0,3993.0,5562.2,MIRG
2022-07-27,4000.5,4124.0,3980.0,4109.0,6969.1,MIRG
2022-07-28,4120.0,4200.0,4011.0,4113.0,8113.0,MIRG
2022-07-29,4110.0,4160.0,3945.0,3995.5,5559.3,MIRG
2022-08-01,3996.0,4000.0,3860.0,3874.0,4584.7,MIRG
2022-08-02,3889.0,4000.0,3780.0,3837.0,5060.2,MIRG
2022-08-03,3943.0,3943.0,3839.5,3874.5,3621.0,MIRG
2022-08-04,3874.0,3950.0,3852.0,3933.0,1638.9,MIRG
2022-08-05,3934.0,3990.0,3851.0,3981.5,3615.3,MIRG
2022-08-08,3984.5,4050.0,3935.0,4039.0,5801.5,MIRG
2022-08-09,4037.5,4050.0,4000.0,4037.5,2442.6,MIRG
2022-08-10,4040.0,4329.5,4010.0,4297.5,10849.4,MIRG
2022-08-11,4377.0,4434.5,4277.0,4365.5,8172.3,MIRG
2022-08-12,4301.5,4400.0,4301.0,4355.5,3300.0,MIRG
2022-08-16,4355.0,4400.0,4275.5,4383.5,2825.6,MIRG
2022-08-17,4448.0,4448.0,4271.0,4298.0,2984.3,MIRG
2022-08-18,4300.0,4348.0,4279.0,4295.5,1978.7,MIRG
2022-08-19,4138.0,4299.5,4126.0,4289.5,2386.8,MIRG
2022-08-22,4279.5,4279.5,4162.0,4225.0,3627.9,MIRG
2022-08-23,4170.0,4278.0,4170.0,4211.0,6213.9,MIRG
2022-08-24,4180.0,4275.0,4180.0,4267.0,13221.5,MIRG
2022-08-25,4290.0,4350.0,4235.0,4327.5,6792.3,MIRG
2022-08-26,4350.0,4350.0,4220.0,4274.5,2010.5,MIRG
2022-08-29,4275.0,4485.0,4225.0,4482.0,8689.4,MIRG
2022-08-30,4500.0,4500.0,4370.5,4428.5,3188.2,MIRG
2022-08-31,4481.0,4481.0,4201.0,4261.0,5618.8,MIRG
2022-09-01,4200.0,4261.0,4157.0,4186.0,4306.1,MIRG
2022-09-05,4186.0,4296.0,4150.0,4214.5,4465.1,MIRG
2022-09-06,4199.0,4199.0,4100.5,4147.5,7597.8,MIRG
2022-09-07,4140.0,4240.0,4050.0,4140.5,7068.5,MIRG
2022-09-08,4081.0,4190.0,4001.0,4048.5,4145.9,MIRG
2022-09-09,4041.0,4100.0,4001.0,4084.5,4382.7,MIRG
2022-09-12,3960.0,4099.5,3960.0,4080.5,3583.6,MIRG
2022-09-13,4100.0,4100.0,4010.0,4092.5,4818.2,MIRG
2022-09-14,4099.5,4174.5,4050.0,4102.0,6156.4,MIRG
2022-09-15,4100.0,4199.5,4030.5,4071.5,2800.6,MIRG
2022-09-16,4119.5,4119.5,4002.0,4038.0,2906.4,MIRG
2022-09-19,4148.5,4148.5,4001.0,4097.0,14025.5,MIRG
2022-09-20,4140.0,4140.0,4050.0,4066.5,2842.7,MIRG
2022-09-21,4080.0,4085.0,4005.5,4039.0,1186.6,MIRG
2022-09-22,4039.0,4079.0,4017.5,4043.5,6061.7,MIRG
2022-09-23,3999.0,4000.0,3801.0,3891.5,2638.0,MIRG
2022-09-26,3950.0,3950.0,3644.5,3745.5,10509.5,MIRG
2022-09-27,3770.0,3820.0,3700.0,3737.0,2084.8,MIRG
2022-09-28,3789.5,3789.5,3700.0,3724.0,7876.5,MIRG
2022-09-29,3725.0,3740.0,3680.5,3737.5,12720.3,MIRG
2022-09-30,3797.5,3849.5,3785.0,3814.5,4061.1,MIRG
2022-10-03,3820.0,3877.0,3730.5,3807.5,6379.2,MIRG
2022-10-04,3847.5,3847.5,3750.0,3799.0,7029.5,MIRG
2022-10-05,3799.0,3817.0,3725.0,3774.5,4168.8,MIRG
2022-10-06,3775.0,3795.0,3723.0,3760.0,965.4,MIRG
2022-10-11,3750.0,3755.0,3546.0,3639.5,8158.2,MIRG
2022-10-12,3690.0,3698.5,3565.0,3646.0,7178.0,MIRG
2022-10-13,3551.0,3730.0,3551.0,3690.0,2635.8,MIRG
2022-10-14,3710.0,3710.0,3562.0,3598.5,6780.3,MIRG
2022-10-17,3700.0,3700.0,3576.0,3595.5,3592.3,MIRG
2022-10-18,3600.0,3625.0,3560.0,3598.0,6358.8,MIRG
2022-10-19,3590.0,3600.0,3500.0,3556.5,8802.2,MIRG
2022-10-20,3505.0,3570.0,3505.0,3559.5,4247.5,MIRG
2022-10-21,3559.0,3642.0,3550.0,3613.0,12232.0,MIRG
2022-10-24,3613.0,3649.0,3550.0,3639.5,4621.1,MIRG
2022-10-25,3640.0,3690.0,3600.0,3668.5,5895.5,MIRG
2022-10-26,3713.0,3713.0,3610.0,3705.5,9179.6,MIRG
2022-10-27,3714.0,3750.0,3635.0,3744.5,6203.5,MIRG
2022-10-28,3744.0,3798.0,3744.0,3795.5,3312.9,MIRG
2022-10-31,3790.0,3979.5,3740.0,3929.0,9274.6,MIRG
2022-11-01,3960.0,4000.0,3929.0,3995.0,4039.8,MIRG
2022-11-02,4010.0,4010.0,3895.0,3933.5,3797.1,MIRG
2022-11-03,3933.5,3975.0,3820.5,3859.5,2018.4,MIRG
2022-11-04,3858.5,3899.5,3818.5,3871.5,2873.6,MIRG
2022-11-07,3918.0,3918.0,3753.5,3816.5,1913.8,MIRG
2022-11-08,3702.0,3794.0,3702.0,3758.5,2453.5,MIRG
2022-11-09,3750.0,3790.0,3602.0,3650.5,4748.7,MIRG
2022-11-10,3777.0,3777.0,3601.5,3659.0,2424.6,MIRG
2022-11-11,3659.5,3734.5,3605.0,3729.0,2536.6,MIRG
2022-11-14,3782.0,3990.0,3660.0,3840.5,5168.4,MIRG
2022-11-15,3850.0,3959.0,3816.5,3846.5,6218.7,MIRG
2022-11-16,3890.0,3893.0,3770.5,3793.5,4629.5,MIRG
2022-11-17,3793.5,3799.0,3721.5,3741.0,4058.4,MIRG
2022-11-18,3743.0,3793.5,3710.0,3747.0,3266.1,MIRG
2022-11-22,3739.5,3740.0,3678.0,3727.5,2993.8,MIRG
2022-11-23,3745.0,3784.0,3650.5,3725.0,7548.2,MIRG
2022-11-24,3742.0,3844.0,3731.0,3801.0,6006.6,MIRG
2022-11-25,3843.5,3888.0,3720.5,3778.5,5226.4,MIRG
2022-11-28,3702.0,3792.0,3702.0,3789.0,3884.4,MIRG
2022-11-29,3791.0,3895.5,3720.0,3866.5,12646.1,MIRG
2022-11-30,3880.0,3890.0,3805.0,3882.5,7401.7,MIRG
2022-12-01,3896.0,3999.5,3851.5,3994.5,7340.7,MIRG
2022-12-02,3994.5,4385.0,3920.5,4338.0,9364.6,MIRG
2022-12-05,4349.5,4731.0,4200.0,4715.0,32422.6,MIRG
2022-12-06,4700.0,5030.0,4650.0,4957.5,25306.9,MIRG
2022-12-07,4989.5,4990.0,4812.0,4879.0,6940.4,MIRG
2022-12-12,4820.0,4850.0,4650.0,4719.0,4416.4,MIRG
2022-12-13,4720.0,4850.0,4720.0,4803.5,6908.4,MIRG
2022-12-14,4747.5,4880.0,4747.5,4785.5,2629.2,MIRG
2022-12-15,4790.0,4994.5,4761.0,4849.5,11328.8,MIRG
2022-12-16,4753.0,4920.0,4751.5,4796.5,7756.0,MIRG
2022-12-19,4900.0,4900.0,4800.0,4896.5,2449.0,MIRG
2022-12-20,4989.5,4989.5,4801.0,4911.0,834.6,MIRG
2022-12-21,4992.5,4992.5,4810.0,4930.5,7170.5,MIRG
2022-12-22,5013.0,5069.0,4884.5,4964.0,7323.6,MIRG
2022-12-23,5000.0,5009.5,4880.0,4974.0,7288.2,MIRG
2022-12-26,5084.0,5400.0,4944.5,5382.0,8170.4,MIRG
2022-12-27,5379.0,5630.0,5250.0,5603.0,19053.8,MIRG
2022-12-28,5620.0,5650.0,5501.0,5593.0,23414.1,MIRG
2022-12-29,5628.0,5695.0,5305.0,5415.5,8295.6,MIRG
2022-12-30,5489.0,5572.0,5222.0,5542.5,3164.4,MIRG
2023-01-02,5411.0,5590.0,5411.0,5558.5,6599.3,MIRG
2023-01-03,5562.0,5617.5,5310.5,5343.0,4876.7,MIRG
2023-01-04,5505.0,5505.0,5258.5,5313.0,5716.1,MIRG
2023-01-05,5312.0,5538.5,5222.0,5521.0,15171.6,MIRG
2023-01-06,5589.0,5589.0,5400.0,5450.0,7487.8,MIRG
2023-01-09,5400.0,5521.0,5315.5,5427.5,3943.7,MIRG
2023-01-10,5478.0,5478.0,5315.0,5367.0,5595.0,MIRG
2023-01-11,5440.0,5459.0,5300.0,5426.0,12061.1,MIRG
2023-01-12,5510.0,5515.5,5333.5,5492.5,10831.2,MIRG
2023-01-13,5490.0,5849.0,5400.0,5748.5,11557.1,MIRG
2023-01-16,5800.0,5934.0,5776.5,5907.0,18506.0,MIRG
2023-01-17,5898.0,5938.0,5815.0,5865.5,14304.7,MIRG
2023-01-18,5939.0,5970.0,5312.0,5484.0,25407.1,MIRG
2023-01-19,5525.0,5525.0,5100.5,5291.0,31912.5,MIRG
2023-01-20,5291.0,5417.5,5251.0,5391.5,7645.8,MIRG
2023-01-23,5400.0,5550.0,5250.0,5461.5,11107.8,MIRG
2023-01-24,5254.5,5534.5,5254.5,5488.0,5210.3,MIRG
2023-01-25,5450.0,5499.0,5319.0,5498.0,7552.9,MIRG
2023-01-26,5499.0,5560.0,5400.0,5492.5,3781.7,MIRG
2023-01-27,5544.5,5544.5,5200.0,5333.5,9697.8,MIRG
2023-01-30,5355.0,5355.0,5251.0,5278.0,2123.4,MIRG
2023-01-31,5338.0,5371.0,5241.0,5317.5,2761.4,MIRG
2023-02-01,5359.5,5359.5,5200.0,5298.0,5473.9,MIRG
2023-02-02,5298.0,5338.0,5231.0,5283.5,10670.0,MIRG
2023-02-03,5330.0,5330.0,5121.0,5239.0,3291.2,MIRG
2023-02-06,5295.0,5298.0,5155.0,5287.0,5869.3,MIRG
2023-02-07,5315.0,5350.0,5200.0,5297.0,5450.3,MIRG
2023-02-08,5300.0,5338.0,5202.5,5329.5,7976.2,MIRG
2023-02-09,5300.5,5375.0,5300.5,5358.0,2967.3,MIRG
2023-02-10,5385.5,5470.0,5301.0,5468.0,6527.0,MIRG
2023-02-13,5555.0,5555.0,5421.0,5479.5,4957.5,MIRG
2023-02-14,5529.0,5529.0,5430.0,5506.5,2874.2,MIRG
2023-02-15,5514.0,5519.5,5450.5,5494.5,2793.9,MIRG
2023-02-16,5510.0,5749.0,5410.0,5704.0,7049.9,MIRG
2023-02-17,5700.0,5770.0,5501.0,5614.0,4193.3,MIRG
2023-02-22,5650.0,5699.0,5401.0,5533.5,1908.2,MIRG
2023-02-23,5589.0,5589.0,5440.0,5507.5,2216.0,MIRG
2023-02-24,5505.0,5535.0,5300.0,5497.5,2713.2,MIRG
2023-02-27,5450.0,5535.0,5390.0,5459.5,4814.4,MIRG
2023-02-28,5321.0,5460.0,5321.0,5439.5,1742.3,MIRG
2023-03-01,5439.5,5448.0,5352.5,5438.5,2575.8,MIRG
2023-03-02,5445.0,5445.0,5352.0,5392.5,1201.3,MIRG
2023-03-03,5460.0,5460.0,5200.0,5395.0,5333.3,MIRG
2023-03-06,5350.0,5400.0,5291.0,5345.5,6770.5,MIRG
2023-03-07,5300.5,5380.0,5238.5,5335.0,3192.0,MIRG
2023-03-08,5250.0,5400.0,5250.0,5375.5,2993.7,MIRG
2023-03-09,5378.0,5388.0,5155.5,5273.0,6776.0,MIRG
2023-03-10,5273.0,5349.0,5050.0,5177.0,3306.4,MIRG
2023-03-13,5200.0,5200.0,4800.5,4883.0,4883.2,MIRG
2023-03-14,4970.0,5160.0,4875.0,4979.0,8557.6,MIRG
2023-03-15,4979.0,4979.0,4610.0,4785.5,3567.2,MIRG
2023-03-16,4702.0,5200.0,4702.0,5045.5,10872.7,MIRG
2023-03-17,5199.5,5199.5,4825.0,4985.0,18739.7,MIRG
2023-03-20,5199.5,5199.5,4900.0,5015.0,7283.5,MIRG
2023-03-21,5000.0,5129.0,5000.0,5119.5,5262.1,MIRG
2023-03-22,5099.5,5196.0,5000.0,5186.5,3270.2,MIRG
2023-03-23,5200.0,5342.0,5100.0,5238.5,4685.300000000001,MIRG
2023-03-27,5342.5,5342.5,5100.5,5290.0,6013.4,MIRG
2023-03-28,5290.0,5469.0,5200.5,5381.0,4188.6,MIRG
2023-03-29,5388.0,5440.0,5300.0,5344.5,5875.6,MIRG
2023-03-30,5360.0,5399.0,5300.0,5348.0,3416.2,MIRG
2023-03-31,5349.0,5398.0,5101.0,5279.5,3274.3,MIRG
2023-04-03,5278.0,5295.0,5150.0,5206.5,4331.0,MIRG
2023-04-04,5249.5,5249.5,5030.0,5185.0,11284.7,MIRG
2023-04-05,5170.0,5221.0,5111.0,5179.5,4426.7,MIRG
2023-04-10,5159.0,5225.0,5115.5,5153.5,4866.4,MIRG
2023-04-11,5057.0,5199.0,5055.0,5100.5,9719.2,MIRG
2023-04-12,5051.5,5160.0,5051.5,5116.5,8698.4,MIRG
2023-04-13,5116.5,5189.5,5050.0,5178.0,18399.1,MIRG
2023-04-14,5127.0,5248.0,5122.0,5245.5,7633.8,MIRG
2023-04-17,5250.0,5598.5,5240.0,5488.5,7157.3,MIRG
2023-04-18,5500.0,5700.0,5300.0,5455.5,13429.5,MIRG
2023-04-19,5495.0,5495.0,5254.5,5306.0,9054.2,MIRG
2023-04-20,5173.0,5500.0,5173.0,5444.5,7340.8,MIRG
2023-04-21,5499.5,5690.0,5420.0,5542.0,6522.5,MIRG
2023-04-24,5530.0,5660.0,5521.0,5659.0,5233.0,MIRG
2023-04-25,5660.0,5700.0,5510.5,5609.0,7493.2,MIRG
2023-04-26,5650.0,5650.0,5305.0,5568.5,2226.2,MIRG
2023-04-27,5769.5,5769.5,5357.0,5535.0,4352.5,MIRG
2023-04-28,5550.0,5700.0,5450.0,5624.5,4804.2,MIRG
2023-05-02,5650.0,5750.0,5520.0,5648.5,8637.6,MIRG
2023-05-03,5669.0,5710.0,5545.5,5665.5,3485.9,MIRG
2023-05-04,5666.0,5700.0,5585.5,5598.5,3000.1,MIRG
2023-05-05,5595.0,5740.0,5595.0,5677.5,4130.0,MIRG
2023-05-08,5749.5,5750.0,5591.0,5729.0,6487.4,MIRG
2023-05-09,5690.0,5949.0,5655.0,5838.5,24297.3,MIRG
2023-05-10,5950.0,6501.0,5950.0,6495.5,25453.0,MIRG
2023-05-11,6600.0,6922.0,6600.0,6858.5,21374.1,MIRG
2023-05-12,6901.0,7200.0,6710.0,6816.5,11778.0,MIRG
2023-05-15,6990.0,6995.0,6650.0,6872.0,8822.1,MIRG
2023-05-16,6900.0,6977.5,6751.5,6827.0,3721.4,MIRG
2023-05-17,6815.5,6949.5,6751.5,6811.0,3871.6,MIRG
2023-05-18,6811.0,6899.0,6700.5,6875.0,4019.0,MIRG
2023-05-19,7030.0,7487.5,7030.0,7412.0,12736.1,MIRG
2023-05-22,7500.0,7745.0,7500.0,7735.5,13869.2,MIRG
2023-05-23,7750.5,7980.0,7750.0,7844.5,7528.1,MIRG
2023-05-24,7840.0,7840.0,7608.0,7641.5,7963.0,MIRG
2023-05-29,7800.0,7858.0,7508.5,7696.0,3572.5,MIRG
2023-05-30,7521.0,7750.0,7401.0,7578.0,6130.7,MIRG
2023-05-31,7502.5,7580.0,7450.0,7547.0,4275.0,MIRG
2023-06-01,7550.0,7600.0,7410.0,7576.5,5922.0,MIRG
2023-06-02,7587.5,7650.0,7400.0,7565.0,5998.7,MIRG
2023-06-05,7620.0,7700.0,7500.0,7580.0,5260.8,MIRG
2023-06-06,7749.5,7749.5,7580.0,7696.5,9717.7,MIRG
2023-06-07,7650.0,7748.5,7350.0,7650.0,7326.9,MIRG
2023-06-08,7700.0,7700.0,7480.0,7660.0,5279.7,MIRG
2023-06-09,7660.0,7750.0,7590.0,7693.5,5880.1,MIRG
2023-06-12,7780.5,7780.5,7501.0,7640.0,5273.4,MIRG
2023-06-13,7696.0,7767.5,7550.0,7604.5,2204.5,MIRG
2023-06-14,7630.0,7699.5,7360.0,7396.0,5484.6,MIRG
2023-06-15,7593.5,7593.5,7440.0,7497.5,5692.7,MIRG
2023-06-16,7500.0,7750.0,7500.0,7649.5,6990.3,MIRG
2023-06-21,7553.0,8299.0,7553.0,8289.0,13951.6,MIRG
2023-06-22,8398.0,8449.5,8140.0,8226.5,9080.5,MIRG
2023-06-23,8270.0,8845.0,8230.0,8791.0,9354.6,MIRG
2023-06-26,9071.0,9488.5,9030.0,9306.0,18246.9,MIRG
2023-06-27,9356.0,9356.0,8964.0,9146.5,11813.1,MIRG
2023-06-28,9149.5,9306.0,8851.5,9097.0,8310.6,MIRG
2023-06-29,9200.0,9268.5,8845.0,9078.0,4451.6,MIRG
2023-06-30,9167.5,9200.0,9000.0,9188.0,6520.3,MIRG
2023-07-03,9250.0,9340.0,9000.0,9170.5,8576.5,MIRG
2023-07-04,9300.0,9300.0,9110.0,9189.5,5650.9,MIRG
2023-07-05,9200.0,9348.0,9001.0,9191.0,3377.3,MIRG
2023-07-06,9155.5,9155.5,8861.0,9064.0,6847.8,MIRG
2023-07-07,9050.0,9200.0,8941.0,9194.0,3688.5,MIRG
2023-07-10,9200.0,9299.5,8903.0,9096.0,5568.2,MIRG
2023-07-11,8871.0,9264.5,8871.0,9019.0,7654.4,MIRG
2023-07-12,9020.0,9150.0,9020.0,9114.0,3071.2,MIRG
2023-07-13,9150.0,9297.5,9121.0,9278.0,7376.5,MIRG
2023-07-14,9299.5,9299.5,8899.5,9163.0,3285.0,MIRG
2023-07-17,9280.0,9300.0,9020.0,9162.5,4168.3,MIRG
2023-07-18,9300.0,9300.0,8980.5,9096.5,3139.9,MIRG
2023-07-19,9270.0,9270.0,8990.0,9081.0,3120.3,MIRG
2023-07-20,9079.5,9293.5,8905.5,9274.5,9457.3,MIRG
2023-07-21,9275.0,9950.0,9006.0,9852.5,13644.0,MIRG
2023-07-24,9963.0,10300.0,9853.0,9980.0,8530.2,MIRG
2023-07-25,9978.5,10050.0,9576.0,9940.0,3888.2,MIRG
2023-07-26,9941.0,10070.0,9545.0,9719.5,5984.0,MIRG
2023-07-27,9700.0,9962.0,9401.5,9597.5,3663.5,MIRG
2023-07-28,9597.5,9875.5,9597.5,9780.5,3612.8,MIRG
2023-07-31,9781.0,9800.0,9510.0,9578.0,4529.2,MIRG
2023-08-01,9585.0,9650.0,9355.0,9483.5,3700.5,MIRG
2023-08-02,9550.0,9550.0,9050.0,9142.0,6649.0,MIRG
2023-08-03,9135.0,9278.0,9000.0,9155.0,4935.9,MIRG
2023-08-04,9160.5,9240.0,8950.0,9159.5,4701.7,MIRG
2023-08-07,9159.0,9160.0,8850.0,8958.0,10145.9,MIRG
2023-08-08,8900.0,9100.0,8831.0,8956.5,11807.5,MIRG
2023-08-09,8960.0,9100.0,8655.0,8871.0,10274.3,MIRG
2023-08-10,9000.0,9009.0,8800.5,8987.5,4334.5,MIRG
2023-08-11,8990.0,9200.0,8900.0,9104.0,8520.9,MIRG
2023-08-14,8800.0,8899.5,8050.0,8814.5,19940.2,MIRG
2023-08-15,8875.0,9098.0,8501.0,8828.0,28726.9,MIRG
2023-08-16,8850.0,9300.0,8660.0,9031.5,28251.1,MIRG
2023-08-17,9032.0,9399.5,9032.0,9366.5,19868.2,MIRG
2023-08-18,9499.0,9500.0,9180.0,9410.0,15728.9,MIRG
2023-08-22,9415.0,9598.0,9100.0,9145.0,15576.1,MIRG
2023-08-23,9131.0,9210.0,8805.0,9023.0,27067.9,MIRG
2023-08-24,9023.5,9199.0,9000.0,9074.0,6502.1,MIRG
2023-08-25,9074.0,9200.0,9045.0,9169.0,16828.1,MIRG
2023-08-28,9150.0,9748.0,9123.5,9723.5,32243.3,MIRG
2023-08-29,9765.0,10499.5,9765.0,10102.0,33778.2,MIRG
2023-08-30,10270.0,10470.0,9875.0,10105.5,19678.1,MIRG
2023-08-31,10200.0,10200.0,9375.0,9746.0,7336.9,MIRG
2023-09-01,9800.0,9999.0,9670.0,9757.5,6776.5,MIRG
2023-09-04,9900.0,9990.0,9575.5,9646.0,9317.8,MIRG
2023-09-05,9825.0,9825.0,9301.5,9483.5,17112.0,MIRG
2023-09-06,9483.0,9500.0,9117.0,9194.0,7339.1,MIRG
2023-09-07,9208.0,9500.0,8760.0,8889.5,10307.3,MIRG
2023-09-08,8888.0,9200.0,8500.0,8553.0,6452.3,MIRG
2023-09-12,8110.0,8450.0,8110.0,8439.0,8040.2,MIRG
2023-09-13,8441.0,8600.0,8340.5,8567.5,4670.3,MIRG
2023-09-14,8800.0,8800.0,8589.0,8772.0,3978.5,MIRG
2023-09-15,8770.0,8795.0,8616.0,8729.0,2060.1,MIRG
2023-09-18,8605.0,8800.0,8605.0,8703.0,3848.3,MIRG
2023-09-19,8715.0,8790.0,8450.0,8592.5,3235.6,MIRG
2023-09-20,8592.0,8750.0,8450.5,8578.5,3881.1,MIRG
2023-09-21,8450.0,8450.0,8180.0,8238.0,3652.0,MIRG
2023-09-22,8238.0,8390.0,8101.0,8317.0,2516.3,MIRG
2023-09-25,8223.5,8399.5,8102.5,8394.0,4676.6,MIRG
2023-09-26,8394.0,8499.0,8201.5,8240.0,3668.2,MIRG
2023-09-27,8220.0,8253.0,8115.5,8204.0,4925.8,MIRG
2023-09-28,8210.5,8498.0,8110.0,8438.5,7165.4,MIRG
2023-09-29,8215.0,8700.0,8125.0,8352.5,7763.5,MIRG
2023-10-02,8137.0,8750.0,8137.0,8653.0,7516.0,MIRG
2023-10-03,8850.0,8850.0,8198.0,8430.0,7177.8,MIRG
2023-10-04,8423.0,8527.5,8250.5,8443.0,11552.7,MIRG
2023-10-05,8443.0,8800.0,8350.0,8473.5,13870.4,MIRG
2023-10-06,8497.5,8677.5,8400.0,8627.0,6916.5,MIRG
2023-10-09,8600.0,8699.0,8402.0,8669.5,12640.9,MIRG
2023-10-10,8669.5,9180.0,8502.0,9089.5,9562.4,MIRG
2023-10-11,9100.0,9900.0,9100.0,9379.5,9433.3,MIRG
2023-10-12,9379.5,9787.0,9132.5,9761.0,7773.4,MIRG
2023-10-17,9761.0,9979.5,9761.0,9911.5,14728.7,MIRG
2023-10-18,9913.0,9995.0,9803.0,9865.0,8485.4,MIRG
2023-10-19,9950.0,9950.0,9251.5,9431.5,11304.0,MIRG
2023-10-20,9500.0,9849.5,9330.0,9726.5,12084.2,MIRG
2023-10-23,9727.0,12176.0,9726.5,11456.0,47883.4,MIRG
2023-10-24,11500.0,12000.0,10450.0,10584.5,16097.3,MIRG
2023-10-25,10584.5,10700.0,9677.0,10139.0,12410.2,MIRG
2023-10-26,10170.0,10300.0,9902.0,10065.5,3202.0,MIRG
2023-10-27,10065.5,10099.0,9501.0,9959.5,1995.7,MIRG
2023-10-30,10300.0,10300.0,9001.0,9241.5,5386.9,MIRG
2023-10-31,9450.0,10349.5,9051.0,9886.0,8257.9,MIRG
2023-11-01,10000.0,10389.0,9820.0,10144.0,6557.1,MIRG
2023-11-02,10150.0,11400.0,10150.0,11285.0,10498.3,MIRG
2023-11-03,11285.0,11910.5,10655.0,11317.5,10300.7,MIRG
2023-11-07,11317.5,11698.5,10801.0,11281.5,4911.5,MIRG
2023-11-08,11298.0,11600.0,10574.5,11147.5,7039.3,MIRG
2023-11-09,11297.0,11536.0,10900.5,11511.0,7264.5,MIRG
2023-11-10,11292.5,11950.0,11292.5,11944.0,8375.7,MIRG
2023-11-13,11944.0,12350.0,11601.0,11945.5,5461.9,MIRG
2023-11-14,11946.0,12299.5,11200.5,11570.0,8468.9,MIRG
2023-11-15,11570.0,11998.5,11421.0,11748.0,11426.2,MIRG
2023-11-16,11950.0,11950.0,11101.0,11388.5,6499.5,MIRG
2023-11-17,11257.5,11800.0,10490.0,11159.0,17727.4,MIRG
2023-11-21,12000.0,12000.0,10061.0,10809.0,49477.1,MIRG
2023-11-22,10500.0,11750.0,10200.0,10808.5,28603.1,MIRG
2023-11-23,10808.5,11400.0,10800.0,11155.0,42668.8,MIRG
2023-11-24,11100.0,11800.0,10720.5,11053.0,21147.4,MIRG
2023-11-27,11120.0,11315.0,9900.0,9971.0,11980.0,MIRG
2023-11-28,10350.0,10350.0,9001.0,10096.5,22090.1,MIRG
2023-11-29,10200.0,11500.0,10010.5,10634.0,11861.7,MIRG
2023-11-30,10600.0,10989.5,10350.0,10663.0,7248.3,MIRG
2023-12-01,10630.0,11220.0,10250.0,11167.0,11366.1,MIRG
2023-12-04,11000.0,11200.0,10510.0,10793.0,5661.5,MIRG
2023-12-05,10650.0,10995.0,10504.5,10924.5,11088.6,MIRG
2023-12-06,11214.0,11214.0,10514.5,10761.0,6512.9,MIRG
2023-12-07,10895.0,11900.0,10600.0,11733.0,13090.4,MIRG
2023-12-11,11740.0,11998.5,11505.0,11728.5,8758.9,MIRG
2023-12-12,11728.0,11999.0,11600.0,11938.0,7403.3,MIRG
2023-12-13,11938.0,12600.0,11151.5,11945.0,9082.3,MIRG
2023-12-14,12140.0,12400.0,11500.5,11847.0,11614.6,MIRG
2023-12-15,12000.0,12130.0,11505.0,11981.5,11218.8,MIRG
2023-12-18,12100.0,12499.0,11010.0,11622.0,7824.3,MIRG
2023-12-19,11622.0,11849.5,11196.0,11639.5,7634.3,MIRG
2023-12-20,11639.0,11639.0,11001.0,11105.0,13112.7,MIRG
2023-12-21,10898.0,11499.0,10666.0,11097.5,15636.5,MIRG
2023-12-22,11187.5,11199.5,10508.0,10671.5,9488.6,MIRG
2023-12-26,10600.0,10600.0,10101.0,10282.0,9479.1,MIRG
2023-12-27,10507.0,10507.0,10050.0,10213.0,6217.2,MIRG
2023-12-28,10332.0,10398.5,9521.0,10254.0,8919.7,MIRG
2023-12-29,10299.0,10599.0,10254.5,10390.5,5467.6,MIRG
2024-01-02,10390.5,10545.0,9720.0,10081.5,5810.0,MIRG
2024-01-03,10103.5,10200.0,9920.0,10077.0,17244.4,MIRG
2024-01-04,10148.0,10418.0,10101.0,10395.0,14057.6,MIRG
2024-01-05,10671.0,12350.0,10401.0,12252.0,30937.5,MIRG
2024-01-08,12400.0,14500.0,12400.0,14206.5,46351.4,MIRG
2024-01-09,14485.0,16200.0,14450.0,15641.0,66743.0,MIRG
2024-01-10,15900.0,16899.0,15100.0,16032.0,39010.7,MIRG
2024-01-11,16500.0,16599.0,14900.0,15100.0,24563.0,MIRG
2024-01-12,15600.0,15600.0,14500.0,14644.5,13554.7,MIRG
2024-01-15,14644.5,14900.0,14200.0,14417.5,7676.5,MIRG
2024-01-16,14800.0,16400.0,14101.0,16223.5,17908.7,MIRG
2024-01-17,16297.0,17000.0,15662.0,16410.5,23316.7,MIRG
2024-01-18,16676.0,16750.0,15750.0,16156.0,26239.7,MIRG
2024-01-19,16150.0,16350.0,15810.5,16106.5,9307.4,MIRG
2024-01-22,16700.0,16700.0,16106.5,16367.5,9181.5,MIRG
2024-01-23,16380.0,17190.0,15500.5,15962.5,10367.4,MIRG
2024-01-24,15851.0,16139.5,15601.0,15944.0,7654.1,MIRG
2024-01-25,16000.0,16389.5,15502.0,15668.5,9301.9,MIRG
2024-01-26,15700.0,16369.5,15700.0,15810.5,7298.5,MIRG
2024-01-29,15815.0,15815.0,14901.0,15355.5,6986.6,MIRG
2024-01-30,15200.5,15500.0,14901.5,15207.5,7723.0,MIRG
2024-01-31,15416.0,15416.0,14600.0,14846.5,6079.0,MIRG
2024-02-01,14800.5,15100.0,14610.0,14941.0,7234.9,MIRG
2024-02-02,14999.5,15198.5,14600.0,14896.0,8707.1,MIRG
2024-02-05,15000.0,15100.0,14176.5,14804.5,7021.3,MIRG
2024-02-06,14810.0,14999.0,14202.5,14354.0,3694.2,MIRG
2024-02-07,14150.0,14150.0,13002.0,13587.0,6358.4,MIRG
2024-02-08,13560.5,13999.0,13300.0,13392.5,8442.6,MIRG
2024-02-09,13392.5,14300.0,13151.0,14060.5,6121.7,MIRG
2024-02-14,14083.0,14359.0,13590.0,13720.5,2966.2,MIRG
2024-02-15,13501.0,14500.0,13501.0,14003.5,5895.8,MIRG
2024-02-16,13875.0,14498.0,13510.0,14008.0,6385.5,MIRG
2024-02-19,14449.0,14449.0,13600.0,13934.0,5188.3,MIRG
2024-02-20,13934.0,14180.0,13400.0,13559.5,4787.5,MIRG
2024-02-21,13500.0,13889.0,12870.0,13004.5,5275.5,MIRG
2024-02-22,13027.0,13261.5,12430.0,13089.0,5512.7,MIRG
2024-02-23,13299.5,13299.5,12601.0,12758.0,4960.7,MIRG
2024-02-26,12779.5,12779.5,12055.0,12240.5,6411.8,MIRG
2024-02-27,12299.0,12299.0,11301.0,11487.0,6659.2,MIRG
2024-02-28,11345.0,11498.0,10903.0,11183.0,6315.5,MIRG
2024-02-29,11200.0,11489.5,10980.5,11196.0,7754.8,MIRG
2024-03-01,11202.5,11500.0,10997.0,11334.5,6600.6,MIRG
2024-03-04,11600.0,12000.0,11340.0,11506.0,5685.3,MIRG
2024-03-05,11506.0,11890.0,10800.5,10895.0,5904.3,MIRG
2024-03-06,11100.0,11318.5,10651.5,10957.0,8906.5,MIRG
2024-03-07,11003.0,11180.0,10401.0,10698.5,7724.1,MIRG
2024-03-08,10799.0,12300.0,10400.0,12066.0,22231.6,MIRG
2024-03-11,12150.0,12150.0,11011.0,11142.5,5447.6,MIRG
2024-03-12,10999.5,11499.5,10751.0,11450.5,12899.9,MIRG
2024-03-13,11798.0,11798.0,10971.0,11726.0,11256.7,MIRG
2024-03-14,11725.0,11725.0,11100.0,11455.0,11804.6,MIRG
2024-03-15,11450.0,12000.0,11100.0,11964.0,10607.5,MIRG
2024-03-18,11964.0,12337.0,11536.0,12292.0,9533.2,MIRG
2024-03-19,12393.5,14150.0,12300.0,13850.5,23277.5,MIRG
2024-03-20,14151.0,14524.5,13210.0,13885.0,16447.5,MIRG
2024-03-21,14000.0,14100.0,13656.5,13972.0,7311.5,MIRG
2024-03-22,13882.0,14297.0,13451.0,14211.5,9846.2,MIRG
2024-03-25,14250.0,14250.0,13651.0,13763.5,4960.3,MIRG
2024-03-26,13656.0,13999.5,13000.5,13292.0,4610.6,MIRG
2024-03-27,13200.0,13503.0,13010.0,13415.0,3862.9,MIRG
2024-04-03,13400.0,13500.0,12701.0,13176.0,9989.7,MIRG
2024-04-04,13340.0,13340.0,12901.0,12963.0,5477.0,MIRG
2024-04-05,12960.0,13480.0,12556.0,13173.5,9390.5,MIRG
2024-04-08,13200.0,13200.0,12807.5,12932.5,12347.7,MIRG
2024-04-09,12959.0,13000.0,12563.0,12733.5,13153.9,MIRG
2024-04-10,12810.0,13000.0,12546.5,12975.5,5121.6,MIRG
2024-04-11,13006.0,14354.0,12752.0,14049.5,17026.2,MIRG
2024-04-12,14049.5,14750.0,13601.5,14000.5,7193.3,MIRG
2024-04-15,14024.0,14024.0,13001.0,13164.0,7882.3,MIRG
2024-04-16,13500.0,13500.0,12825.5,13244.5,23137.8,MIRG
2024-04-17,13000.0,13800.0,13000.0,13762.0,11923.3,MIRG
2024-04-18,13836.0,14199.0,13405.0,13774.0,10226.3,MIRG
2024-04-19,13750.0,13945.0,13450.0,13774.0,4240.0,MIRG
2024-04-22,14324.0,14327.5,13800.0,14012.5,7128.1,MIRG
2024-04-23,14080.0,14250.0,13700.5,13885.0,4643.4,MIRG
2024-04-24,13754.0,14147.5,13431.0,13849.5,4595.3,MIRG
2024-04-25,14000.0,14100.0,13500.5,14029.5,4006.3,MIRG
2024-04-26,14000.0,14849.5,13746.0,14651.0,12613.3,MIRG
2024-04-29,14748.0,14999.0,14236.0,14342.5,7191.4,MIRG
2024-04-30,14455.0,14500.0,13629.0,14000.0,38132.7,MIRG
2024-05-02,14000.0,14822.5,13700.0,14645.0,6108.9,MIRG
2024-05-03,14994.0,15000.0,14500.0,14864.5,8388.1,MIRG
2024-05-06,14937.0,15360.0,14700.0,15251.5,14763.8,MIRG
2024-05-07,15265.0,15559.0,15265.0,15497.0,10152.2,MIRG
2024-05-08,15500.0,16100.0,15001.0,15610.5,15682.1,MIRG
2024-05-09,15600.0,15600.0,15008.5,15323.5,5181.0,MIRG
2024-05-10,15325.0,15745.0,14901.5,15481.5,5535.1,MIRG
2024-05-13,15400.0,15400.0,14800.0,15355.0,4796.0,MIRG
2024-05-14,15300.0,15398.0,15121.0,15337.5,6454.5,MIRG
2024-05-15,15300.0,16100.0,15252.5,16082.0,9629.9,MIRG
2024-05-16,16088.0,16662.0,16088.0,16528.0,10885.5,MIRG
2024-05-17,16594.0,16700.0,15500.0,16274.5,13010.8,MIRG
2024-05-20,16398.0,16454.0,15810.5,16436.0,7109.4,MIRG
2024-05-21,16451.0,16699.5,16300.0,16460.5,5828.8,MIRG
2024-05-22,16500.0,16770.0,16079.0,16272.5,8751.7,MIRG
2024-05-23,16290.0,16699.0,16008.0,16668.5,7513.6,MIRG
2024-05-24,16649.0,16649.0,16253.0,16534.0,2630.8,MIRG
2024-05-27,16300.0,16898.5,15825.0,16630.5,4105.6,MIRG
2024-05-28,16900.0,16990.0,15900.0,16363.0,5331.0,MIRG
2024-05-29,16453.0,17185.0,16107.5,17119.5,13475.6,MIRG
2024-05-30,17160.0,17850.0,17160.0,17741.5,12780.4,MIRG
2024-05-31,17740.0,17949.0,17251.5,17891.0,7080.4,MIRG
2024-06-03,17800.0,18789.5,17800.0,18730.5,12579.6,MIRG
2024-06-04,18715.0,18715.0,17600.0,18369.5,6203.3,MIRG
2024-06-05,18372.5,18545.0,17601.5,18190.0,7671.4,MIRG
2024-06-06,18200.0,18699.0,17501.5,17710.0,4947.2,MIRG
2024-06-07,17710.0,17800.0,17500.0,17748.5,6595.3,MIRG
2024-06-10,17700.0,18500.0,17350.5,18078.0,5884.5,MIRG
2024-06-11,18199.0,18489.5,17820.5,18393.5,3562.7,MIRG
2024-06-12,18796.0,18796.0,17806.5,18758.5,5519.2,MIRG
2024-06-13,19200.0,19999.0,19200.0,19447.5,8316.8,MIRG
2024-06-14,19500.0,19900.0,19410.5,19855.0,5534.7,MIRG
2024-06-18,19900.0,20150.0,19700.0,19972.0,4942.6,MIRG
2024-06-19,19971.0,20499.0,19900.0,20104.0,4722.8,MIRG
2024-06-24,19990.0,19990.0,18805.0,19620.5,5553.5,MIRG
2024-06-25,19300.0,19996.5,19200.0,19390.5,2887.2,MIRG
2024-06-26,19300.0,19797.5,19101.0,19519.5,7978.1,MIRG
2024-06-27,19650.0,20069.5,19200.5,19908.5,9185.7,MIRG
2024-06-28,20550.0,20600.0,19345.0,19824.0,4398.2,MIRG
2024-07-01,19998.0,19998.0,19302.5,19497.0,3902.1,MIRG
2024-07-02,19700.0,20053.0,19505.5,19687.5,2113.6,MIRG
2024-07-03,19999.5,19999.5,19201.5,19424.5,3137.7,MIRG
2024-07-04,19425.0,19750.0,19425.0,19539.5,2157.5,MIRG
2024-07-05,19540.0,19799.5,19240.0,19494.5,4846.9,MIRG
2024-07-08,19500.0,19988.0,19220.5,19876.5,3412.5,MIRG
2024-07-10,19900.0,20075.0,19525.0,20025.0,8177.3,MIRG
2024-07-11,20200.0,21225.0,20200.0,21025.0,14822.0,MIRG
2024-07-12,21225.0,21875.0,20900.0,21850.0,16742.7,MIRG
2024-07-15,21975.0,21975.0,19550.0,19675.0,20420.5,MIRG
2024-07-16,19625.0,20650.0,18500.0,20250.0,3717.2,MIRG
2024-07-17,20300.0,20525.0,19725.0,19975.0,4455.2,MIRG
2024-07-18,20100.0,20275.0,19700.0,20000.0,3989.2,MIRG
2024-07-19,20300.0,20425.0,19700.0,19975.0,4029.2,MIRG
2024-07-22,20300.0,20300.0,19375.0,20025.0,20730.0,MIRG
2024-07-23,19925.0,20500.0,19550.0,20350.0,8729.1,MIRG
2024-07-24,20550.0,20550.0,19600.0,19850.0,5288.9,MIRG
2024-07-25,20575.0,20575.0,19550.0,19800.0,3967.7,MIRG
2024-07-26,19200.0,20000.0,19200.0,19500.0,8103.7,MIRG
2024-07-29,19900.0,20175.0,18600.0,18850.0,11379.5,MIRG
2024-07-30,18800.0,19200.0,17875.0,18025.0,5295.7,MIRG
2024-07-31,18025.0,19200.0,18025.0,18500.0,4886.8,MIRG
2024-08-01,18500.0,19100.0,17750.0,18550.0,4977.7,MIRG
2024-08-02,18525.0,18525.0,17550.0,18225.0,1574.1,MIRG
2024-08-05,17600.0,18200.0,16700.0,17800.0,4019.8,MIRG
2024-08-06,17825.0,18575.0,17800.0,18150.0,5669.7,MIRG
2024-08-07,18400.0,18500.0,17525.0,18325.0,2461.7,MIRG
2024-08-08,19100.0,19275.0,18425.0,19025.0,5552.1,MIRG
2024-08-09,19200.0,19500.0,18875.0,19150.0,4250.2,MIRG
2024-08-12,19575.0,19575.0,18750.0,18850.0,5929.9,MIRG
2024-08-13,18800.0,19600.0,18375.0,19525.0,7201.2,MIRG
2024-08-14,18875.0,19875.0,18850.0,19525.0,2629.0,MIRG
2024-08-15,19550.0,19600.0,18850.0,19150.0,5691.8,MIRG
2024-08-16,19500.0,19500.0,18925.0,19200.0,3872.6,MIRG
2024-08-19,19500.0,19500.0,18900.0,19050.0,3616.6,MIRG
2024-08-20,19050.0,19150.0,18800.0,19075.0,3401.8,MIRG
2024-08-21,18875.0,19450.0,18875.0,19400.0,4440.2,MIRG
2024-08-22,19425.0,19425.0,18800.0,19025.0,6427.4,MIRG
2024-08-23,19100.0,19450.0,18775.0,19000.0,18765.9,MIRG
2024-08-26,19400.0,19400.0,18850.0,19075.0,11053.0,MIRG
2024-08-27,19100.0,19325.0,18900.0,19175.0,2127.3,MIRG
2024-08-28,19250.0,19250.0,19025.0,19125.0,2952.4,MIRG
2024-08-29,19025.0,19375.0,19025.0,19225.0,6246.7,MIRG
2024-08-30,19450.0,19925.0,19225.0,19800.0,12464.8,MIRG
2024-09-02,19800.0,20150.0,19750.0,20125.0,4496.0,MIRG
2024-09-03,20150.0,20275.0,19525.0,20075.0,3474.9,MIRG
2024-09-04,20325.0,20800.0,19925.0,20700.0,6343.9,MIRG
2024-09-05,20800.0,21100.0,20500.0,20875.0,6357.5,MIRG
2024-09-06,20900.0,21300.0,20800.0,21175.0,5074.9,MIRG
2024-09-09,21175.0,21375.0,20450.0,21325.0,4786.2,MIRG
2024-09-10,21300.0,21300.0,20700.0,21100.0,3551.9,MIRG
2024-09-11,20575.0,21400.0,20575.0,21300.0,6229.2,MIRG
2024-09-12,21375.0,21975.0,21000.0,21400.0,4689.9,MIRG
2024-09-13,21500.0,21500.0,20500.0,21425.0,1417.8,MIRG
2024-09-16,21500.0,22475.0,21275.0,22325.0,5515.9,MIRG
2024-09-17,22450.0,22450.0,21525.0,21925.0,2258.8,MIRG
2024-09-18,22050.0,22050.0,20800.0,21400.0,6255.3,MIRG
2024-09-19,21225.0,21900.0,21225.0,21500.0,2790.4,MIRG
2024-09-20,21575.0,21875.0,20975.0,21150.0,2127.4,MIRG
2024-09-23,20800.0,21300.0,20225.0,20500.0,2768.1,MIRG
2024-09-24,20125.0,20775.0,20050.0,20250.0,3585.8,MIRG
2024-09-25,20250.0,20900.0,20000.0,20600.0,4077.1,MIRG
2024-09-26,20725.0,20875.0,20025.0,20425.0,3641.5,MIRG
2024-09-27,20375.0,20900.0,20100.0,20425.0,8185.5,MIRG
2024-09-30,20275.0,20800.0,20175.0,20275.0,1216.5,MIRG
2024-10-01,20350.0,20900.0,19400.0,20750.0,4503.0,MIRG
2024-10-02,20875.0,20875.0,20200.0,20725.0,4096.7,MIRG
2024-10-03,20725.0,20925.0,20200.0,20875.0,4016.9,MIRG
2024-10-04,20975.0,21550.0,20500.0,20850.0,3543.4,MIRG
2024-10-07,20025.0,20975.0,20025.0,20750.0,5919.8,MIRG
2024-10-08,20300.0,20975.0,20300.0,20550.0,1712.4,MIRG
2024-10-09,20550.0,21275.0,19625.0,21025.0,3849.5,MIRG
2024-10-10,21075.0,21475.0,20025.0,21275.0,3903.7,MIRG
2024-10-14,21700.0,21775.0,20425.0,21350.0,2311.7,MIRG
2024-10-15,20500.0,22000.0,20425.0,21800.0,5738.6,MIRG
2024-10-16,22175.0,22225.0,21700.0,21950.0,7534.8,MIRG
2024-10-17,22275.0,22275.0,21850.0,22150.0,5452.9,MIRG
2024-10-18,22100.0,22875.0,22100.0,22825.0,4963.7,MIRG
2024-10-21,22825.0,23475.0,22100.0,22600.0,5872.8,MIRG
2024-10-22,22600.0,22900.0,21525.0,21900.0,6281.0,MIRG
2024-10-23,22050.0,22050.0,21350.0,21725.0,6393.1,MIRG
2024-10-24,21825.0,22400.0,20975.0,22075.0,4026.1,MIRG
2024-10-25,21575.0,22400.0,21575.0,22225.0,2730.8,MIRG
2024-10-28,21925.0,22450.0,21900.0,22300.0,2544.8,MIRG
2024-10-29,22025.0,22800.0,22000.0,22700.0,5251.2,MIRG
2024-10-30,23000.0,23475.0,22500.0,23150.0,7540.9,MIRG
2024-10-31,23500.0,24000.0,22225.0,23250.0,4340.4,MIRG
2024-11-01,24000.0,24100.0,23000.0,23575.0,7315.0,MIRG
2024-11-04,23025.0,23800.0,22750.0,23175.0,7724.1,MIRG
2024-11-05,22675.0,23500.0,22675.0,23400.0,3327.6,MIRG
2024-11-06,24175.0,24175.0,23025.0,23700.0,3222.9,MIRG
2024-11-07,24200.0,24225.0,23150.0,23650.0,3240.8,MIRG
2024-11-08,23700.0,23700.0,22250.0,23375.0,5103.5,MIRG
2024-11-11,23425.0,23700.0,22925.0,23625.0,3218.6,MIRG
2024-11-12,23700.0,23800.0,23200.0,23750.0,4481.3,MIRG
2024-11-13,23700.0,23800.0,23300.0,23750.0,5275.4,MIRG
2024-11-14,23750.0,24150.0,23475.0,24025.0,7720.5,MIRG
2024-11-15,24000.0,24350.0,23650.0,23875.0,7035.1,MIRG
2024-11-19,24000.0,24100.0,23025.0,23975.0,8159.5,MIRG
2024-11-20,23800.0,24975.0,23525.0,24300.0,12021.4,MIRG
2024-11-21,24500.0,24900.0,24400.0,24675.0,8110.6,MIRG
2024-11-22,24700.0,25400.0,23775.0,25325.0,9234.0,MIRG
2024-11-25,25300.0,27000.0,25300.0,26900.0,19016.2,MIRG
2024-11-26,27500.0,27600.0,27000.0,27550.0,13649.5,MIRG
2024-11-27,27875.0,27900.0,26250.0,26800.0,10014.2,MIRG
2024-11-28,26975.0,27200.0,26025.0,26950.0,9609.9,MIRG
2024-11-29,26975.0,27300.0,26525.0,27200.0,5392.2,MIRG
2024-12-02,27500.0,27875.0,26025.0,27200.0,7951.5,MIRG
2024-12-03,27250.0,27725.0,26600.0,26925.0,10234.2,MIRG
2024-12-04,26925.0,27300.0,26275.0,26650.0,8855.4,MIRG
2024-12-05,26650.0,26975.0,26300.0,26825.0,5062.6,MIRG
2024-12-06,27175.0,27675.0,26475.0,26975.0,4864.8,MIRG
2024-12-09,27300.0,27300.0,26250.0,26800.0,3896.5,MIRG
2024-12-10,27475.0,27475.0,26525.0,26700.0,3657.5,MIRG
2024-12-11,26800.0,26800.0,26050.0,26775.0,6855.0,MIRG
2024-12-12,26775.0,27400.0,26375.0,26600.0,3634.3,MIRG
2024-12-13,26600.0,27150.0,26300.0,26500.0,10531.4,MIRG
2024-12-16,26600.0,26900.0,26425.0,26750.0,10788.4,MIRG
2024-12-17,26875.0,27500.0,25900.0,27050.0,14135.9,MIRG
2024-12-18,27400.0,27500.0,26225.0,26250.0,16740.0,MIRG
2024-12-19,26000.0,26925.0,25100.0,25525.0,30449.3,MIRG
2024-12-20,25525.0,26225.0,25100.0,26175.0,8138.7,MIRG
2024-12-23,26500.0,26500.0,25100.0,26200.0,6799.8,MIRG
2024-12-24,25600.0,26400.0,25600.0,25950.0,3495.8,MIRG
2024-12-26,26050.0,26300.0,25925.0,26200.0,8737.0,MIRG
2024-12-27,26200.0,26250.0,25725.0,26025.0,4639.4,MIRG
2024-12-30,26325.0,26475.0,25650.0,26075.0,4732.8,MIRG
2025-01-02,26050.0,26900.0,25675.0,26575.0,4702.4,MIRG
2025-01-03,26575.0,27475.0,26100.0,26675.0,7462.8,MIRG
2025-01-06,27075.0,27075.0,26275.0,26775.0,6049.7,MIRG
2025-01-07,27000.0,27000.0,26350.0,26850.0,5631.8,MIRG
2025-01-08,26200.0,27000.0,26100.0,26875.0,16326.6,MIRG
2025-01-09,27000.0,27475.0,26150.0,27275.0,5781.3,MIRG
2025-01-10,27500.0,27500.0,27000.0,27375.0,4212.5,MIRG
2025-01-13,27500.0,27500.0,26550.0,27150.0,5170.5,MIRG
2025-01-14,27000.0,27650.0,26525.0,27225.0,5901.9,MIRG
2025-01-15,27600.0,27725.0,26200.0,27425.0,5550.5,MIRG
2025-01-16,27500.0,27500.0,26500.0,27075.0,3081.0,MIRG
2025-01-17,27200.0,27200.0,25125.0,26150.0,5689.2,MIRG
2025-01-20,26250.0,27050.0,25150.0,26750.0,4778.0,MIRG
2025-01-21,26700.0,27300.0,26000.0,27275.0,5921.7,MIRG
2025-01-22,27275.0,27750.0,26700.0,27400.0,3787.4,MIRG
2025-01-23,27550.0,27550.0,26525.0,27375.0,3396.9,MIRG
2025-01-24,27425.0,27575.0,26525.0,27050.0,4547.0,MIRG
2025-01-27,27000.0,27000.0,25525.0,26050.0,4295.3,MIRG
2025-01-28,26800.0,27125.0,25600.0,26425.0,5700.3,MIRG
2025-01-29,25925.0,26950.0,25900.0,26475.0,2872.7,MIRG
2025-01-30,26550.0,27625.0,26300.0,27325.0,8944.6,MIRG
2025-01-31,27700.0,27800.0,26675.0,27150.0,7386.6,MIRG
2025-02-03,27600.0,27600.0,26350.0,27300.0,4231.7,MIRG
2025-02-04,26300.0,27600.0,26300.0,27050.0,3439.3,MIRG
2025-02-05,27300.0,27300.0,26200.0,26750.0,18466.3,MIRG
2025-02-06,26800.0,27375.0,26375.0,26500.0,5272.7,MIRG
2025-02-07,26650.0,27000.0,26050.0,26350.0,1801.1,MIRG
2025-02-10,26300.0,27100.0,25525.0,26175.0,5068.0,MIRG
2025-02-11,26650.0,26725.0,24550.0,25150.0,4409.6,MIRG
2025-02-12,24600.0,25400.0,24025.0,25000.0,5952.1,MIRG
2025-02-13,24550.0,25850.0,24550.0,25025.0,3791.0,MIRG
2025-02-14,25150.0,25900.0,24775.0,25525.0,3334.2,MIRG
2025-02-17,25375.0,25375.0,24150.0,24875.0,3078.2,MIRG
2025-02-18,24875.0,25300.0,24200.0,25125.0,4693.4,MIRG
2025-02-19,25025.0,25400.0,24725.0,25050.0,2686.7,MIRG
2025-02-20,25100.0,25475.0,24550.0,25125.0,1617.6,MIRG
2025-02-21,25300.0,25875.0,24300.0,24525.0,3534.8,MIRG
2025-02-24,24550.0,25175.0,24325.0,24875.0,3595.7,MIRG
2025-02-25,24400.0,25200.0,24350.0,24825.0,5219.6,MIRG
2025-02-26,24425.0,24875.0,24425.0,24700.0,7208.6,MIRG
2025-02-27,24500.0,24800.0,23825.0,24000.0,3009.0,MIRG
2025-02-28,24500.0,24500.0,22600.0,23850.0,1699.6,MIRG
2025-03-05,23850.0,23975.0,23225.0,23725.0,2730.6,MIRG
2025-03-06,23550.0,24200.0,22700.0,23425.0,2800.9,MIRG
2025-03-07,23450.0,24075.0,22925.0,23725.0,1736.7,MIRG
2025-03-10,22750.0,23675.0,21600.0,22825.0,3317.7,MIRG
2025-03-11,23000.0,23975.0,22700.0,23075.0,7390.1,MIRG
2025-03-12,23150.0,24500.0,23150.0,24500.0,4619.2,MIRG
2025-03-13,25000.0,26300.0,25000.0,25975.0,13581.3,MIRG
2025-03-14,26475.0,27675.0,26075.0,27600.0,12146.3,MIRG
2025-03-17,28275.0,29500.0,26200.0,27425.0,9203.3,MIRG
2025-03-18,27400.0,27400.0,26525.0,27050.0,3157.9,MIRG
2025-03-19,27050.0,28000.0,25500.0,27200.0,4120.0,MIRG
2025-03-20,26625.0,27575.0,26025.0,26600.0,6365.0,MIRG
2025-03-21,26000.0,26700.0,26000.0,26175.0,7652.0,MIRG
2025-03-25,26175.0,26875.0,25625.0,26375.0,3764.7,MIRG
2025-03-26,26475.0,26950.0,25150.0,25325.0,10457.9,MIRG
2025-03-27,25350.0,25500.0,24700.0,25000.0,9278.0,MIRG
2025-03-28,25000.0,25475.0,23625.0,24050.0,10214.3,MIRG
2025-03-31,24050.0,24400.0,22900.0,24000.0,6473.1,MIRG
2025-04-01,24425.0,24425.0,23025.0,23575.0,25290.6,MIRG
2025-04-03,23500.0,25000.0,22775.0,24600.0,7384.6,MIRG
2025-04-04,24700.0,24700.0,22450.0,23300.0,7251.0,MIRG
2025-04-07,22750.0,23250.0,21850.0,22675.0,5318.9,MIRG
2025-04-08,23000.0,24000.0,21700.0,22050.0,7059.9,MIRG
2025-04-09,22200.0,23425.0,21025.0,23225.0,4817.3,MIRG
2025-04-10,23350.0,23575.0,21250.0,21975.0,4049.7,MIRG
2025-04-11,22725.0,23500.0,22200.0,22950.0,7545.4,MIRG
2025-04-14,24000.0,24800.0,22375.0,23550.0,4473.5,MIRG
2025-04-15,23750.0,24100.0,22000.0,23275.0,4087.8,MIRG
2025-04-16,23025.0,23875.0,22525.0,22850.0,3462.0,MIRG
2025-04-21,22450.0,22475.0,21125.0,21550.0,6207.5,MIRG
2025-04-22,22500.0,22500.0,21600.0,22125.0,13560.4,MIRG
2025-04-23,22825.0,23375.0,22350.0,23100.0,14828.9,MIRG
2025-04-24,23500.0,24400.0,23150.0,23425.0,3676.4,MIRG
2025-04-25,23400.0,23850.0,22500.0,23625.0,2988.3,MIRG
2025-04-28,23650.0,23650.0,22550.0,23500.0,1434.7,MIRG
2025-04-29,22725.0,23850.0,22725.0,23675.0,2796.1,MIRG
2025-04-30,23500.0,24400.0,23275.0,24200.0,5344.9,MIRG
2025-05-05,24400.0,25450.0,24400.0,25050.0,4769.4,MIRG
2025-05-06,24500.0,25975.0,24400.0,25650.0,9050.7,MIRG
2025-05-07,24600.0,26425.0,24600.0,25725.0,3687.3,MIRG
2025-05-08,26000.0,26225.0,25050.0,25625.0,3086.3,MIRG
2025-05-09,25650.0,25975.0,25050.0,25400.0,4426.4,MIRG
2025-05-12,26000.0,26000.0,24875.0,25375.0,11305.7,MIRG
2025-05-13,25375.0,25500.0,23900.0,24450.0,22607.6,MIRG
2025-05-14,24450.0,25600.0,23225.0,25175.0,22207.9,MIRG
2025-05-15,25425.0,25425.0,24050.0,24500.0,9734.8,MIRG
2025-05-16,24425.0,24875.0,23675.0,24675.0,7533.0,MIRG
2025-05-19,24550.0,25450.0,24275.0,24575.0,5127.3,MIRG
2025-05-20,24575.0,24675.0,24050.0,24225.0,3737.4,MIRG
2025-05-21,23750.0,24225.0,22825.0,23075.0,21616.6,MIRG
2025-05-22,22825.0,23300.0,22550.0,22900.0,17152.8,MIRG
2025-05-23,22400.0,23700.0,22400.0,23425.0,11686.5,MIRG
2025-05-26,23000.0,23400.0,23000.0,23300.0,4566.5,MIRG
2025-05-27,23025.0,23300.0,22750.0,23100.0,4941.0,MIRG
2025-05-28,22700.0,23175.0,22250.0,23000.0,3425.4,MIRG
2025-05-29,22725.0,23325.0,22600.0,22800.0,2327.9,MIRG
2025-05-30,22350.0,23000.0,22325.0,22900.0,3095.8,MIRG
2025-06-02,23000.0,23325.0,22525.0,22825.0,3706.8,MIRG
2025-06-03,22750.0,22975.0,22275.0,22375.0,5958.3,MIRG
2025-06-04,22300.0,22300.0,21050.0,21175.0,9870.3,MIRG
2025-06-05,21250.0,21475.0,20325.0,20525.0,8528.5,MIRG
2025-06-06,20800.0,20800.0,20425.0,20600.0,11845.3,MIRG
2025-06-09,20600.0,20975.0,20000.0,20625.0,10423.8,MIRG
2025-06-10,20750.0,21275.0,20200.0,21200.0,6501.5,MIRG
2025-06-11,21800.0,21800.0,21025.0,21100.0,3929.1,MIRG
2025-06-12,20825.0,21275.0,20550.0,20700.0,3439.3,MIRG
2025-06-13,20400.0,21775.0,19500.0,21375.0,17060.2,MIRG
2025-06-17,21500.0,21600.0,20425.0,21425.0,3314.8,MIRG
2025-06-18,21750.0,22850.0,20575.0,20900.0,5741.8,MIRG
2025-06-19,20900.0,21300.0,20475.0,21200.0,2170.6,MIRG
2025-06-23,20500.0,20875.0,19700.0,20750.0,5693.5,MIRG
2025-06-24,20625.0,21875.0,20375.0,21625.0,3642.7,MIRG
2025-06-25,21625.0,22475.0,21300.0,21675.0,6330.8,MIRG
2025-06-26,21675.0,22000.0,21150.0,21400.0,3544.7,MIRG
2025-06-27,21025.0,21475.0,20925.0,21150.0,2731.5,MIRG
2025-06-30,21150.0,21150.0,20000.0,20500.0,4591.1,MIRG
2025-07-01,20525.0,20925.0,20125.0,20550.0,2028.9,MIRG
2025-07-02,20550.0,20900.0,20325.0,20800.0,2759.2,MIRG
2025-07-03,21250.0,21250.0,20200.0,20950.0,2305.0,MIRG
2025-07-04,21225.0,21225.0,20300.0,21000.0,2581.4,MIRG
2025-07-07,21000.0,21450.0,20600.0,21150.0,3499.3,MIRG
2025-07-08,21200.0,21700.0,20425.0,21550.0,2590.0,MIRG
2025-07-10,21650.0,21650.0,20600.0,21050.0,2861.3,MIRG
2025-07-11,20600.0,21475.0,20600.0,20925.0,2943.5,MIRG
2025-07-14,21300.0,21300.0,20875.0,21150.0,3337.9,MIRG
2025-07-15,21200.0,21875.0,20825.0,21350.0,4280.7,MIRG
2025-07-16,21400.0,21925.0,21100.0,21750.0,8274.9,MIRG
2025-07-17,21750.0,22400.0,21475.0,22150.0,2392.9,MIRG
2025-07-18,22725.0,22725.0,21650.0,21775.0,4238.6,MIRG
2025-07-21,21975.0,21975.0,21025.0,21325.0,3675.0,MIRG
2025-07-22,21650.0,21650.0,21125.0,21525.0,3633.8,MIRG
2025-07-23,21775.0,22700.0,21400.0,22475.0,5440.8,MIRG
2025-07-24,22675.0,23750.0,22000.0,22400.0,3997.7,MIRG
2025-07-25,22500.0,23175.0,21650.0,22800.0,18838.1,MIRG
2025-07-28,22700.0,23175.0,22550.0,23050.0,2812.2,MIRG
2025-07-29,23150.0,23500.0,22575.0,23300.0,5769.5,MIRG
2025-07-30,23000.0,23750.0,22625.0,23375.0,3598.9,MIRG
2025-07-31,23800.0,23800.0,22950.0,23450.0,3352.2,MIRG
2025-08-01,23450.0,23850.0,22625.0,23350.0,1885.2,MIRG
2025-08-04,23875.0,24425.0,22825.0,24275.0,12335.8,MIRG
2025-08-05,23925.0,24325.0,23925.0,24275.0,2049.0,MIRG
2025-08-06,24300.0,24900.0,24175.0,24800.0,5235.0,MIRG
2025-08-07,25000.0,25300.0,24325.0,24450.0,4458.0,MIRG
2025-08-08,24325.0,24650.0,23700.0,24200.0,3590.4,MIRG
2025-08-11,24000.0,24650.0,23450.0,23750.0,2410.5,MIRG
2025-08-12,23475.0,24200.0,22800.0,23025.0,13080.1,MIRG
2025-08-13,23600.0,23600.0,22150.0,22425.0,5669.9,MIRG
2025-08-14,22450.0,22450.0,21325.0,21625.0,2982.6,MIRG
2025-08-18,21800.0,21850.0,20850.0,21000.0,5725.1,MIRG
2025-08-19,21050.0,21325.0,20600.0,20775.0,3340.3,MIRG
2025-08-20,20800.0,20925.0,20150.0,20475.0,2808.2,MIRG
2025-08-21,20250.0,20925.0,20025.0,20625.0,2704.2,MIRG
2025-08-22,20725.0,21200.0,20225.0,20600.0,5798.9,MIRG
2025-08-25,20625.0,20725.0,19175.0,19650.0,8707.3,MIRG
2025-08-26,19850.0,20050.0,19125.0,19525.0,12287.1,MIRG
2025-08-27,19450.0,19725.0,18500.0,18875.0,6886.2,MIRG
2025-08-28,19275.0,19500.0,18550.0,19125.0,6613.3,MIRG
2025-08-29,19500.0,19500.0,18450.0,18625.0,3257.5,MIRG
2025-09-01,18225.0,18975.0,17800.0,18250.0,6337.2,MIRG
2025-09-02,18300.0,18375.0,17575.0,18175.0,8735.4,MIRG
2025-09-03,18575.0,18600.0,17600.0,17800.0,9989.9,MIRG
2025-09-04,17800.0,18300.0,17350.0,17825.0,16662.9,MIRG
2025-09-05,18175.0,18175.0,17425.0,17725.0,2554.1,MIRG
2025-09-08,16500.0,17175.0,15100.0,16475.0,11560.4,MIRG
2025-09-09,16775.0,17900.0,15900.0,17025.0,12835.6,MIRG
2025-09-10,17600.0,18400.0,17000.0,18025.0,5287.7,MIRG
2025-09-11,18000.0,18600.0,17050.0,17725.0,4731.5,MIRG
2025-09-12,18275.0,18275.0,16550.0,16925.0,6835.0,MIRG
2025-09-15,16500.0,17075.0,16300.0,16975.0,5778.5,MIRG
2025-09-16,17450.0,17900.0,17000.0,17300.0,5849.8,MIRG
2025-09-17,17425.0,17700.0,16700.0,17050.0,3614.4,MIRG
2025-09-18,16725.0,16950.0,15725.0,15900.0,8840.9,MIRG
2025-09-19,15700.0,16500.0,14950.0,16000.0,4395.6,MIRG
2025-09-22,16000.0,17200.0,16000.0,16875.0,3747.7,MIRG
2025-09-23,16975.0,17500.0,16450.0,16950.0,5408.0,MIRG
2025-09-24,17500.0,17800.0,16825.0,17400.0,8096.1,MIRG
2025-09-25,17250.0,17400.0,16125.0,16300.0,3781.2,MIRG
2025-09-26,17000.0,17000.0,15225.0,16150.0,3835.5,MIRG
2025-09-29,16325.0,16325.0,15500.0,15575.0,3131.0,MIRG
2025-09-30,15600.0,15600.0,14925.0,15050.0,4981.7,MIRG
2025-10-01,15300.0,15400.0,14600.0,15250.0,3911.9,MIRG
2025-10-02,14975.0,15625.0,14950.0,15250.0,4424.3,MIRG
2025-10-03,15250.0,15775.0,14700.0,15650.0,11632.1,MIRG
2025-10-06,15475.0,15850.0,15100.0,15475.0,2732.6,MIRG
2025-10-07,15525.0,15700.0,15100.0,15425.0,7880.6,MIRG
2025-10-08,15175.0,15600.0,14925.0,15475.0,5667.0,MIRG
2025-10-09,15600.0,16850.0,15025.0,16775.0,7696.2,MIRG
2025-10-13,16850.0,17350.0,16125.0,16525.0,9401.9,MIRG
2025-10-14,16800.0,16825.0,15500.0,15775.0,5751.6,MIRG
2025-10-15,15825.0,16400.0,15350.0,15775.0,16144.2,MIRG
2025-10-16,15750.0,15825.0,15425.0,15525.0,1637.3,MIRG
2025-10-17,15400.0,15925.0,15275.0,15675.0,1551.6,MIRG
2025-10-20,15475.0,16100.0,15250.0,15675.0,3164.6,MIRG
2025-10-21,15100.0,15925.0,15100.0,15700.0,5070.8,MIRG
2025-10-22,15925.0,15950.0,15200.0,15525.0,9934.7,MIRG
2025-10-23,15100.0,16150.0,15100.0,15700.0,7976.8,MIRG
2025-10-24,16075.0,16300.0,15200.0,15600.0,6655.6,MIRG
2025-10-27,16500.0,19400.0,16500.0,18025.0,14556.1,MIRG
2025-10-28,17500.0,19475.0,17300.0,19175.0,9291.9,MIRG
2025-10-29,19800.0,20750.0,18800.0,20400.0,26773.6,MIRG
2025-10-30,21150.0,21800.0,19850.0,21150.0,18887.6,MIRG
2025-10-31,21125.0,24000.0,20200.0,23075.0,44136.9,MIRG
2025-11-03,23000.0,23950.0,22150.0,22700.0,16717.8,MIRG
2025-11-04,22575.0,22575.0,21400.0,22025.0,21793.1,MIRG
2025-11-05,22150.0,22350.0,21500.0,21800.0,11678.1,MIRG
2025-11-06,22200.0,22200.0,21525.0,21700.0,5645.3,MIRG
2025-11-07,21250.0,21875.0,21000.0,21525.0,8740.6,MIRG
2025-11-10,21950.0,22275.0,21250.0,21750.0,5807.1,MIRG
2025-11-11,22000.0,23400.0,21750.0,23050.0,13389.0,MIRG
2025-11-12,23100.0,23600.0,22500.0,23050.0,7332.2,MIRG
2025-11-13,22700.0,23350.0,22150.0,22600.0,8159.3,MIRG
2025-11-14,23350.0,23400.0,22050.0,23300.0,10423.2,MIRG
2025-11-17,23450.0,23650.0,22750.0,23575.0,4680.6,MIRG
2025-11-18,23775.0,23775.0,23125.0,23425.0,3843.1,MIRG
2025-11-19,23400.0,23800.0,23000.0,23700.0,8733.3,MIRG
2025-11-20,23700.0,24300.0,23150.0,23875.0,10656.6,MIRG
2025-11-21,23500.0,24000.0,23300.0,23950.0,2483.6,MIRG
2025-11-25,24000.0,24925.0,23700.0,24725.0,5438.6,MIRG
2025-11-26,25000.0,25800.0,24475.0,25600.0,10506.8,MIRG
2025-11-27,26000.0,26350.0,25300.0,26250.0,6535.9,MIRG
2025-11-28,25850.0,26650.0,25800.0,26200.0,8649.1,MIRG
2025-12-01,26900.0,27050.0,25600.0,26650.0,4553.7,MIRG
2025-12-02,26500.0,27100.0,26000.0,26650.0,7448.7,MIRG
2025-12-03,26500.0,26900.0,25950.0,26700.0,6611.1,MIRG
2025-12-04,27000.0,27000.0,25600.0,26800.0,9750.9,MIRG
2025-12-05,26700.0,27250.0,25900.0,27050.0,3722.4,MIRG
2025-12-09,26350.0,27000.0,26000.0,26450.0,3677.9,MIRG
2025-12-10,25900.0,26800.0,25900.0,26650.0,3261.8,MIRG
2025-12-11,26950.0,26950.0,26050.0,26300.0,2417.3,MIRG
2025-12-12,25900.0,26300.0,25550.0,26000.0,2989.7,MIRG
2025-12-15,26000.0,26650.0,25400.0,26550.0,4363.3,MIRG
2025-12-16,27000.0,27550.0,25750.0,27200.0,8359.4,MIRG
2025-12-17,26950.0,27600.0,26950.0,27450.0,5375.6,MIRG
2025-12-18,27350.0,27800.0,26800.0,27600.0,6236.1,MIRG
2025-12-19,28000.0,28000.0,27050.0,27600.0,5024.2,MIRG
2025-12-22,27700.0,27950.0,27050.0,27700.0,3702.1,MIRG
2025-12-23,27700.0,27900.0,27150.0,27650.0,2868.9,MIRG
2025-12-24,27850.0,27900.0,26750.0,27600.0,824.2,MIRG
2025-12-26,28200.0,28250.0,27250.0,27500.0,2634.4,MIRG
2025-12-29,27650.0,27650.0,26900.0,27350.0,2769.9,MIRG
2025-12-30,26900.0,27500.0,26600.0,27300.0,3731.9,MIRG
2026-01-02,27900.0,27900.0,26700.0,27000.0,1069.9,MIRG
2026-01-05,27000.0,27650.0,26000.0,26750.0,2668.6,MIRG
2026-01-06,26900.0,26950.0,25700.0,25950.0,5417.5,MIRG
2026-01-07,26000.0,26100.0,24200.0,24700.0,5290.0,MIRG
2026-01-08,25150.0,25150.0,24175.0,24525.0,4344.9,MIRG
2026-01-09,25000.0,25000.0,23800.0,24175.0,12237.4,MIRG
2026-01-12,24275.0,24400.0,23400.0,23650.0,5586.7,MIRG
2026-01-13,23800.0,23925.0,23125.0,23350.0,7295.2,MIRG
2026-01-14,23500.0,24575.0,22150.0,22275.0,4699.7,MIRG
2026-01-15,22275.0,22800.0,21700.0,22300.0,4079.1,MIRG
2026-01-16,22350.0,22925.0,22000.0,22675.0,6130.2,MIRG
2026-01-19,23000.0,23000.0,22000.0,22350.0,1118.4,MIRG
2026-01-20,21925.0,22300.0,21500.0,21650.0,8923.8,MIRG
2026-01-21,21900.0,22550.0,21650.0,22300.0,8395.7,MIRG
2026-01-22,22600.0,23075.0,22000.0,22325.0,17011.4,MIRG
2026-01-23,22775.0,22925.0,22000.0,22225.0,8057.9,MIRG
2026-01-26,22600.0,22750.0,21925.0,22575.0,9315.8,MIRG
2026-01-27,22650.0,22900.0,22450.0,22575.0,8045.2,MIRG
2026-01-28,22700.0,23300.0,22350.0,22675.0,10962.3,MIRG
2026-01-29,22425.0,23200.0,22325.0,22825.0,5489.6,MIRG
2026-01-30,23200.0,23200.0,22450.0,22550.0,5163.9,MIRG
2026-02-02,22225.0,22500.0,21625.0,21650.0,5385.9,MIRG
2026-02-03,21650.0,21900.0,21000.0,21150.0,5922.1,MIRG
2026-02-04,21375.0,21650.0,20825.0,21275.0,5445.0,MIRG
2026-02-05,20600.0,21175.0,20450.0,20575.0,8075.9,MIRG
2026-02-06,20600.0,20975.0,19800.0,20900.0,3526.1,MIRG
2026-02-09,21100.0,21425.0,20625.0,20875.0,1448.6,MIRG
2026-02-10,20875.0,21825.0,20675.0,21500.0,2790.8,MIRG
2026-02-11,21400.0,21475.0,20900.0,21300.0,2541.3,MIRG
2026-02-12,21375.0,21375.0,20200.0,20900.0,3193.6,MIRG
2026-02-13,21500.0,21500.0,20400.0,20850.0,1680.7,MIRG
2026-02-18,21050.0,21050.0,20025.0,20575.0,3599.3,MIRG
2026-02-19,20500.0,20700.0,19900.0,20500.0,3519.3,MIRG
2026-02-20,20500.0,20975.0,20500.0,20675.0,2521.8,MIRG
2026-02-23,20075.0,20875.0,19700.0,19825.0,4290.7,MIRG
2026-02-24,20000.0,20000.0,18925.0,19550.0,3095.0,MIRG
2026-02-25,19175.0,19900.0,18600.0,19425.0,2855.6,MIRG
2026-02-26,19500.0,19500.0,19125.0,19400.0,2564.2,MIRG
2026-02-27,19450.0,19750.0,19200.0,19325.0,4469.5,MIRG
2026-03-02,18950.0,19725.0,18600.0,18950.0,4625.9,MIRG
2026-03-03,19000.0,19500.0,17950.0,18300.0,11494.5,MIRG
2026-03-04,18950.0,18950.0,18000.0,18550.0,10223.8,MIRG
2026-03-05,18825.0,18825.0,17975.0,18150.0,5537.3,MIRG
2026-03-06,18150.0,18725.0,17800.0,18250.0,6320.5,MIRG
2026-03-09,17925.0,18675.0,17650.0,17850.0,6576.0,MIRG
2026-03-10,17650.0,19300.0,17625.0,18450.0,11716.2,MIRG
2026-03-11,18525.0,19950.0,18525.0,19225.0,4355.2,MIRG
2026-03-12,19300.0,19600.0,18950.0,19200.0,2237.8,MIRG
2026-03-13,19475.0,19475.0,18125.0,18425.0,10668.5,MIRG
2026-03-16,18350.0,19175.0,18000.0,18450.0,3999.2,MIRG
2026-03-17,19000.0,19125.0,18775.0,18950.0,3063.9,MIRG
2026-03-18,18850.0,18850.0,18600.0,18800.0,4599.0,MIRG
2026-03-19,18575.0,19200.0,18200.0,18575.0,3476.8,MIRG
2026-03-20,18650.0,18700.0,18150.0,18600.0,2966.9,MIRG
2026-03-23,18600.0,18875.0,18300.0,18625.0,311.4,MIRG
2026-03-25,18675.0,18700.0,18150.0,18450.0,4640.7,MIRG
2026-03-26,18200.0,18450.0,17850.0,18275.0,4388.2,MIRG
2026-03-27,18025.0,18325.0,17925.0,18150.0,5350.6,MIRG
2026-03-30,17925.0,18900.0,17600.0,18350.0,4658.5,MIRG
2026-03-31,18100.0,18475.0,17875.0,18375.0,9768.0,MIRG
2026-04-01,18500.0,18750.0,18100.0,18650.0,10366.0,MIRG
2026-04-06,18975.0,18975.0,18300.0,18675.0,3819.5,MIRG
2026-04-07,18525.0,18850.0,18325.0,18675.0,4632.4,MIRG
2026-04-08,19200.0,19200.0,18675.0,18775.0,2629.0,MIRG
2026-04-09,18800.0,18800.0,18200.0,18675.0,2823.7,MIRG
2026-04-10,18425.0,19000.0,18200.0,18600.0,3571.6,MIRG
2026-04-13,18575.0,18600.0,18000.0,18300.0,4718.0,MIRG
2026-04-14,18075.0,18475.0,18000.0,18275.0,5035.5,MIRG
2026-04-15,18625.0,18625.0,18025.0,18450.0,1432.0,MIRG
2026-04-16,18500.0,18900.0,18100.0,18250.0,2293.8,MIRG
2026-04-17,18150.0,18950.0,18000.0,18125.0,2972.0,MIRG
2026-04-20,18150.0,18475.0,17675.0,18325.0,4954.7,MIRG
2026-04-21,17900.0,18400.0,17825.0,18150.0,2592.6,MIRG
2026-04-22,18050.0,18775.0,17925.0,18500.0,4770.0,MIRG
2026-04-23,18100.0,18400.0,17775.0,18275.0,2977.4,MIRG
2026-04-24,18450.0,19475.0,18100.0,18800.0,17340.0,MIRG
2026-04-27,19300.0,19300.0,18900.0,19175.0,5512.0,MIRG
2026-04-28,19450.0,19450.0,18925.0,19175.0,1589.3,MIRG
2026-04-29,19500.0,19500.0,18800.0,19075.0,1781.1,MIRG
2026-04-30,18825.0,19475.0,18525.0,19150.0,1340.5,MIRG
2026-05-04,18700.0,18950.0,18300.0,18500.0,1627.9,MIRG
2026-05-05,18275.0,18700.0,18025.0,18225.0,1949.4,MIRG
