date,open,high,low,close,volume,ticker
2018-01-02,50.0,51.6,49.95,51.2,838708.0,PAMP
2018-01-03,51.2,51.85,50.5,51.7,851223.0,PAMP
2018-01-04,51.85,52.2,51.0,52.0,1071040.0,PAMP
2018-01-05,52.0,52.5,51.3,52.4,942406.0,PAMP
2018-01-08,52.3,53.5,51.7,53.4,1099310.0,PAMP
2018-01-09,53.45,54.15,52.85,52.9,560636.0,PAMP
2018-01-10,52.9,52.9,51.5,51.7,977486.0,PAMP
2018-01-11,51.5,53.0,51.05,52.5,1677564.0,PAMP
2018-01-12,52.7,54.2,52.7,53.95,1440634.0,PAMP
2018-01-15,53.95,56.15,53.7,55.95,1037931.0,PAMP
2018-01-16,56.0,56.0,54.05,54.9,2558699.0,PAMP
2018-01-17,54.95,55.85,54.0,54.25,1752473.0,PAMP
2018-01-18,55.25,55.25,53.9,54.4,1542109.0,PAMP
2018-01-19,54.4,54.4,52.75,53.4,841500.0,PAMP
2018-01-22,53.4,54.0,52.7,53.8,823836.0,PAMP
2018-01-23,54.0,54.6,53.65,53.8,978510.0,PAMP
2018-01-24,54.0,55.4,53.85,55.15,729928.0,PAMP
2018-01-25,55.15,55.5,54.1,55.3,749538.0,PAMP
2018-01-26,55.5,55.95,54.7,55.25,461581.0,PAMP
2018-01-29,55.3,55.5,53.5,55.05,867335.0,PAMP
2018-01-30,55.3,55.3,53.25,54.0,587734.0,PAMP
2018-01-31,54.2,56.0,54.1,55.2,985797.0,PAMP
2018-02-01,56.0,56.1,54.45,54.65,592394.0,PAMP
2018-02-02,54.9,54.9,50.0,50.25,1619909.0,PAMP
2018-02-05,50.6,51.0,47.5,48.8,1841649.0,PAMP
2018-02-06,46.5,52.4,46.5,52.15,2771416.0,PAMP
2018-02-07,52.65,54.0,49.5,50.3,1340634.0,PAMP
2018-02-08,50.95,51.75,48.0,48.55,984048.0,PAMP
2018-02-09,48.25,49.6,46.25,47.95,1678076.0,PAMP
2018-02-14,48.8,49.2,47.9,49.0,870932.0,PAMP
2018-02-15,49.9,50.4,49.0,49.45,1432875.0,PAMP
2018-02-16,50.05,51.85,49.6,51.6,2270422.0,PAMP
2018-02-19,51.95,52.75,51.9,52.6,460783.0,PAMP
2018-02-20,52.35,52.4,51.1,51.65,1098417.0,PAMP
2018-02-21,51.7,53.0,51.2,52.55,780624.0,PAMP
2018-02-22,51.3,52.8,51.3,52.55,569632.0,PAMP
2018-02-23,52.65,53.0,50.8,51.1,750709.0,PAMP
2018-02-26,51.1,52.5,50.5,52.1,951809.0,PAMP
2018-02-27,52.9,52.9,50.75,51.45,644324.0,PAMP
2018-02-28,51.0,52.0,50.15,51.8,716344.0,PAMP
2018-03-01,51.8,51.8,49.5,49.75,689563.0,PAMP
2018-03-02,49.35,49.4,47.5,48.95,957927.0,PAMP
2018-03-05,49.05,50.25,49.0,49.2,863111.0,PAMP
2018-03-06,50.35,51.0,49.35,50.6,978626.0,PAMP
2018-03-07,50.6,50.6,49.4,50.3,325217.0,PAMP
2018-03-08,50.4,51.9,49.55,51.25,633610.0,PAMP
2018-03-09,52.0,52.9,51.0,52.0,1643366.0,PAMP
2018-03-12,52.0,52.45,51.1,51.65,921170.0,PAMP
2018-03-13,53.0,53.2,52.3,52.7,1227387.0,PAMP
2018-03-14,52.6,53.2,52.15,52.7,527043.0,PAMP
2018-03-15,52.85,53.1,51.5,52.35,691744.0,PAMP
2018-03-16,52.3,53.0,51.1,51.6,688888.0,PAMP
2018-03-19,51.4,51.4,49.1,49.8,986796.0,PAMP
2018-03-20,50.85,50.85,49.8,50.35,1080501.0,PAMP
2018-03-21,50.35,51.0,50.0,50.25,492309.0,PAMP
2018-03-22,50.15,50.75,49.5,49.75,708845.0,PAMP
2018-03-23,49.8,49.95,49.1,49.25,281511.0,PAMP
2018-03-26,50.5,50.5,49.35,49.55,665364.0,PAMP
2018-03-27,49.6,49.8,48.5,48.7,551069.0,PAMP
2018-03-28,48.5,49.45,47.5,48.25,898383.0,PAMP
2018-04-03,47.95,47.95,47.25,47.55,547763.0,PAMP
2018-04-04,47.4,48.3,46.5,47.9,624502.0,PAMP
2018-04-05,48.1,49.0,48.05,48.8,609070.0,PAMP
2018-04-06,48.9,48.95,47.9,48.35,634046.0,PAMP
2018-04-09,48.5,48.7,48.0,48.25,420674.0,PAMP
2018-04-10,49.0,49.0,47.1,47.55,1253607.0,PAMP
2018-04-11,47.0,48.5,46.7,46.85,702312.0,PAMP
2018-04-12,46.8,47.95,46.55,47.65,738087.0,PAMP
2018-04-13,47.7,48.5,47.3,47.45,439403.0,PAMP
2018-04-16,47.4,47.5,45.8,46.0,823599.0,PAMP
2018-04-17,46.0,47.95,46.0,47.6,727828.0,PAMP
2018-04-18,47.7,48.45,46.7,46.75,670185.0,PAMP
2018-04-19,46.5,47.0,44.5,46.25,3006948.0,PAMP
2018-04-20,46.95,46.95,45.4,45.85,859192.0,PAMP
2018-04-23,46.0,46.7,45.45,45.7,409458.0,PAMP
2018-04-24,46.05,47.05,45.7,46.25,1096235.0,PAMP
2018-04-25,46.15,46.15,45.15,45.35,736180.0,PAMP
2018-04-26,45.35,45.35,44.0,45.15,1907736.0,PAMP
2018-04-27,45.3,46.2,44.9,45.15,1327991.0,PAMP
2018-05-02,46.5,47.25,46.3,46.75,2257047.0,PAMP
2018-05-03,47.1,47.2,45.85,46.9,1969669.0,PAMP
2018-05-04,46.5,47.45,45.3,46.4,1874763.0,PAMP
2018-05-07,46.65,48.0,44.2,44.3,1221272.0,PAMP
2018-05-08,43.9,45.5,41.25,42.1,4535174.0,PAMP
2018-05-09,42.55,46.8,42.55,45.65,2211444.0,PAMP
2018-05-10,47.1,50.5,47.1,49.95,3009992.0,PAMP
2018-05-11,50.15,51.8,49.0,50.6,3115374.0,PAMP
2018-05-14,50.45,53.0,50.0,52.85,1688945.0,PAMP
2018-05-15,52.8,54.9,52.0,52.35,2167345.0,PAMP
2018-05-16,53.2,53.65,51.0,52.7,1243478.0,PAMP
2018-05-17,52.5,53.35,51.7,52.85,1032473.0,PAMP
2018-05-18,53.0,53.35,52.8,53.2,1124503.0,PAMP
2018-05-21,53.1,53.2,52.25,52.45,875155.0,PAMP
2018-05-22,52.95,53.1,51.75,52.0,865864.0,PAMP
2018-05-23,52.2,52.2,50.15,51.4,736522.0,PAMP
2018-05-24,51.5,52.7,51.0,51.35,686717.0,PAMP
2018-05-28,51.5,52.0,48.6,49.95,482189.0,PAMP
2018-05-29,49.9,50.5,47.5,48.8,1300836.0,PAMP
2018-05-30,48.5,51.0,48.05,48.85,1327361.0,PAMP
2018-05-31,49.0,49.5,47.05,47.9,1056754.0,PAMP
2018-06-01,48.15,48.5,46.5,48.0,768968.0,PAMP
2018-06-04,48.0,49.45,47.65,48.3,1243993.0,PAMP
2018-06-05,49.15,50.95,49.15,50.0,1702825.0,PAMP
2018-06-06,51.35,51.35,48.1,48.9,1057799.0,PAMP
2018-06-07,48.85,49.3,47.2,48.5,700947.0,PAMP
2018-06-08,51.0,51.85,49.3,50.6,1191302.0,PAMP
2018-06-11,50.6,51.8,50.15,51.55,888890.0,PAMP
2018-06-12,51.5,51.55,49.7,50.0,613302.0,PAMP
2018-06-13,50.0,50.25,48.1,50.0,775016.0,PAMP
2018-06-14,50.5,51.5,49.2,49.8,1096960.0,PAMP
2018-06-15,48.95,50.5,48.5,50.45,756570.0,PAMP
2018-06-18,48.3,48.3,44.65,45.4,2006178.0,PAMP
2018-06-19,45.6,49.0,45.2,48.6,1283193.0,PAMP
2018-06-21,52.95,54.25,49.25,49.6,4755977.0,PAMP
2018-06-22,49.5,49.5,45.4,47.55,966455.0,PAMP
2018-06-25,47.0,47.0,45.2,45.45,816308.0,PAMP
2018-06-26,45.6,46.3,43.6,44.65,576781.0,PAMP
2018-06-27,43.75,43.8,40.0,41.9,2565781.0,PAMP
2018-06-28,41.8,42.8,41.5,42.2,2222281.0,PAMP
2018-06-29,42.2,42.8,40.05,41.0,1971125.0,PAMP
2018-07-02,40.0,40.0,37.5,38.85,2598033.0,PAMP
2018-07-03,40.55,44.0,40.55,42.3,1375767.0,PAMP
2018-07-04,42.5,43.9,41.4,43.8,369096.0,PAMP
2018-07-05,43.2,43.8,42.1,42.65,940148.0,PAMP
2018-07-06,42.7,43.5,41.05,41.85,415382.0,PAMP
2018-07-10,43.9,44.9,42.5,42.95,726862.0,PAMP
2018-07-11,42.0,43.2,41.8,42.15,451320.0,PAMP
2018-07-12,42.0,43.0,41.0,41.5,642595.0,PAMP
2018-07-13,41.65,42.1,40.8,41.5,740400.0,PAMP
2018-07-16,41.6,41.9,40.55,41.05,747642.0,PAMP
2018-07-17,41.3,42.0,40.6,41.4,397089.0,PAMP
2018-07-18,41.0,42.8,41.0,42.5,377662.0,PAMP
2018-07-19,42.0,42.0,41.05,41.35,370282.0,PAMP
2018-07-20,41.6,42.95,41.6,42.6,299889.0,PAMP
2018-07-23,41.6,42.8,41.6,41.75,442847.0,PAMP
2018-07-24,42.05,42.75,41.75,42.7,444321.0,PAMP
2018-07-25,42.05,44.5,42.05,44.4,813618.0,PAMP
2018-07-26,44.5,45.2,44.25,45.2,1076813.0,PAMP
2018-07-27,46.55,47.15,45.1,46.1,1079211.0,PAMP
2018-07-30,47.0,47.8,46.2,46.3,2080033.0,PAMP
2018-07-31,46.45,47.2,45.3,46.3,913219.0,PAMP
2018-08-01,46.0,46.1,45.1,45.2,428169.0,PAMP
2018-08-02,45.3,45.3,43.5,43.8,387200.0,PAMP
2018-08-03,43.75,45.0,43.4,43.7,421519.0,PAMP
2018-08-06,42.55,43.75,42.55,43.5,683360.0,PAMP
2018-08-07,42.8,42.8,41.1,42.0,1095177.0,PAMP
2018-08-08,41.9,42.0,40.65,40.75,740770.0,PAMP
2018-08-09,40.75,42.2,40.75,41.8,456659.0,PAMP
2018-08-10,40.0,42.5,39.7,41.6,995713.0,PAMP
2018-08-13,40.05,41.0,37.8,40.3,1980876.0,PAMP
2018-08-14,40.0,40.0,38.1,38.5,679033.0,PAMP
2018-08-15,38.85,39.2,38.0,38.15,1115669.0,PAMP
2018-08-16,38.75,39.4,37.55,38.6,1160212.0,PAMP
2018-08-17,38.0,38.0,36.0,37.8,487528.0,PAMP
2018-08-21,37.8,38.2,37.3,38.2,720964.0,PAMP
2018-08-22,37.95,39.0,37.6,39.0,518514.0,PAMP
2018-08-23,38.8,39.45,37.5,37.8,857296.0,PAMP
2018-08-24,37.65,38.15,35.3,35.6,2330091.0,PAMP
2018-08-27,35.05,38.5,35.05,37.35,1053958.0,PAMP
2018-08-28,37.15,38.0,36.55,37.8,1255052.0,PAMP
2018-08-29,37.75,38.05,36.55,37.45,1981357.0,PAMP
2018-08-30,37.0,42.65,36.0,41.5,1843585.0,PAMP
2018-08-31,41.7,46.95,41.7,46.0,2553747.0,PAMP
2018-09-03,46.2,46.2,43.7,44.0,501923.0,PAMP
2018-09-04,42.0,43.5,40.35,42.8,766706.0,PAMP
2018-09-05,42.5,46.0,42.5,45.5,1205673.0,PAMP
2018-09-06,46.0,48.75,45.6,45.85,5282339.0,PAMP
2018-09-07,45.85,47.0,45.0,45.8,1153454.0,PAMP
2018-09-10,46.0,46.25,45.0,45.8,436118.0,PAMP
2018-09-11,44.8,45.0,44.0,44.95,677168.0,PAMP
2018-09-12,45.0,45.95,45.0,45.45,1132929.0,PAMP
2018-09-13,45.75,47.7,45.75,47.4,1261313.0,PAMP
2018-09-14,47.0,47.45,46.35,46.8,743144.0,PAMP
2018-09-17,47.0,48.9,46.65,48.6,1477242.0,PAMP
2018-09-18,49.3,50.0,48.5,49.1,2609099.0,PAMP
2018-09-19,49.5,52.7,49.5,51.8,2328129.0,PAMP
2018-09-20,53.0,56.75,53.0,56.7,2638153.0,PAMP
2018-09-21,56.65,57.6,53.55,56.65,3833740.0,PAMP
2018-09-24,56.2,56.2,53.15,54.0,842739.0,PAMP
2018-09-25,52.0,56.15,51.6,53.0,1783372.0,PAMP
2018-09-26,51.95,53.2,50.7,51.0,1779226.0,PAMP
2018-09-27,51.2,53.5,50.9,51.6,1862082.0,PAMP
2018-09-28,51.5,52.45,49.9,51.2,1238159.0,PAMP
2018-10-01,51.0,52.8,50.15,50.25,435449.0,PAMP
2018-10-02,50.35,51.45,48.4,48.7,865111.0,PAMP
2018-10-03,49.1,50.9,48.65,48.65,651681.0,PAMP
2018-10-04,48.55,48.55,45.8,46.15,1115308.0,PAMP
2018-10-05,45.9,47.65,45.25,46.15,2433325.0,PAMP
2018-10-08,45.95,47.65,44.9,46.1,388588.0,PAMP
2018-10-09,45.5,45.5,44.6,44.9,703508.0,PAMP
2018-10-10,45.45,45.45,42.0,43.5,879836.0,PAMP
2018-10-11,43.7,44.75,41.4,42.25,935642.0,PAMP
2018-10-12,43.15,46.0,43.0,45.5,578303.0,PAMP
2018-10-16,46.4,46.4,44.5,45.7,484429.0,PAMP
2018-10-17,45.5,45.5,43.6,43.75,458182.0,PAMP
2018-10-18,44.4,44.4,42.9,43.25,441594.0,PAMP
2018-10-19,43.2,45.5,43.1,44.05,648251.0,PAMP
2018-10-22,44.05,44.6,42.6,43.85,305825.0,PAMP
2018-10-23,43.5,43.85,42.6,43.2,442547.0,PAMP
2018-10-24,43.0,43.85,42.65,42.75,618183.0,PAMP
2018-10-25,43.5,45.3,43.2,44.4,651461.0,PAMP
2018-10-26,44.2,46.25,42.6,44.5,1285688.0,PAMP
2018-10-29,45.0,46.9,45.0,46.0,1710695.0,PAMP
2018-10-30,46.4,47.5,45.4,46.0,1156927.0,PAMP
2018-10-31,45.95,47.8,44.05,47.8,749077.0,PAMP
2018-11-01,48.8,51.0,47.95,51.0,1752073.0,PAMP
2018-11-02,51.55,52.95,50.4,51.1,932664.0,PAMP
2018-11-05,50.05,51.45,49.0,51.25,859264.0,PAMP
2018-11-06,50.0,52.8,50.0,50.6,354582.0,PAMP
2018-11-07,50.6,51.3,48.25,50.0,1352329.0,PAMP
2018-11-08,50.0,51.8,49.0,50.0,844069.0,PAMP
2018-11-09,50.0,50.0,48.25,49.0,519031.0,PAMP
2018-11-12,48.1,49.15,47.0,47.5,451155.0,PAMP
2018-11-13,47.0,47.5,44.0,44.4,847643.0,PAMP
2018-11-14,44.35,47.5,44.35,47.5,521434.0,PAMP
2018-11-15,47.0,50.25,46.75,48.6,845729.0,PAMP
2018-11-16,50.0,50.45,48.0,49.7,505681.0,PAMP
2018-11-20,48.05,48.9,46.0,47.0,392347.0,PAMP
2018-11-21,46.5,49.4,46.5,48.0,1290476.0,PAMP
2018-11-22,48.05,49.0,46.7,47.0,113675.0,PAMP
2018-11-23,46.9,49.9,46.6,47.6,1363807.0,PAMP
2018-11-26,48.9,52.0,48.5,50.6,2188289.0,PAMP
2018-11-27,51.25,52.15,50.5,51.0,974090.0,PAMP
2018-11-28,51.0,52.3,50.05,51.5,364415.0,PAMP
2018-11-29,51.5,54.0,50.95,53.95,684611.0,PAMP
2018-12-03,54.05,56.6,53.8,54.3,2995666.0,PAMP
2018-12-04,54.1,55.4,54.0,55.0,1211855.0,PAMP
2018-12-05,55.0,55.6,52.85,53.4,228407.0,PAMP
2018-12-06,53.1,55.2,52.0,55.15,863867.0,PAMP
2018-12-07,54.25,55.3,52.8,53.0,450214.0,PAMP
2018-12-10,52.0,53.8,51.15,51.5,1010851.0,PAMP
2018-12-11,51.3,53.05,50.2,51.3,550515.0,PAMP
2018-12-12,51.2,52.4,50.5,51.0,425452.0,PAMP
2018-12-13,51.5,52.1,51.0,51.5,598932.0,PAMP
2018-12-14,50.15,51.9,50.15,51.5,621718.0,PAMP
2018-12-17,51.5,52.1,48.1,49.3,835161.0,PAMP
2018-12-18,48.75,50.4,48.5,49.3,669917.0,PAMP
2018-12-19,48.6,51.0,48.6,49.8,410269.0,PAMP
2018-12-20,49.5,49.5,46.0,46.5,827290.0,PAMP
2018-12-21,46.6,47.25,44.1,46.05,758358.0,PAMP
2018-12-26,45.85,46.0,43.55,44.65,1249662.0,PAMP
2018-12-27,45.35,47.5,45.3,46.35,499360.0,PAMP
2018-12-28,46.3,47.95,45.8,46.9,921202.0,PAMP
2019-01-02,47.1,50.95,46.9,50.05,695772.0,PAMP
2019-01-03,50.15,51.75,49.3,50.05,907905.0,PAMP
2019-01-04,50.0,53.9,50.0,52.9,1168256.0,PAMP
2019-01-07,52.9,54.4,52.5,52.6,790699.0,PAMP
2019-01-08,52.7,54.4,52.6,53.8,977999.0,PAMP
2019-01-09,53.7,57.2,53.7,55.5,1849464.0,PAMP
2019-01-10,55.0,55.0,52.5,53.5,1770318.0,PAMP
2019-01-11,53.5,54.5,52.0,53.35,674236.0,PAMP
2019-01-14,52.1,53.75,52.1,53.0,432186.0,PAMP
2019-01-15,53.0,53.6,52.6,53.0,463216.0,PAMP
2019-01-16,52.65,54.95,52.65,53.8,1486701.0,PAMP
2019-01-17,54.0,54.1,52.8,53.2,542533.0,PAMP
2019-01-18,54.0,55.1,53.9,53.9,812088.0,PAMP
2019-01-21,53.0,53.9,52.9,53.75,219003.0,PAMP
2019-01-22,53.1,54.0,51.0,52.7,410906.0,PAMP
2019-01-23,53.0,53.4,52.1,52.55,326239.0,PAMP
2019-01-24,52.5,53.35,51.6,52.1,655792.0,PAMP
2019-01-25,52.7,54.2,51.25,51.6,510790.0,PAMP
2019-01-28,51.3,51.95,49.45,51.35,405812.0,PAMP
2019-01-29,51.5,52.6,51.1,52.55,725792.0,PAMP
2019-01-30,53.0,53.7,52.55,53.7,615324.0,PAMP
2019-01-31,53.8,53.8,52.6,53.1,321885.0,PAMP
2019-02-01,53.4,53.45,52.7,53.3,910070.0,PAMP
2019-02-04,53.5,54.1,52.8,53.15,884466.0,PAMP
2019-02-05,53.1,56.3,52.5,55.65,1361247.0,PAMP
2019-02-06,55.6,56.2,54.8,55.45,1750080.0,PAMP
2019-02-07,55.0,55.55,53.9,54.65,467928.0,PAMP
2019-02-08,53.6,55.9,53.5,55.1,954275.0,PAMP
2019-02-11,55.45,59.45,55.45,58.8,1097635.0,PAMP
2019-02-12,59.0,60.4,58.4,58.4,1460905.0,PAMP
2019-02-13,59.5,59.9,57.15,57.8,1924102.0,PAMP
2019-02-14,58.2,58.8,56.2,57.7,1484246.0,PAMP
2019-02-15,57.75,58.8,57.0,57.8,598338.0,PAMP
2019-02-18,57.75,57.75,56.6,56.95,141298.0,PAMP
2019-02-19,57.0,57.6,53.6,54.3,1312197.0,PAMP
2019-02-20,54.6,57.0,54.6,55.7,4134107.0,PAMP
2019-02-21,57.0,57.0,53.0,53.25,737009.0,PAMP
2019-02-22,53.25,54.45,52.6,53.75,790232.0,PAMP
2019-02-25,54.1,54.9,52.0,53.3,464241.0,PAMP
2019-02-26,53.0,53.5,52.05,53.15,500847.0,PAMP
2019-02-27,53.0,53.25,51.0,51.6,518969.0,PAMP
2019-02-28,51.55,51.55,50.4,50.7,1220796.0,PAMP
2019-03-01,50.6,52.0,48.5,49.2,2048089.0,PAMP
2019-03-06,49.2,49.2,47.0,47.8,936275.0,PAMP
2019-03-07,47.75,50.3,47.2,50.3,1030969.0,PAMP
2019-03-08,50.15,51.05,48.3,50.0,528896.0,PAMP
2019-03-11,50.1,51.1,50.1,50.6,715729.0,PAMP
2019-03-12,50.6,51.0,48.75,49.8,613020.0,PAMP
2019-03-13,50.95,51.95,50.35,50.7,761210.0,PAMP
2019-03-14,50.7,50.7,48.35,49.0,612966.0,PAMP
2019-03-15,49.2,49.9,48.65,49.65,1525427.0,PAMP
2019-03-18,50.55,52.75,49.9,52.7,3377921.0,PAMP
2019-03-19,52.65,53.95,50.5,51.0,3173788.0,PAMP
2019-03-20,52.0,52.4,50.7,52.3,996806.0,PAMP
2019-03-21,51.75,51.8,50.05,50.8,1085363.0,PAMP
2019-03-22,50.3,50.3,47.3,48.75,1412009.0,PAMP
2019-03-25,48.0,49.2,47.25,47.9,953353.0,PAMP
2019-03-26,48.7,49.1,45.1,46.9,1440705.0,PAMP
2019-03-27,45.8,46.9,44.75,45.9,1363999.0,PAMP
2019-03-28,46.6,48.2,46.6,47.35,832179.0,PAMP
2019-03-29,48.75,48.75,47.1,48.05,1184879.0,PAMP
2019-04-01,49.0,49.0,45.85,46.15,597560.0,PAMP
2019-04-03,45.8,46.35,43.9,44.25,581237.0,PAMP
2019-04-04,44.05,45.0,43.6,44.2,947570.0,PAMP
2019-04-05,44.2,45.15,43.5,43.5,616263.0,PAMP
2019-04-08,45.0,45.7,43.85,45.0,536235.0,PAMP
2019-04-09,44.6,44.95,42.0,42.5,872121.0,PAMP
2019-04-10,42.7,43.3,42.05,42.55,2838134.0,PAMP
2019-04-11,42.0,42.0,40.75,41.25,1878483.0,PAMP
2019-04-12,40.9,41.4,40.1,40.3,1061334.0,PAMP
2019-04-15,40.3,41.65,40.0,41.4,516393.0,PAMP
2019-04-16,42.0,43.0,41.6,42.25,1167427.0,PAMP
2019-04-17,40.9,42.4,40.9,41.0,807314.0,PAMP
2019-04-22,40.0,40.6,39.0,40.1,438550.0,PAMP
2019-04-23,40.55,41.4,39.6,39.6,1060909.0,PAMP
2019-04-24,39.25,39.9,38.0,38.5,1006647.0,PAMP
2019-04-25,36.8,40.0,35.05,38.35,1376675.0,PAMP
2019-04-26,38.3,39.0,37.6,38.05,1124406.0,PAMP
2019-04-29,38.0,38.0,36.1,36.3,535131.0,PAMP
2019-04-30,36.3,37.7,36.05,37.5,700663.0,PAMP
2019-05-02,38.0,39.2,38.0,39.2,876653.0,PAMP
2019-05-03,39.95,42.0,39.95,41.5,1321669.0,PAMP
2019-05-06,41.5,42.55,41.4,42.25,1585851.0,PAMP
2019-05-07,41.75,41.75,40.25,41.6,654330.0,PAMP
2019-05-08,41.6,43.7,41.6,43.0,1624973.0,PAMP
2019-05-09,42.7,44.2,42.05,43.0,1552711.0,PAMP
2019-05-10,43.1,44.45,41.55,41.95,712772.0,PAMP
2019-05-13,41.0,41.0,39.5,40.4,635117.0,PAMP
2019-05-14,40.55,42.3,40.55,41.15,669088.0,PAMP
2019-05-15,41.5,42.0,41.0,41.0,189410.0,PAMP
2019-05-16,42.0,43.0,41.7,42.8,996125.0,PAMP
2019-05-17,42.1,42.6,41.2,41.55,1630341.0,PAMP
2019-05-20,40.5,42.3,40.5,42.1,488539.0,PAMP
2019-05-21,43.8,45.3,43.6,45.3,1347028.0,PAMP
2019-05-22,45.7,46.3,45.15,46.3,1000728.0,PAMP
2019-05-23,46.2,46.2,44.55,45.9,805646.0,PAMP
2019-05-24,46.0,47.1,45.8,46.9,651735.0,PAMP
2019-05-27,46.7,48.5,46.5,48.45,286120.0,PAMP
2019-05-28,48.0,48.35,45.5,46.55,1165976.0,PAMP
2019-05-29,46.6,46.65,45.55,46.2,422940.0,PAMP
2019-05-30,47.0,47.5,46.4,46.5,372345.0,PAMP
2019-05-31,45.95,46.75,45.1,45.5,375657.0,PAMP
2019-06-03,45.5,46.7,44.8,45.9,976265.0,PAMP
2019-06-04,46.5,47.5,46.2,47.5,1643208.0,PAMP
2019-06-05,47.5,49.3,47.1,49.0,815560.0,PAMP
2019-06-06,49.0,49.5,48.1,49.2,409405.0,PAMP
2019-06-07,49.1,49.85,47.0,47.1,1137873.0,PAMP
2019-06-10,47.0,48.3,46.4,48.2,914667.0,PAMP
2019-06-11,49.05,52.6,49.05,52.15,2160583.0,PAMP
2019-06-12,54.75,58.8,54.75,58.35,4666995.0,PAMP
2019-06-13,56.9,57.5,54.5,56.65,3097401.0,PAMP
2019-06-14,57.6,57.9,56.0,56.35,894284.0,PAMP
2019-06-18,57.5,58.05,55.8,56.0,1167005.0,PAMP
2019-06-19,56.95,57.5,55.8,56.5,1292572.0,PAMP
2019-06-21,56.0,57.4,56.0,56.6,1964829.0,PAMP
2019-06-24,56.45,57.35,55.35,57.0,737285.0,PAMP
2019-06-25,57.1,57.1,55.75,56.5,722437.0,PAMP
2019-06-26,56.2,57.5,55.0,55.3,1930065.0,PAMP
2019-06-27,55.6,60.1,55.6,59.75,3127416.0,PAMP
2019-06-28,59.7,60.3,58.3,59.3,1206698.0,PAMP
2019-07-01,60.1,60.1,57.65,58.1,623047.0,PAMP
2019-07-02,58.0,59.3,58.0,58.6,748633.0,PAMP
2019-07-03,59.0,59.6,56.6,56.8,457418.0,PAMP
2019-07-04,56.8,57.2,56.5,57.1,192775.0,PAMP
2019-07-05,56.75,58.3,56.75,56.95,709114.0,PAMP
2019-07-10,59.0,60.0,57.75,59.0,1547397.0,PAMP
2019-07-11,59.75,60.1,58.8,58.9,1445270.0,PAMP
2019-07-12,59.0,61.0,58.75,59.6,1286681.0,PAMP
2019-07-15,59.9,60.8,56.6,56.85,699488.0,PAMP
2019-07-16,57.6,59.1,57.05,58.95,857894.0,PAMP
2019-07-17,59.25,60.25,58.3,58.6,1136027.0,PAMP
2019-07-18,58.6,59.6,55.0,57.35,1288889.0,PAMP
2019-07-19,57.2,58.0,56.55,56.55,445727.0,PAMP
2019-07-22,55.4,55.4,52.0,53.75,1072559.0,PAMP
2019-07-23,53.1,54.75,53.1,54.75,639805.0,PAMP
2019-07-24,55.0,55.95,55.0,55.85,514801.0,PAMP
2019-07-25,55.8,56.45,54.7,55.45,957880.0,PAMP
2019-07-26,56.4,58.25,56.4,58.25,1220338.0,PAMP
2019-07-29,58.1,59.5,57.5,59.0,854721.0,PAMP
2019-07-30,58.5,59.5,58.05,58.7,458422.0,PAMP
2019-07-31,58.15,59.5,57.5,57.6,523599.0,PAMP
2019-08-01,57.9,60.0,57.0,57.15,850911.0,PAMP
2019-08-02,56.5,58.25,55.7,57.65,594302.0,PAMP
2019-08-05,56.65,57.25,55.5,56.85,695712.0,PAMP
2019-08-06,56.05,57.5,55.6,57.5,651934.0,PAMP
2019-08-07,57.0,58.0,56.35,56.6,744729.0,PAMP
2019-08-08,58.4,58.6,57.2,58.2,932165.0,PAMP
2019-08-09,58.5,64.5,57.5,63.85,3316074.0,PAMP
2019-08-12,39.0,45.0,34.5,35.0,7036071.0,PAMP
2019-08-13,37.0,40.0,35.8,38.0,4522237.0,PAMP
2019-08-14,39.0,40.3,36.3,37.5,1541728.0,PAMP
2019-08-15,39.0,42.7,38.5,40.65,2549502.0,PAMP
2019-08-16,42.6,43.2,39.4,39.5,1098954.0,PAMP
2019-08-20,37.5,37.85,36.0,37.15,1585055.0,PAMP
2019-08-21,37.5,37.5,36.25,36.7,1479742.0,PAMP
2019-08-22,37.3,38.25,36.4,37.8,607297.0,PAMP
2019-08-23,37.5,37.6,35.2,35.2,860050.0,PAMP
2019-08-26,35.5,36.0,33.6,34.0,653033.0,PAMP
2019-08-27,33.7,33.9,32.55,33.3,2245374.0,PAMP
2019-08-28,33.75,34.7,32.55,34.25,924666.0,PAMP
2019-08-29,33.8,34.6,31.0,31.45,1367850.0,PAMP
2019-08-30,32.25,34.0,31.1,32.25,1051545.0,PAMP
2019-09-02,33.0,35.85,33.0,35.45,726293.0,PAMP
2019-09-03,33.5,33.5,29.15,30.3,2683449.0,PAMP
2019-09-04,31.0,32.9,30.2,31.5,2020534.0,PAMP
2019-09-05,32.7,38.6,32.7,38.1,1644732.0,PAMP
2019-09-06,38.7,40.0,37.5,39.4,1479588.0,PAMP
2019-09-09,40.0,40.0,37.5,38.1,642165.0,PAMP
2019-09-10,38.1,40.5,38.1,40.5,1112433.0,PAMP
2019-09-11,40.4,41.9,39.5,41.65,927244.0,PAMP
2019-09-12,41.0,42.5,40.0,42.5,476492.0,PAMP
2019-09-13,41.0,43.9,41.0,43.0,780364.0,PAMP
2019-09-16,42.3,46.5,42.3,46.0,775814.0,PAMP
2019-09-17,45.5,45.9,43.0,44.65,448815.0,PAMP
2019-09-18,45.5,45.5,43.7,44.3,385417.0,PAMP
2019-09-19,45.0,45.0,42.25,44.8,462472.0,PAMP
2019-09-20,44.9,45.0,43.2,43.9,260363.0,PAMP
2019-09-23,43.5,43.6,41.4,43.2,611118.0,PAMP
2019-09-24,41.4,42.4,40.5,40.7,469996.0,PAMP
2019-09-25,40.2,41.8,38.5,41.1,343476.0,PAMP
2019-09-26,41.5,42.7,40.35,41.0,305302.0,PAMP
2019-09-27,41.0,43.0,40.6,42.4,711548.0,PAMP
2019-09-30,42.7,44.2,41.6,44.0,615746.0,PAMP
2019-10-01,44.4,46.5,44.4,45.9,855834.0,PAMP
2019-10-02,45.25,47.2,45.25,47.2,819930.0,PAMP
2019-10-03,47.2,47.9,46.5,46.95,467815.0,PAMP
2019-10-04,48.0,50.25,47.1,49.8,1351610.0,PAMP
2019-10-07,50.0,52.0,47.0,47.0,769152.0,PAMP
2019-10-08,47.0,47.0,45.0,45.05,1192697.0,PAMP
2019-10-09,45.2,45.65,43.15,44.35,1272011.0,PAMP
2019-10-10,44.35,47.0,44.35,46.7,833175.0,PAMP
2019-10-11,47.3,48.85,46.75,46.9,1271096.0,PAMP
2019-10-15,46.65,47.0,45.65,46.05,1015640.0,PAMP
2019-10-16,46.2,46.2,44.3,44.55,696749.0,PAMP
2019-10-17,44.55,46.5,44.35,46.0,450517.0,PAMP
2019-10-18,46.35,46.9,45.0,45.3,936527.0,PAMP
2019-10-21,44.9,47.5,44.5,47.5,1713415.0,PAMP
2019-10-22,47.0,49.6,45.8,48.55,1299793.0,PAMP
2019-10-23,48.5,48.5,45.2,47.4,1507957.0,PAMP
2019-10-24,46.95,48.2,46.05,48.1,796596.0,PAMP
2019-10-25,48.0,51.75,46.55,49.0,2467057.0,PAMP
2019-10-28,49.5,54.4,46.3,47.3,1210215.0,PAMP
2019-10-29,47.5,48.05,45.0,46.0,880374.0,PAMP
2019-10-30,45.55,48.45,45.45,48.1,511685.0,PAMP
2019-10-31,48.2,50.0,48.2,50.0,487638.0,PAMP
2019-11-01,51.0,51.05,49.45,50.35,484816.0,PAMP
2019-11-04,50.5,53.0,50.5,53.0,945572.0,PAMP
2019-11-05,53.0,53.9,51.5,51.85,539731.0,PAMP
2019-11-06,51.85,52.6,49.0,49.5,261971.0,PAMP
2019-11-07,49.4,50.5,48.65,49.25,638483.0,PAMP
2019-11-08,49.25,50.5,43.7,44.6,4510868.0,PAMP
2019-11-11,44.65,45.65,41.7,41.8,1130300.0,PAMP
2019-11-12,42.05,42.95,39.6,42.7,1732527.0,PAMP
2019-11-13,42.8,43.1,40.4,40.5,1588030.0,PAMP
2019-11-14,41.15,42.0,38.25,39.45,1265816.0,PAMP
2019-11-15,40.0,41.0,37.8,40.0,558620.0,PAMP
2019-11-19,40.0,40.65,38.3,40.1,620869.0,PAMP
2019-11-20,41.95,41.95,40.0,40.6,1709636.0,PAMP
2019-11-21,41.5,42.0,39.5,39.7,1120643.0,PAMP
2019-11-22,40.0,41.15,39.95,40.5,1110641.0,PAMP
2019-11-26,40.5,40.65,37.3,37.7,1217342.0,PAMP
2019-11-27,38.25,40.5,38.0,40.45,673125.0,PAMP
2019-11-28,40.95,41.5,40.3,41.0,265147.0,PAMP
2019-11-29,41.0,41.35,40.5,41.2,421680.0,PAMP
2019-12-02,41.3,41.5,40.0,40.35,560421.0,PAMP
2019-12-03,40.0,40.0,38.7,39.0,1388030.0,PAMP
2019-12-04,39.5,42.25,39.4,42.2,1102005.0,PAMP
2019-12-05,42.25,42.8,41.05,42.8,1365784.0,PAMP
2019-12-06,43.45,44.5,42.65,44.3,1434077.0,PAMP
2019-12-09,44.35,46.6,44.35,44.85,1717488.0,PAMP
2019-12-10,45.2,45.85,42.2,42.6,1043615.0,PAMP
2019-12-11,42.6,42.6,40.6,42.3,1035615.0,PAMP
2019-12-12,42.5,43.5,40.3,41.85,1775448.0,PAMP
2019-12-13,42.0,46.2,41.85,44.85,1860574.0,PAMP
2019-12-16,45.0,46.85,45.0,46.8,1194209.0,PAMP
2019-12-17,46.75,46.75,42.8,44.9,1409466.0,PAMP
2019-12-18,45.15,47.65,44.8,46.0,1701512.0,PAMP
2019-12-19,46.0,47.6,44.95,45.25,1356480.0,PAMP
2019-12-20,45.4,46.3,44.6,45.8,828389.0,PAMP
2019-12-23,46.0,47.45,45.9,47.05,1124733.0,PAMP
2019-12-26,47.1,50.65,46.85,49.5,1253539.0,PAMP
2019-12-27,49.55,50.8,48.5,49.7,976202.0,PAMP
2019-12-30,49.8,50.0,47.75,49.7,659947.0,PAMP
2020-01-02,49.35,50.2,47.55,48.25,824179.0,PAMP
2020-01-03,48.25,49.45,46.5,48.8,595344.0,PAMP
2020-01-06,48.4,48.7,47.0,48.5,697955.0,PAMP
2020-01-07,48.35,49.0,46.9,47.6,864868.0,PAMP
2020-01-08,47.5,47.5,46.0,46.5,1117262.0,PAMP
2020-01-09,46.55,48.2,46.05,48.2,1642780.0,PAMP
2020-01-10,48.5,49.5,47.7,48.1,529781.0,PAMP
2020-01-13,48.1,48.85,47.35,47.6,500492.0,PAMP
2020-01-14,48.0,48.0,45.7,45.85,878222.0,PAMP
2020-01-15,46.35,47.35,44.6,46.7,724545.0,PAMP
2020-01-16,46.5,47.15,45.75,46.7,770960.0,PAMP
2020-01-17,47.1,49.25,46.9,48.35,1224230.0,PAMP
2020-01-20,48.4,49.5,48.15,49.35,263457.0,PAMP
2020-01-21,49.3,49.5,46.55,46.9,920807.0,PAMP
2020-01-22,46.3,48.5,45.75,48.45,503245.0,PAMP
2020-01-23,48.35,48.4,46.4,46.4,836787.0,PAMP
2020-01-24,46.4,46.9,44.8,44.8,680094.0,PAMP
2020-01-27,44.7,45.45,42.8,45.3,550509.0,PAMP
2020-01-28,45.1,47.25,45.1,46.3,680464.0,PAMP
2020-01-29,47.9,47.9,45.0,45.0,415210.0,PAMP
2020-01-30,45.0,45.95,43.8,45.8,571455.0,PAMP
2020-01-31,45.75,46.25,44.3,45.2,222633.0,PAMP
2020-02-03,46.05,48.45,44.35,47.75,885225.0,PAMP
2020-02-04,48.3,49.95,45.55,46.9,906287.0,PAMP
2020-02-05,47.25,47.45,45.8,46.35,392105.0,PAMP
2020-02-06,47.8,47.8,45.95,46.95,389130.0,PAMP
2020-02-07,46.9,47.8,45.5,47.0,578973.0,PAMP
2020-02-10,46.95,47.3,46.0,46.5,208564.0,PAMP
2020-02-11,46.0,46.6,44.9,45.3,541725.0,PAMP
2020-02-12,47.0,47.0,44.45,45.3,321945.0,PAMP
2020-02-13,44.7,44.7,43.0,44.15,432447.0,PAMP
2020-02-14,44.0,44.6,41.95,42.9,1139132.0,PAMP
2020-02-17,42.8,44.1,42.8,43.8,230342.0,PAMP
2020-02-18,44.15,44.15,41.2,42.25,1011153.0,PAMP
2020-02-19,42.4,43.5,41.8,42.1,430661.0,PAMP
2020-02-20,42.35,43.3,41.75,42.8,901554.0,PAMP
2020-02-21,43.5,43.5,42.1,42.45,609078.0,PAMP
2020-02-26,40.2,40.65,39.2,39.25,863595.0,PAMP
2020-02-27,39.25,40.6,37.65,39.4,965951.0,PAMP
2020-02-28,39.8,39.8,37.3,39.45,784965.0,PAMP
2020-03-02,40.0,43.9,39.15,43.2,1241541.0,PAMP
2020-03-03,43.5,45.6,43.4,44.4,1926817.0,PAMP
2020-03-04,44.3,46.8,44.3,46.6,975445.0,PAMP
2020-03-05,46.5,46.5,45.1,45.75,444786.0,PAMP
2020-03-06,45.2,45.2,43.0,43.65,700353.0,PAMP
2020-03-09,38.0,40.9,36.0,37.8,1623562.0,PAMP
2020-03-10,41.15,41.9,38.6,40.9,1616650.0,PAMP
2020-03-11,40.3,40.3,37.9,38.9,651956.0,PAMP
2020-03-12,36.0,38.5,33.5,36.6,2223622.0,PAMP
2020-03-13,37.7,39.1,35.8,37.2,847804.0,PAMP
2020-03-16,32.0,36.75,32.0,34.55,1019327.0,PAMP
2020-03-17,34.5,38.0,33.95,37.0,947135.0,PAMP
2020-03-18,36.0,36.5,33.5,34.75,1718036.0,PAMP
2020-03-19,34.9,37.15,33.0,33.0,1275622.0,PAMP
2020-03-20,34.4,36.15,33.4,34.0,644476.0,PAMP
2020-03-25,38.4,41.3,38.4,40.25,2093541.0,PAMP
2020-03-26,41.7,43.0,38.5,38.8,695503.0,PAMP
2020-03-27,37.8,37.8,35.2,35.6,1046808.0,PAMP
2020-03-30,34.95,36.4,34.15,35.8,317255.0,PAMP
2020-04-01,35.85,38.9,35.85,38.05,1236612.0,PAMP
2020-04-02,38.4,38.4,35.85,37.85,2060616.0,PAMP
2020-04-03,37.8,38.6,36.8,38.0,596431.0,PAMP
2020-04-06,40.0,40.6,38.0,39.1,639177.0,PAMP
2020-04-07,40.0,40.8,38.25,38.7,668698.0,PAMP
2020-04-08,39.4,41.75,38.8,41.4,684134.0,PAMP
2020-04-13,40.0,42.0,38.7,41.85,1711762.0,PAMP
2020-04-14,42.5,45.65,42.5,44.5,1071991.0,PAMP
2020-04-15,43.45,47.15,42.5,46.6,854969.0,PAMP
2020-04-16,46.2,46.35,42.65,43.55,804062.0,PAMP
2020-04-17,44.0,45.0,41.0,41.55,696741.0,PAMP
2020-04-20,41.6,42.55,41.1,42.4,638700.0,PAMP
2020-04-21,41.75,43.3,41.75,42.8,533878.0,PAMP
2020-04-22,43.55,44.4,42.7,43.6,513157.0,PAMP
2020-04-23,44.0,44.65,43.15,43.7,515346.0,PAMP
2020-04-24,43.55,43.7,40.0,42.3,425040.0,PAMP
2020-04-27,42.0,43.3,41.0,43.0,481173.0,PAMP
2020-04-28,44.0,46.5,43.3,45.9,1102955.0,PAMP
2020-04-29,46.7,47.5,43.85,46.35,1354898.0,PAMP
2020-04-30,46.0,46.95,44.6,45.7,584057.0,PAMP
2020-05-04,44.5,45.3,43.0,45.25,1068279.0,PAMP
2020-05-05,45.9,48.45,45.0,47.0,1370005.0,PAMP
2020-05-06,47.0,49.85,46.2,48.8,1064468.0,PAMP
2020-05-07,48.8,50.5,47.55,49.6,1549390.0,PAMP
2020-05-08,50.5,52.45,50.0,50.5,1135071.0,PAMP
2020-05-11,50.4,53.85,48.0,53.6,1064996.0,PAMP
2020-05-12,53.2,56.4,53.2,53.85,1580089.0,PAMP
2020-05-13,53.0,54.0,51.7,52.15,562819.0,PAMP
2020-05-14,52.0,55.4,51.5,54.9,1004327.0,PAMP
2020-05-15,55.1,58.0,53.0,53.5,1748363.0,PAMP
2020-05-18,55.85,56.7,53.0,55.45,1497337.0,PAMP
2020-05-19,55.35,56.0,53.4,54.0,780291.0,PAMP
2020-05-20,54.05,55.0,51.55,52.7,771114.0,PAMP
2020-05-21,52.85,57.1,52.8,57.0,1269039.0,PAMP
2020-05-22,55.5,57.3,53.25,54.3,1342373.0,PAMP
2020-05-26,55.0,56.5,53.0,53.9,679737.0,PAMP
2020-05-27,54.0,54.1,49.0,50.0,3689610.0,PAMP
2020-05-28,50.5,50.6,48.0,48.9,1097482.0,PAMP
2020-05-29,49.5,50.4,45.5,47.6,1170402.0,PAMP
2020-06-01,49.0,50.85,48.2,50.8,652677.0,PAMP
2020-06-02,51.0,52.3,50.35,52.25,1755328.0,PAMP
2020-06-03,52.5,53.35,51.15,52.5,3347556.0,PAMP
2020-06-04,52.65,53.0,50.5,51.45,1509223.0,PAMP
2020-06-05,52.9,54.5,52.1,53.75,2755143.0,PAMP
2020-06-08,55.0,57.7,54.8,57.5,2884584.0,PAMP
2020-06-09,55.0,55.7,51.7,54.4,2057925.0,PAMP
2020-06-10,53.85,54.25,52.0,53.45,2434984.0,PAMP
2020-06-11,52.1,52.25,48.1,49.15,2279975.0,PAMP
2020-06-12,50.0,51.2,48.1,48.9,1331218.0,PAMP
2020-06-16,49.15,50.3,47.5,47.85,1785898.0,PAMP
2020-06-17,48.1,48.1,45.2,45.6,870137.0,PAMP
2020-06-18,44.8,44.8,42.5,42.9,941272.0,PAMP
2020-06-19,44.5,46.5,43.9,45.8,1491450.0,PAMP
2020-06-22,45.6,47.0,43.0,44.55,2390630.0,PAMP
2020-06-23,45.25,46.2,44.0,44.7,2591751.0,PAMP
2020-06-24,44.45,45.5,43.5,44.35,854240.0,PAMP
2020-06-25,45.3,48.15,45.3,47.7,1204207.0,PAMP
2020-06-26,48.0,48.0,45.0,45.4,1031294.0,PAMP
2020-06-29,45.7,47.0,44.5,45.7,1686261.0,PAMP
2020-06-30,45.4,45.9,44.3,45.2,1724805.0,PAMP
2020-07-01,45.5,48.0,45.3,47.15,645056.0,PAMP
2020-07-02,47.8,48.85,42.8,46.0,1252929.0,PAMP
2020-07-03,45.75,48.0,45.75,47.25,680215.0,PAMP
2020-07-06,49.55,51.55,49.5,50.6,2483829.0,PAMP
2020-07-07,50.0,50.7,48.4,49.9,1194052.0,PAMP
2020-07-08,50.2,51.5,50.1,50.9,816821.0,PAMP
2020-07-13,51.2,52.15,50.0,51.0,1985323.0,PAMP
2020-07-14,51.2,52.1,50.5,52.0,537316.0,PAMP
2020-07-15,52.5,52.95,51.8,52.8,740287.0,PAMP
2020-07-16,51.8,52.9,51.1,52.5,618622.0,PAMP
2020-07-17,52.35,53.05,50.6,51.7,1535297.0,PAMP
2020-07-20,51.7,53.15,51.3,52.55,1275492.0,PAMP
2020-07-21,53.15,55.8,53.1,54.6,1747535.0,PAMP
2020-07-22,54.85,57.85,53.3,56.8,1830073.0,PAMP
2020-07-23,57.0,59.5,55.2,56.5,1725020.0,PAMP
2020-07-24,55.95,57.75,54.35,57.7,2006821.0,PAMP
2020-07-27,58.0,58.6,55.5,55.8,2090878.0,PAMP
2020-07-28,55.75,57.3,54.0,55.3,1267873.0,PAMP
2020-07-29,55.05,55.9,53.05,53.7,934758.0,PAMP
2020-07-30,52.8,54.6,52.2,54.6,895149.0,PAMP
2020-07-31,54.55,54.9,53.5,54.0,697127.0,PAMP
2020-08-03,55.0,61.25,54.5,60.15,2586028.0,PAMP
2020-08-04,62.25,64.0,57.0,58.7,2797152.0,PAMP
2020-08-05,59.5,60.5,56.0,57.0,1121993.0,PAMP
2020-08-06,58.0,58.0,56.05,57.7,594711.0,PAMP
2020-08-07,57.5,59.0,56.85,58.85,694449.0,PAMP
2020-08-10,59.45,60.0,57.65,57.9,946900.0,PAMP
2020-08-11,57.9,58.5,56.75,57.3,1274313.0,PAMP
2020-08-12,57.2,58.15,55.1,56.1,1612761.0,PAMP
2020-08-13,56.0,58.7,55.35,57.0,1090342.0,PAMP
2020-08-14,57.9,58.1,56.2,57.0,797438.0,PAMP
2020-08-18,56.0,56.7,53.65,56.1,919052.0,PAMP
2020-08-19,54.85,58.4,54.85,58.0,995379.0,PAMP
2020-08-20,57.75,58.95,56.75,58.8,732985.0,PAMP
2020-08-21,58.8,61.55,56.7,58.85,1713043.0,PAMP
2020-08-24,58.85,59.45,56.7,58.45,1037357.0,PAMP
2020-08-25,56.3,58.9,56.3,58.0,922503.0,PAMP
2020-08-26,58.0,59.3,57.85,58.15,861225.0,PAMP
2020-08-27,59.0,59.6,56.45,57.4,768800.0,PAMP
2020-08-28,57.1,60.5,56.5,59.2,1219517.0,PAMP
2020-08-31,60.0,60.2,58.6,59.3,425065.0,PAMP
2020-09-01,58.1,60.0,58.1,59.8,533430.0,PAMP
2020-09-02,59.95,59.95,58.2,58.9,350612.0,PAMP
2020-09-03,57.85,59.85,57.0,58.35,491376.0,PAMP
2020-09-04,59.4,59.4,56.65,59.2,329212.0,PAMP
2020-09-07,59.0,59.0,58.0,58.6,130544.0,PAMP
2020-09-08,57.9,59.45,56.55,59.15,473978.0,PAMP
2020-09-09,59.9,61.0,59.0,60.4,557451.0,PAMP
2020-09-10,60.3,62.25,59.9,61.6,1349675.0,PAMP
2020-09-11,61.95,62.0,59.9,61.0,577762.0,PAMP
2020-09-14,61.5,61.5,58.5,59.85,535616.0,PAMP
2020-09-15,59.6,60.45,57.25,59.45,566944.0,PAMP
2020-09-16,58.3,58.4,54.9,57.0,758279.0,PAMP
2020-09-17,55.9,55.9,53.5,55.0,2332723.0,PAMP
2020-09-18,53.1,59.0,53.1,58.5,917509.0,PAMP
2020-09-21,58.3,59.9,56.3,58.0,924397.0,PAMP
2020-09-22,58.1,60.7,57.8,60.05,0.0,PAMP
2020-09-23,60.3,60.5,57.55,57.8,2702139.0,PAMP
2020-09-24,58.0,58.6,57.5,58.0,735853.0,PAMP
2020-09-25,58.5,60.65,57.1,59.35,305054.0,PAMP
2020-09-28,61.0,61.5,58.0,60.3,316800.0,PAMP
2020-09-29,59.1,60.95,58.6,60.9,433718.0,PAMP
2020-09-30,60.45,61.2,58.8,59.65,1171418.0,PAMP
2020-10-01,61.2,62.3,59.5,62.0,595320.0,PAMP
2020-10-02,61.5,65.0,60.5,64.5,738295.0,PAMP
2020-10-05,64.5,66.5,64.0,64.95,832395.0,PAMP
2020-10-06,65.1,67.4,62.5,62.5,908063.0,PAMP
2020-10-07,63.15,64.55,61.8,64.0,1206335.0,PAMP
2020-10-08,63.1,65.25,62.45,64.2,548574.0,PAMP
2020-10-09,64.8,67.3,64.0,66.75,652351.0,PAMP
2020-10-13,67.0,71.25,67.0,71.25,2272438.0,PAMP
2020-10-14,70.0,75.5,70.0,75.35,1211380.0,PAMP
2020-10-15,75.1,77.7,73.9,77.0,1261998.0,PAMP
2020-10-16,77.5,78.95,76.35,78.1,1079977.0,PAMP
2020-10-19,79.9,81.0,78.45,78.5,667504.0,PAMP
2020-10-20,78.55,81.3,77.4,81.1,1040131.0,PAMP
2020-10-21,81.3,82.3,78.5,80.0,646678.0,PAMP
2020-10-22,78.5,84.9,77.0,84.6,925141.0,PAMP
2020-10-23,84.3,86.0,80.0,85.0,659681.0,PAMP
2020-10-26,85.0,86.25,80.4,85.0,509188.0,PAMP
2020-10-27,80.0,84.7,77.0,77.65,963918.0,PAMP
2020-10-28,76.8,76.8,69.0,71.0,846423.0,PAMP
2020-10-29,69.0,72.0,68.7,71.95,332508.0,PAMP
2020-10-30,71.7,74.0,69.3,70.0,542799.0,PAMP
2020-11-02,73.0,75.1,72.4,75.0,258267.0,PAMP
2020-11-03,74.8,78.6,74.25,74.25,474134.0,PAMP
2020-11-04,75.1,78.0,75.1,77.3,254948.0,PAMP
2020-11-05,77.5,78.5,74.0,74.0,580193.0,PAMP
2020-11-06,76.0,79.35,75.3,78.8,171976.0,PAMP
2020-11-09,80.5,83.0,75.8,76.95,667755.0,PAMP
2020-11-10,76.95,81.6,76.5,78.5,503795.0,PAMP
2020-11-11,79.5,81.9,78.7,81.2,594454.0,PAMP
2020-11-12,81.0,82.1,77.6,78.1,397512.0,PAMP
2020-11-13,77.0,78.7,74.95,78.4,404626.0,PAMP
2020-11-16,78.8,82.0,76.0,80.7,398796.0,PAMP
2020-11-17,81.9,81.9,78.5,79.0,335742.0,PAMP
2020-11-18,78.95,82.7,78.1,78.65,607193.0,PAMP
2020-11-19,81.1,82.0,77.85,78.4,210029.0,PAMP
2020-11-20,79.95,82.0,78.6,79.55,333622.0,PAMP
2020-11-24,81.0,85.0,81.0,84.7,964518.0,PAMP
2020-11-25,83.5,85.0,82.8,83.0,593025.0,PAMP
2020-11-26,83.1,85.0,81.5,83.2,100062.0,PAMP
2020-11-27,81.5,84.45,81.1,83.2,355762.0,PAMP
2020-11-30,83.4,84.8,82.9,84.55,583143.0,PAMP
2020-12-01,84.5,85.4,83.0,83.3,614640.0,PAMP
2020-12-02,83.0,85.65,82.45,82.5,329902.0,PAMP
2020-12-03,83.9,84.5,82.75,82.8,575098.0,PAMP
2020-12-04,84.5,84.95,81.5,81.6,829232.0,PAMP
2020-12-09,81.5,81.5,75.2,76.8,343709.0,PAMP
2020-12-10,77.0,81.3,77.0,81.0,1134780.0,PAMP
2020-12-11,81.0,82.1,79.5,79.5,267859.0,PAMP
2020-12-14,80.05,81.95,80.0,80.9,407557.0,PAMP
2020-12-15,80.5,82.0,79.0,80.0,1943055.0,PAMP
2020-12-16,80.0,82.0,78.1,81.0,1631281.0,PAMP
2020-12-17,80.5,83.75,80.0,83.35,2091784.0,PAMP
2020-12-18,83.0,84.0,80.3,82.0,1042871.0,PAMP
2020-12-21,80.85,80.85,76.0,77.0,635843.0,PAMP
2020-12-22,78.5,79.45,75.0,75.05,798090.0,PAMP
2020-12-23,76.5,78.0,75.05,77.3,826928.0,PAMP
2020-12-28,77.0,77.3,74.0,74.0,851703.0,PAMP
2020-12-29,74.0,78.25,73.6,76.6,473017.0,PAMP
2020-12-30,76.6,78.9,75.9,76.9,817384.0,PAMP
2021-01-04,76.9,78.1,76.0,76.7,461899.0,PAMP
2021-01-05,76.65,78.9,76.2,78.3,496845.0,PAMP
2021-01-06,77.6,78.9,77.0,78.0,171109.0,PAMP
2021-01-07,76.6,80.4,76.6,79.95,399358.0,PAMP
2021-01-08,79.45,79.9,76.3,79.0,730961.0,PAMP
2021-01-11,76.7,77.2,73.8,75.5,245000.0,PAMP
2021-01-12,74.55,78.0,73.2,76.0,404189.0,PAMP
2021-01-13,76.05,78.0,75.5,77.5,250934.0,PAMP
2021-01-14,78.0,78.5,75.8,77.0,701816.0,PAMP
2021-01-15,77.1,78.1,75.4,78.1,300252.0,PAMP
2021-01-18,76.1,77.5,75.1,77.5,171933.0,PAMP
2021-01-19,76.1,79.0,76.1,78.8,533178.0,PAMP
2021-01-20,78.7,80.5,77.25,80.5,341453.0,PAMP
2021-01-21,78.1,80.1,75.5,76.3,609874.0,PAMP
2021-01-22,76.0,76.45,73.8,74.8,466879.0,PAMP
2021-01-25,75.7,77.5,73.8,75.0,449557.0,PAMP
2021-01-26,76.0,80.2,76.0,80.2,612770.0,PAMP
2021-01-27,80.1,82.2,77.8,80.6,565513.0,PAMP
2021-01-28,81.9,83.0,79.45,83.0,345512.0,PAMP
2021-01-29,83.0,83.5,77.5,79.0,139096.0,PAMP
2021-02-01,78.5,81.7,77.25,81.0,327769.0,PAMP
2021-02-02,81.25,83.8,80.5,80.6,943067.0,PAMP
2021-02-03,80.0,82.65,79.0,80.0,577877.0,PAMP
2021-02-04,79.0,83.75,78.4,83.65,212963.0,PAMP
2021-02-05,83.0,85.05,83.0,84.5,288843.0,PAMP
2021-02-08,84.4,85.2,83.5,85.0,248942.0,PAMP
2021-02-09,84.5,85.9,83.7,85.5,411516.0,PAMP
2021-02-10,86.0,86.0,83.2,84.4,377993.0,PAMP
2021-02-11,84.3,85.5,82.6,83.3,155781.0,PAMP
2021-02-12,82.1,85.25,82.1,85.2,416915.0,PAMP
2021-02-17,86.0,88.45,85.6,88.4,878285.0,PAMP
2021-02-18,89.0,89.95,83.9,85.4,350605.0,PAMP
2021-02-19,86.0,86.8,84.0,85.5,572395.0,PAMP
2021-02-22,85.0,85.0,81.7,82.5,504317.0,PAMP
2021-02-23,84.5,84.5,78.7,81.4,188833.0,PAMP
2021-02-24,81.0,83.45,81.0,82.0,326629.0,PAMP
2021-02-25,82.1,84.0,73.9,79.0,387630.0,PAMP
2021-02-26,78.3,82.45,77.75,77.8,288015.0,PAMP
2021-03-01,78.0,80.9,78.0,80.0,307471.0,PAMP
2021-03-02,80.0,82.7,78.65,79.5,395146.0,PAMP
2021-03-03,79.5,81.0,77.5,79.2,472615.0,PAMP
2021-03-04,78.0,83.9,78.0,82.0,552998.0,PAMP
2021-03-05,81.8,82.8,77.0,82.5,357870.0,PAMP
2021-03-08,82.0,83.0,80.2,80.7,371889.0,PAMP
2021-03-09,80.5,82.5,80.2,82.0,402485.0,PAMP
2021-03-10,82.0,82.9,80.8,82.5,554561.0,PAMP
2021-03-11,82.5,84.3,82.5,84.0,391043.0,PAMP
2021-03-12,82.0,87.25,82.0,86.3,596868.0,PAMP
2021-03-15,86.8,89.0,86.7,87.8,623810.0,PAMP
2021-03-16,87.05,89.45,86.8,87.5,560404.0,PAMP
2021-03-17,87.0,88.6,86.0,88.45,308270.0,PAMP
2021-03-18,88.45,88.95,86.5,87.5,494073.0,PAMP
2021-03-19,87.0,88.85,86.05,87.8,355164.0,PAMP
2021-03-22,87.0,89.0,86.7,88.5,389382.0,PAMP
2021-03-23,88.0,88.95,86.3,86.75,368874.0,PAMP
2021-03-25,85.2,87.3,82.1,84.0,389780.0,PAMP
2021-03-26,84.0,84.6,80.7,81.35,462548.0,PAMP
2021-03-29,80.0,86.0,79.0,85.2,371220.0,PAMP
2021-03-30,85.15,86.75,84.6,86.5,141396.0,PAMP
2021-03-31,86.5,88.1,85.15,86.0,564304.0,PAMP
2021-04-05,85.0,88.75,85.0,87.9,294721.0,PAMP
2021-04-06,87.9,90.55,87.0,90.4,472173.0,PAMP
2021-04-07,91.35,91.35,88.2,88.5,335946.0,PAMP
2021-04-08,89.5,89.5,87.1,87.6,221363.0,PAMP
2021-04-09,87.0,88.7,86.8,87.0,226945.0,PAMP
2021-04-12,87.0,89.0,86.2,88.55,419204.0,PAMP
2021-04-13,87.5,88.55,85.5,85.9,319020.0,PAMP
2021-04-14,85.5,87.0,84.6,84.85,250766.0,PAMP
2021-04-15,84.85,86.45,84.45,84.95,255515.0,PAMP
2021-04-16,85.0,88.15,84.7,87.7,597862.0,PAMP
2021-04-19,86.0,89.5,86.0,88.8,312771.0,PAMP
2021-04-20,88.9,89.3,86.6,87.3,599874.0,PAMP
2021-04-21,86.95,88.15,86.0,87.15,814410.0,PAMP
2021-04-22,87.15,88.2,86.0,86.2,215545.0,PAMP
2021-04-23,86.2,88.0,84.05,84.3,292794.0,PAMP
2021-04-26,84.0,84.3,82.3,83.05,298731.0,PAMP
2021-04-27,83.0,84.25,82.35,82.95,488652.0,PAMP
2021-04-28,83.9,85.85,83.9,85.75,448643.0,PAMP
2021-04-29,85.4,87.15,83.85,86.7,387262.0,PAMP
2021-04-30,86.45,86.45,83.0,84.0,272860.0,PAMP
2021-05-03,84.0,87.9,83.15,84.6,1419451.0,PAMP
2021-05-04,84.6,85.9,83.5,85.0,627035.0,PAMP
2021-05-05,84.2,87.35,84.2,86.5,405640.0,PAMP
2021-05-06,85.15,86.9,85.15,85.9,201099.0,PAMP
2021-05-07,86.5,91.5,86.4,90.85,545287.0,PAMP
2021-05-10,90.7,92.0,89.3,90.4,656833.0,PAMP
2021-05-11,91.0,91.25,88.75,89.75,209404.0,PAMP
2021-05-12,91.9,91.9,88.5,89.0,134065.0,PAMP
2021-05-13,89.9,95.0,89.9,95.0,377313.0,PAMP
2021-05-14,98.1,100.5,96.3,99.0,518814.0,PAMP
2021-05-17,98.3,98.3,95.5,95.85,533736.0,PAMP
2021-05-18,96.0,97.3,95.0,97.0,484016.0,PAMP
2021-05-19,94.5,97.45,94.5,96.55,606240.0,PAMP
2021-05-20,96.5,98.2,95.8,97.5,305509.0,PAMP
2021-05-21,97.5,98.7,96.55,96.7,628733.0,PAMP
2021-05-26,96.25,97.7,94.05,97.15,252982.0,PAMP
2021-05-27,98.5,98.5,96.0,96.55,283833.0,PAMP
2021-05-28,98.0,101.05,98.0,100.35,472540.0,PAMP
2021-05-31,100.4,101.45,98.0,98.3,91317.0,PAMP
2021-06-01,103.2,107.0,103.2,106.6,914478.0,PAMP
2021-06-02,107.8,113.0,106.0,110.85,748757.0,PAMP
2021-06-03,110.7,114.0,109.1,113.2,414890.0,PAMP
2021-06-04,113.95,114.25,110.15,113.8,1086191.0,PAMP
2021-06-07,116.15,120.0,115.25,117.05,735477.0,PAMP
2021-06-08,118.55,118.55,114.05,116.15,332958.0,PAMP
2021-06-09,116.0,118.0,115.0,115.45,1636665.0,PAMP
2021-06-10,118.0,118.0,114.0,114.15,745047.0,PAMP
2021-06-11,114.0,114.0,109.0,109.85,414284.0,PAMP
2021-06-14,110.4,112.95,110.4,112.2,163392.0,PAMP
2021-06-15,112.2,113.5,109.0,112.3,204487.0,PAMP
2021-06-16,113.6,113.75,111.5,113.35,247365.0,PAMP
2021-06-17,113.35,113.5,111.4,113.15,365530.0,PAMP
2021-06-18,112.8,112.8,109.75,110.05,242118.0,PAMP
2021-06-22,109.5,114.7,104.1,114.45,374192.0,PAMP
2021-06-23,114.85,114.85,110.2,111.05,387809.0,PAMP
2021-06-24,111.4,112.35,109.2,109.8,527657.0,PAMP
2021-06-25,105.0,106.7,103.25,104.35,973414.0,PAMP
2021-06-28,104.2,105.55,102.1,102.55,622977.0,PAMP
2021-06-29,102.85,104.0,100.1,100.9,419209.0,PAMP
2021-06-30,101.25,104.0,100.5,102.45,504752.0,PAMP
2021-07-01,102.9,104.05,101.85,102.1,144193.0,PAMP
2021-07-02,102.55,105.4,101.15,104.6,1617436.0,PAMP
2021-07-05,104.6,108.15,104.6,107.85,152824.0,PAMP
2021-07-06,109.0,109.45,104.2,105.0,308647.0,PAMP
2021-07-07,105.0,108.45,105.0,107.9,411111.0,PAMP
2021-07-08,106.0,109.3,105.0,108.75,252679.0,PAMP
2021-07-12,108.0,113.2,108.0,112.8,293126.0,PAMP
2021-07-13,113.2,114.0,111.0,113.15,546924.0,PAMP
2021-07-14,113.2,113.8,108.0,108.65,275442.0,PAMP
2021-07-15,109.95,109.95,106.75,107.6,331110.0,PAMP
2021-07-16,108.85,110.7,107.85,110.25,222395.0,PAMP
2021-07-19,106.4,110.8,104.8,109.1,199899.0,PAMP
2021-07-20,110.95,115.2,108.9,114.95,456349.0,PAMP
2021-07-21,115.05,118.0,115.05,116.0,532144.0,PAMP
2021-07-22,117.0,118.95,114.5,118.7,302815.0,PAMP
2021-07-23,118.0,119.0,115.5,116.0,333452.0,PAMP
2021-07-26,117.5,118.1,116.2,117.3,125437.0,PAMP
2021-07-27,117.3,119.95,116.2,119.6,181795.0,PAMP
2021-07-28,119.9,119.95,118.9,119.5,277244.0,PAMP
2021-07-29,119.9,120.9,119.05,119.95,248072.0,PAMP
2021-07-30,120.3,120.3,112.5,113.75,552081.0,PAMP
2021-08-02,114.0,114.0,110.55,111.85,538042.0,PAMP
2021-08-03,113.95,113.95,110.0,111.45,359236.0,PAMP
2021-08-04,113.6,113.6,108.6,109.65,411735.0,PAMP
2021-08-05,109.65,111.5,109.05,110.0,481785.0,PAMP
2021-08-06,111.95,112.0,109.85,110.85,384051.0,PAMP
2021-08-09,111.95,111.95,108.9,109.8,139296.0,PAMP
2021-08-10,109.8,113.0,109.5,112.55,505875.0,PAMP
2021-08-11,112.55,112.75,110.1,111.9,649712.0,PAMP
2021-08-12,112.0,114.0,111.0,113.45,343404.0,PAMP
2021-08-13,113.5,117.85,113.5,117.15,667920.0,PAMP
2021-08-17,114.95,115.0,111.0,112.6,215688.0,PAMP
2021-08-18,112.55,112.55,109.4,109.65,204809.0,PAMP
2021-08-19,108.9,110.7,107.25,109.95,293724.0,PAMP
2021-08-20,110.2,113.0,110.0,111.55,277900.0,PAMP
2021-08-23,114.45,114.45,111.25,112.9,261498.0,PAMP
2021-08-24,113.55,120.5,113.55,120.2,851056.0,PAMP
2021-08-25,120.2,122.0,119.15,120.7,382331.0,PAMP
2021-08-26,120.6,121.6,118.5,118.9,471691.0,PAMP
2021-08-27,122.75,126.0,121.1,124.15,1504749.0,PAMP
2021-08-30,124.1,131.6,124.1,131.0,1309908.0,PAMP
2021-08-31,132.0,133.0,128.0,129.8,899425.0,PAMP
2021-09-01,132.95,132.95,122.55,123.45,687554.0,PAMP
2021-09-02,124.35,127.0,121.1,123.05,263789.0,PAMP
2021-09-03,123.05,124.75,118.0,119.7,820891.0,PAMP
2021-09-06,119.7,123.75,117.0,122.95,249136.0,PAMP
2021-09-07,125.0,132.0,124.0,130.85,1126171.0,PAMP
2021-09-08,130.0,130.7,123.1,124.6,9331707.0,PAMP
2021-09-09,125.0,127.0,121.25,122.95,524069.0,PAMP
2021-09-10,123.5,124.95,119.5,120.45,712395.0,PAMP
2021-09-13,132.0,135.0,130.55,132.55,1870008.0,PAMP
2021-09-14,133.0,133.0,126.25,129.25,642111.0,PAMP
2021-09-15,129.0,130.0,124.0,128.45,519030.0,PAMP
2021-09-16,126.95,133.8,124.7,132.7,400639.0,PAMP
2021-09-17,134.0,134.0,128.5,129.2,514365.0,PAMP
2021-09-20,125.85,125.85,120.05,120.6,429194.0,PAMP
2021-09-21,120.6,127.75,120.6,124.8,425880.0,PAMP
2021-09-22,128.05,129.1,124.55,128.85,306291.0,PAMP
2021-09-23,128.95,130.5,126.75,127.9,264924.0,PAMP
2021-09-24,128.8,128.8,125.1,126.9,80620.0,PAMP
2021-09-27,127.0,129.0,125.6,128.4,462719.0,PAMP
2021-09-28,128.0,131.0,125.25,129.5,264032.0,PAMP
2021-09-29,131.1,137.0,131.1,136.05,494747.0,PAMP
2021-09-30,137.75,138.75,135.0,135.5,305684.0,PAMP
2021-10-01,135.05,136.95,133.5,134.55,103744.0,PAMP
2021-10-04,136.85,141.4,136.85,137.65,566428.0,PAMP
2021-10-05,139.1,140.55,139.1,139.35,353724.0,PAMP
2021-10-06,139.35,139.95,134.35,135.0,1050969.0,PAMP
2021-10-07,135.5,140.0,135.05,139.0,345110.0,PAMP
2021-10-12,145.95,153.0,145.95,149.65,834688.0,PAMP
2021-10-13,150.0,151.5,148.0,151.15,490557.0,PAMP
2021-10-14,152.5,155.2,152.5,152.75,789579.0,PAMP
2021-10-15,154.15,154.15,149.75,152.5,483012.0,PAMP
2021-10-18,152.45,156.85,151.05,153.2,573933.0,PAMP
2021-10-19,155.0,161.0,151.55,160.35,503093.0,PAMP
2021-10-20,160.35,164.7,160.0,163.45,1035728.0,PAMP
2021-10-21,163.0,164.15,157.05,164.0,856030.0,PAMP
2021-10-22,161.95,164.0,158.3,162.5,542719.0,PAMP
2021-10-25,163.0,169.25,162.5,163.75,882121.0,PAMP
2021-10-26,164.0,164.0,160.0,162.6,702442.0,PAMP
2021-10-27,162.65,162.65,151.0,154.05,733821.0,PAMP
2021-10-28,154.45,158.35,153.0,156.5,304849.0,PAMP
2021-10-29,155.6,156.2,150.5,152.15,676339.0,PAMP
2021-11-01,154.5,157.65,152.0,156.0,400587.0,PAMP
2021-11-02,155.0,158.0,152.95,156.45,697532.0,PAMP
2021-11-03,157.0,161.0,155.95,158.85,460327.0,PAMP
2021-11-04,158.95,158.95,152.35,153.65,614447.0,PAMP
2021-11-05,157.65,159.5,153.0,158.95,2461043.0,PAMP
2021-11-08,161.0,165.3,160.0,164.8,1236870.0,PAMP
2021-11-09,165.0,167.5,159.15,159.95,757420.0,PAMP
2021-11-10,162.6,164.35,158.5,159.25,722306.0,PAMP
2021-11-11,161.0,168.5,160.5,165.95,929829.0,PAMP
2021-11-12,167.95,168.95,156.0,163.6,974668.0,PAMP
2021-11-15,168.0,168.0,155.5,156.85,833910.0,PAMP
2021-11-16,161.0,161.0,150.0,152.4,397690.0,PAMP
2021-11-17,152.7,155.7,150.05,153.55,286703.0,PAMP
2021-11-18,153.5,163.0,151.0,161.15,409730.0,PAMP
2021-11-19,161.95,162.0,152.5,154.25,268508.0,PAMP
2021-11-23,154.0,155.0,142.0,154.4,245484.0,PAMP
2021-11-24,152.0,156.95,149.25,151.3,221586.0,PAMP
2021-11-25,150.05,151.5,150.0,150.85,97399.0,PAMP
2021-11-26,149.75,150.25,140.5,142.0,386453.0,PAMP
2021-11-29,145.1,146.45,140.7,141.5,151382.0,PAMP
2021-11-30,144.0,145.0,138.7,144.0,459621.0,PAMP
2021-12-01,145.05,161.9,145.05,160.8,771064.0,PAMP
2021-12-02,161.0,166.45,156.0,164.15,532318.0,PAMP
2021-12-03,165.0,166.7,158.0,162.0,358819.0,PAMP
2021-12-06,164.0,168.5,162.5,166.7,393303.0,PAMP
2021-12-07,170.0,170.4,164.25,165.85,451546.0,PAMP
2021-12-09,169.0,169.0,156.75,159.85,258111.0,PAMP
2021-12-10,160.0,162.4,156.0,157.05,265696.0,PAMP
2021-12-13,157.8,157.8,147.55,148.35,355498.0,PAMP
2021-12-14,149.0,152.5,146.0,146.5,289288.0,PAMP
2021-12-15,146.45,149.95,144.5,147.6,284766.0,PAMP
2021-12-16,148.0,155.0,148.0,153.75,378175.0,PAMP
2021-12-17,154.95,157.0,153.0,153.8,300990.0,PAMP
2021-12-20,154.2,158.0,149.0,154.5,280239.0,PAMP
2021-12-21,156.05,167.0,155.05,166.2,569485.0,PAMP
2021-12-22,166.0,167.45,160.0,162.25,307625.0,PAMP
2021-12-23,164.0,166.0,160.1,161.7,187020.0,PAMP
2021-12-27,164.95,164.95,158.05,158.95,427948.0,PAMP
2021-12-28,159.6,165.45,159.0,161.35,728834.0,PAMP
2021-12-29,164.95,165.7,159.55,163.75,393274.0,PAMP
2021-12-30,162.0,171.5,162.0,166.2,1642963.0,PAMP
2022-01-03,170.0,174.0,164.5,167.3,457787.0,PAMP
2022-01-04,170.0,170.0,162.95,166.3,146070.0,PAMP
2022-01-05,165.4,166.3,158.15,158.55,240165.0,PAMP
2022-01-06,158.4,161.45,152.0,159.25,201273.0,PAMP
2022-01-07,159.15,162.95,158.5,162.1,217437.0,PAMP
2022-01-10,162.1,162.95,156.05,158.15,308602.0,PAMP
2022-01-11,158.0,161.7,156.45,158.65,244960.0,PAMP
2022-01-12,159.95,162.0,158.95,161.95,184217.0,PAMP
2022-01-13,162.0,167.3,161.5,162.25,167013.0,PAMP
2022-01-14,165.8,165.8,159.8,161.45,102359.0,PAMP
2022-01-17,161.0,161.0,158.9,160.35,88355.0,PAMP
2022-01-18,159.2,160.95,155.2,156.85,245185.0,PAMP
2022-01-19,157.0,161.0,153.0,160.15,171334.0,PAMP
2022-01-20,161.0,166.75,160.0,164.85,209793.0,PAMP
2022-01-21,165.55,167.0,162.0,166.25,264458.0,PAMP
2022-01-24,164.5,167.0,162.5,163.8,487817.0,PAMP
2022-01-25,164.0,176.85,161.0,176.05,530737.0,PAMP
2022-01-26,175.5,177.0,172.0,174.15,511074.0,PAMP
2022-01-27,176.0,178.8,172.0,174.2,271807.0,PAMP
2022-01-28,178.0,186.75,172.05,176.55,428294.0,PAMP
2022-01-31,175.9,181.0,168.0,179.25,668666.0,PAMP
2022-02-01,178.35,183.0,172.0,182.15,338582.0,PAMP
2022-02-02,183.2,184.45,177.0,177.35,189148.0,PAMP
2022-02-03,179.95,179.95,171.0,172.95,285287.0,PAMP
2022-02-04,173.2,174.95,167.75,168.75,153394.0,PAMP
2022-02-07,170.5,174.45,167.3,169.25,254767.0,PAMP
2022-02-08,170.95,170.95,164.05,165.35,146286.0,PAMP
2022-02-09,167.0,167.45,163.5,163.95,99260.0,PAMP
2022-02-10,165.0,168.25,163.5,166.55,120662.0,PAMP
2022-02-11,167.0,182.5,165.05,175.1,672176.0,PAMP
2022-02-14,176.2,181.45,168.5,172.7,334386.0,PAMP
2022-02-15,176.0,176.0,168.4,169.3,439378.0,PAMP
2022-02-16,167.5,172.8,167.5,172.45,204346.0,PAMP
2022-02-17,174.5,176.0,172.0,173.65,244389.0,PAMP
2022-02-18,176.5,176.5,167.0,169.1,208481.0,PAMP
2022-02-21,170.0,173.0,167.65,171.0,97453.0,PAMP
2022-02-22,170.6,172.9,169.25,170.5,240669.0,PAMP
2022-02-23,171.0,175.0,165.3,173.35,758319.0,PAMP
2022-02-24,168.0,169.5,163.0,169.0,501082.0,PAMP
2022-02-25,170.0,172.8,170.0,171.65,668537.0,PAMP
2022-03-02,180.2,196.0,180.2,189.8,1347729.0,PAMP
2022-03-03,192.0,195.8,185.65,194.6,818454.0,PAMP
2022-03-04,195.0,198.6,186.3,191.55,320824.0,PAMP
2022-03-07,194.0,197.8,188.0,191.0,382885.0,PAMP
2022-03-08,192.0,196.1,181.3,183.45,505199.0,PAMP
2022-03-09,184.3,187.0,178.55,179.15,338850.0,PAMP
2022-03-10,179.95,187.8,177.45,187.0,379367.0,PAMP
2022-03-11,192.0,192.0,175.0,177.15,819719.0,PAMP
2022-03-14,174.0,175.0,162.5,163.35,974933.0,PAMP
2022-03-15,162.9,163.0,159.0,159.75,765419.0,PAMP
2022-03-16,162.05,167.65,159.4,163.4,717074.0,PAMP
2022-03-17,167.25,169.8,164.0,168.95,739310.0,PAMP
2022-03-18,170.85,170.85,167.2,168.35,347925.0,PAMP
2022-03-21,168.15,175.0,168.15,173.75,607258.0,PAMP
2022-03-22,176.75,178.95,175.5,177.5,615134.0,PAMP
2022-03-23,179.25,182.7,178.65,179.4,797247.0,PAMP
2022-03-25,182.2,185.0,180.0,182.6,401910.0,PAMP
2022-03-28,182.75,184.9,178.8,180.2,211588.0,PAMP
2022-03-29,180.5,180.5,172.45,172.95,276915.0,PAMP
2022-03-30,172.95,177.1,172.75,176.8,180380.0,PAMP
2022-03-31,177.05,181.95,177.05,181.05,334697.0,PAMP
2022-04-01,183.95,186.55,180.45,181.15,262871.0,PAMP
2022-04-04,185.0,188.0,181.0,181.85,761244.0,PAMP
2022-04-05,183.3,187.0,180.25,180.5,704092.0,PAMP
2022-04-06,177.5,180.0,173.65,177.75,665364.0,PAMP
2022-04-07,181.2,181.2,174.8,178.35,332104.0,PAMP
2022-04-08,180.0,186.6,179.0,184.2,282976.0,PAMP
2022-04-11,183.0,183.6,178.0,179.65,416000.0,PAMP
2022-04-12,182.9,182.9,179.5,182.05,343994.0,PAMP
2022-04-13,183.95,184.75,180.0,184.5,246160.0,PAMP
2022-04-18,187.6,190.75,181.0,181.55,542090.0,PAMP
2022-04-19,183.05,191.45,183.05,190.95,862104.0,PAMP
2022-04-20,191.0,192.95,185.8,191.5,311991.0,PAMP
2022-04-21,191.0,192.95,185.0,186.7,588544.0,PAMP
2022-04-22,186.7,190.1,185.0,189.05,219659.0,PAMP
2022-04-25,186.75,189.0,179.8,188.5,552558.0,PAMP
2022-04-26,189.0,189.0,183.0,184.6,493411.0,PAMP
2022-04-27,185.5,188.0,183.35,187.8,407134.0,PAMP
2022-04-28,188.0,188.0,183.15,184.1,291191.0,PAMP
2022-04-29,184.25,187.0,177.65,178.05,442736.0,PAMP
2022-05-02,174.0,175.15,172.25,174.65,429132.0,PAMP
2022-05-03,176.1,178.8,174.0,178.2,370680.0,PAMP
2022-05-04,178.2,178.25,173.2,177.2,341816.0,PAMP
2022-05-05,175.7,175.7,167.5,170.3,831553.0,PAMP
2022-05-06,170.5,173.0,168.0,171.9,167817.0,PAMP
2022-05-09,167.0,168.0,161.0,162.3,515425.0,PAMP
2022-05-10,164.1,170.0,161.9,169.0,308108.0,PAMP
2022-05-11,170.5,175.9,170.5,175.75,286877.0,PAMP
2022-05-12,170.0,178.95,170.0,173.45,282794.0,PAMP
2022-05-13,176.5,182.5,176.0,181.1,405009.0,PAMP
2022-05-16,185.85,186.0,180.25,184.05,284936.0,PAMP
2022-05-17,185.0,189.5,183.85,185.75,333567.0,PAMP
2022-05-19,185.65,185.65,180.0,180.85,262872.0,PAMP
2022-05-20,184.0,184.75,177.4,181.2,148836.0,PAMP
2022-05-23,182.8,187.15,182.8,185.75,222984.0,PAMP
2022-05-24,189.25,195.0,187.5,194.85,383543.0,PAMP
2022-05-26,202.0,208.25,195.0,206.85,932221.0,PAMP
2022-05-27,206.85,208.0,201.0,201.85,342834.0,PAMP
2022-05-30,201.0,203.0,199.0,199.55,115084.0,PAMP
2022-05-31,199.75,205.0,197.0,200.85,341471.0,PAMP
2022-06-01,201.0,202.0,193.9,195.6,128667.0,PAMP
2022-06-02,193.5,198.0,192.1,194.75,216904.0,PAMP
2022-06-03,194.5,198.6,193.0,196.65,157679.0,PAMP
2022-06-06,199.0,199.7,191.1,193.55,541513.0,PAMP
2022-06-07,194.0,196.85,191.05,196.3,252520.0,PAMP
2022-06-08,196.3,196.85,192.5,193.3,166214.0,PAMP
2022-06-09,193.65,200.0,190.15,194.7,209002.0,PAMP
2022-06-10,195.2,196.5,185.3,192.8,422829.0,PAMP
2022-06-13,189.0,198.15,186.55,194.55,359905.0,PAMP
2022-06-14,194.55,196.75,190.85,194.45,172005.0,PAMP
2022-06-15,196.0,199.8,193.55,197.35,501470.0,PAMP
2022-06-16,193.25,197.8,191.15,194.4,215259.0,PAMP
2022-06-21,192.5,196.25,188.85,193.05,328155.0,PAMP
2022-06-22,194.2,194.85,188.85,193.7,250076.0,PAMP
2022-06-23,193.7,195.0,184.0,187.55,245562.0,PAMP
2022-06-24,186.1,191.5,182.1,186.25,454431.0,PAMP
2022-06-27,194.0,210.0,193.15,209.6,735951.0,PAMP
2022-06-28,208.55,214.95,206.8,209.55,472311.0,PAMP
2022-06-29,213.0,213.45,203.0,207.2,211862.0,PAMP
2022-06-30,206.0,211.8,202.3,206.9,422008.0,PAMP
2022-07-01,207.0,218.5,206.0,216.75,422025.0,PAMP
2022-07-04,216.55,220.0,205.0,218.4,449458.0,PAMP
2022-07-05,216.05,226.0,206.0,218.85,590023.0,PAMP
2022-07-06,219.5,223.95,211.15,222.5,778631.0,PAMP
2022-07-07,224.0,247.3,224.0,246.5,745780.0,PAMP
2022-07-08,241.3,256.5,239.85,255.7,512564.0,PAMP
2022-07-11,256.95,256.95,241.6,248.7,439318.0,PAMP
2022-07-12,249.0,251.5,242.0,245.95,578626.0,PAMP
2022-07-13,247.0,250.0,243.55,247.7,189411.0,PAMP
2022-07-14,243.5,246.4,240.0,242.95,417392.0,PAMP
2022-07-15,242.0,253.85,240.0,253.0,408365.0,PAMP
2022-07-18,255.25,259.6,255.0,256.1,252602.0,PAMP
2022-07-19,257.6,264.8,257.6,261.5,328450.0,PAMP
2022-07-20,262.0,264.65,255.0,256.85,431858.0,PAMP
2022-07-21,255.6,271.8,252.5,270.55,522593.0,PAMP
2022-07-22,272.0,272.0,261.1,268.25,600567.0,PAMP
2022-07-25,266.0,282.7,266.0,280.35,495621.0,PAMP
2022-07-26,282.0,291.25,279.6,287.2,225984.0,PAMP
2022-07-27,291.85,301.0,280.5,298.15,508435.0,PAMP
2022-07-28,300.0,311.0,287.8,298.75,830021.0,PAMP
2022-07-29,298.7,301.0,277.1,277.75,880442.0,PAMP
2022-08-01,277.1,277.1,261.5,269.0,579197.0,PAMP
2022-08-02,273.0,275.0,264.0,265.65,576563.0,PAMP
2022-08-03,275.9,279.6,264.0,276.4,278253.0,PAMP
2022-08-04,277.0,283.6,275.05,279.85,417356.0,PAMP
2022-08-05,279.85,284.95,275.0,275.25,282505.0,PAMP
2022-08-08,285.75,285.9,276.8,284.5,322906.0,PAMP
2022-08-09,282.1,285.3,278.1,280.7,174255.0,PAMP
2022-08-10,281.1,287.65,276.3,280.0,540195.0,PAMP
2022-08-11,284.6,286.6,277.0,281.05,322513.0,PAMP
2022-08-12,273.65,282.8,269.0,280.45,545812.0,PAMP
2022-08-16,277.45,278.45,268.0,272.4,538222.0,PAMP
2022-08-17,272.0,278.0,271.0,277.4,362651.0,PAMP
2022-08-18,278.0,297.9,278.0,297.25,761633.0,PAMP
2022-08-19,291.8,295.0,282.6,292.85,452671.0,PAMP
2022-08-22,290.0,292.75,288.05,290.9,150441.0,PAMP
2022-08-23,293.5,298.95,290.0,298.4,553045.0,PAMP
2022-08-24,298.9,314.6,298.15,312.3,421408.0,PAMP
2022-08-25,315.0,317.0,306.85,315.1,517675.0,PAMP
2022-08-26,313.0,317.8,302.05,309.55,452163.0,PAMP
2022-08-29,309.0,313.05,302.85,306.95,820231.0,PAMP
2022-08-30,300.65,301.05,294.1,297.6,420328.0,PAMP
2022-08-31,297.9,298.95,287.0,288.1,548647.0,PAMP
2022-09-01,284.95,291.15,280.0,284.0,313978.0,PAMP
2022-09-05,285.0,300.0,280.0,294.7,109292.0,PAMP
2022-09-06,289.0,292.0,282.5,287.9,264000.0,PAMP
2022-09-07,288.0,297.95,285.45,295.55,503998.0,PAMP
2022-09-08,292.0,298.95,290.0,295.35,262563.0,PAMP
2022-09-09,299.95,301.75,293.05,300.6,410699.0,PAMP
2022-09-12,304.3,312.0,296.0,300.5,470799.0,PAMP
2022-09-13,300.5,303.2,289.5,291.95,393152.0,PAMP
2022-09-14,300.0,304.0,291.5,303.3,388230.0,PAMP
2022-09-15,305.0,305.5,296.0,301.15,299117.0,PAMP
2022-09-16,297.6,305.3,292.25,304.15,224710.0,PAMP
2022-09-19,308.05,316.9,296.15,316.7,713528.0,PAMP
2022-09-20,317.9,317.9,302.0,307.4,349562.0,PAMP
2022-09-21,311.0,312.5,304.0,308.0,288168.0,PAMP
2022-09-22,305.6,314.6,303.0,311.75,304624.0,PAMP
2022-09-23,302.25,302.25,291.2,294.85,778853.0,PAMP
2022-09-26,291.0,295.5,278.0,279.85,606681.0,PAMP
2022-09-27,280.0,286.0,273.1,275.25,380059.0,PAMP
2022-09-28,276.55,287.05,275.55,285.2,547690.0,PAMP
2022-09-29,281.45,289.0,277.0,284.9,563476.0,PAMP
2022-09-30,288.65,288.65,281.0,283.45,392714.0,PAMP
2022-10-03,291.6,299.85,290.7,298.2,608315.0,PAMP
2022-10-04,300.0,307.45,292.0,295.55,507869.0,PAMP
2022-10-05,295.45,303.5,288.0,300.05,435952.0,PAMP
2022-10-06,301.5,303.0,296.6,300.0,384550.0,PAMP
2022-10-11,300.0,300.0,278.85,279.85,448399.0,PAMP
2022-10-12,284.1,284.65,273.2,274.35,500996.0,PAMP
2022-10-13,273.2,288.75,273.15,288.2,530375.0,PAMP
2022-10-14,288.75,288.75,275.2,280.95,250673.0,PAMP
2022-10-17,289.9,289.9,282.0,284.15,361896.0,PAMP
2022-10-18,284.1,285.0,277.0,282.8,204107.0,PAMP
2022-10-19,282.75,283.7,277.0,282.25,206759.0,PAMP
2022-10-20,290.0,290.0,278.95,282.15,268708.0,PAMP
2022-10-21,288.0,289.4,281.0,287.05,474088.0,PAMP
2022-10-24,287.0,287.0,279.0,285.7,362911.0,PAMP
2022-10-25,285.6,301.95,285.0,301.1,561532.0,PAMP
2022-10-26,301.65,304.5,295.3,300.95,577858.0,PAMP
2022-10-27,302.0,316.0,301.0,310.65,807447.0,PAMP
2022-10-28,310.8,315.0,302.5,312.05,403204.0,PAMP
2022-10-31,315.0,315.0,305.8,312.25,603568.0,PAMP
2022-11-01,312.55,323.4,310.5,318.75,596560.0,PAMP
2022-11-02,316.7,320.0,307.05,308.4,357135.0,PAMP
2022-11-03,309.0,314.8,300.0,312.65,342037.0,PAMP
2022-11-04,318.05,318.95,310.5,316.45,235565.0,PAMP
2022-11-07,320.0,320.0,307.5,308.25,333835.0,PAMP
2022-11-08,312.0,321.0,307.5,319.6,371643.0,PAMP
2022-11-09,318.0,320.9,307.0,309.5,297215.0,PAMP
2022-11-10,319.8,319.8,306.0,311.05,326283.0,PAMP
2022-11-11,312.65,322.6,308.0,321.2,474626.0,PAMP
2022-11-14,319.95,336.9,318.5,332.95,787440.0,PAMP
2022-11-15,333.0,350.0,332.5,346.0,912205.0,PAMP
2022-11-16,351.0,357.0,338.0,340.6,522062.0,PAMP
2022-11-17,341.0,352.0,329.0,344.9,331233.0,PAMP
2022-11-18,340.8,355.0,340.8,350.75,328526.0,PAMP
2022-11-22,354.0,354.0,343.0,346.1,614356.0,PAMP
2022-11-23,355.0,355.0,342.0,346.6,589727.0,PAMP
2022-11-24,348.0,357.0,341.5,346.6,176927.0,PAMP
2022-11-25,349.0,358.95,346.0,356.75,678489.0,PAMP
2022-11-28,359.0,362.0,350.0,360.9,660073.0,PAMP
2022-11-29,360.0,376.0,357.0,374.95,441744.0,PAMP
2022-11-30,374.0,382.0,368.0,372.65,513999.0,PAMP
2022-12-01,372.0,383.2,370.0,380.1,446825.0,PAMP
2022-12-02,385.0,387.5,375.1,377.6,374483.0,PAMP
2022-12-05,376.0,386.8,360.25,362.35,704733.0,PAMP
2022-12-06,362.0,372.0,358.5,370.4,951748.0,PAMP
2022-12-07,372.0,385.0,372.0,375.65,956159.0,PAMP
2022-12-12,375.0,379.5,351.5,354.15,885635.0,PAMP
2022-12-13,368.5,368.5,345.35,348.65,407682.0,PAMP
2022-12-14,349.0,357.95,333.0,339.65,810701.0,PAMP
2022-12-15,340.0,343.0,336.75,340.0,594156.0,PAMP
2022-12-16,348.25,348.25,340.0,346.15,833204.0,PAMP
2022-12-19,343.5,370.0,343.5,368.05,1097370.0,PAMP
2022-12-20,370.0,385.4,367.5,382.75,157630.0,PAMP
2022-12-21,382.0,389.0,378.05,385.95,935540.0,PAMP
2022-12-22,385.95,398.1,372.0,395.8,724049.0,PAMP
2022-12-23,399.0,404.0,390.0,401.65,751412.0,PAMP
2022-12-26,404.0,415.0,402.0,413.9,259886.0,PAMP
2022-12-27,414.4,425.0,407.0,416.0,883310.0,PAMP
2022-12-28,417.0,436.9,417.0,428.15,713353.0,PAMP
2022-12-29,430.0,440.0,425.3,426.05,585490.0,PAMP
2022-12-30,426.0,440.7,410.0,439.9,164849.0,PAMP
2023-01-02,445.0,462.75,440.0,457.25,338470.0,PAMP
2023-01-03,447.0,454.5,428.05,430.65,1257282.0,PAMP
2023-01-04,435.0,441.0,425.0,435.85,601651.0,PAMP
2023-01-05,438.0,451.1,436.0,449.05,781736.0,PAMP
2023-01-06,449.0,467.5,443.0,453.6,1077940.0,PAMP
2023-01-09,456.0,465.0,442.95,448.55,632259.0,PAMP
2023-01-10,459.95,459.95,445.55,449.15,568950.0,PAMP
2023-01-11,458.0,493.0,449.8,483.8,1165265.0,PAMP
2023-01-12,480.0,500.0,462.5,485.65,1409571.0,PAMP
2023-01-13,480.0,495.55,475.0,487.9,936971.0,PAMP
2023-01-16,487.9,504.2,483.0,498.85,587923.0,PAMP
2023-01-17,505.0,515.75,498.0,509.75,690316.0,PAMP
2023-01-18,508.0,525.0,445.0,463.65,1031892.0,PAMP
2023-01-19,461.5,472.5,433.0,471.0,1396356.0,PAMP
2023-01-20,468.0,498.6,450.0,495.0,675265.0,PAMP
2023-01-23,490.0,511.0,490.0,500.55,707737.0,PAMP
2023-01-24,503.5,512.0,487.65,501.15,716316.0,PAMP
2023-01-25,507.5,519.05,487.0,516.55,642593.0,PAMP
2023-01-26,517.0,524.1,509.35,516.35,694268.0,PAMP
2023-01-27,525.0,525.0,498.0,501.2,604765.0,PAMP
2023-01-30,507.0,515.0,477.0,480.9,617888.0,PAMP
2023-01-31,485.0,503.25,480.0,497.5,310717.0,PAMP
2023-02-01,500.0,504.5,486.5,494.7,340930.0,PAMP
2023-02-02,496.0,510.0,487.0,491.35,363850.0,PAMP
2023-02-03,496.5,500.65,468.2,473.0,611780.0,PAMP
2023-02-06,473.0,485.0,460.0,480.15,435496.0,PAMP
2023-02-07,480.15,494.0,478.0,480.55,599964.0,PAMP
2023-02-08,495.45,495.45,475.0,492.8,655742.0,PAMP
2023-02-09,495.0,500.0,475.0,481.7,592207.0,PAMP
2023-02-10,483.0,491.95,479.65,488.0,182775.0,PAMP
2023-02-13,495.0,506.7,482.5,501.15,470247.0,PAMP
2023-02-14,508.4,514.7,498.1,502.25,534242.0,PAMP
2023-02-15,501.1,506.1,490.0,504.45,667538.0,PAMP
2023-02-16,508.0,515.0,499.05,503.75,365817.0,PAMP
2023-02-17,504.0,504.0,484.0,493.85,374708.0,PAMP
2023-02-22,494.5,495.0,472.9,478.75,360413.0,PAMP
2023-02-23,478.5,491.75,478.5,484.35,471199.0,PAMP
2023-02-24,485.0,494.0,475.0,484.95,189447.0,PAMP
2023-02-27,487.5,498.4,485.5,492.6,545648.0,PAMP
2023-02-28,493.0,501.0,478.0,487.4,449170.0,PAMP
2023-03-01,490.0,496.5,479.1,495.75,302683.0,PAMP
2023-03-02,496.0,499.0,480.35,481.7,377667.0,PAMP
2023-03-03,485.1,496.4,483.0,485.2,392027.0,PAMP
2023-03-06,485.2,506.95,483.0,506.25,458651.0,PAMP
2023-03-07,507.0,508.95,483.0,494.5,435828.0,PAMP
2023-03-08,497.5,503.95,490.0,498.5,206521.0,PAMP
2023-03-09,500.0,506.0,496.0,496.1,284759.0,PAMP
2023-03-10,499.5,504.0,466.5,470.5,657200.0,PAMP
2023-03-13,469.5,481.0,451.0,456.6,581938.0,PAMP
2023-03-14,467.05,474.0,451.5,455.95,571440.0,PAMP
2023-03-15,444.3,444.9,427.7,434.5,935249.0,PAMP
2023-03-16,435.0,460.0,430.0,459.75,626446.0,PAMP
2023-03-17,457.1,465.9,446.65,461.65,189245.0,PAMP
2023-03-20,458.0,465.0,451.5,455.0,321165.0,PAMP
2023-03-21,463.0,471.9,456.05,471.05,1032482.0,PAMP
2023-03-22,471.9,471.9,450.0,452.2,464028.0,PAMP
2023-03-23,455.0,459.5,434.6,441.0,712593.0,PAMP
2023-03-27,446.0,484.8,446.0,482.6,626535.0,PAMP
2023-03-28,484.0,512.0,477.5,509.4,714715.0,PAMP
2023-03-29,510.6,525.0,510.0,517.8,421210.0,PAMP
2023-03-30,520.0,529.0,509.0,524.2,370245.0,PAMP
2023-03-31,525.5,540.0,523.25,532.95,573674.0,PAMP
2023-04-03,535.0,563.0,535.0,561.2,493168.0,PAMP
2023-04-04,557.85,562.0,540.0,544.95,381458.0,PAMP
2023-04-05,550.0,556.55,533.7,551.05,778111.0,PAMP
2023-04-10,551.0,565.0,551.0,560.35,362805.0,PAMP
2023-04-11,565.0,572.0,552.0,553.8,647431.0,PAMP
2023-04-12,565.0,583.0,562.05,581.05,491939.0,PAMP
2023-04-13,583.0,598.5,580.5,596.75,574963.0,PAMP
2023-04-14,600.0,609.6,596.0,604.25,430650.0,PAMP
2023-04-17,604.9,620.0,591.0,617.75,687092.0,PAMP
2023-04-18,620.0,637.0,614.5,625.8,878450.0,PAMP
2023-04-19,624.5,624.5,603.0,608.95,1177310.0,PAMP
2023-04-20,602.8,619.45,580.0,614.9,593008.0,PAMP
2023-04-21,618.35,633.9,607.1,622.3,771022.0,PAMP
2023-04-24,626.0,652.15,626.0,648.05,918043.0,PAMP
2023-04-25,648.0,670.8,637.5,647.0,907830.0,PAMP
2023-04-26,639.7,650.65,617.0,649.75,886591.0,PAMP
2023-04-27,655.0,655.0,624.0,627.95,547539.0,PAMP
2023-04-28,627.0,631.35,603.0,625.7,654508.0,PAMP
2023-05-02,625.5,626.0,594.8,624.8,327236.0,PAMP
2023-05-03,626.0,628.7,592.8,595.6,412280.0,PAMP
2023-05-04,595.2,596.0,581.8,588.35,446557.0,PAMP
2023-05-05,589.1,629.0,589.1,623.45,560105.0,PAMP
2023-05-08,625.0,631.45,617.35,621.95,525933.0,PAMP
2023-05-09,622.0,643.85,622.0,626.35,496620.0,PAMP
2023-05-10,640.6,640.6,600.0,635.35,639173.0,PAMP
2023-05-11,634.7,662.95,626.7,658.95,716563.0,PAMP
2023-05-12,670.0,703.0,665.0,700.95,1283718.0,PAMP
2023-05-15,695.55,697.2,663.6,695.85,947975.0,PAMP
2023-05-16,692.0,696.65,680.0,682.2,872748.0,PAMP
2023-05-17,682.2,700.0,678.0,692.15,659994.0,PAMP
2023-05-18,693.9,702.25,672.1,700.15,887714.0,PAMP
2023-05-19,710.0,728.2,700.65,717.2,1075998.0,PAMP
2023-05-22,720.0,721.05,693.55,709.5,622357.0,PAMP
2023-05-23,708.0,742.15,705.6,718.65,680760.0,PAMP
2023-05-24,720.0,730.0,710.35,724.55,493817.0,PAMP
2023-05-29,726.0,748.5,716.0,740.15,332973.0,PAMP
2023-05-30,736.9,736.9,721.0,730.75,347034.0,PAMP
2023-05-31,733.55,733.55,705.4,726.1,513009.0,PAMP
2023-06-01,735.3,763.55,730.0,761.95,582301.0,PAMP
2023-06-02,762.1,777.05,756.0,767.6,464227.0,PAMP
2023-06-05,770.0,780.5,765.5,779.55,1641160.0,PAMP
2023-06-06,780.25,812.1,780.25,811.4,708935.0,PAMP
2023-06-07,804.0,825.0,791.0,795.5,1464388.0,PAMP
2023-06-08,800.0,814.95,778.0,789.5,443172.0,PAMP
2023-06-09,786.2,801.0,777.0,779.0,891877.0,PAMP
2023-06-12,781.35,796.0,770.0,777.75,358531.0,PAMP
2023-06-13,790.0,792.5,762.7,770.55,730514.0,PAMP
2023-06-14,775.0,780.0,760.0,768.75,370078.0,PAMP
2023-06-15,770.0,794.4,770.0,781.0,492787.0,PAMP
2023-06-16,793.8,835.95,780.0,831.1,1107247.0,PAMP
2023-06-21,850.0,894.1,850.0,891.2,972142.0,PAMP
2023-06-22,877.6,880.0,855.0,861.5,832410.0,PAMP
2023-06-23,875.0,889.0,866.0,872.1,726334.0,PAMP
2023-06-26,899.0,908.0,860.0,868.1,1189830.0,PAMP
2023-06-27,872.4,879.0,841.05,853.75,1097703.0,PAMP
2023-06-28,860.0,883.75,838.0,840.6,682964.0,PAMP
2023-06-29,846.7,868.0,837.0,861.35,407113.0,PAMP
2023-06-30,864.2,892.0,851.15,889.8,732738.0,PAMP
2023-07-03,890.0,915.0,870.05,885.25,1019500.0,PAMP
2023-07-04,887.0,910.0,886.0,897.85,340092.0,PAMP
2023-07-05,877.8,896.5,865.0,893.85,710427.0,PAMP
2023-07-06,890.95,890.95,841.05,842.3,504848.0,PAMP
2023-07-07,860.0,870.4,849.0,863.55,482327.0,PAMP
2023-07-10,865.95,868.95,844.0,850.95,945620.0,PAMP
2023-07-11,855.95,859.8,845.8,856.65,451172.0,PAMP
2023-07-12,870.3,894.5,870.3,893.65,672665.0,PAMP
2023-07-13,900.0,924.6,896.0,921.8,681123.0,PAMP
2023-07-14,920.15,927.7,902.05,925.85,700292.0,PAMP
2023-07-17,933.5,971.0,931.8,957.15,879931.0,PAMP
2023-07-18,970.0,995.0,943.1,946.4,1003796.0,PAMP
2023-07-19,957.8,957.8,915.0,926.25,1055619.0,PAMP
2023-07-20,930.0,950.0,925.0,934.45,582239.0,PAMP
2023-07-21,953.65,961.7,938.0,957.1,518147.0,PAMP
2023-07-24,962.3,963.0,941.5,950.35,685223.0,PAMP
2023-07-25,954.8,961.3,936.05,955.3,320638.0,PAMP
2023-07-26,956.0,975.0,946.0,950.4,382173.0,PAMP
2023-07-27,943.8,946.0,896.0,898.05,618072.0,PAMP
2023-07-28,905.0,926.55,900.6,903.7,542762.0,PAMP
2023-07-31,905.7,932.15,905.7,929.85,631089.0,PAMP
2023-08-01,944.35,970.0,944.35,959.95,1268120.0,PAMP
2023-08-02,939.0,956.0,936.0,942.6,513396.0,PAMP
2023-08-03,941.8,960.0,921.0,923.4,737132.0,PAMP
2023-08-04,930.0,970.0,930.0,943.75,789732.0,PAMP
2023-08-07,949.95,970.0,940.75,969.0,786803.0,PAMP
2023-08-08,972.0,1006.0,972.0,980.3,1075056.0,PAMP
2023-08-09,985.0,1026.8,983.15,989.0,776418.0,PAMP
2023-08-10,991.0,1036.5,983.0,1030.7,997874.0,PAMP
2023-08-11,1049.45,1086.0,1032.0,1082.6,976195.0,PAMP
2023-08-14,1071.0,1175.05,1021.0,1147.9,920442.0,PAMP
2023-08-15,1170.0,1269.95,1170.0,1259.95,1250827.0,PAMP
2023-08-16,1271.0,1336.65,1271.0,1298.05,1665017.0,PAMP
2023-08-17,1330.0,1337.7,1277.9,1332.5,989640.0,PAMP
2023-08-18,1333.0,1357.0,1310.25,1344.15,926624.0,PAMP
2023-08-22,1360.0,1407.5,1327.5,1404.7,691952.0,PAMP
2023-08-23,1393.0,1428.05,1372.1,1426.45,798001.0,PAMP
2023-08-24,1439.75,1445.75,1405.0,1417.1,668106.0,PAMP
2023-08-25,1432.0,1432.9,1375.95,1422.45,994470.0,PAMP
2023-08-28,1430.0,1506.45,1430.0,1500.95,667548.0,PAMP
2023-08-29,1494.0,1555.0,1494.0,1551.9,1064538.0,PAMP
2023-08-30,1555.0,1560.45,1486.0,1507.4,888223.0,PAMP
2023-08-31,1509.0,1516.1,1420.05,1429.1,789799.0,PAMP
2023-09-01,1440.5,1460.0,1400.0,1409.95,678652.0,PAMP
2023-09-04,1410.0,1485.0,1410.0,1430.15,320337.0,PAMP
2023-09-05,1385.2,1385.2,1338.0,1344.0,950679.0,PAMP
2023-09-06,1347.0,1365.25,1305.0,1307.8,769098.0,PAMP
2023-09-07,1271.35,1278.65,1201.8,1210.25,1491260.0,PAMP
2023-09-08,1200.0,1238.5,1138.95,1155.55,1389361.0,PAMP
2023-09-12,1122.0,1201.35,1122.0,1189.2,1652444.0,PAMP
2023-09-13,1185.0,1226.8,1168.1,1215.6,1448150.0,PAMP
2023-09-14,1220.0,1255.0,1217.0,1232.0,1215304.0,PAMP
2023-09-15,1232.0,1240.0,1191.0,1198.95,742005.0,PAMP
2023-09-18,1203.0,1246.65,1199.0,1242.0,994376.0,PAMP
2023-09-19,1250.0,1250.0,1215.0,1229.4,588646.0,PAMP
2023-09-20,1240.0,1246.65,1197.0,1200.2,636499.0,PAMP
2023-09-21,1190.0,1240.0,1185.1,1212.05,1154795.0,PAMP
2023-09-22,1214.0,1239.0,1209.0,1212.8,734293.0,PAMP
2023-09-25,1214.0,1221.5,1177.95,1188.85,737278.0,PAMP
2023-09-26,1200.0,1216.0,1185.0,1189.2,1271720.0,PAMP
2023-09-27,1206.0,1250.75,1204.0,1230.6,1075070.0,PAMP
2023-09-28,1259.0,1284.0,1239.0,1282.1,897789.0,PAMP
2023-09-29,1294.75,1297.9,1180.0,1209.4,1060080.0,PAMP
2023-10-02,1219.95,1252.0,1213.15,1226.75,941224.0,PAMP
2023-10-03,1227.0,1251.55,1200.0,1245.15,1203225.0,PAMP
2023-10-04,1258.95,1315.0,1226.5,1310.55,916866.0,PAMP
2023-10-05,1315.0,1339.15,1295.0,1317.0,1178612.0,PAMP
2023-10-06,1322.45,1394.8,1317.0,1336.3,1355462.0,PAMP
2023-10-09,1338.0,1420.0,1316.0,1367.9,896994.0,PAMP
2023-10-10,1400.0,1574.95,1385.0,1521.25,1755266.0,PAMP
2023-10-11,1530.0,1570.95,1416.45,1524.55,2498064.0,PAMP
2023-10-12,1550.0,1650.0,1524.55,1570.65,2984776.0,PAMP
2023-10-17,1600.0,1776.0,1578.0,1744.25,2999384.0,PAMP
2023-10-18,1785.0,1785.0,1657.05,1673.0,3007515.0,PAMP
2023-10-19,1644.0,1695.0,1580.0,1622.9,2435303.0,PAMP
2023-10-20,1685.0,1772.0,1623.0,1738.85,1820480.0,PAMP
2023-10-23,1650.0,1650.0,1510.0,1534.65,2415553.0,PAMP
2023-10-24,1580.0,1625.0,1400.0,1455.5,812025.0,PAMP
2023-10-25,1455.5,1498.0,1350.0,1483.4,1079135.0,PAMP
2023-10-26,1498.0,1549.6,1412.0,1443.0,557399.0,PAMP
2023-10-27,1430.0,1451.0,1342.0,1354.35,1059296.0,PAMP
2023-10-30,1382.95,1382.95,1265.0,1273.55,1387456.0,PAMP
2023-10-31,1260.0,1318.9,1249.7,1275.55,1224489.0,PAMP
2023-11-01,1300.0,1371.0,1285.0,1353.5,749291.0,PAMP
2023-11-02,1395.0,1408.05,1351.0,1374.9,1621440.0,PAMP
2023-11-03,1391.0,1405.6,1311.05,1333.85,1146307.0,PAMP
2023-11-07,1333.0,1333.0,1250.55,1260.4,762155.0,PAMP
2023-11-08,1251.0,1298.5,1215.65,1221.4,783428.0,PAMP
2023-11-09,1220.0,1304.9,1150.0,1248.9,931171.0,PAMP
2023-11-10,1287.5,1332.0,1270.0,1303.4,1060305.0,PAMP
2023-11-13,1303.0,1339.0,1258.0,1264.25,609020.0,PAMP
2023-11-14,1298.0,1318.0,1250.0,1294.35,815582.0,PAMP
2023-11-15,1288.0,1318.0,1250.0,1279.6,728056.0,PAMP
2023-11-16,1281.0,1281.4,1225.0,1232.0,872362.0,PAMP
2023-11-17,1230.0,1333.0,1225.0,1326.95,982072.0,PAMP
2023-11-21,1487.0,1651.0,1441.35,1613.85,2962291.0,PAMP
2023-11-22,1649.0,1799.0,1590.0,1687.8,2442520.0,PAMP
2023-11-23,1690.0,1855.0,1661.0,1806.55,808902.0,PAMP
2023-11-24,1855.0,1895.0,1760.0,1871.5,1663111.0,PAMP
2023-11-27,1850.0,1901.0,1679.2,1710.3,2579267.0,PAMP
2023-11-28,1701.0,1784.0,1555.0,1566.75,1145281.0,PAMP
2023-11-29,1570.0,1665.0,1536.0,1574.55,953408.0,PAMP
2023-11-30,1600.0,1645.0,1530.0,1633.4,697404.0,PAMP
2023-12-01,1630.0,1747.0,1601.5,1738.5,1166706.0,PAMP
2023-12-04,1750.0,1795.0,1644.4,1693.25,792829.0,PAMP
2023-12-05,1693.3,1812.15,1693.3,1806.85,970204.0,PAMP
2023-12-06,1807.0,1850.0,1716.5,1800.2,1096048.0,PAMP
2023-12-07,1842.0,1925.0,1775.0,1901.1,1404007.0,PAMP
2023-12-11,1925.0,1980.0,1855.7,1938.6,1507296.0,PAMP
2023-12-12,1975.0,2089.0,1910.0,2061.35,1478676.0,PAMP
2023-12-13,2089.0,2234.0,1977.0,2060.35,922712.0,PAMP
2023-12-14,2060.0,2130.0,1985.5,2029.6,820356.0,PAMP
2023-12-15,2017.0,2052.0,1914.95,1950.55,1135034.0,PAMP
2023-12-18,1950.55,1999.0,1875.0,1944.3,876690.0,PAMP
2023-12-19,1972.7,1995.0,1908.05,1939.9,1085029.0,PAMP
2023-12-20,1940.0,1969.0,1885.0,1912.15,988277.0,PAMP
2023-12-21,1949.0,2000.5,1856.55,1919.5,1181364.0,PAMP
2023-12-22,1947.0,1980.0,1878.0,1949.05,771238.0,PAMP
2023-12-26,1960.0,2000.0,1859.05,1881.25,752451.0,PAMP
2023-12-27,1881.5,1917.0,1786.5,1826.1,519151.0,PAMP
2023-12-28,1827.0,1887.2,1784.0,1864.05,1325540.0,PAMP
2023-12-29,1850.0,1938.0,1805.0,1931.6,1644386.0,PAMP
2024-01-02,1940.0,1959.0,1860.0,1915.35,612819.0,PAMP
2024-01-03,1920.0,2060.0,1835.0,2047.1,797695.0,PAMP
2024-01-04,2047.1,2148.95,2047.0,2140.5,1347116.0,PAMP
2024-01-05,2139.0,2223.3,2090.0,2208.6,897089.0,PAMP
2024-01-08,2210.0,2388.0,2150.0,2366.75,654494.0,PAMP
2024-01-09,2400.0,2450.0,2219.0,2243.95,794919.0,PAMP
2024-01-10,2255.0,2300.0,2200.0,2223.8,721843.0,PAMP
2024-01-11,2240.0,2318.95,2170.0,2180.7,567126.0,PAMP
2024-01-12,2185.0,2230.0,2120.0,2179.7,472053.0,PAMP
2024-01-15,2180.0,2245.5,2135.0,2241.35,514667.0,PAMP
2024-01-16,2242.0,2295.0,2164.0,2261.05,727648.0,PAMP
2024-01-17,2257.1,2450.0,2257.1,2400.0,1163455.0,PAMP
2024-01-18,2469.0,2500.0,2400.5,2404.35,806798.0,PAMP
2024-01-19,2420.0,2500.0,2380.0,2490.95,1096930.0,PAMP
2024-01-22,2520.0,2620.0,2502.5,2552.25,584486.0,PAMP
2024-01-23,2555.0,2625.0,2430.0,2441.55,1167478.0,PAMP
2024-01-24,2450.0,2574.0,2430.0,2551.65,835226.0,PAMP
2024-01-25,2575.0,2620.0,2545.0,2560.5,542163.0,PAMP
2024-01-26,2561.0,2562.0,2435.0,2466.5,856564.0,PAMP
2024-01-29,2466.0,2496.4,2347.7,2483.2,652376.0,PAMP
2024-01-30,2480.0,2575.0,2455.0,2504.2,440052.0,PAMP
2024-01-31,2504.2,2560.0,2400.0,2450.8,485981.0,PAMP
2024-02-01,2468.0,2560.0,2405.05,2552.55,662459.0,PAMP
2024-02-02,2570.0,2600.0,2496.0,2535.1,771186.0,PAMP
2024-02-05,2536.0,2570.0,2400.0,2440.3,591896.0,PAMP
2024-02-06,2461.0,2490.0,2326.95,2336.45,519678.0,PAMP
2024-02-07,2235.0,2325.0,2157.75,2211.8,1135097.0,PAMP
2024-02-08,2201.0,2226.0,2134.8,2197.65,596020.0,PAMP
2024-02-09,2197.65,2244.4,2133.0,2164.35,1245899.0,PAMP
2024-02-14,2198.45,2214.0,2061.5,2071.15,657924.0,PAMP
2024-02-15,2072.0,2127.5,2002.0,2012.1,771782.0,PAMP
2024-02-16,2013.0,2059.0,1880.0,1915.4,982981.0,PAMP
2024-02-19,1914.0,1999.0,1895.5,1933.7,696477.0,PAMP
2024-02-20,1935.0,1992.5,1801.0,1896.65,1122181.0,PAMP
2024-02-21,1898.0,1928.25,1850.0,1877.3,998506.0,PAMP
2024-02-22,1892.0,1960.0,1892.0,1909.4,1666620.0,PAMP
2024-02-23,1930.0,2007.3,1880.0,1997.6,905450.0,PAMP
2024-02-26,2025.0,2071.0,1900.0,1904.85,882920.0,PAMP
2024-02-27,1915.0,1933.25,1819.7,1833.95,797122.0,PAMP
2024-02-28,1830.0,1861.1,1760.1,1771.6,1728504.0,PAMP
2024-02-29,1755.0,1875.0,1755.0,1769.2,754758.0,PAMP
2024-03-01,1770.0,1865.0,1770.0,1862.9,1218912.0,PAMP
2024-03-04,1935.0,1992.0,1775.5,1785.15,1111555.0,PAMP
2024-03-05,1770.0,1827.0,1704.55,1708.55,830737.0,PAMP
2024-03-06,1724.0,1762.0,1681.8,1715.6,1003770.0,PAMP
2024-03-07,1700.0,1717.3,1610.0,1622.3,1596889.0,PAMP
2024-03-08,1638.0,1675.0,1607.55,1668.5,1916548.0,PAMP
2024-03-11,1700.0,1700.0,1584.65,1604.15,1609639.0,PAMP
2024-03-12,1609.0,1739.95,1609.0,1700.0,1903752.0,PAMP
2024-03-13,1740.0,1769.1,1650.5,1665.15,2302045.0,PAMP
2024-03-14,1661.0,1682.0,1636.1,1663.4,1328678.0,PAMP
2024-03-15,1670.0,1730.0,1648.0,1711.35,1534308.0,PAMP
2024-03-18,1725.0,1850.0,1683.0,1839.05,2953647.0,PAMP
2024-03-19,1850.0,1901.55,1810.0,1817.2,2910155.0,PAMP
2024-03-20,1830.0,1939.3,1830.0,1921.9,2567613.0,PAMP
2024-03-21,1955.0,1968.0,1887.6,1921.5,3024122.0,PAMP
2024-03-22,1918.15,1931.3,1870.0,1921.6,2258078.0,PAMP
2024-03-25,1950.0,1965.0,1850.0,1863.65,2118556.0,PAMP
2024-03-26,1864.0,1910.5,1820.1,1874.6,1185677.0,PAMP
2024-03-27,1900.0,1915.5,1873.1,1887.35,1792200.0,PAMP
2024-04-03,1889.5,1890.85,1820.0,1887.9,1649443.0,PAMP
2024-04-04,1924.0,1925.0,1839.0,1843.95,2574079.0,PAMP
2024-04-05,1870.0,1964.45,1860.0,1959.35,3814781.0,PAMP
2024-04-08,1950.0,2002.0,1893.0,1921.8,4714901.0,PAMP
2024-04-09,1934.0,1980.0,1894.0,1942.8,2987847.0,PAMP
2024-04-10,1942.0,1942.0,1870.5,1906.9,2455562.0,PAMP
2024-04-11,1906.0,1946.65,1876.0,1938.85,2728995.0,PAMP
2024-04-12,1940.0,1940.5,1893.0,1904.4,2082156.0,PAMP
2024-04-15,1904.5,1904.5,1798.0,1820.25,2417282.0,PAMP
2024-04-16,1819.95,1832.0,1771.0,1812.9,1548319.0,PAMP
2024-04-17,1812.0,1839.0,1765.1,1790.2,1461277.0,PAMP
2024-04-18,1812.0,1830.5,1770.0,1789.6,1668501.0,PAMP
2024-04-19,1802.0,1855.0,1785.0,1835.0,2264935.0,PAMP
2024-04-22,1879.0,1970.0,1845.0,1961.25,2658960.0,PAMP
2024-04-23,1975.0,1975.0,1901.0,1912.5,1866943.0,PAMP
2024-04-24,1887.35,1889.5,1835.5,1839.5,1784352.0,PAMP
2024-04-25,1849.75,1906.7,1815.6,1900.9,1796009.0,PAMP
2024-04-26,1900.0,1935.0,1895.0,1913.35,1489457.0,PAMP
2024-04-29,1915.4,1993.0,1915.4,1962.2,1145986.0,PAMP
2024-04-30,2000.0,2005.0,1932.05,1947.1,2515336.0,PAMP
2024-05-02,1999.0,2105.0,1961.0,2091.25,3003601.0,PAMP
2024-05-03,2105.0,2203.85,2105.0,2182.8,3613600.0,PAMP
2024-05-06,2195.0,2230.0,2160.1,2207.5,2952960.0,PAMP
2024-05-07,2220.0,2230.0,2123.55,2184.2,3363299.0,PAMP
2024-05-08,2194.0,2219.0,2130.0,2135.55,2010532.0,PAMP
2024-05-09,2125.0,2138.9,2084.65,2119.0,1169960.0,PAMP
2024-05-10,2130.0,2140.0,2030.0,2036.5,1067002.0,PAMP
2024-05-13,2030.0,2040.0,1949.0,1975.2,1610875.0,PAMP
2024-05-14,1980.0,2080.0,1980.0,2057.4,1454530.0,PAMP
2024-05-15,2099.9,2167.75,2085.0,2140.75,2129119.0,PAMP
2024-05-16,2138.0,2156.1,2110.0,2135.95,1317792.0,PAMP
2024-05-17,2140.0,2165.25,2111.5,2122.2,1678177.0,PAMP
2024-05-20,2112.55,2237.95,2090.0,2232.1,1286620.0,PAMP
2024-05-21,2251.1,2282.15,2201.5,2271.75,1874570.0,PAMP
2024-05-22,2266.0,2317.5,2244.0,2272.95,1977964.0,PAMP
2024-05-23,2273.1,2325.0,2210.0,2233.65,1100875.0,PAMP
2024-05-24,2229.0,2270.0,2212.45,2255.9,1510344.0,PAMP
2024-05-27,2256.0,2360.0,2255.0,2319.35,827416.0,PAMP
2024-05-28,2330.0,2388.0,2270.0,2366.9,1917241.0,PAMP
2024-05-29,2366.0,2374.95,2285.0,2361.6,1817459.0,PAMP
2024-05-30,2399.35,2448.0,2350.45,2445.0,2161807.0,PAMP
2024-05-31,2440.0,2500.0,2400.0,2468.7,1495994.0,PAMP
2024-06-03,2474.0,2500.0,2425.1,2466.4,1762066.0,PAMP
2024-06-04,2425.0,2468.0,2310.5,2332.3,1349625.0,PAMP
2024-06-05,2335.0,2353.4,2240.0,2323.95,1941752.0,PAMP
2024-06-06,2326.0,2333.0,2230.0,2276.5,1717684.0,PAMP
2024-06-07,2274.0,2294.0,2248.0,2287.85,1640664.0,PAMP
2024-06-10,2288.0,2420.0,2288.0,2408.85,1839295.0,PAMP
2024-06-11,2410.0,2410.0,2324.5,2350.8,1759383.0,PAMP
2024-06-12,2350.0,2404.0,2328.05,2353.1,2037269.0,PAMP
2024-06-13,2448.0,2448.0,2325.0,2417.75,5138565.0,PAMP
2024-06-14,2445.0,2445.0,2368.0,2411.55,2446134.0,PAMP
2024-06-18,2378.55,2378.55,2299.0,2318.5,2788363.0,PAMP
2024-06-19,2317.5,2378.0,2317.5,2371.05,824982.0,PAMP
2024-06-24,2330.0,2338.5,2280.0,2330.7,1274619.0,PAMP
2024-06-25,2325.0,2367.05,2315.0,2335.95,987525.0,PAMP
2024-06-26,2357.9,2374.35,2311.05,2358.4,1052405.0,PAMP
2024-06-27,2364.0,2450.0,2330.0,2447.25,1917647.0,PAMP
2024-06-28,2457.0,2477.45,2390.8,2408.75,1794993.0,PAMP
2024-07-01,2425.1,2438.0,2355.95,2424.4,1545602.0,PAMP
2024-07-02,2428.9,2499.0,2428.9,2463.85,1296031.0,PAMP
2024-07-03,2560.0,2633.0,2389.0,2413.15,2506146.0,PAMP
2024-07-04,2430.0,2479.0,2415.0,2456.95,688208.0,PAMP
2024-07-05,2455.0,2569.0,2455.0,2514.9,1949785.0,PAMP
2024-07-08,2560.15,2597.35,2518.0,2572.65,1095164.0,PAMP
2024-07-10,2580.0,2630.0,2520.0,2580.0,1939770.0,PAMP
2024-07-11,2585.0,2660.0,2570.0,2650.0,1596649.0,PAMP
2024-07-12,2650.0,2705.0,2625.0,2690.0,1319100.0,PAMP
2024-07-15,2665.0,2665.0,2350.0,2365.0,3990083.0,PAMP
2024-07-16,2365.0,2410.0,2220.0,2375.0,1644153.0,PAMP
2024-07-17,2385.0,2395.0,2295.0,2345.0,1297951.0,PAMP
2024-07-18,2400.0,2430.0,2355.0,2390.0,1208300.0,PAMP
2024-07-19,2400.0,2480.0,2400.0,2460.0,1008673.0,PAMP
2024-07-22,2420.0,2540.0,2420.0,2485.0,1132195.0,PAMP
2024-07-23,2480.0,2585.0,2460.0,2570.0,1338632.0,PAMP
2024-07-24,2580.0,2595.0,2505.0,2510.0,911016.0,PAMP
2024-07-25,2510.0,2515.0,2400.0,2415.0,1304675.0,PAMP
2024-07-26,2415.0,2500.0,2400.0,2430.0,418462.0,PAMP
2024-07-29,2475.0,2475.0,2325.0,2355.0,658155.0,PAMP
2024-07-30,2355.0,2355.0,2205.0,2230.0,1485012.0,PAMP
2024-07-31,2250.0,2370.0,2240.0,2345.0,1357499.0,PAMP
2024-08-01,2380.0,2390.0,2305.0,2355.0,854129.0,PAMP
2024-08-02,2360.0,2360.0,2260.0,2270.0,853143.0,PAMP
2024-08-05,2100.0,2270.0,2090.0,2265.0,4113540.0,PAMP
2024-08-06,2270.0,2345.0,2260.0,2310.0,975333.0,PAMP
2024-08-07,2340.0,2385.0,2280.0,2340.0,1719845.0,PAMP
2024-08-08,2455.0,2575.0,2455.0,2555.0,2005810.0,PAMP
2024-08-09,2555.0,2685.0,2545.0,2635.0,2699715.0,PAMP
2024-08-12,2640.0,2665.0,2580.0,2650.0,1278551.0,PAMP
2024-08-13,2630.0,2700.0,2580.0,2615.0,1854282.0,PAMP
2024-08-14,2590.0,2690.0,2555.0,2605.0,1951720.0,PAMP
2024-08-15,2630.0,2690.0,2620.0,2675.0,1537695.0,PAMP
2024-08-16,2675.0,2760.0,2675.0,2700.0,1558030.0,PAMP
2024-08-19,2710.0,2740.0,2660.0,2710.0,1408681.0,PAMP
2024-08-20,2730.0,2775.0,2690.0,2720.0,2095026.0,PAMP
2024-08-21,2740.0,2740.0,2640.0,2660.0,770805.0,PAMP
2024-08-22,2660.0,2665.0,2600.0,2615.0,914684.0,PAMP
2024-08-23,2610.0,2685.0,2610.0,2655.0,876769.0,PAMP
2024-08-26,2690.0,2690.0,2595.0,2630.0,917931.0,PAMP
2024-08-27,2635.0,2685.0,2625.0,2665.0,818415.0,PAMP
2024-08-28,2680.0,2715.0,2645.0,2695.0,697520.0,PAMP
2024-08-29,2705.0,2790.0,2700.0,2735.0,1228417.0,PAMP
2024-08-30,2800.0,2885.0,2800.0,2820.0,1748215.0,PAMP
2024-09-02,2835.0,2950.0,2835.0,2905.0,1823859.0,PAMP
2024-09-03,2830.0,2930.0,2800.0,2870.0,2221717.0,PAMP
2024-09-04,2885.0,2965.0,2875.0,2940.0,1377156.0,PAMP
2024-09-05,2960.0,3000.0,2855.0,2890.0,2053425.0,PAMP
2024-09-06,2900.0,2910.0,2770.0,2835.0,1057685.0,PAMP
2024-09-09,2850.0,2900.0,2820.0,2880.0,1027570.0,PAMP
2024-09-10,2880.0,2885.0,2800.0,2850.0,1443155.0,PAMP
2024-09-11,2860.0,2980.0,2860.0,2950.0,1482639.0,PAMP
2024-09-12,2950.0,3000.0,2905.0,2965.0,1603624.0,PAMP
2024-09-13,2960.0,2985.0,2935.0,2970.0,1448019.0,PAMP
2024-09-16,2900.0,2995.0,2900.0,2910.0,1552552.0,PAMP
2024-09-17,2910.0,2920.0,2865.0,2905.0,1682322.0,PAMP
2024-09-18,2935.0,2975.0,2865.0,2935.0,1407150.0,PAMP
2024-09-19,2995.0,3055.0,2990.0,3035.0,1919509.0,PAMP
2024-09-20,3035.0,3055.0,3000.0,3030.0,1148830.0,PAMP
2024-09-23,3050.0,3055.0,2925.0,2955.0,1056997.0,PAMP
2024-09-24,2985.0,3010.0,2930.0,2955.0,861056.0,PAMP
2024-09-25,2950.0,2990.0,2905.0,2925.0,962038.0,PAMP
2024-09-26,2950.0,2955.0,2850.0,2855.0,1004945.0,PAMP
2024-09-27,2885.0,2975.0,2875.0,2890.0,982085.0,PAMP
2024-09-30,2915.0,2980.0,2840.0,2970.0,1155327.0,PAMP
2024-10-01,2950.0,3045.0,2950.0,3030.0,1144439.0,PAMP
2024-10-02,3000.0,3095.0,2940.0,2955.0,1890249.0,PAMP
2024-10-03,2960.0,3070.0,2955.0,3055.0,902137.0,PAMP
2024-10-04,3070.0,3105.0,3030.0,3090.0,747944.0,PAMP
2024-10-07,3075.0,3090.0,2960.0,2975.0,861522.0,PAMP
2024-10-08,2980.0,3020.0,2955.0,3000.0,778852.0,PAMP
2024-10-09,3000.0,3085.0,2935.0,3050.0,1264222.0,PAMP
2024-10-10,3070.0,3090.0,3005.0,3015.0,748820.0,PAMP
2024-10-14,3085.0,3095.0,2990.0,3070.0,1235505.0,PAMP
2024-10-15,3070.0,3120.0,3020.0,3100.0,1987439.0,PAMP
2024-10-16,3085.0,3140.0,3045.0,3055.0,908525.0,PAMP
2024-10-17,3070.0,3245.0,3070.0,3225.0,2873076.0,PAMP
2024-10-18,3250.0,3265.0,3175.0,3250.0,982453.0,PAMP
2024-10-21,3280.0,3290.0,3220.0,3240.0,962767.0,PAMP
2024-10-22,3245.0,3290.0,3210.0,3230.0,730359.0,PAMP
2024-10-23,3260.0,3260.0,3115.0,3165.0,823866.0,PAMP
2024-10-24,3175.0,3240.0,3140.0,3235.0,846781.0,PAMP
2024-10-25,3250.0,3265.0,3185.0,3200.0,1365202.0,PAMP
2024-10-28,3190.0,3235.0,3075.0,3120.0,1783825.0,PAMP
2024-10-29,3155.0,3155.0,3070.0,3080.0,1577493.0,PAMP
2024-10-30,3100.0,3140.0,3080.0,3105.0,1108958.0,PAMP
2024-10-31,3110.0,3135.0,3050.0,3105.0,1180548.0,PAMP
2024-11-01,3145.0,3175.0,3085.0,3125.0,998971.0,PAMP
2024-11-04,3120.0,3160.0,3105.0,3135.0,1306753.0,PAMP
2024-11-05,3135.0,3220.0,3120.0,3210.0,1517920.0,PAMP
2024-11-06,3245.0,3300.0,3205.0,3220.0,1576795.0,PAMP
2024-11-07,3250.0,3315.0,3200.0,3250.0,1836168.0,PAMP
2024-11-08,3300.0,3330.0,3135.0,3245.0,2060923.0,PAMP
2024-11-11,3275.0,3305.0,3180.0,3300.0,1224181.0,PAMP
2024-11-12,3320.0,3400.0,3230.0,3360.0,1771204.0,PAMP
2024-11-13,3360.0,3465.0,3340.0,3435.0,2029485.0,PAMP
2024-11-14,3480.0,3500.0,3415.0,3475.0,2140584.0,PAMP
2024-11-15,3480.0,3600.0,3395.0,3415.0,3048988.0,PAMP
2024-11-19,3590.0,3650.0,3520.0,3560.0,2362209.0,PAMP
2024-11-20,3580.0,3650.0,3525.0,3625.0,1855776.0,PAMP
2024-11-21,3625.0,3715.0,3580.0,3650.0,2283578.0,PAMP
2024-11-22,3645.0,3780.0,3575.0,3730.0,1925691.0,PAMP
2024-11-25,3780.0,3870.0,3610.0,3710.0,2729796.0,PAMP
2024-11-26,3770.0,3780.0,3550.0,3730.0,1529755.0,PAMP
2024-11-27,3800.0,3800.0,3670.0,3730.0,1221608.0,PAMP
2024-11-28,3750.0,3790.0,3665.0,3775.0,609836.0,PAMP
2024-11-29,3800.0,3900.0,3735.0,3855.0,1195659.0,PAMP
2024-12-02,3930.0,3930.0,3755.0,3880.0,2705513.0,PAMP
2024-12-03,3895.0,3970.0,3820.0,3890.0,2079813.0,PAMP
2024-12-04,3890.0,3930.0,3720.0,3770.0,2062353.0,PAMP
2024-12-05,3770.0,3895.0,3615.0,3740.0,2528516.0,PAMP
2024-12-06,3750.0,3850.0,3610.0,3730.0,1440830.0,PAMP
2024-12-09,3730.0,3835.0,3710.0,3770.0,1285671.0,PAMP
2024-12-10,3800.0,3835.0,3680.0,3715.0,1328052.0,PAMP
2024-12-11,3720.0,3895.0,3695.0,3870.0,2150148.0,PAMP
2024-12-12,3900.0,3965.0,3800.0,3820.0,3241387.0,PAMP
2024-12-13,3820.0,3965.0,3800.0,3890.0,2479628.0,PAMP
2024-12-16,3895.0,4120.0,3895.0,4110.0,2869404.0,PAMP
2024-12-17,4120.0,4200.0,4075.0,4175.0,2377675.0,PAMP
2024-12-18,4200.0,4320.0,4050.0,4070.0,2550508.0,PAMP
2024-12-19,4080.0,4170.0,3930.0,3950.0,1676943.0,PAMP
2024-12-20,3950.0,4050.0,3690.0,4040.0,1956370.0,PAMP
2024-12-23,4070.0,4250.0,3960.0,4065.0,1195614.0,PAMP
2024-12-24,4100.0,4155.0,4065.0,4135.0,224222.0,PAMP
2024-12-26,4135.0,4275.0,4135.0,4215.0,1293492.0,PAMP
2024-12-27,4230.0,4260.0,4110.0,4190.0,1009322.0,PAMP
2024-12-30,4200.0,4220.0,4110.0,4165.0,1002901.0,PAMP
2025-01-02,4170.0,4450.0,4170.0,4385.0,2259748.0,PAMP
2025-01-03,4420.0,4510.0,4255.0,4445.0,1930097.0,PAMP
2025-01-06,4500.0,4560.0,4400.0,4500.0,1937570.0,PAMP
2025-01-07,4515.0,4635.0,4450.0,4555.0,2676185.0,PAMP
2025-01-08,4580.0,4580.0,4280.0,4470.0,2866124.0,PAMP
2025-01-09,4555.0,4645.0,4460.0,4575.0,1568067.0,PAMP
2025-01-10,4505.0,4630.0,4430.0,4530.0,2266661.0,PAMP
2025-01-13,4550.0,4590.0,4300.0,4305.0,1460511.0,PAMP
2025-01-14,4315.0,4490.0,4315.0,4465.0,1906781.0,PAMP
2025-01-15,4550.0,4580.0,4345.0,4420.0,1609267.0,PAMP
2025-01-16,4420.0,4460.0,4265.0,4290.0,1257453.0,PAMP
2025-01-17,4290.0,4325.0,4060.0,4080.0,2343509.0,PAMP
2025-01-20,4090.0,4185.0,4005.0,4045.0,888929.0,PAMP
2025-01-21,4100.0,4225.0,4040.0,4210.0,1806432.0,PAMP
2025-01-22,4210.0,4300.0,4165.0,4235.0,969983.0,PAMP
2025-01-23,4235.0,4245.0,4140.0,4175.0,916191.0,PAMP
2025-01-24,4075.0,4195.0,3865.0,4040.0,2106129.0,PAMP
2025-01-27,4030.0,4030.0,3780.0,3875.0,2234216.0,PAMP
2025-01-28,3895.0,3950.0,3680.0,3800.0,2894709.0,PAMP
2025-01-29,3800.0,4080.0,3725.0,4065.0,1787310.0,PAMP
2025-01-30,4110.0,4300.0,4100.0,4280.0,2024873.0,PAMP
2025-01-31,4350.0,4365.0,4200.0,4240.0,734240.0,PAMP
2025-02-03,4160.0,4160.0,4000.0,4080.0,1476549.0,PAMP
2025-02-04,4080.0,4180.0,4080.0,4150.0,728526.0,PAMP
2025-02-05,4150.0,4180.0,4015.0,4025.0,731211.0,PAMP
2025-02-06,4035.0,4125.0,3975.0,4055.0,1008141.0,PAMP
2025-02-07,4065.0,4120.0,3830.0,3890.0,1656106.0,PAMP
2025-02-10,3890.0,3955.0,3710.0,3775.0,2566650.0,PAMP
2025-02-11,3775.0,3840.0,3600.0,3650.0,2804060.0,PAMP
2025-02-12,3660.0,3825.0,3500.0,3720.0,2472248.0,PAMP
2025-02-13,3730.0,3875.0,3720.0,3855.0,916572.0,PAMP
2025-02-14,3880.0,3945.0,3800.0,3940.0,1159987.0,PAMP
2025-02-17,3850.0,3895.0,3660.0,3705.0,2437006.0,PAMP
2025-02-18,3720.0,3990.0,3720.0,3940.0,2080058.0,PAMP
2025-02-19,3950.0,4015.0,3900.0,3965.0,1054881.0,PAMP
2025-02-20,3965.0,4010.0,3865.0,3945.0,1134284.0,PAMP
2025-02-21,4000.0,4070.0,3900.0,3905.0,1813551.0,PAMP
2025-02-24,3990.0,3995.0,3795.0,3890.0,903348.0,PAMP
2025-02-25,3890.0,3935.0,3700.0,3775.0,1041759.0,PAMP
2025-02-26,3780.0,3830.0,3700.0,3720.0,1376920.0,PAMP
2025-02-27,3735.0,3780.0,3575.0,3610.0,1436658.0,PAMP
2025-02-28,3630.0,3815.0,3525.0,3745.0,1600317.0,PAMP
2025-03-05,3700.0,3820.0,3665.0,3800.0,894696.0,PAMP
2025-03-06,3850.0,3920.0,3725.0,3850.0,1461859.0,PAMP
2025-03-07,3900.0,3970.0,3715.0,3875.0,1040473.0,PAMP
2025-03-10,3785.0,3785.0,3570.0,3670.0,1577884.0,PAMP
2025-03-11,3705.0,3805.0,3645.0,3735.0,1797461.0,PAMP
2025-03-12,3815.0,4000.0,3815.0,3975.0,2330279.0,PAMP
2025-03-13,3935.0,4025.0,3845.0,3895.0,948257.0,PAMP
2025-03-14,3970.0,4095.0,3945.0,4080.0,1229367.0,PAMP
2025-03-17,4080.0,4150.0,4020.0,4030.0,1029330.0,PAMP
2025-03-18,3985.0,4005.0,3890.0,3945.0,1185548.0,PAMP
2025-03-19,3960.0,4145.0,3960.0,4130.0,1142765.0,PAMP
2025-03-20,4130.0,4160.0,4025.0,4115.0,856996.0,PAMP
2025-03-21,4170.0,4275.0,4110.0,4255.0,1087648.0,PAMP
2025-03-25,4300.0,4395.0,4255.0,4345.0,1167957.0,PAMP
2025-03-26,4390.0,4390.0,4240.0,4250.0,1100702.0,PAMP
2025-03-27,4270.0,4335.0,4170.0,4185.0,967378.0,PAMP
2025-03-28,4170.0,4205.0,4105.0,4145.0,775146.0,PAMP
2025-03-31,4100.0,4100.0,4000.0,4045.0,1663654.0,PAMP
2025-04-01,4060.0,4200.0,4060.0,4145.0,633208.0,PAMP
2025-04-03,3985.0,4050.0,3930.0,3940.0,1146242.0,PAMP
2025-04-04,3840.0,3840.0,3500.0,3660.0,1901338.0,PAMP
2025-04-07,3490.0,3750.0,3460.0,3510.0,2999378.0,PAMP
2025-04-08,3630.0,3735.0,3380.0,3425.0,3329524.0,PAMP
2025-04-09,3425.0,3950.0,3285.0,3620.0,2791411.0,PAMP
2025-04-10,3620.0,3670.0,3415.0,3560.0,1573347.0,PAMP
2025-04-11,3635.0,3830.0,3635.0,3730.0,1541366.0,PAMP
2025-04-14,4000.0,4095.0,3670.0,3855.0,3116783.0,PAMP
2025-04-15,3830.0,3840.0,3700.0,3740.0,1039821.0,PAMP
2025-04-16,3700.0,3780.0,3570.0,3615.0,1299347.0,PAMP
2025-04-21,3600.0,3600.0,3300.0,3360.0,1305654.0,PAMP
2025-04-22,3405.0,3595.0,3405.0,3570.0,1446643.0,PAMP
2025-04-23,3630.0,3750.0,3630.0,3660.0,2072830.0,PAMP
2025-04-24,3680.0,3840.0,3600.0,3640.0,1435786.0,PAMP
2025-04-25,3660.0,3745.0,3600.0,3650.0,914132.0,PAMP
2025-04-28,3680.0,3680.0,3475.0,3530.0,1033987.0,PAMP
2025-04-29,3585.0,3585.0,3475.0,3485.0,887591.0,PAMP
2025-04-30,3420.0,3485.0,3360.0,3385.0,957568.0,PAMP
2025-05-05,3380.0,3455.0,3310.0,3355.0,837722.0,PAMP
2025-05-06,3340.0,3480.0,3340.0,3465.0,897016.0,PAMP
2025-05-07,3495.0,3495.0,3290.0,3315.0,2377364.0,PAMP
2025-05-08,3320.0,3410.0,3280.0,3355.0,971149.0,PAMP
2025-05-09,3400.0,3540.0,3365.0,3495.0,1203350.0,PAMP
2025-05-12,3530.0,3770.0,3515.0,3745.0,3988687.0,PAMP
2025-05-13,3725.0,3930.0,3670.0,3875.0,2955530.0,PAMP
2025-05-14,3875.0,3910.0,3715.0,3880.0,1268019.0,PAMP
2025-05-15,3800.0,3880.0,3775.0,3830.0,2756389.0,PAMP
2025-05-16,3830.0,3900.0,3805.0,3860.0,1036408.0,PAMP
2025-05-19,3880.0,4060.0,3880.0,3960.0,1195154.0,PAMP
2025-05-20,3960.0,4005.0,3930.0,3945.0,1182167.0,PAMP
2025-05-21,3945.0,4015.0,3770.0,3805.0,2528896.0,PAMP
2025-05-22,3805.0,3860.0,3745.0,3765.0,1641331.0,PAMP
2025-05-23,3705.0,3830.0,3705.0,3805.0,576644.0,PAMP
2025-05-26,3805.0,3870.0,3790.0,3815.0,568366.0,PAMP
2025-05-27,3830.0,3845.0,3775.0,3810.0,721415.0,PAMP
2025-05-28,3795.0,3875.0,3710.0,3830.0,1107717.0,PAMP
2025-05-29,3830.0,3865.0,3710.0,3740.0,1104581.0,PAMP
2025-05-30,3740.0,3765.0,3660.0,3700.0,700899.0,PAMP
2025-06-02,3700.0,3755.0,3575.0,3585.0,553604.0,PAMP
2025-06-03,3575.0,3705.0,3575.0,3685.0,1105674.0,PAMP
2025-06-04,3675.0,3720.0,3445.0,3455.0,1733801.0,PAMP
2025-06-05,3500.0,3565.0,3475.0,3505.0,1141029.0,PAMP
2025-06-06,3500.0,3595.0,3450.0,3550.0,936932.0,PAMP
2025-06-09,3545.0,3560.0,3470.0,3500.0,902226.0,PAMP
2025-06-10,3515.0,3665.0,3515.0,3630.0,2256955.0,PAMP
2025-06-11,3650.0,3680.0,3555.0,3625.0,1330464.0,PAMP
2025-06-12,3685.0,3685.0,3600.0,3625.0,1075057.0,PAMP
2025-06-13,3675.0,3695.0,3495.0,3565.0,1061401.0,PAMP
2025-06-17,3500.0,3520.0,3430.0,3475.0,1584209.0,PAMP
2025-06-18,3475.0,3500.0,3405.0,3410.0,1317831.0,PAMP
2025-06-19,3450.0,3475.0,3400.0,3430.0,422307.0,PAMP
2025-06-23,3385.0,3390.0,3290.0,3360.0,1125163.0,PAMP
2025-06-24,3360.0,3485.0,3340.0,3425.0,1096933.0,PAMP
2025-06-25,3390.0,3410.0,3330.0,3350.0,903945.0,PAMP
2025-06-26,3400.0,3420.0,3365.0,3380.0,659035.0,PAMP
2025-06-27,3400.0,3420.0,3345.0,3390.0,568321.0,PAMP
2025-06-30,3400.0,3430.0,3280.0,3345.0,1289999.0,PAMP
2025-07-01,3345.0,3410.0,3330.0,3395.0,1090289.0,PAMP
2025-07-02,3425.0,3530.0,3415.0,3500.0,1023095.0,PAMP
2025-07-03,3525.0,3610.0,3525.0,3600.0,1016531.0,PAMP
2025-07-04,3640.0,3655.0,3550.0,3620.0,439124.0,PAMP
2025-07-07,3590.0,3590.0,3470.0,3545.0,1419396.0,PAMP
2025-07-08,3540.0,3815.0,3505.0,3780.0,2602954.0,PAMP
2025-07-10,3615.0,3680.0,3550.0,3605.0,2126643.0,PAMP
2025-07-11,3580.0,3580.0,3480.0,3495.0,1238760.0,PAMP
2025-07-14,3480.0,3735.0,3440.0,3705.0,5655616.0,PAMP
2025-07-15,3685.0,3770.0,3605.0,3715.0,4073853.0,PAMP
2025-07-16,3700.0,3700.0,3580.0,3590.0,1346766.0,PAMP
2025-07-17,3610.0,3710.0,3585.0,3635.0,2108137.0,PAMP
2025-07-18,3655.0,3750.0,3655.0,3695.0,1904531.0,PAMP
2025-07-21,3695.0,3735.0,3580.0,3585.0,1849734.0,PAMP
2025-07-22,3600.0,3660.0,3485.0,3520.0,2299096.0,PAMP
2025-07-23,3595.0,3695.0,3535.0,3670.0,2448903.0,PAMP
2025-07-24,3665.0,3805.0,3610.0,3780.0,1606766.0,PAMP
2025-07-25,3800.0,3890.0,3785.0,3840.0,2347421.0,PAMP
2025-07-28,3865.0,3920.0,3820.0,3875.0,2407260.0,PAMP
2025-07-29,3900.0,4120.0,3875.0,4070.0,2856262.0,PAMP
2025-07-30,4085.0,4185.0,3980.0,4110.0,2340603.0,PAMP
2025-07-31,4095.0,4195.0,4055.0,4115.0,2080753.0,PAMP
2025-08-01,4120.0,4120.0,3990.0,4065.0,994689.0,PAMP
2025-08-04,4040.0,4135.0,4030.0,4050.0,777640.0,PAMP
2025-08-05,4050.0,4200.0,4050.0,4180.0,1011967.0,PAMP
2025-08-06,4190.0,4440.0,4175.0,4385.0,2365581.0,PAMP
2025-08-07,4385.0,4400.0,4120.0,4135.0,3459763.0,PAMP
2025-08-08,4145.0,4205.0,3915.0,3980.0,2910404.0,PAMP
2025-08-11,4010.0,4090.0,3940.0,4000.0,1267892.0,PAMP
2025-08-12,4040.0,4165.0,3985.0,4045.0,1653710.0,PAMP
2025-08-13,4045.0,4150.0,3975.0,4030.0,1237554.0,PAMP
2025-08-14,4015.0,4015.0,3830.0,3910.0,2144766.0,PAMP
2025-08-18,3910.0,4000.0,3850.0,3900.0,1355825.0,PAMP
2025-08-19,3900.0,3930.0,3690.0,3700.0,2674627.0,PAMP
2025-08-20,3715.0,3800.0,3675.0,3715.0,1186807.0,PAMP
2025-08-21,3725.0,3815.0,3700.0,3755.0,1106168.0,PAMP
2025-08-22,3775.0,3900.0,3740.0,3750.0,1470166.0,PAMP
2025-08-25,3770.0,3770.0,3540.0,3610.0,3534866.0,PAMP
2025-08-26,3635.0,3715.0,3565.0,3685.0,1228974.0,PAMP
2025-08-27,3685.0,3685.0,3580.0,3590.0,1792269.0,PAMP
2025-08-28,3580.0,3780.0,3570.0,3675.0,2363164.0,PAMP
2025-08-29,3675.0,3675.0,3575.0,3645.0,797269.0,PAMP
2025-09-01,3600.0,3670.0,3505.0,3535.0,1487268.0,PAMP
2025-09-02,3565.0,3635.0,3490.0,3610.0,3092039.0,PAMP
2025-09-03,3520.0,3680.0,3520.0,3610.0,2606205.0,PAMP
2025-09-04,3610.0,3755.0,3565.0,3725.0,1803915.0,PAMP
2025-09-05,3680.0,3850.0,3630.0,3760.0,2310574.0,PAMP
2025-09-08,3452.5,3452.5,3205.0,3267.5,6327641.0,PAMP
2025-09-09,3320.0,3440.0,3297.5,3372.5,3959122.0,PAMP
2025-09-10,3370.0,3625.0,3370.0,3580.0,2739464.0,PAMP
2025-09-11,3615.0,3635.0,3510.0,3587.5,1639422.0,PAMP
2025-09-12,3600.0,3630.0,3455.0,3512.5,2029579.0,PAMP
2025-09-15,3500.0,3645.0,3470.0,3545.0,2221244.0,PAMP
2025-09-16,3570.0,3655.0,3555.0,3637.5,1877462.0,PAMP
2025-09-17,3640.0,3687.5,3580.0,3595.0,974648.0,PAMP
2025-09-18,3595.0,3610.0,3432.5,3507.5,5272037.0,PAMP
2025-09-19,3510.0,3590.0,3412.5,3572.5,5213160.0,PAMP
2025-09-22,3625.0,3900.0,3612.5,3677.5,3285181.0,PAMP
2025-09-23,3662.5,3745.0,3487.5,3680.0,2459351.0,PAMP
2025-09-24,3800.0,3830.0,3650.0,3677.5,2440517.0,PAMP
2025-09-25,3680.0,3680.0,3505.0,3572.5,1380235.0,PAMP
2025-09-26,3575.0,3720.0,3450.0,3637.5,3336005.0,PAMP
2025-09-29,3650.0,3700.0,3572.5,3597.5,1075585.0,PAMP
2025-09-30,3590.0,3695.0,3502.5,3682.5,2054408.0,PAMP
2025-10-01,3555.0,3757.5,3555.0,3660.0,1878899.0,PAMP
2025-10-02,3700.0,3760.0,3595.0,3750.0,1740926.0,PAMP
2025-10-03,3750.0,3795.0,3655.0,3707.5,1127964.0,PAMP
2025-10-06,3717.5,3720.0,3642.5,3680.0,1040384.0,PAMP
2025-10-07,3650.0,3750.0,3600.0,3730.0,1149498.0,PAMP
2025-10-08,3730.0,3787.5,3702.5,3772.5,1232710.0,PAMP
2025-10-09,3782.5,3955.0,3780.0,3825.0,2496165.0,PAMP
2025-10-13,3702.5,3915.0,3632.5,3890.0,1758063.0,PAMP
2025-10-14,3907.5,4010.0,3652.5,3770.0,2579246.0,PAMP
2025-10-15,3780.0,3990.0,3780.0,3857.5,2326132.0,PAMP
2025-10-16,3857.5,3915.0,3780.0,3847.5,1402027.0,PAMP
2025-10-17,3760.0,3940.0,3760.0,3927.5,1092358.0,PAMP
2025-10-20,3950.0,4017.5,3762.5,3770.0,2447039.0,PAMP
2025-10-21,3760.0,3917.5,3705.0,3822.5,3089501.0,PAMP
2025-10-22,3825.0,3897.5,3777.5,3865.0,3906637.0,PAMP
2025-10-23,3870.0,4007.5,3867.5,3892.5,2995410.0,PAMP
2025-10-24,3900.0,3990.0,3880.0,3920.0,2077751.0,PAMP
2025-10-27,4385.0,4815.0,4307.5,4522.5,6060442.0,PAMP
2025-10-28,4515.0,4780.0,4407.5,4620.0,4366571.0,PAMP
2025-10-29,4690.0,5000.0,4655.0,4915.0,5068109.0,PAMP
2025-10-30,4900.0,4905.0,4717.5,4847.5,2449523.0,PAMP
2025-10-31,4710.0,5270.0,4710.0,5155.0,3325437.0,PAMP
2025-11-03,5150.0,5530.0,5140.0,5410.0,4183454.0,PAMP
2025-11-04,5380.0,5445.0,5050.0,5350.0,2976904.0,PAMP
2025-11-05,5400.0,5460.0,5225.0,5270.0,2725668.0,PAMP
2025-11-06,5275.0,5280.0,5115.0,5170.0,772445.0,PAMP
2025-11-07,5200.0,5205.0,4650.0,5030.0,5356273.0,PAMP
2025-11-10,5060.0,5220.0,5060.0,5175.0,2817923.0,PAMP
2025-11-11,5250.0,5330.0,5120.0,5185.0,1913639.0,PAMP
2025-11-12,5230.0,5310.0,5180.0,5285.0,2194884.0,PAMP
2025-11-13,5290.0,5365.0,5055.0,5145.0,1584499.0,PAMP
2025-11-14,5185.0,5420.0,5020.0,5370.0,2303020.0,PAMP
2025-11-17,5370.0,5450.0,5225.0,5255.0,1349747.0,PAMP
2025-11-18,5270.0,5380.0,5080.0,5325.0,1321678.0,PAMP
2025-11-19,5255.0,5400.0,5225.0,5250.0,2022414.0,PAMP
2025-11-20,5250.0,5450.0,5155.0,5275.0,1090064.0,PAMP
2025-11-21,5300.0,5300.0,4997.5,5155.0,419662.0,PAMP
2025-11-25,5160.0,5335.0,5085.0,5300.0,1459451.0,PAMP
2025-11-26,5300.0,5450.0,5250.0,5445.0,1232867.0,PAMP
2025-11-27,5445.0,5505.0,5380.0,5415.0,740892.0,PAMP
2025-11-28,5500.0,5520.0,5370.0,5405.0,1356532.0,PAMP
2025-12-01,5405.0,5510.0,5350.0,5470.0,1380691.0,PAMP
2025-12-02,5500.0,5580.0,5410.0,5430.0,1342995.0,PAMP
2025-12-03,5525.0,5655.0,5445.0,5610.0,1150447.0,PAMP
2025-12-04,5670.0,5750.0,5545.0,5570.0,857098.0,PAMP
2025-12-05,5650.0,5670.0,5445.0,5455.0,964443.0,PAMP
2025-12-09,5500.0,5520.0,5330.0,5410.0,815773.0,PAMP
2025-12-10,5400.0,5595.0,5355.0,5475.0,786515.0,PAMP
2025-12-11,5470.0,5510.0,5260.0,5445.0,901446.0,PAMP
2025-12-12,5445.0,5500.0,5285.0,5395.0,653144.0,PAMP
2025-12-15,5415.0,5480.0,5345.0,5460.0,511467.0,PAMP
2025-12-16,5500.0,5570.0,5325.0,5470.0,703848.0,PAMP
2025-12-17,5520.0,5545.0,5410.0,5455.0,582374.0,PAMP
2025-12-18,5460.0,5595.0,5450.0,5485.0,1246102.0,PAMP
2025-12-19,5530.0,5550.0,5460.0,5495.0,820032.0,PAMP
2025-12-22,5510.0,5575.0,5450.0,5465.0,915626.0,PAMP
2025-12-23,5460.0,5560.0,5415.0,5435.0,614780.0,PAMP
2025-12-24,5470.0,5495.0,5400.0,5480.0,66384.0,PAMP
2025-12-26,5490.0,5515.0,5370.0,5375.0,671080.0,PAMP
2025-12-29,5400.0,5485.0,5330.0,5375.0,1165774.0,PAMP
2025-12-30,5390.0,5430.0,5235.0,5260.0,1232067.0,PAMP
2026-01-02,5385.0,5490.0,5230.0,5440.0,894068.0,PAMP
2026-01-05,5450.0,5450.0,5295.0,5365.0,863138.0,PAMP
2026-01-06,5380.0,5430.0,5215.0,5235.0,1271190.0,PAMP
2026-01-07,5230.0,5230.0,4975.0,5020.0,1366372.0,PAMP
2026-01-08,5020.0,5120.0,4930.0,5085.0,1452947.0,PAMP
2026-01-09,5150.0,5180.0,4990.0,5065.0,732573.0,PAMP
2026-01-12,5070.0,5160.0,4980.0,5070.0,1003637.0,PAMP
2026-01-13,5075.0,5150.0,4982.5,5050.0,1924108.0,PAMP
2026-01-14,5050.0,5100.0,4905.0,4935.0,1192587.0,PAMP
2026-01-15,4950.0,4965.0,4725.0,4792.5,1496746.0,PAMP
2026-01-16,4820.0,4902.5,4750.0,4792.5,640024.0,PAMP
2026-01-19,4790.0,4830.0,4727.5,4795.0,303974.0,PAMP
2026-01-20,4795.0,4955.0,4660.0,4905.0,1513533.0,PAMP
2026-01-21,4900.0,5050.0,4862.5,5010.0,1271419.0,PAMP
2026-01-22,5010.0,5100.0,4970.0,5035.0,1239698.0,PAMP
2026-01-23,5030.0,5130.0,5005.0,5080.0,926329.0,PAMP
2026-01-26,5085.0,5290.0,5025.0,5175.0,1579553.0,PAMP
2026-01-27,5200.0,5390.0,5200.0,5365.0,1266152.0,PAMP
2026-01-28,5380.0,5450.0,5250.0,5380.0,1284434.0,PAMP
2026-01-29,5360.0,5440.0,5200.0,5315.0,1038916.0,PAMP
2026-01-30,5310.0,5360.0,5200.0,5215.0,1377291.0,PAMP
2026-02-02,5215.0,5300.0,5010.0,5045.0,951382.0,PAMP
2026-02-03,5050.0,5115.0,4860.0,4970.0,874515.0,PAMP
2026-02-04,4970.0,5090.0,4852.5,4962.5,957091.0,PAMP
2026-02-05,4985.0,5050.0,4867.5,4920.0,642035.0,PAMP
2026-02-06,4920.0,5045.0,4900.0,4985.0,920322.0,PAMP
2026-02-09,4990.0,5095.0,4825.0,4962.5,704566.0,PAMP
2026-02-10,5000.0,5210.0,4857.5,5175.0,1524131.0,PAMP
2026-02-11,5300.0,5300.0,4990.0,5070.0,823134.0,PAMP
2026-02-12,5070.0,5150.0,4807.5,4852.5,886844.0,PAMP
2026-02-13,4850.0,4897.5,4752.5,4840.0,803179.0,PAMP
2026-02-18,4810.0,4840.0,4602.5,4635.0,648668.0,PAMP
2026-02-19,4635.0,4840.0,4575.0,4815.0,797239.0,PAMP
2026-02-20,4900.0,4900.0,4710.0,4802.5,726872.0,PAMP
2026-02-23,4800.0,4800.0,4560.0,4602.5,708104.0,PAMP
2026-02-24,4660.0,4762.5,4610.0,4742.5,1037412.0,PAMP
2026-02-25,4740.0,4795.0,4620.0,4745.0,697613.0,PAMP
2026-02-26,4650.0,4850.0,4622.5,4680.0,688744.0,PAMP
2026-02-27,4680.0,4777.5,4480.0,4495.0,840443.0,PAMP
2026-03-02,4550.0,4697.5,4530.0,4537.5,2344865.0,PAMP
2026-03-03,4550.0,4685.0,4152.5,4477.5,1999560.0,PAMP
2026-03-04,4500.0,4585.0,4420.0,4490.0,1386674.0,PAMP
2026-03-05,4490.0,4600.0,4465.0,4567.5,1065010.0,PAMP
2026-03-06,4570.0,4800.0,4570.0,4695.0,1299698.0,PAMP
2026-03-09,4860.0,4860.0,4640.0,4705.0,1140938.0,PAMP
2026-03-10,4745.0,4940.0,4652.5,4842.5,1894777.0,PAMP
2026-03-11,4900.0,5000.0,4820.0,4900.0,1312483.0,PAMP
2026-03-12,4912.5,5010.0,4797.5,4802.5,1182518.0,PAMP
2026-03-13,4805.0,4965.0,4707.5,4752.5,893002.0,PAMP
2026-03-16,4755.0,4800.0,4550.0,4717.5,985196.0,PAMP
2026-03-17,4720.0,4965.0,4720.0,4940.0,1377861.0,PAMP
2026-03-18,4940.0,5095.0,4940.0,5010.0,1421950.0,PAMP
2026-03-19,5000.0,5125.0,4912.5,5085.0,2932855.0,PAMP
2026-03-20,5075.0,5150.0,4905.0,4950.0,1238148.0,PAMP
2026-03-23,4965.0,4965.0,4785.0,4895.0,408945.0,PAMP
2026-03-25,4937.5,5025.0,4880.0,4942.5,1353035.0,PAMP
2026-03-26,4975.0,5015.0,4835.0,4910.0,1053127.0,PAMP
2026-03-27,4947.5,5020.0,4822.5,4955.0,1330526.0,PAMP
2026-03-30,5020.0,5215.0,5000.0,5145.0,1889096.0,PAMP
2026-03-31,5160.0,5295.0,5100.0,5200.0,4642039.0,PAMP
2026-04-01,5150.0,5230.0,5030.0,5170.0,2574835.0,PAMP
2026-04-06,5180.0,5300.0,5105.0,5240.0,1565352.0,PAMP
2026-04-07,5240.0,5325.0,5160.0,5200.0,1682442.0,PAMP
2026-04-08,5120.0,5190.0,4947.5,5160.0,1286300.0,PAMP
2026-04-09,5135.0,5250.0,5100.0,5120.0,1002457.0,PAMP
2026-04-10,5120.0,5200.0,5040.0,5145.0,812260.0,PAMP
2026-04-13,5125.0,5230.0,5070.0,5090.0,720413.0,PAMP
2026-04-14,5100.0,5130.0,4890.0,4900.0,1479133.0,PAMP
2026-04-15,4900.0,4920.0,4757.5,4770.0,1197243.0,PAMP
2026-04-16,4770.0,4875.0,4767.5,4795.0,858054.0,PAMP
2026-04-17,4760.0,4780.0,4622.5,4697.5,1132466.0,PAMP
2026-04-20,4750.0,4885.0,4702.5,4797.5,1219704.0,PAMP
2026-04-21,4800.0,4910.0,4757.5,4880.0,943887.0,PAMP
2026-04-22,4880.0,4930.0,4800.0,4862.5,1144196.0,PAMP
2026-04-23,4900.0,4972.5,4832.5,4905.0,1080128.0,PAMP
2026-04-24,4987.5,4987.5,4807.5,4837.5,628607.0,PAMP
2026-04-27,4817.5,4942.5,4817.5,4902.5,938664.0,PAMP
2026-04-28,4977.5,4977.5,4890.0,4935.0,900326.0,PAMP
2026-04-29,4997.5,5000.0,4837.5,4957.5,635487.0,PAMP
2026-04-30,5000.0,5045.0,4817.5,4972.5,1030382.0,PAMP
2026-05-04,4967.5,4967.5,4715.0,4815.0,1198984.0,PAMP
2026-05-05,4822.5,4915.0,4500.0,4702.5,1517492.0,PAMP
