date,symbol,open,high,low,close,settlement,volume,open_interest,implied_rate
2020-01-02,RFX20032020,61000.0,61750.0,59721.0,60230.0,60230.0,8580.0,1744.0,28.4478
2020-01-03,RFX20032020,59251.0,59800.0,58513.0,59768.0,59768.0,9147.0,2032.0,31.7258
2020-01-06,RFX20032020,59500.0,60680.0,59050.0,60644.0,60644.0,10034.0,2412.0,27.8562
2020-01-06,RFX20062020,65680.0,65680.0,65680.0,65680.0,66644.0,48.0,48.0,35.4766
2020-01-07,RFX20032020,60800.0,61135.0,59848.0,60766.0,60766.0,12938.0,2907.0,33.2696
2020-01-07,RFX20062020,66200.0,66200.0,66200.0,66200.0,66966.0,60.0,12.0,39.089
2020-01-08,RFX20032020,60750.0,61299.0,60150.0,61125.0,61160.0,13191.0,3080.0,37.9164
2020-01-08,RFX20062020,66185.0,66185.0,66185.0,66185.0,67160.0,12.0,0.0,40.6794
2020-01-09,RFX20032020,61390.0,63100.0,61165.0,62929.0,62929.0,14884.0,3214.0,39.4408
2020-01-09,RFX20062020,67700.0,67850.0,67700.0,67850.0,69029.0,120.0,120.0,41.2082
2020-01-10,RFX20032020,63300.0,64109.0,62907.0,63930.0,63920.0,12404.0,3327.0,39.8269
2020-01-10,RFX20062020,69225.0,69225.0,69225.0,69225.0,69435.0,90.0,30.0,38.9348
2020-01-13,RFX20032020,63200.0,63800.0,62850.0,63020.0,63020.0,9656.0,3717.0,44.1509
2020-01-13,RFX20062020,69229.0,69229.0,69229.0,69229.0,68520.0,30.0,0.0,41.2889
2020-01-14,RFX20032020,62400.0,62890.0,61813.0,62648.0,62648.0,16506.0,4123.0,46.7321
2020-01-14,RFX20062020,67380.0,68100.0,67380.0,67759.0,68265.0,110.0,92.0,43.1221
2020-01-15,RFX20032020,62790.0,62999.0,62140.0,62400.0,62400.0,11909.0,4422.0,50.7682
2020-01-15,RFX20062020,69250.0,69359.0,69000.0,69051.0,69200.0,105.0,37.0,49.7767
2020-01-16,RFX20032020,62200.0,63618.0,62120.0,63605.0,63605.0,13233.0,4438.0,48.5822
2020-01-16,RFX20062020,69650.0,69650.0,69100.0,69148.0,69533.0,37.0,14.0,44.8083
2020-01-17,RFX20032020,63300.0,64100.0,63257.0,63399.0,63399.0,13581.0,4545.0,49.9605
2020-01-17,RFX20062020,70260.0,70260.0,70260.0,70260.0,69699.0,40.0,54.0,46.948
2020-01-20,RFX20032020,63350.0,63625.0,63207.0,63500.0,63500.0,1750.0,4677.0,43.7695
2020-01-20,RFX20062020,69340.0,69750.0,69340.0,69750.0,69750.0,80.0,14.0,43.5438
2020-01-21,RFX20032020,63200.0,63249.0,61941.0,61970.0,61970.0,14675.0,4734.0,52.5304
2020-01-21,RFX20062020,68647.0,68647.0,68494.0,68494.0,67970.0,32.0,42.0,47.3586
2020-01-22,RFX20032020,61700.0,62075.0,61300.0,62035.0,62035.0,15621.0,5263.0,46.895
2020-01-22,RFX20062020,67815.0,67815.0,67800.0,67800.0,67890.0,40.0,22.0,43.9839
2020-01-23,RFX20032020,61400.0,61750.0,60810.0,60940.0,60940.0,12283.0,5629.0,49.9062
2020-01-23,RFX20062020,67550.0,67550.0,67105.0,67105.0,67105.0,70.0,37.0,47.0718
2020-01-24,RFX20032020,60890.0,61150.0,59145.0,59430.0,59430.0,17726.0,4837.0,53.7623
2020-01-24,RFX20062020,67055.0,67055.0,65840.0,65840.0,65680.0,1050.0,37.0,49.8662
2020-01-27,RFX20032020,56430.0,58530.0,56430.0,57940.0,57935.0,16122.0,5251.0,45.4188
2020-01-27,RFX20062020,63705.0,64300.0,63490.0,64300.0,64185.0,38.0,45.0,46.5052
2020-01-28,RFX20032020,58935.0,59445.0,58200.0,58950.0,58950.0,16977.0,5074.0,37.7499
2020-01-28,RFX20062020,64585.0,65135.0,64575.0,65135.0,64950.0,32.0,46.0,41.4085
2020-01-29,RFX20032020,59500.0,59840.0,58350.0,58375.0,58375.0,16229.0,4792.0,37.9246
2020-01-29,RFX20062020,65650.0,65650.0,65040.0,65040.0,64450.0,2.0,46.0,42.068
2020-01-30,RFX20032020,58000.0,58700.0,57500.0,58365.0,58365.0,16533.0,5319.0,36.8266
2020-01-30,RFX20062020,63550.0,64300.0,63550.0,64300.0,64300.0,27.0,72.0,40.9673
2020-01-31,RFX20032020,58510.0,58680.0,57435.0,57770.0,57790.0,15405.0,4788.0,37.4943
2020-01-31,RFX20062020,63685.0,63685.0,63445.0,63445.0,63690.0,10.0,72.0,41.3714
2020-02-03,RFX20032020,58900.0,59600.0,58300.0,59575.0,59565.0,11807.0,4592.0,35.4689
2020-02-03,RFX20062020,64650.0,64755.0,64450.0,64670.0,65335.0,17.0,63.0,39.1364
2020-02-04,RFX20032020,60000.0,61200.0,57305.0,59250.0,59250.0,17309.0,4761.0,41.063
2020-02-04,RFX20062020,66610.0,66610.0,65300.0,65380.0,65190.0,88.0,118.0,42.4115
2020-02-05,RFX20032020,59600.0,59945.0,58965.0,59180.0,59180.0,7296.0,5033.0,45.0466
2020-02-05,RFX20062020,65450.0,65500.0,65100.0,65330.0,65130.0,103.0,71.0,44.1505
2020-02-06,RFX20032020,59200.0,59650.0,58810.0,59120.0,59120.0,7035.0,5050.0,43.886
2020-02-06,RFX20062020,65255.0,65255.0,65255.0,65255.0,65100.0,15.0,86.0,43.7922
2020-02-07,RFX20032020,59300.0,59625.0,58830.0,59180.0,59180.0,4736.0,4781.0,41.8093
2020-02-10,RFX20032020,59180.0,59445.0,58930.0,59170.0,59170.0,2031.0,4783.0,45.307
2020-02-10,RFX20062020,64785.0,65010.0,64785.0,65010.0,65070.0,50.0,86.0,43.8339
2020-02-11,RFX20032020,58650.0,58700.0,57650.0,57650.0,57650.0,4512.0,4793.0,48.8463
2020-02-11,RFX20062020,61500.0,64085.0,61500.0,63550.0,63550.0,23.0,72.0,45.9124
2020-02-12,RFX20032020,57950.0,58050.0,57230.0,57450.0,57450.0,4614.0,5008.0,45.7029
2020-02-12,RFX20062020,63470.0,63610.0,63470.0,63610.0,63450.0,67.0,88.0,45.2182
2020-02-13,RFX20032020,56400.0,56680.0,54900.0,55405.0,55405.0,8783.0,5563.0,44.3869
2020-02-13,RFX20062020,61550.0,61550.0,61000.0,61450.0,61405.0,73.0,87.0,45.7537
2020-02-14,RFX20032020,55800.0,55800.0,54600.0,55395.0,55395.0,5733.0,5460.0,42.3086
2020-02-14,RFX20062020,61600.0,61600.0,61100.0,61100.0,61345.0,55.0,82.0,44.6903
2020-02-17,RFX20032020,55600.0,55685.0,55175.0,55580.0,55580.0,869.0,5442.0,36.8034
2020-02-17,RFX20062020,61100.0,61450.0,61100.0,61450.0,61480.0,95.0,77.0,42.2824
2020-02-18,RFX20032020,55450.0,55450.0,54530.0,54715.0,54715.0,5074.0,5822.0,47.9463
2020-02-18,RFX20062020,60915.0,60915.0,60500.0,60500.0,60515.0,56.0,93.0,46.2359
2020-02-19,RFX20032020,55000.0,55450.0,54850.0,54860.0,54860.0,3880.0,5723.0,45.6848
2020-02-19,RFX20062020,61050.0,61070.0,61050.0,61070.0,60710.0,25.0,78.0,45.5723
2020-02-20,RFX20032020,54800.0,55400.0,54260.0,55135.0,55135.0,5630.0,5828.0,38.2534
2020-02-20,RFX20062020,61040.0,61040.0,61040.0,61040.0,61035.0,10.0,88.0,43.0694
2020-02-21,RFX20032020,55400.0,55585.0,54750.0,55000.0,55000.0,4051.0,5763.0,45.9673
2020-02-21,RFX20062020,61115.0,61115.0,61115.0,61115.0,60900.0,50.0,88.0,45.7799
2020-02-26,RFX20032020,51400.0,52380.0,51325.0,51460.0,51460.0,5426.0,5721.0,50.8252
2020-02-26,RFX20062020,57625.0,58270.0,57350.0,57350.0,57350.0,27.0,84.0,49.2816
2020-02-27,RFX20032020,50510.0,50715.0,48900.0,49650.0,49650.0,9383.0,5514.0,46.0637
2020-02-27,RFX20062020,56350.0,56350.0,55200.0,56030.0,55595.0,426.0,90.0,49.3882
2020-02-28,RFX20032020,47640.0,49045.0,47640.0,48715.0,48715.0,9354.0,5260.0,42.3705
2020-02-28,RFX20062020,53750.0,54720.0,53585.0,54650.0,54650.0,134.0,138.0,48.9057
2020-03-02,RFX20032020,48500.0,50220.0,48500.0,50000.0,49985.0,6836.0,5435.0,34.3638
2020-03-02,RFX20062020,55100.0,55850.0,55000.0,55700.0,55700.0,56.0,175.0,44.3499
2020-03-03,RFX20032020,51425.0,51425.0,49455.0,49720.0,49720.0,10821.0,4755.0,38.4348
2020-03-03,RFX20062020,56410.0,56700.0,55000.0,55325.0,55420.0,163.0,227.0,45.6036
2020-03-04,RFX20032020,50100.0,50925.0,49950.0,50880.0,50880.0,9258.0,4825.0,28.3584
2020-03-04,RFX20062020,56500.0,56500.0,55800.0,56500.0,56580.0,38.0,264.0,42.1358
2020-03-05,RFX20032020,50250.0,50650.0,49860.0,50215.0,50215.0,11579.0,5147.0,32.5621
2020-03-05,RFX20062020,55800.0,56030.0,55510.0,55510.0,55515.0,185.0,247.0,41.2342
2020-03-06,RFX20032020,48500.0,49350.0,48300.0,48360.0,48360.0,10142.0,5233.0,43.901
2020-03-06,RFX20062020,54180.0,54180.0,53490.0,53490.0,53450.0,59.0,300.0,43.9937
2020-03-09,RFX20032020,44860.0,44860.0,40950.0,41000.0,41000.0,11414.0,4558.0,44.7349
2020-03-09,RFX20062020,48195.0,48740.0,46655.0,46690.0,46200.0,292.0,406.0,51.2271
2020-03-10,RFX20032020,43500.0,43985.0,41530.0,43850.0,43850.0,18643.0,3793.0,27.2577
2020-03-10,RFX20062020,48000.0,48600.0,47250.0,48475.0,48800.0,129.0,464.0,42.747
2020-03-11,RFX20032020,42100.0,42995.0,41105.0,41745.0,41740.0,16478.0,3553.0,27.0113
2020-03-11,RFX20062020,47400.0,47400.0,45715.0,46300.0,46300.0,145.0,487.0,41.5923
2020-03-12,RFX20032020,38000.0,39490.0,37210.0,37900.0,37900.0,13220.0,3616.0,45.7132
2020-03-12,RFX20062020,42605.0,43100.0,41900.0,42365.0,42365.0,266.0,551.0,48.3822
2020-03-13,RFX20032020,40100.0,40675.0,36750.0,37965.0,37965.0,16224.0,3975.0,43.5157
2020-03-13,RFX20062020,44460.0,44700.0,41200.0,42665.0,43000.0,66.0,507.0,53.0015
2020-03-16,RFX20032020,31000.0,35600.0,31000.0,33795.0,33795.0,14263.0,3635.0,46.4979
2020-03-16,RFX20062020,39000.0,40105.0,37950.0,38845.0,38845.0,181.0,610.0,59.5221
2020-03-17,RFX20032020,34305.0,34550.0,33000.0,33670.0,33680.0,11796.0,3887.0,34.2844
2020-03-17,RFX20062020,38850.0,39085.0,38000.0,38750.0,38750.0,98.0,523.0,57.9637
2020-03-18,RFX20032020,30900.0,32170.0,28360.0,29350.0,29350.0,11941.0,3410.0,114.7576
2020-03-18,RFX20062020,35700.0,35700.0,33100.0,34400.0,34400.0,76.0,520.0,78.4931
2020-03-19,RFX20032020,28990.0,31100.0,28380.0,28950.0,28930.0,15714.0,3346.0,-15.4608
2020-03-19,RFX20062020,36000.0,36000.0,33700.0,35000.0,35000.0,24.0,524.0,71.9918
2020-03-20,RFX20032020,28930.0,31985.0,28930.0,29975.0,29975.0,13023.0,2954.0,-86.5283
2020-03-20,RFX20062020,36500.0,36500.0,34485.0,34485.0,34485.0,9.0,524.0,42.1292
2020-03-25,RFX20032020,32600.0,34100.0,32025.0,33770.0,33770.0,11649.0,2240.0,-52.0658
2020-03-25,RFX20062020,36900.0,38520.0,36900.0,38200.0,38200.0,635.0,547.0,45.1119
2020-03-26,RFX20032020,33600.0,35450.0,32950.0,33485.0,33485.0,10523.0,2080.0,99.3849
2020-03-26,RFX20062020,38300.0,39530.0,37000.0,38000.0,38000.0,66.0,576.0,58.3151
2020-03-27,RFX20032020,32450.0,32485.0,31200.0,31350.0,31350.0,7859.0,1968.0,62.7601
2020-03-27,RFX20062020,36200.0,36200.0,34900.0,35300.0,35300.0,411.0,764.0,52.1286
2020-03-30,RFX20032020,32175.0,32175.0,30735.0,31460.0,31460.0,5866.0,1844.0,147.2068
2020-03-30,RFX20062020,35405.0,35405.0,33755.0,34500.0,34500.0,458.0,980.0,41.8465
2020-04-01,RFX20032020,31300.0,32425.0,31000.0,32395.0,32387.0,5402.0,0.0,
2020-04-01,RFX20062020,34100.0,34645.0,33705.0,33900.0,33900.0,1378.0,1652.0,18.5051
2020-04-02,RFX20062020,34750.0,34750.0,33505.0,34630.0,34630.0,7619.0,1883.0,13.7848
2020-04-03,RFX20062020,34800.0,35345.0,34415.0,34965.0,34975.0,6930.0,1940.0,10.0793
2020-04-06,RFX20062020,34975.0,36215.0,34700.0,35300.0,35300.0,6752.0,1977.0,9.9799
2020-04-07,RFX20062020,36000.0,36400.0,34900.0,34915.0,34920.0,8928.0,2316.0,8.2771
2020-04-08,RFX20062020,35400.0,36350.0,34960.0,36150.0,36150.0,6568.0,1967.0,1.0119
2020-04-08,RFX20092020,38170.0,38225.0,38170.0,38225.0,38795.0,4.0,4.0,15.7756
2020-04-13,RFX20062020,35900.0,37155.0,35500.0,37000.0,37000.0,4592.0,1752.0,-0.5761
2020-04-13,RFX20092020,39770.0,40000.0,39500.0,39500.0,39500.0,81.0,84.0,14.2249
2020-04-14,RFX20062020,37400.0,39595.0,37400.0,39390.0,39390.0,8025.0,1906.0,-2.1901
2020-04-14,RFX20092020,40375.0,41690.0,40375.0,41135.0,41690.0,82.0,39.0,11.5549
2020-04-15,RFX20062020,38200.0,40650.0,38120.0,40380.0,40380.0,8617.0,2056.0,-8.8577
2020-04-15,RFX20092020,41415.0,42895.0,41415.0,42895.0,42780.0,53.0,89.0,8.6678
2020-04-16,RFX20062020,40380.0,41400.0,38320.0,39650.0,39500.0,11853.0,1826.0,11.262
2020-04-16,RFX20092020,42610.0,42610.0,41000.0,41000.0,41555.0,55.0,39.0,16.6917
2020-04-17,RFX20062020,40000.0,40300.0,38550.0,39050.0,38905.0,7018.0,2021.0,8.3428
2020-04-17,RFX20092020,42160.0,42160.0,41000.0,41600.0,41358.0,92.0,121.0,17.8172
2020-04-20,RFX20062020,38250.0,40050.0,38000.0,39620.0,39610.0,8121.0,2247.0,6.9713
2020-04-20,RFX20092020,40870.0,42200.0,40870.0,41990.0,42110.0,66.0,175.0,17.3614
2020-04-21,RFX20062020,39100.0,39350.0,38665.0,38800.0,38800.0,4119.0,1990.0,4.1689
2020-04-21,RFX20092020,41700.0,41700.0,41375.0,41375.0,41325.0,126.0,51.0,16.5811
2020-04-22,RFX20062020,39300.0,39600.0,39100.0,39100.0,39100.0,3397.0,2106.0,2.2234
2020-04-22,RFX20092020,41900.0,42195.0,41800.0,41900.0,41565.0,79.0,100.0,15.3054
2020-04-23,RFX20062020,39750.0,39750.0,38505.0,38800.0,38800.0,4297.0,2168.0,0.7718
2020-04-23,RFX20092020,41730.0,41950.0,41025.0,41025.0,41119.0,118.0,117.0,13.9822
2020-04-24,RFX20062020,38550.0,38990.0,37300.0,37885.0,37885.0,6703.0,1966.0,9.5305
2020-04-24,RFX20092020,40700.0,40700.0,39570.0,39800.0,39915.0,711.0,108.0,16.5318
2020-04-27,RFX20062020,38200.0,39140.0,37460.0,39050.0,39050.0,4359.0,2084.0,10.8404
2020-04-27,RFX20092020,39610.0,40845.0,39610.0,40800.0,40815.0,80.0,128.0,15.2237
2020-04-28,RFX20062020,39500.0,42055.0,39450.0,41885.0,41885.0,9532.0,2442.0,-10.3175
2020-04-28,RFX20092020,41600.0,43500.0,41600.0,43500.0,43500.0,38.0,148.0,4.7245
2020-04-29,RFX20062020,41900.0,43300.0,41250.0,42445.0,42445.0,7968.0,2465.0,-7.3236
2020-04-29,RFX20092020,44950.0,44950.0,43500.0,44480.0,44145.0,559.0,109.0,6.4262
2020-04-30,RFX20062020,42200.0,42650.0,41375.0,42350.0,42345.0,4864.0,2387.0,-1.8959
2020-04-30,RFX20092020,44015.0,44015.0,43420.0,43420.0,44223.0,56.0,163.0,9.7908
2020-05-04,RFX20062020,40150.0,42095.0,40150.0,42090.0,42090.0,7577.0,2351.0,3.2651
2020-05-04,RFX20092020,43065.0,43065.0,42735.0,42850.0,44120.0,60.0,103.0,13.124
2020-05-05,RFX20062020,44155.0,44155.0,42135.0,42900.0,42900.0,5733.0,2601.0,-6.628
2020-05-05,RFX20092020,45375.0,45375.0,44500.0,45195.0,45050.0,62.0,152.0,9.7263
2020-05-06,RFX20062020,43300.0,44355.0,42310.0,43750.0,43750.0,11259.0,2799.0,-6.2735
2020-05-06,RFX20092020,45550.0,46000.0,44610.0,46000.0,46000.0,51.0,152.0,10.3017
2020-05-07,RFX20062020,44900.0,46145.0,43900.0,45815.0,45815.0,11367.0,2881.0,-9.6076
2020-05-07,RFX20092020,46600.0,48350.0,46095.0,47825.0,47825.0,163.0,137.0,7.2586
2020-05-08,RFX20062020,46100.0,47500.0,46100.0,46800.0,46800.0,8464.0,2974.0,-3.0675
2020-05-08,RFX20092020,49500.0,49500.0,48720.0,48725.0,48850.0,82.0,196.0,9.8561
2020-05-11,RFX20062020,46400.0,50075.0,45810.0,49970.0,49970.0,12500.0,2627.0,-1.7481
2020-05-11,RFX20092020,48200.0,52000.0,48075.0,52000.0,52000.0,128.0,153.0,9.8017
2020-05-12,RFX20062020,50500.0,53180.0,50500.0,51160.0,51160.0,13369.0,3234.0,-1.2959
2020-05-12,RFX20092020,52600.0,55155.0,52600.0,53750.0,53630.0,127.0,160.0,12.0259
2020-05-13,RFX20062020,51200.0,52000.0,49265.0,50100.0,50100.0,11472.0,3625.0,11.5424
2020-05-13,RFX20092020,52100.0,53000.0,51855.0,52200.0,52525.0,75.0,136.0,16.7684
2020-05-14,RFX20062020,49700.0,53220.0,48820.0,53220.0,53220.0,11856.0,4107.0,28.3316
2020-05-14,RFX20092020,51775.0,55800.0,51700.0,55800.0,55800.0,118.0,225.0,22.774
2020-05-15,RFX20062020,53200.0,55130.0,52770.0,53755.0,53650.0,13361.0,4486.0,32.4929
2020-05-15,RFX20092020,55655.0,56700.0,55655.0,56485.0,56500.0,188.0,130.0,25.4568
2020-05-18,RFX20062020,54700.0,57250.0,54190.0,55250.0,55250.0,8737.0,4977.0,39.3718
2020-05-18,RFX20092020,58805.0,59100.0,57645.0,58300.0,58888.0,180.0,120.0,31.1692
2020-05-19,RFX20062020,54200.0,55100.0,53420.0,53620.0,53600.0,9912.0,5324.0,26.9577
2020-05-19,RFX20092020,58300.0,58300.0,57500.0,57500.0,57500.0,54.0,157.0,28.8835
2020-05-20,RFX20062020,54100.0,54890.0,52860.0,54550.0,54550.0,13150.0,5608.0,32.6815
2020-05-20,RFX20092020,57700.0,58220.0,56975.0,58095.0,58395.0,115.0,116.0,30.1287
2020-05-21,RFX20062020,53800.0,56660.0,53800.0,55990.0,55995.0,15661.0,5307.0,22.627
2020-05-21,RFX20092020,57800.0,59850.0,57800.0,59840.0,59400.0,100.0,166.0,24.0882
2020-05-22,RFX20062020,55800.0,57290.0,55035.0,55710.0,55700.0,14853.0,5977.0,25.8106
2020-05-22,RFX20092020,59350.0,59480.0,58945.0,58945.0,59000.0,64.0,106.0,24.6468
2020-05-26,RFX20062020,56000.0,56890.0,55455.0,55685.0,55685.0,9294.0,6206.0,25.1689
2020-05-26,RFX20092020,58860.0,58875.0,58860.0,58875.0,58750.0,50.0,106.0,23.1372
2020-05-27,RFX20062020,55960.0,56185.0,54370.0,55200.0,55200.0,11619.0,6833.0,29.9282
2020-05-27,RFX20092020,58000.0,58880.0,58000.0,58400.0,58652.0,500.0,146.0,26.6965
2020-05-28,RFX20062020,55150.0,55150.0,53350.0,53355.0,53350.0,13793.0,7273.0,34.073
2020-05-28,RFX20092020,57700.0,57970.0,56725.0,56725.0,56725.0,52.0,103.0,28.0367
2020-05-29,RFX20062020,53350.0,53880.0,51700.0,52680.0,52680.0,10936.0,7629.0,61.4533
2020-05-29,RFX20092020,56080.0,56710.0,55910.0,56350.0,56100.0,602.0,211.0,35.9981
2020-06-01,RFX20062020,52730.0,54510.0,52195.0,54435.0,54435.0,6961.0,7790.0,37.9199
2020-06-01,RFX20092020,57100.0,58300.0,57100.0,58300.0,58300.0,51.0,211.0,31.1515
2020-06-02,RFX20062020,54600.0,57195.0,54600.0,57195.0,57195.0,8648.0,7792.0,35.2569
2020-06-02,RFX20092020,58580.0,58580.0,58580.0,58580.0,61298.0,50.0,161.0,30.6368
2020-06-03,RFX20062020,57330.0,60285.0,57330.0,59900.0,59900.0,10089.0,7844.0,39.1343
2020-06-03,RFX20092020,62480.0,64100.0,62480.0,63600.0,63600.0,70.0,153.0,28.3738
2020-06-04,RFX20062020,59600.0,60400.0,58300.0,59150.0,59150.0,12479.0,7841.0,28.7088
2020-06-04,RFX20092020,63550.0,63580.0,62775.0,63355.0,63355.0,85.0,176.0,28.7652
2020-06-05,RFX20062020,59850.0,61185.0,59850.0,60740.0,60750.0,11667.0,7612.0,26.134
2020-06-05,RFX20092020,63875.0,66000.0,63875.0,66000.0,65600.0,76.0,151.0,30.9359
2020-06-08,RFX20062020,62100.0,66390.0,61545.0,66090.0,66100.0,13669.0,7617.0,38.2951
2020-06-08,RFX20092020,68000.0,70640.0,67510.0,70640.0,71023.0,84.0,168.0,31.7867
2020-06-09,RFX20062020,64200.0,64900.0,63165.0,63945.0,63945.0,12012.0,8480.0,65.188
2020-06-09,RFX20092020,69025.0,69500.0,68500.0,69000.0,69000.0,96.0,158.0,38.6069
2020-06-10,RFX20062020,63630.0,64760.0,62140.0,63450.0,63450.0,17441.0,9763.0,50.6303
2020-06-10,RFX20092020,68500.0,69980.0,68020.0,69980.0,68555.0,43.0,172.0,35.9889
2020-06-11,RFX20062020,62000.0,62450.0,58450.0,58980.0,58980.0,16390.0,9756.0,67.0492
2020-06-11,RFX20092020,66200.0,66200.0,65550.0,65590.0,64610.0,28.0,163.0,43.9611
2020-06-12,RFX20062020,60005.0,61175.0,58210.0,59560.0,59560.0,16447.0,10574.0,70.5347
2020-06-12,RFX20092020,65000.0,65000.0,64685.0,64800.0,65450.0,66.0,178.0,45.4976
2020-06-16,RFX20062020,60600.0,61300.0,57605.0,57800.0,57800.0,15465.0,11563.0,57.9817
2020-06-16,RFX20092020,66500.0,66500.0,63505.0,63505.0,63505.0,73.0,167.0,42.401
2020-06-17,RFX20062020,57800.0,58050.0,54500.0,54800.0,54800.0,13239.0,11356.0,58.0892
2020-06-17,RFX20092020,62100.0,62300.0,60600.0,60600.0,60400.0,319.0,225.0,43.4501
2020-06-18,RFX20062020,53000.0,53200.0,51500.0,51910.0,51910.0,12026.0,11744.0,90.2654
2020-06-18,RFX20092020,57650.0,58000.0,56525.0,57000.0,57000.0,142.0,175.0,45.8498
2020-06-19,RFX20062020,52980.0,55575.0,52605.0,55500.0,55500.0,15370.0,11631.0,72.4352
2020-06-19,RFX20092020,57700.0,61485.0,57700.0,60665.0,60665.0,97.0,201.0,41.4344
2020-06-22,RFX20062020,56000.0,56000.0,53000.0,54800.0,54800.0,12641.0,11748.0,108.578
2020-06-22,RFX20092020,60550.0,60705.0,59300.0,60270.0,60195.0,91.0,202.0,45.4752
2020-06-23,RFX20062020,55980.0,56050.0,54940.0,55200.0,55200.0,9010.0,12039.0,102.8561
2020-06-23,RFX20092020,61000.0,62000.0,60500.0,61630.0,61630.0,673.0,755.0,51.0665
2020-06-24,RFX20062020,55200.0,55600.0,54130.0,54700.0,54740.0,9896.0,12000.0,126.6638
2020-06-24,RFX20092020,61870.0,62500.0,60005.0,62500.0,61640.0,132.0,786.0,55.6798
2020-06-25,RFX20062020,54000.0,57000.0,54000.0,56900.0,56960.0,12422.0,11639.0,140.3028
2020-06-25,RFX20092020,61105.0,64000.0,61000.0,63900.0,63900.0,185.0,880.0,53.9602
2020-06-26,RFX20062020,56995.0,57000.0,54490.0,54565.0,54550.0,7236.0,11705.0,107.4754
2020-06-26,RFX20092020,63505.0,63505.0,60500.0,61050.0,61050.0,609.0,1091.0,50.3161
2020-06-29,RFX20062020,55100.0,55400.0,54015.0,54505.0,54505.0,6462.0,11297.0,501.9373
2020-06-29,RFX20092020,62000.0,62700.0,61100.0,61300.0,61300.0,1410.0,1821.0,54.9987
2020-06-30,RFX20062020,53500.0,54100.0,51640.0,51660.0,51618.0,16293.0,0.0,
2020-06-30,RFX20092020,61950.0,61950.0,57600.0,58900.0,58900.0,5262.0,5787.0,56.2461
2020-07-01,RFX20092020,58500.0,61745.0,57720.0,61370.0,61000.0,8922.0,7246.0,58.6535
2020-07-02,RFX20092020,62600.0,63000.0,59750.0,60060.0,60060.0,13849.0,7553.0,56.2436
2020-07-03,RFX20092020,59800.0,60215.0,59445.0,60200.0,60200.0,1848.0,7611.0,54.9089
2020-07-06,RFX20092020,63000.0,67800.0,63000.0,67670.0,67670.0,10997.0,7701.0,67.5531
2020-07-06,RFX20122020,70150.0,70350.0,70000.0,70020.0,72920.0,91.0,31.0,51.3675
2020-07-07,RFX20092020,67000.0,67150.0,65170.0,65360.0,65360.0,13352.0,9682.0,61.1288
2020-07-07,RFX20122020,72975.0,72975.0,72035.0,72035.0,71560.0,80.0,1.0,51.9954
2020-07-08,RFX20092020,66000.0,66140.0,63150.0,64700.0,64700.0,12936.0,10886.0,52.8457
2020-07-08,RFX20122020,72245.0,72245.0,71500.0,71600.0,72300.0,12.0,12.0,52.8454
2020-07-13,RFX20092020,67500.0,67500.0,64700.0,64700.0,64700.0,8984.0,11274.0,48.5073
2020-07-13,RFX20122020,73190.0,73400.0,73190.0,73200.0,72000.0,66.0,6.0,49.3099
2020-07-14,RFX20092020,64100.0,65440.0,63355.0,65425.0,65425.0,8377.0,11241.0,45.9279
2020-07-14,RFX20122020,71295.0,71800.0,71295.0,71800.0,72825.0,105.0,51.0,48.0234
2020-07-15,RFX20092020,65800.0,66690.0,65590.0,66200.0,66160.0,8308.0,11232.0,38.7657
2020-07-15,RFX20122020,73115.0,73115.0,73115.0,73115.0,73500.0,50.0,1.0,43.8425
2020-07-16,RFX20092020,65560.0,66400.0,64605.0,65995.0,66000.0,6843.0,11270.0,36.0762
2020-07-16,RFX20122020,72000.0,73200.0,72000.0,73200.0,73350.0,110.0,61.0,42.5862
2020-07-17,RFX20092020,66500.0,66925.0,65400.0,66865.0,66865.0,8994.0,10964.0,41.0683
2020-07-17,RFX20122020,73015.0,73015.0,72890.0,72890.0,73885.0,110.0,1.0,43.5876
2020-07-20,RFX20092020,67200.0,67210.0,66080.0,66550.0,66550.0,4331.0,11271.0,40.5084
2020-07-20,RFX20122020,72955.0,73470.0,72955.0,73470.0,73320.0,130.0,81.0,42.4931
2020-07-21,RFX20092020,66960.0,68700.0,66705.0,68275.0,68275.0,9559.0,11083.0,41.5281
2020-07-21,RFX20122020,74150.0,74905.0,74145.0,74905.0,75425.0,150.0,21.0,43.7017
2020-07-22,RFX20092020,67500.0,71700.0,67500.0,71700.0,71600.0,12583.0,10868.0,45.847
2020-07-22,RFX20122020,74850.0,78450.0,74850.0,78450.0,78850.0,70.0,41.0,44.9077
2020-07-23,RFX20092020,70650.0,73780.0,68300.0,70450.0,70450.0,17625.0,11536.0,38.2871
2020-07-23,RFX20122020,78760.0,79155.0,78760.0,79155.0,78000.0,90.0,1.0,42.7285
2020-07-24,RFX20092020,70000.0,71435.0,68950.0,70915.0,70915.0,10751.0,11776.0,40.0271
2020-07-24,RFX20122020,76605.0,78300.0,76565.0,78300.0,78415.0,111.0,62.0,43.2073
2020-07-27,RFX20092020,72000.0,73175.0,71250.0,72680.0,72680.0,6570.0,11843.0,45.3867
2020-07-27,RFX20122020,79445.0,79520.0,79445.0,79520.0,79690.0,161.0,1.0,43.302
2020-07-28,RFX20092020,71800.0,72250.0,71155.0,71200.0,71200.0,7846.0,12932.0,41.8843
2020-07-28,RFX20122020,78710.0,78710.0,78710.0,78710.0,78560.0,70.0,1.0,43.424
2020-07-29,RFX20092020,71400.0,72150.0,70500.0,71300.0,71300.0,7729.0,14187.0,44.43
2020-07-29,RFX20122020,78870.0,78870.0,78250.0,78450.0,78500.0,520.0,71.0,43.9453
2020-07-30,RFX20092020,70300.0,71570.0,69605.0,71300.0,71300.0,9559.0,14919.0,39.2331
2020-07-30,RFX20122020,77440.0,77750.0,77180.0,77750.0,78310.0,490.0,31.0,40.9162
2020-07-31,RFX20092020,71900.0,73300.0,71000.0,71365.0,71365.0,8061.0,15191.0,42.1369
2020-07-31,RFX20122020,79100.0,79115.0,78855.0,78860.0,78465.0,330.0,1.0,42.4829
2020-08-03,RFX20092020,69500.0,78885.0,69500.0,77940.0,77940.0,18491.0,16029.0,55.7295
2020-08-03,RFX20122020,77400.0,84500.0,77400.0,84500.0,85285.0,102.0,2.0,46.8231
2020-08-04,RFX20092020,83600.0,85500.0,76505.0,77600.0,77600.0,20054.0,18181.0,56.9516
2020-08-04,RFX20122020,91000.0,91000.0,85000.0,85000.0,85000.0,10.0,8.0,47.5438
2020-08-05,RFX20092020,78250.0,79380.0,74600.0,75850.0,75850.0,11584.0,18492.0,58.7806
2020-08-05,RFX20122020,87310.0,87315.0,85100.0,85100.0,84328.0,60.0,8.0,52.6487
2020-08-06,RFX20092020,75935.0,76475.0,74520.0,76190.0,76190.0,7872.0,18969.0,60.6839
2020-08-06,RFX20122020,84100.0,84100.0,84100.0,84100.0,84620.0,50.0,8.0,53.0508
2020-08-07,RFX20092020,75820.0,77435.0,75025.0,76600.0,76500.0,8662.0,19384.0,48.9153
2020-08-07,RFX20122020,83560.0,86015.0,83560.0,86015.0,85565.0,52.0,10.0,50.2038
2020-08-10,RFX20092020,77400.0,77645.0,75720.0,76010.0,75955.0,7070.0,19827.0,50.0762
2020-08-10,RFX20122020,84520.0,86165.0,84520.0,84800.0,85000.0,101.0,11.0,50.7364
2020-08-11,RFX20092020,76530.0,76800.0,72710.0,72900.0,72900.0,10219.0,20203.0,39.0162
2020-08-11,RFX20122020,84400.0,84990.0,82570.0,82570.0,81650.0,92.0,13.0,46.5671
2020-08-12,RFX20092020,73400.0,73885.0,69900.0,70750.0,70750.0,11137.0,19968.0,48.8897
2020-08-12,RFX20122020,84800.0,84800.0,81700.0,81700.0,81348.0,161.0,123.0,58.7283
2020-08-13,RFX20092020,70200.0,71965.0,70100.0,70830.0,70830.0,7891.0,19829.0,40.25
2020-08-13,RFX20122020,82750.0,82750.0,81270.0,81345.0,80830.0,161.0,14.0,52.9349
2020-08-14,RFX20092020,70600.0,70990.0,68600.0,68930.0,68930.0,6233.0,19797.0,36.4635
2020-08-14,RFX20122020,81195.0,81195.0,77810.0,77810.0,78698.0,63.0,76.0,51.6596
2020-08-18,RFX20092020,67500.0,67880.0,65800.0,66880.0,66880.0,6206.0,20100.0,49.1007
2020-08-18,RFX20122020,77400.0,77400.0,75500.0,75600.0,75600.0,114.0,14.0,53.3252
2020-08-19,RFX20092020,68500.0,68825.0,65800.0,67430.0,67430.0,8075.0,20399.0,40.5545
2020-08-19,RFX20122020,78200.0,78200.0,76790.0,76790.0,76900.0,140.0,104.0,53.1476
2020-08-20,RFX20092020,67000.0,68640.0,66420.0,68600.0,68600.0,4974.0,20645.0,53.1771
2020-08-20,RFX20122020,74800.0,76395.0,74800.0,75400.0,76500.0,157.0,55.0,50.2628
2020-08-21,RFX20092020,68600.0,69290.0,67440.0,67950.0,67900.0,7834.0,20841.0,51.7587
2020-08-21,RFX20122020,77680.0,77690.0,76500.0,76500.0,76500.0,103.0,27.0,53.0958
2020-08-24,RFX20092020,67890.0,68500.0,65810.0,66650.0,66690.0,5845.0,21235.0,49.8199
2020-08-24,RFX20122020,76650.0,76700.0,74900.0,75070.0,75158.0,102.0,78.0,52.4375
2020-08-25,RFX20092020,67250.0,67250.0,64650.0,66370.0,66400.0,8449.0,21136.0,47.5338
2020-08-25,RFX20122020,75050.0,75050.0,73000.0,74600.0,74600.0,103.0,30.0,50.6305
2020-08-26,RFX20092020,66500.0,67390.0,65295.0,65440.0,65440.0,8684.0,21146.0,51.2887
2020-08-26,RFX20122020,75325.0,75325.0,73985.0,75120.0,74440.0,474.0,54.0,56.0464
2020-08-27,RFX20092020,65840.0,66100.0,62600.0,62790.0,62600.0,9211.0,21126.0,42.0714
2020-08-27,RFX20122020,74665.0,74665.0,70650.0,70650.0,70650.0,486.0,45.0,50.4645
2020-08-28,RFX20092020,63050.0,66350.0,62810.0,66070.0,66070.0,9099.0,20506.0,45.7692
2020-08-28,RFX20122020,72040.0,74000.0,72040.0,74000.0,74000.0,107.0,91.0,48.9722
2020-08-31,RFX20092020,67000.0,67600.0,65445.0,67090.0,67090.0,11214.0,21077.0,58.1617
2020-08-31,RFX20122020,75695.0,76600.0,75090.0,76450.0,76450.0,111.0,52.0,58.5169
2020-09-01,RFX20092020,68000.0,68095.0,66115.0,66145.0,66145.0,7733.0,21567.0,48.8707
2020-09-01,RFX20122020,77825.0,77825.0,74760.0,74760.0,74760.0,56.0,55.0,52.9646
2020-09-02,RFX20092020,66700.0,66700.0,63600.0,64190.0,64190.0,7196.0,21613.0,60.8825
2020-09-02,RFX20122020,74700.0,74700.0,71550.0,72200.0,72200.0,120.0,66.0,54.3875
2020-09-03,RFX20092020,63710.0,64890.0,62740.0,63350.0,63350.0,8095.0,21463.0,50.3329
2020-09-03,RFX20122020,72550.0,72900.0,70605.0,71200.0,71200.0,68.0,55.0,51.2735
2020-09-04,RFX20092020,63300.0,64050.0,61675.0,63415.0,63415.0,8463.0,21699.0,46.5568
2020-09-04,RFX20122020,70440.0,71500.0,69105.0,71250.0,71415.0,93.0,67.0,51.0066
2020-09-07,RFX20092020,63700.0,64060.0,63240.0,64000.0,64000.0,1372.0,21862.0,42.1212
2020-09-07,RFX20122020,72000.0,72545.0,70900.0,71400.0,71993.0,100.0,96.0,49.5464
2020-09-08,RFX20092020,63200.0,64200.0,62120.0,63840.0,63840.0,6427.0,22305.0,48.892
2020-09-08,RFX20122020,70200.0,71940.0,70100.0,71200.0,71200.0,247.0,201.0,47.8553
2020-09-09,RFX20092020,64500.0,65160.0,64070.0,64920.0,64920.0,6179.0,22531.0,44.4487
2020-09-09,RFX20122020,71600.0,72850.0,71420.0,72850.0,72730.0,185.0,170.0,48.5423
2020-09-10,RFX20092020,64950.0,66100.0,64755.0,65470.0,65450.0,5955.0,22898.0,48.7546
2020-09-10,RFX20122020,72900.0,73555.0,72900.0,73500.0,73500.0,136.0,182.0,50.3093
2020-09-11,RFX20092020,66100.0,66100.0,63525.0,63525.0,63525.0,10409.0,24202.0,33.6218
2020-09-11,RFX20122020,73450.0,73550.0,71200.0,71650.0,71650.0,245.0,271.0,48.9905
2020-09-14,RFX20092020,64150.0,64200.0,61805.0,61890.0,61890.0,7570.0,24126.0,49.4045
2020-09-14,RFX20122020,71355.0,71355.0,69370.0,69700.0,69700.0,135.0,197.0,51.3665
2020-09-15,RFX20092020,62400.0,62660.0,60025.0,61200.0,61200.0,12338.0,24067.0,31.391
2020-09-15,RFX20122020,68475.0,69800.0,67500.0,68900.0,68900.0,161.0,254.0,48.3248
2020-09-16,RFX20092020,59500.0,60200.0,56820.0,56830.0,56830.0,11255.0,22945.0,8.7134
2020-09-16,RFX20122020,66000.0,67000.0,64200.0,64300.0,64300.0,133.0,204.0,47.0072
2020-09-17,RFX20092020,55000.0,56100.0,53905.0,54000.0,54000.0,9355.0,21231.0,28.0004
2020-09-17,RFX20122020,63045.0,63105.0,60215.0,60400.0,60400.0,92.0,228.0,45.5103
2020-09-18,RFX20092020,54500.0,56745.0,53520.0,55900.0,55900.0,12187.0,20259.0,6.2357
2020-09-18,RFX20122020,62250.0,62350.0,60800.0,62300.0,62300.0,99.0,308.0,41.3814
2020-09-21,RFX20092020,54000.0,55540.0,53820.0,55450.0,55450.0,7274.0,20342.0,47.2273
2020-09-21,RFX20122020,61300.0,61700.0,60490.0,61200.0,61200.0,117.0,379.0,42.5406
2020-09-22,RFX20092020,56895.0,56895.0,54455.0,54900.0,54900.0,10194.0,19837.0,-5.6598
2020-09-22,RFX20122020,61500.0,62075.0,60600.0,60850.0,60850.0,79.0,398.0,39.4509
2020-09-23,RFX20092020,54500.0,55780.0,54450.0,55200.0,55200.0,5488.0,19658.0,43.9377
2020-09-23,RFX20122020,61250.0,61550.0,60905.0,61200.0,61200.0,94.0,430.0,43.9631
2020-09-24,RFX20092020,54700.0,57435.0,54700.0,56900.0,56900.0,13399.0,17141.0,84.0967
2020-09-24,RFX20122020,60700.0,63910.0,60320.0,62300.0,62400.0,5702.0,3442.0,42.077
2020-09-25,RFX20092020,56900.0,57530.0,56120.0,56885.0,56885.0,8633.0,17145.0,73.7863
2020-09-25,RFX20122020,61400.0,63440.0,61000.0,62500.0,62600.0,306.0,3511.0,42.4271
2020-09-28,RFX20092020,58400.0,58435.0,56675.0,56900.0,56950.0,7735.0,17206.0,224.4408
2020-09-28,RFX20122020,63850.0,63850.0,62815.0,63350.0,63350.0,782.0,3785.0,49.475
2020-09-29,RFX20092020,56710.0,56915.0,55950.0,56810.0,56810.0,7767.0,16345.0,270.5068
2020-09-29,RFX20122020,62750.0,63610.0,62305.0,63550.0,63550.0,2714.0,5163.0,50.3587
2020-09-30,RFX20122020,63400.0,64690.0,62005.0,62390.0,62390.0,4156.0,0.0,52.6246
2020-10-01,RFX20122020,62750.0,64365.0,61805.0,64300.0,64350.0,8397.0,8837.0,49.0906
2020-10-02,RFX20122020,63250.0,64375.0,63000.0,64305.0,64305.0,6493.0,9159.0,42.5467
2020-10-05,RFX20122020,64600.0,65080.0,64250.0,64750.0,64760.0,3770.0,9563.0,42.4967
2020-10-06,RFX20032021,71900.0,71900.0,71900.0,71900.0,71900.0,1.0,1.0,48.0667
2020-10-06,RFX20122020,64745.0,65720.0,63750.0,63950.0,63950.0,7888.0,9460.0,41.0416
2020-10-07,RFX20122020,64200.0,64500.0,63405.0,63800.0,63800.0,5462.0,10076.0,37.0293
2020-10-08,RFX20032021,72630.0,72990.0,72630.0,72990.0,72730.0,51.0,52.0,44.4583
2020-10-08,RFX20122020,64200.0,64800.0,63750.0,64685.0,64700.0,4350.0,10195.0,34.3585
2020-10-09,RFX20032021,71900.0,71900.0,71900.0,71900.0,72605.0,50.0,2.0,42.3682
2020-10-09,RFX20122020,65000.0,65395.0,64650.0,64705.0,64705.0,4259.0,9847.0,31.2278
2020-10-13,RFX20032021,72755.0,72755.0,72755.0,72755.0,72628.0,50.0,2.0,42.86
2020-10-13,RFX20122020,64650.0,65190.0,63900.0,65150.0,65150.0,3638.0,9268.0,35.1205
2020-10-14,RFX20122020,65300.0,66325.0,65100.0,65905.0,65905.0,4687.0,8469.0,28.8091
2020-10-15,RFX20032021,73840.0,73840.0,73840.0,73840.0,74373.0,1.0,3.0,38.1166
2020-10-15,RFX20122020,65300.0,67095.0,65115.0,66860.0,66860.0,5177.0,7878.0,26.7802
2020-10-16,RFX20032021,75450.0,75450.0,75450.0,75450.0,76308.0,50.0,3.0,40.797
2020-10-16,RFX20122020,66900.0,68950.0,66900.0,68800.0,68800.0,6446.0,6844.0,33.5294
2020-10-19,RFX20032021,78500.0,78500.0,76800.0,76800.0,77025.0,96.0,49.0,42.9057
2020-10-19,RFX20122020,69700.0,71280.0,69100.0,70425.0,70425.0,7163.0,6251.0,45.3724
2020-10-20,RFX20032021,77800.0,77800.0,77000.0,77000.0,77910.0,47.0,4.0,44.6558
2020-10-20,RFX20122020,70510.0,71780.0,69610.0,70385.0,70385.0,6006.0,6760.0,42.3962
2020-10-21,RFX20032021,80000.0,80000.0,80000.0,80000.0,80000.0,20.0,24.0,50.7177
2020-10-21,RFX20122020,70400.0,71450.0,69850.0,71290.0,71300.0,5785.0,6013.0,47.2595
2020-10-22,RFX20032021,79900.0,82195.0,79900.0,82195.0,81855.0,114.0,87.0,47.752
2020-10-22,RFX20122020,71100.0,72800.0,71100.0,72750.0,72750.0,4812.0,6344.0,39.5716
2020-10-23,RFX20032021,85300.0,85300.0,82095.0,82095.0,83255.0,61.0,28.0,49.3222
2020-10-23,RFX20122020,72985.0,74470.0,71350.0,74150.0,74150.0,7673.0,6069.0,44.0124
2020-10-26,RFX20032021,83010.0,83010.0,78950.0,78950.0,78700.0,8.0,29.0,51.1313
2020-10-26,RFX20122020,73820.0,73820.0,70900.0,70990.0,70990.0,7743.0,6973.0,55.6809
2020-10-27,RFX20032021,79190.0,79210.0,79190.0,79210.0,75170.0,50.0,29.0,54.2198
2020-10-27,RFX20122020,70945.0,71765.0,66400.0,66700.0,66670.0,9929.0,7360.0,51.9758
2020-10-28,RFX20032021,72100.0,72100.0,71445.0,71500.0,70435.0,8.0,33.0,57.9742
2020-10-28,RFX20122020,65500.0,66500.0,61665.0,61715.0,61720.0,9826.0,8165.0,52.4947
2020-10-29,RFX20032021,69100.0,70355.0,68700.0,70355.0,70130.0,204.0,34.0,48.8248
2020-10-29,RFX20122020,61720.0,63385.0,60750.0,63030.0,63030.0,10140.0,8893.0,48.6875
2020-10-30,RFX20032021,71400.0,71400.0,71400.0,71400.0,71400.0,2.0,35.0,55.7082
2020-10-30,RFX20122020,63100.0,63295.0,61830.0,62650.0,62650.0,7427.0,8892.0,48.4739
2020-11-02,RFX20032021,71030.0,73575.0,71030.0,73575.0,73078.0,3.0,37.0,47.4875
2020-11-02,RFX20122020,63250.0,65050.0,63100.0,64805.0,64805.0,7751.0,8904.0,36.9403
2020-11-03,RFX20032021,74000.0,75500.0,74000.0,74040.0,73750.0,7.0,40.0,46.4807
2020-11-03,RFX20122020,65500.0,67500.0,65415.0,65920.0,66000.0,7030.0,8702.0,40.7133
2020-11-04,RFX20032021,75000.0,75000.0,75000.0,75000.0,73750.0,10.0,40.0,52.0228
2020-11-04,RFX20122020,68000.0,68000.0,65650.0,65990.0,66000.0,6410.0,9099.0,53.7167
2020-11-05,RFX20032021,75000.0,75000.0,74910.0,75000.0,75600.0,4.0,42.0,48.8512
2020-11-05,RFX20122020,67095.0,68280.0,66495.0,67900.0,67895.0,6943.0,9092.0,48.8247
2020-11-09,RFX20032021,79800.0,79800.0,78000.0,78000.0,78173.0,6.0,45.0,50.5587
2020-11-09,RFX20122020,70800.0,71300.0,69745.0,70195.0,70150.0,6650.0,9409.0,52.8719
2020-11-10,RFX20032021,82300.0,82300.0,82300.0,82300.0,82000.0,2.0,47.0,49.7784
2020-11-10,RFX20122020,70280.0,73490.0,70250.0,72550.0,72550.0,8873.0,9255.0,40.0696
2020-11-11,RFX20032021,81610.0,81610.0,80500.0,81345.0,81345.0,15.0,52.0,51.1038
2020-11-11,RFX20122020,72505.0,73300.0,72050.0,72725.0,72725.0,5833.0,9734.0,51.6028
2020-11-12,RFX20032021,81290.0,81290.0,79075.0,79170.0,78495.0,69.0,63.0,52.1491
2020-11-12,RFX20122020,72450.0,72700.0,69985.0,70000.0,70000.0,9192.0,9741.0,52.3769
2020-11-13,RFX20032021,79000.0,79000.0,79000.0,79000.0,79405.0,2.0,63.0,52.9869
2020-11-13,RFX20122020,70500.0,71290.0,70095.0,71090.0,71060.0,7651.0,10303.0,57.6125
2020-11-16,RFX20032021,81600.0,81600.0,81175.0,81175.0,81015.0,3.0,65.0,53.0145
2020-11-16,RFX20122020,72800.0,72880.0,71815.0,72495.0,72495.0,7780.0,11315.0,58.3124
2020-11-17,RFX20032021,80025.0,80180.0,80025.0,80180.0,81555.0,2.0,63.0,49.7355
2020-11-17,RFX20122020,72400.0,73750.0,71125.0,73400.0,73400.0,7468.0,11397.0,54.6131
2020-11-18,RFX20032021,81310.0,81310.0,80950.0,81090.0,80950.0,9.0,61.0,51.9867
2020-11-18,RFX20122020,73800.0,73900.0,72575.0,72580.0,72580.0,5520.0,11624.0,57.7457
2020-11-19,RFX20122020,72100.0,73350.0,71995.0,72515.0,72515.0,7561.0,11726.0,64.1027
2020-11-20,RFX20032021,80235.0,80285.0,79655.0,80280.0,80280.0,8.0,61.0,48.1418
2020-11-20,RFX20122020,72900.0,72990.0,71750.0,72285.0,72285.0,6582.0,11948.0,51.0878
2020-11-24,RFX20032021,82605.0,83100.0,82605.0,83100.0,83485.0,7.0,61.0,45.0001
2020-11-24,RFX20122020,73890.0,75500.0,73380.0,75200.0,75200.0,7784.0,11857.0,42.3784
2020-11-25,RFX20032021,83700.0,83900.0,82935.0,83900.0,83700.0,54.0,61.0,47.3667
2020-11-25,RFX20122020,75230.0,75750.0,74800.0,75335.0,75335.0,4198.0,12218.0,49.2548
2020-11-26,RFX20032021,83410.0,83410.0,83410.0,83410.0,83620.0,1.0,61.0,45.9168
2020-11-26,RFX20122020,75450.0,75610.0,75155.0,75370.0,75370.0,435.0,12132.0,46.2416
2020-11-27,RFX20032021,84760.0,84900.0,84085.0,84900.0,84900.0,255.0,64.0,44.2061
2020-11-27,RFX20122020,75525.0,76580.0,75420.0,76460.0,76460.0,4203.0,11811.0,39.6402
2020-11-30,RFX20032021,84100.0,84700.0,84100.0,84200.0,84388.0,57.0,61.0,50.8383
2020-11-30,RFX20122020,76425.0,76500.0,75500.0,75670.0,75670.0,4129.0,12193.0,58.1727
2020-12-01,RFX20122020,76800.0,76860.0,76005.0,76200.0,76200.0,4866.0,12526.0,60.1833
2020-12-02,RFX20032021,84170.0,84170.0,84170.0,84170.0,84808.0,50.0,62.0,49.5099
2020-12-02,RFX20122020,76180.0,76815.0,75630.0,76280.0,76280.0,4334.0,12691.0,58.1755
2020-12-03,RFX20032021,84700.0,84700.0,84500.0,84500.0,84500.0,51.0,63.0,50.1549
2020-12-03,RFX20122020,76520.0,77135.0,75850.0,75945.0,75945.0,4600.0,12985.0,60.1386
2020-12-04,RFX20032021,84005.0,84005.0,83800.0,83800.0,83800.0,4.0,64.0,49.5327
2020-12-04,RFX20122020,74100.0,76345.0,74100.0,74855.0,74855.0,3535.0,12744.0,49.2548
2020-12-09,RFX20032021,82450.0,82450.0,78100.0,78210.0,78400.0,83.0,74.0,45.7624
2020-12-09,RFX20122020,73500.0,73800.0,70675.0,70800.0,70800.0,4894.0,12884.0,51.9178
2020-12-10,RFX20032021,79425.0,80330.0,79205.0,80330.0,81153.0,8.0,76.0,46.8805
2020-12-10,RFX20122020,71365.0,72990.0,70515.0,72950.0,72950.0,4606.0,12850.0,49.4145
2020-12-11,RFX20032021,81200.0,81200.0,81115.0,81200.0,81200.0,10.0,81.0,47.8992
2020-12-11,RFX20122020,72320.0,73500.0,72320.0,72900.0,72900.0,3240.0,12869.0,52.6014
2020-12-14,RFX20032021,83310.0,83310.0,80350.0,80350.0,80350.0,79.0,100.0,49.2905
2020-12-14,RFX20122020,73700.0,73850.0,71400.0,71950.0,71950.0,4261.0,12870.0,56.6821
2020-12-15,RFX20032021,79750.0,81270.0,79750.0,81250.0,81235.0,26.0,108.0,52.9687
2020-12-15,RFX20122020,72300.0,72400.0,71410.0,72400.0,72340.0,3270.0,12868.0,66.8829
2020-12-16,RFX20032021,81595.0,81850.0,80400.0,81100.0,80955.0,196.0,228.0,52.3359
2020-12-16,RFX20122020,72500.0,72845.0,71900.0,72155.0,72155.0,3417.0,12713.0,66.4488
2020-12-17,RFX20032021,81350.0,81400.0,81000.0,81000.0,81255.0,95.0,299.0,54.3106
2020-12-17,RFX20122020,72555.0,72780.0,72065.0,72395.0,72355.0,2848.0,12646.0,79.3636
2020-12-18,RFX20032021,80700.0,81040.0,79500.0,79500.0,79520.0,92.0,320.0,52.4124
2020-12-18,RFX20122020,72100.0,72300.0,71155.0,71220.0,71220.0,3246.0,12713.0,85.4394
2020-12-21,RFX20032021,77600.0,78040.0,76000.0,76750.0,76750.0,168.0,343.0,56.0811
2020-12-21,RFX20122020,69700.0,69795.0,67765.0,68310.0,68310.0,3975.0,12457.0,108.6212
2020-12-22,RFX20032021,76500.0,77000.0,75790.0,76100.0,76100.0,114.0,375.0,51.877
2020-12-22,RFX20122020,67305.0,68890.0,67305.0,68080.0,68080.0,3701.0,12327.0,93.4906
2020-12-23,RFX20032021,75000.0,78000.0,75000.0,77990.0,78000.0,27.0,386.0,50.8804
2020-12-23,RFX20122020,67525.0,69875.0,67525.0,69875.0,69875.0,2428.0,12162.0,94.9705
2020-12-28,RFX20032021,77400.0,78000.0,76750.0,77150.0,77250.0,190.0,490.0,58.3613
2020-12-28,RFX20122020,69600.0,69790.0,68100.0,68350.0,68350.0,2788.0,12088.0,298.555
2020-12-29,RFX20032021,76770.0,77725.0,76605.0,77705.0,77560.0,501.0,658.0,52.4299
2020-12-29,RFX20122020,68350.0,69300.0,67955.0,69060.0,69060.0,3401.0,11833.0,294.7951
2020-12-30,RFX20032021,77700.0,78790.0,76430.0,77000.0,77000.0,1365.0,1588.0,50.6367
2021-01-04,RFX20032021,76900.0,77200.0,75000.0,75650.0,75650.0,3564.0,2375.0,51.8772
2021-01-04,RFX20062021,82985.0,82985.0,82985.0,82985.0,83270.0,1.0,1.0,48.5162
2021-01-05,RFX20032021,75105.0,76590.0,74705.0,76500.0,76520.0,3630.0,2832.0,50.9483
2021-01-05,RFX20062021,85000.0,85000.0,85000.0,85000.0,84583.0,20.0,1.0,49.051
2021-01-06,RFX20032021,76100.0,77190.0,76100.0,76640.0,76640.0,3852.0,3410.0,51.2313
2021-01-07,RFX20032021,77000.0,77510.0,76540.0,77450.0,77450.0,2558.0,3628.0,50.5129
2021-01-08,RFX20032021,77400.0,77750.0,76405.0,76590.0,76590.0,2662.0,4011.0,53.9614
2021-01-11,RFX20032021,75800.0,76000.0,74750.0,74900.0,74950.0,2825.0,4271.0,51.7711
2021-01-12,RFX20032021,74605.0,75480.0,74605.0,75100.0,75100.0,1974.0,4445.0,51.3859
2021-01-13,RFX20032021,75100.0,75535.0,73700.0,74550.0,74550.0,4378.0,4895.0,50.6106
2021-01-14,RFX20032021,74900.0,75265.0,74215.0,74855.0,74855.0,2841.0,5365.0,51.3618
2021-01-15,RFX20032021,74670.0,75245.0,73115.0,73275.0,73275.0,4159.0,5220.0,46.7291
2021-01-18,RFX20032021,73380.0,73380.0,72460.0,72550.0,72550.0,645.0,5373.0,45.9844
2021-01-19,RFX20032021,73300.0,73350.0,72330.0,72710.0,72710.0,2006.0,5664.0,44.8028
2021-01-20,RFX20032021,72750.0,72900.0,71800.0,72625.0,72625.0,3307.0,5916.0,47.8381
2021-01-21,RFX20032021,72600.0,72650.0,70205.0,70400.0,70400.0,1997.0,6001.0,52.5907
2021-01-22,RFX20032021,69405.0,71195.0,69405.0,70270.0,70270.0,1389.0,6177.0,52.3115
2021-01-25,RFX20032021,70480.0,70770.0,68450.0,68750.0,68750.0,4328.0,6932.0,52.7949
2021-01-26,RFX20032021,69700.0,70690.0,69350.0,70600.0,70600.0,3430.0,6916.0,42.1132
2021-01-27,RFX20032021,70100.0,71640.0,69375.0,71050.0,71050.0,4501.0,7044.0,39.9627
2021-01-27,RFX20042021,73740.0,73740.0,73740.0,73740.0,73550.0,200.0,0.0,41.8338
2021-01-28,RFX20032021,71295.0,72095.0,70805.0,71300.0,71225.0,3327.0,7174.0,46.0808
2021-01-29,RFX20032021,70800.0,71300.0,69515.0,69800.0,69800.0,4539.0,7244.0,52.7423
2021-01-29,RFX20042021,72860.0,72860.0,72860.0,72860.0,72655.0,40.0,0.0,53.2068
2021-02-01,RFX20032021,70400.0,71280.0,70105.0,71200.0,71200.0,2899.0,7512.0,50.7808
2021-02-02,RFX20032021,71700.0,72435.0,71350.0,71600.0,71600.0,4645.0,8587.0,54.7075
2021-02-03,RFX20032021,71100.0,72450.0,71100.0,71460.0,71435.0,4465.0,8826.0,49.8219
2021-02-04,RFX20032021,71820.0,72580.0,71320.0,72570.0,72570.0,4059.0,9215.0,49.7314
2021-02-05,RFX20032021,72650.0,73700.0,72650.0,73290.0,73265.0,3467.0,9440.0,51.9046
2021-02-08,RFX20032021,73600.0,75700.0,73600.0,74780.0,74780.0,3554.0,9884.0,54.8581
2021-02-09,RFX20032021,74700.0,75175.0,74320.0,74970.0,74970.0,2205.0,10142.0,54.4749
2021-02-10,RFX20032021,75100.0,75340.0,74275.0,74385.0,74390.0,4133.0,10761.0,54.5191
2021-02-11,RFX20032021,74690.0,74690.0,73630.0,73650.0,73650.0,1964.0,10630.0,52.0965
2021-02-12,RFX20032021,73640.0,73700.0,72235.0,72400.0,72400.0,3508.0,10058.0,42.0245
2021-02-17,RFX20032021,74000.0,74020.0,72760.0,73240.0,73295.0,3306.0,10667.0,40.704
2021-02-17,RFX20042021,75630.0,75630.0,75600.0,75630.0,75600.0,2.0,1.0,40.4332
2021-02-18,RFX20032021,73000.0,75360.0,72290.0,72945.0,72945.0,5322.0,11220.0,48.7035
2021-02-18,RFX20042021,77940.0,77940.0,77905.0,77940.0,75250.0,2.0,1.0,45.2579
2021-02-19,RFX20032021,73000.0,73190.0,71045.0,71045.0,71045.0,4170.0,11171.0,41.4668
2021-02-19,RFX20042021,74330.0,74330.0,74330.0,74330.0,73678.0,1.0,0.0,43.8982
2021-02-22,RFX20032021,69500.0,70135.0,67600.0,67745.0,67745.0,3581.0,10932.0,33.3404
2021-02-22,RFX20042021,72305.0,72305.0,70900.0,70900.0,70745.0,10.0,5.0,43.3519
2021-02-23,RFX20032021,66800.0,67200.0,65310.0,66040.0,66040.0,3792.0,10716.0,36.9758
2021-02-23,RFX20042021,68900.0,69000.0,68900.0,68900.0,68900.0,54.0,7.0,44.9922
2021-02-24,RFX20032021,66500.0,68550.0,66410.0,68550.0,68550.0,5866.0,10528.0,37.5429
2021-02-24,RFX20042021,70220.0,70585.0,70220.0,70585.0,71410.0,52.0,7.0,44.487
2021-02-25,RFX20032021,68800.0,69600.0,67200.0,67350.0,67450.0,5673.0,10598.0,38.1103
2021-02-25,RFX20042021,71785.0,72130.0,70420.0,70420.0,70165.0,252.0,6.0,44.0173
2021-02-26,RFX20032021,67250.0,67820.0,66390.0,66765.0,66765.0,4163.0,10453.0,40.9411
2021-02-26,RFX20042021,69470.0,69670.0,69400.0,69600.0,69283.0,335.0,11.0,44.1045
2021-03-01,RFX20032021,68500.0,68500.0,67300.0,67550.0,67550.0,2834.0,10811.0,41.7582
2021-03-01,RFX20042021,70540.0,70630.0,70215.0,70215.0,70215.0,55.0,11.0,45.703
2021-03-02,RFX20032021,67150.0,67480.0,66200.0,66535.0,66535.0,3726.0,11433.0,44.6279
2021-03-02,RFX20042021,69370.0,69370.0,69250.0,69250.0,68900.0,54.0,15.0,44.7053
2021-03-02,RFX20062021,73550.0,73550.0,73550.0,73550.0,73270.0,2.0,4.0,42.666
2021-03-03,RFX20032021,66200.0,66500.0,64455.0,65440.0,65440.0,4883.0,10726.0,45.3567
2021-03-03,RFX20042021,67975.0,67975.0,66945.0,66945.0,67803.0,105.0,20.0,45.411
2021-03-04,RFX20032021,65250.0,67400.0,63690.0,65200.0,65200.0,9056.0,10405.0,26.1965
2021-03-04,RFX20042021,67800.0,69200.0,67000.0,69190.0,67410.0,104.0,19.0,34.5346
2021-03-04,RFX20062021,72200.0,72200.0,72200.0,72200.0,72155.0,1.0,4.0,39.6294
2021-03-05,RFX20032021,65500.0,66545.0,63850.0,64500.0,64500.0,6382.0,10449.0,31.0674
2021-03-05,RFX20042021,66800.0,67895.0,66500.0,66605.0,66605.0,54.0,20.0,36.1663
2021-03-08,RFX20032021,64500.0,64700.0,62900.0,63340.0,63340.0,5118.0,10546.0,37.5777
2021-03-08,RFX20042021,66250.0,66795.0,65400.0,65450.0,65490.0,28.0,26.0,40.2372
2021-03-09,RFX20032021,63900.0,63900.0,62910.0,63700.0,63700.0,2952.0,10600.0,35.4617
2021-03-09,RFX20042021,65550.0,66000.0,65550.0,65775.0,65775.0,4.0,28.0,38.3566
2021-03-10,RFX20032021,63795.0,65040.0,63610.0,64850.0,64850.0,4170.0,10559.0,33.3441
2021-03-10,RFX20042021,66530.0,66530.0,66530.0,66530.0,66935.0,2.0,30.0,37.1815
2021-03-11,RFX20032021,65850.0,66195.0,65200.0,66150.0,66150.0,3193.0,10611.0,34.1649
2021-03-11,RFX20042021,67685.0,68000.0,67650.0,68000.0,68000.0,8.0,29.0,34.4639
2021-03-12,RFX20032021,65900.0,67100.0,65500.0,66900.0,66900.0,4667.0,10548.0,29.323
2021-03-12,RFX20042021,68750.0,69050.0,68750.0,69050.0,69050.0,23.0,43.0,35.6747
2021-03-12,RFX20062021,73750.0,73750.0,73750.0,73750.0,73853.0,1.0,4.0,40.0776
2021-03-15,RFX20032021,66890.0,68790.0,66720.0,68600.0,68600.0,7713.0,9971.0,29.1116
2021-03-15,RFX20042021,70000.0,70950.0,69960.0,70630.0,70630.0,47.0,68.0,33.9059
2021-03-16,RFX20032021,68360.0,69395.0,67400.0,67705.0,67705.0,5817.0,10017.0,38.6275
2021-03-16,RFX20042021,71480.0,71480.0,69750.0,69750.0,69865.0,15.0,71.0,39.1636
2021-03-17,RFX20032021,67400.0,68330.0,66950.0,68200.0,68200.0,4389.0,10168.0,43.9401
2021-03-17,RFX20042021,69235.0,70200.0,69235.0,70200.0,70200.0,4.0,73.0,38.7178
2021-03-18,RFX20032021,67800.0,68240.0,66370.0,66745.0,66745.0,5411.0,10360.0,62.7442
2021-03-18,RFX20042021,69850.0,69850.0,68480.0,68480.0,68850.0,16.0,74.0,46.338
2021-03-19,RFX20032021,66700.0,67300.0,66200.0,67045.0,67045.0,3877.0,10294.0,56.2328
2021-03-19,RFX20042021,69195.0,69195.0,68770.0,69135.0,69135.0,90.0,162.0,43.6583
2021-03-22,RFX20032021,66850.0,67195.0,66400.0,67190.0,67190.0,3738.0,10123.0,75.8086
2021-03-22,RFX20042021,68945.0,69225.0,68850.0,68895.0,69198.0,295.0,433.0,45.9868
2021-03-23,RFX20032021,67000.0,67520.0,65950.0,66210.0,66210.0,3546.0,9891.0,70.8195
2021-03-23,RFX20042021,69240.0,69240.0,68115.0,68115.0,68150.0,96.0,523.0,43.4903
2021-03-23,RFX20062021,74000.0,74000.0,73500.0,73500.0,73005.0,52.0,54.0,44.1477
2021-03-25,RFX20032021,64500.0,64850.0,62875.0,62990.0,63005.0,6385.0,9620.0,14.4644
2021-03-25,RFX20042021,66680.0,66680.0,65050.0,65185.0,65185.0,233.0,719.0,37.5751
2021-03-25,RFX20062021,70910.0,70910.0,69950.0,69950.0,69950.0,63.0,56.0,42.4714
2021-03-26,RFX20032021,63205.0,63800.0,62060.0,62795.0,62795.0,5659.0,8980.0,63.651
2021-03-26,RFX20042021,65750.0,65750.0,64110.0,64730.0,64890.0,442.0,843.0,44.1887
2021-03-29,RFX20032021,62255.0,63435.0,62025.0,63310.0,63310.0,3620.0,8544.0,61.337
2021-03-29,RFX20042021,64200.0,65400.0,64200.0,65350.0,65350.0,506.0,1171.0,40.7108
2021-03-30,RFX20032021,63000.0,64600.0,63000.0,64420.0,64420.0,2771.0,0.0,135.3446
2021-03-30,RFX20042021,65670.0,66670.0,65630.0,66670.0,66670.0,837.0,0.0,45.6422
2021-03-31,RFX20032021,64995.0,64995.0,63780.0,63860.0,63845.0,2430.0,0.0,
2021-03-31,RFX20042021,66890.0,66890.0,65765.0,66100.0,66100.0,977.0,2155.0,40.9829
2021-04-05,RFX20042021,66500.0,66875.0,66000.0,66650.0,66650.0,1163.0,0.0,43.0426
2021-04-06,RFX20042021,67200.0,68300.0,66200.0,68250.0,68273.0,2302.0,2786.0,27.6868
2021-04-06,RFX20062021,72300.0,72300.0,72300.0,72300.0,72695.0,40.0,56.0,36.1365
2021-04-07,RFX20042021,68000.0,68850.0,67765.0,67825.0,67825.0,2381.0,2919.0,27.2667
2021-04-08,RFX20042021,68200.0,68300.0,67360.0,67500.0,67500.0,2370.0,2861.0,35.4973
2021-04-08,RFX20062021,72190.0,72190.0,72190.0,72190.0,72190.0,2.0,57.0,40.6178
2021-04-09,RFX20042021,67300.0,67300.0,66240.0,66380.0,66389.0,2887.0,2822.0,34.97
2021-04-09,RFX20062021,71350.0,71405.0,71350.0,71405.0,71095.0,3.0,58.0,41.1431
2021-04-12,RFX20042021,66600.0,66900.0,65075.0,65600.0,65497.0,4588.0,3035.0,44.5903
2021-04-12,RFX20062021,69415.0,70500.0,69415.0,70500.0,70500.0,12.0,69.0,46.2278
2021-04-13,RFX20042021,66190.0,66190.0,64920.0,65305.0,65305.0,3090.0,3376.0,59.9234
2021-04-13,RFX20062021,69665.0,69800.0,69665.0,69800.0,69800.0,37.0,106.0,46.1685
2021-04-14,RFX20042021,65305.0,66170.0,64485.0,64600.0,64600.0,4215.0,3157.0,56.1171
2021-04-14,RFX20062021,70395.0,70500.0,68900.0,68900.0,68900.0,87.0,189.0,43.9897
2021-04-15,RFX20042021,64890.0,64900.0,63830.0,63900.0,63875.0,2663.0,3271.0,45.091
2021-04-15,RFX20062021,68600.0,68600.0,68230.0,68230.0,68230.0,103.0,236.0,42.2507
2021-04-16,RFX20042021,63860.0,64650.0,63250.0,64575.0,64575.0,4040.0,3462.0,41.3472
2021-04-16,RFX20062021,67930.0,69000.0,67930.0,69000.0,69000.0,10.0,240.0,41.5959
2021-04-19,RFX20042021,64650.0,65370.0,64320.0,64570.0,64500.0,2709.0,3429.0,23.419
2021-04-19,RFX20062021,69200.0,69495.0,69150.0,69345.0,69345.0,115.0,346.0,41.9264
2021-04-20,RFX20042021,64150.0,64580.0,62750.0,63100.0,63218.0,3885.0,3510.0,41.3201
2021-04-20,RFX20062021,67700.0,67940.0,67215.0,67580.0,67580.0,29.0,367.0,41.6928
2021-04-21,RFX20042021,63000.0,63950.0,62750.0,63900.0,63900.0,2523.0,3390.0,28.1388
2021-04-21,RFX20062021,66850.0,68290.0,66850.0,68290.0,68290.0,48.0,395.0,39.6891
2021-04-22,RFX20042021,63500.0,64200.0,63035.0,63115.0,63100.0,4081.0,3320.0,25.2079
2021-04-22,RFX20062021,68310.0,68310.0,67495.0,68055.0,68055.0,259.0,586.0,44.6914
2021-04-23,RFX20042021,63100.0,63435.0,62715.0,63130.0,63140.0,2791.0,3456.0,22.6725
2021-04-23,RFX20062021,67550.0,68200.0,67550.0,68000.0,68000.0,208.0,787.0,43.8293
2021-04-26,RFX20042021,63400.0,63950.0,63255.0,63640.0,63640.0,3039.0,3457.0,-11.0656
2021-04-26,RFX20062021,68250.0,68500.0,68100.0,68300.0,68300.0,31.0,816.0,40.3875
2021-04-27,RFX20042021,63800.0,65500.0,63800.0,65490.0,65490.0,4668.0,2955.0,36.5117
2021-04-27,RFX20062021,68500.0,70150.0,68500.0,70130.0,70130.0,153.0,930.0,42.2397
2021-04-28,RFX20042021,65500.0,66875.0,65500.0,66500.0,66500.0,4921.0,2724.0,-54.813
2021-04-28,RFX20062021,70600.0,71700.0,70575.0,71100.0,71200.0,469.0,1108.0,39.0845
2021-04-29,RFX20042021,66900.0,66900.0,65670.0,66430.0,66430.0,3279.0,2852.0,-152.2029
2021-04-29,RFX20062021,70630.0,71155.0,70525.0,71090.0,71090.0,568.0,1420.0,38.6703
2021-04-30,RFX20042021,65300.0,66400.0,65300.0,65580.0,65546.0,3844.0,0.0,
2021-04-30,RFX20062021,70600.0,70655.0,70000.0,70010.0,70110.0,627.0,1840.0,43.7238
2021-05-03,RFX20062021,69000.0,70295.0,69000.0,69320.0,69320.0,2173.0,2627.0,40.9892
2021-05-04,RFX20062021,69500.0,69500.0,68510.0,69200.0,69200.0,2011.0,2872.0,44.426
2021-05-05,RFX20062021,68705.0,70045.0,68200.0,69700.0,69700.0,3018.0,3089.0,42.6605
2021-05-05,RFX20082021,73000.0,73000.0,73000.0,73000.0,73500.0,2.0,2.0,38.2135
2021-05-06,RFX20062021,69865.0,70100.0,69280.0,69870.0,70100.0,2772.0,3346.0,44.1442
2021-05-07,RFX20062021,70100.0,72130.0,70100.0,71950.0,71950.0,3209.0,3759.0,33.1033
2021-05-07,RFX20082021,75550.0,76200.0,75550.0,76200.0,76200.0,22.0,4.0,34.9067
2021-05-10,RFX20062021,71900.0,73185.0,71800.0,72260.0,72260.0,3333.0,3879.0,32.8613
2021-05-11,RFX20062021,71340.0,71850.0,71100.0,71845.0,71845.0,2537.0,4042.0,40.313
2021-05-12,RFX20062021,71300.0,72200.0,71255.0,71920.0,71920.0,2648.0,4119.0,42.641
2021-05-13,RFX20062021,72300.0,73680.0,72150.0,73430.0,73430.0,2293.0,3992.0,33.9189
2021-05-13,RFX20082021,76000.0,76590.0,76000.0,76550.0,77600.0,4.0,6.0,34.485
2021-05-14,RFX20062021,74000.0,76245.0,74000.0,76180.0,76180.0,3253.0,3711.0,30.3849
2021-05-14,RFX20082021,80685.0,80685.0,79750.0,79750.0,80350.0,14.0,5.0,32.1489
2021-05-17,RFX20062021,76500.0,78190.0,75650.0,77845.0,77845.0,4115.0,3723.0,28.7999
2021-05-18,RFX20062021,77900.0,78400.0,77290.0,77585.0,77585.0,3165.0,3641.0,26.8957
2021-05-18,RFX20082021,82900.0,83300.0,82900.0,83300.0,83085.0,21.0,4.0,36.438
2021-05-19,RFX20062021,74700.0,77690.0,74700.0,77380.0,77380.0,3487.0,3577.0,27.6624
2021-05-19,RFX20082021,80525.0,82500.0,80525.0,82500.0,82500.0,5.0,7.0,35.1326
2021-05-20,RFX20062021,77600.0,78890.0,77600.0,78700.0,78700.0,3962.0,3439.0,24.9065
2021-05-21,RFX20062021,78800.0,79395.0,77555.0,78070.0,78070.0,4737.0,3640.0,33.1671
2021-05-21,RFX20082021,82800.0,83005.0,82005.0,82005.0,82005.0,24.0,6.0,31.6988
2021-05-26,RFX20062021,77500.0,78800.0,77050.0,78740.0,78740.0,3711.0,3725.0,39.7709
2021-05-26,RFX20082021,81700.0,81700.0,81700.0,81700.0,82675.0,1.0,6.0,33.8723
2021-05-27,RFX20062021,78005.0,80140.0,78005.0,79660.0,79660.0,3796.0,3594.0,34.2017
2021-05-28,RFX20062021,80120.0,81715.0,79850.0,81510.0,81528.0,4677.0,3134.0,27.5644
2021-05-28,RFX20082021,85150.0,85150.0,85150.0,85150.0,85428.0,460.0,6.0,28.4123
2021-05-31,RFX20062021,81300.0,81900.0,81210.0,81675.0,81700.0,600.0,0.0,33.1925
2021-05-31,RFX20082021,86230.0,86550.0,85080.0,86550.0,86550.0,204.0,0.0,35.018
2021-06-01,RFX20062021,82200.0,83725.0,82200.0,82975.0,82975.0,3092.0,3141.0,12.5311
2021-06-01,RFX20082021,87000.0,88005.0,87000.0,88005.0,88005.0,6.0,12.0,28.5504
2021-06-02,RFX20062021,83300.0,85170.0,82725.0,84685.0,84685.0,3979.0,3003.0,9.0514
2021-06-02,RFX20082021,89400.0,90130.0,89400.0,89750.0,89750.0,33.0,44.0,27.2406
2021-06-03,RFX20062021,84700.0,87700.0,83925.0,87700.0,87700.0,4843.0,2971.0,21.3422
2021-06-03,RFX20082021,89300.0,91710.0,89300.0,91710.0,92200.0,19.0,45.0,27.8502
2021-06-04,RFX20062021,88400.0,91350.0,88100.0,91200.0,91200.0,7816.0,2870.0,36.2646
2021-06-04,RFX20082021,93225.0,94600.0,93225.0,94600.0,95705.0,12.0,57.0,31.7323
2021-06-07,RFX20062021,91995.0,94310.0,91550.0,92800.0,92800.0,6659.0,3279.0,15.7303
2021-06-07,RFX20082021,98510.0,99500.0,98250.0,98250.0,98250.0,18.0,64.0,29.7251
2021-06-08,RFX20062021,93250.0,93500.0,90335.0,90400.0,90400.0,6757.0,3044.0,19.7211
2021-06-08,RFX20082021,98250.0,98250.0,95570.0,96190.0,96200.0,34.0,78.0,33.3752
2021-06-09,RFX20062021,90400.0,95040.0,89410.0,93850.0,94070.0,11189.0,3224.0,43.9104
2021-06-09,RFX20082021,95700.0,99900.0,95700.0,99750.0,99750.0,29.0,81.0,38.3336
2021-06-10,RFX20062021,94500.0,96210.0,92820.0,92900.0,92900.0,8747.0,3581.0,21.8938
2021-06-10,RFX20082021,100000.0,101300.0,99040.0,99040.0,99040.0,13.0,82.0,35.1121
2021-06-11,RFX20062021,93250.0,93455.0,89840.0,90800.0,90790.0,6944.0,3611.0,43.6281
2021-06-11,RFX20082021,96940.0,97310.0,95900.0,96100.0,96390.0,210.0,82.0,38.6594
2021-06-14,RFX20062021,91000.0,92800.0,90705.0,91585.0,91585.0,5675.0,3709.0,49.7885
2021-06-14,RFX20082021,97335.0,97350.0,96605.0,97000.0,97085.0,23.0,95.0,38.9283
2021-06-15,RFX20062021,91200.0,91895.0,89030.0,91620.0,91645.0,6729.0,3533.0,46.7459
2021-06-15,RFX20082021,96090.0,96945.0,95000.0,96945.0,97345.0,106.0,97.0,39.1555
2021-06-16,RFX20062021,91000.0,92400.0,91000.0,91755.0,91705.0,6738.0,3867.0,26.5101
2021-06-16,RFX20082021,97175.0,98305.0,97175.0,98305.0,97985.0,116.0,160.0,38.1065
2021-06-17,RFX20062021,91600.0,92310.0,89950.0,90350.0,90350.0,4763.0,3792.0,40.5223
2021-06-17,RFX20082021,97600.0,97600.0,96150.0,96460.0,96460.0,149.0,265.0,40.4101
2021-06-18,RFX20062021,90000.0,90000.0,88205.0,89010.0,89010.0,4921.0,3568.0,60.5441
2021-06-18,RFX20082021,94880.0,94880.0,94465.0,94500.0,94760.0,127.0,326.0,42.3155
2021-06-22,RFX20062021,87800.0,90115.0,86650.0,89385.0,89385.0,5773.0,3861.0,52.6059
2021-06-22,RFX20082021,92750.0,95980.0,92400.0,95965.0,95585.0,226.0,449.0,42.5969
2021-06-23,RFX20062021,89600.0,91090.0,88240.0,88405.0,88450.0,6699.0,3882.0,30.4296
2021-06-23,RFX20082021,96295.0,96300.0,94600.0,94795.0,94050.0,21.0,454.0,36.774
2021-06-24,RFX20062021,88500.0,89800.0,88400.0,89410.0,89500.0,3130.0,3618.0,63.8097
2021-06-24,RFX20082021,94350.0,96025.0,94350.0,95800.0,95800.0,277.0,649.0,43.81
2021-06-25,RFX20062021,87620.0,87620.0,85515.0,86000.0,86095.0,6623.0,3786.0,19.1303
2021-06-25,RFX20082021,90850.0,92600.0,90850.0,91600.0,91615.0,634.0,994.0,36.4476
2021-06-28,RFX20062021,86000.0,86950.0,84410.0,84630.0,84640.0,4513.0,3749.0,88.4418
2021-06-28,RFX20082021,91400.0,91400.0,90400.0,90490.0,90500.0,428.0,1156.0,42.4404
2021-06-29,RFX20062021,84445.0,84445.0,82680.0,82700.0,82700.0,5116.0,3147.0,-11.088
2021-06-29,RFX20082021,89090.0,89600.0,88750.0,88750.0,88750.0,961.0,1677.0,42.1951
2021-06-30,RFX20062021,82410.0,83790.0,82000.0,82370.0,82360.0,4355.0,0.0,
2021-06-30,RFX20082021,87505.0,89540.0,86700.0,88460.0,88450.0,2219.0,2502.0,44.7377
2021-07-01,RFX20082021,89440.0,89440.0,86765.0,87115.0,87115.0,3975.0,3024.0,38.8855
2021-07-01,RFX20102021,93600.0,93600.0,92805.0,93000.0,93015.0,21.0,10.0,41.7057
2021-07-02,RFX20082021,87205.0,89700.0,86500.0,89700.0,89451.0,4010.0,3227.0,44.5427
2021-07-02,RFX20102021,93555.0,93825.0,93555.0,93825.0,95351.0,6.0,12.0,44.1706
2021-07-05,RFX20082021,89400.0,90750.0,89400.0,90375.0,90434.0,1374.0,3350.0,38.4607
2021-07-06,RFX20082021,90100.0,90250.0,87920.0,88515.0,88569.0,3363.0,3691.0,42.3442
2021-07-06,RFX20102021,96400.0,96400.0,93920.0,93975.0,94069.0,30.0,31.0,41.6098
2021-07-07,RFX20082021,88560.0,89230.0,87500.0,89230.0,89230.0,5601.0,4266.0,48.0071
2021-07-07,RFX20102021,93630.0,93630.0,92825.0,93420.0,94530.0,62.0,50.0,43.5545
2021-07-08,RFX20082021,88400.0,88530.0,87290.0,87580.0,87595.0,5796.0,4340.0,47.4173
2021-07-08,RFX20102021,93315.0,93315.0,93315.0,93315.0,93260.0,1.0,50.0,45.0149
2021-07-12,RFX20082021,88500.0,90060.0,87750.0,90050.0,90045.0,3430.0,4373.0,45.9162
2021-07-12,RFX20102021,93175.0,94370.0,93175.0,94120.0,94420.0,45.0,75.0,38.3557
2021-07-13,RFX20082021,89540.0,90000.0,88800.0,89850.0,89850.0,3777.0,4759.0,43.8304
2021-07-13,RFX20102021,93755.0,93755.0,93755.0,93755.0,94700.0,50.0,125.0,39.2023
2021-07-14,RFX20082021,90500.0,91355.0,89010.0,89450.0,89450.0,4207.0,5149.0,47.0323
2021-07-14,RFX20102021,96000.0,96000.0,96000.0,96000.0,93978.0,50.0,75.0,39.4343
2021-07-15,RFX20082021,89200.0,89775.0,88500.0,88850.0,88850.0,3807.0,5408.0,51.1136
2021-07-15,RFX20102021,93440.0,93440.0,93400.0,93400.0,93450.0,23.0,75.0,41.6643
2021-07-16,RFX20082021,88810.0,89000.0,87960.0,88400.0,88400.0,2683.0,5464.0,54.5616
2021-07-16,RFX20102021,93090.0,93090.0,93000.0,93000.0,93460.0,22.0,75.0,45.169
2021-07-19,RFX20082021,87000.0,87000.0,85450.0,86250.0,86250.0,4518.0,5602.0,48.9118
2021-07-20,RFX20082021,85805.0,87920.0,85510.0,87635.0,87635.0,5709.0,6309.0,46.2483
2021-07-20,RFX20102021,92600.0,92600.0,92600.0,92600.0,92563.0,20.0,75.0,40.6354
2021-07-21,RFX20082021,88000.0,90100.0,88000.0,89675.0,89710.0,5271.0,6152.0,35.1501
2021-07-22,RFX20082021,89900.0,89900.0,88815.0,89420.0,89420.0,2486.0,6253.0,35.6715
2021-07-23,RFX20082021,89850.0,89990.0,88505.0,88800.0,88800.0,2805.0,6152.0,43.7952
2021-07-26,RFX20082021,88705.0,90080.0,88705.0,89605.0,89605.0,2890.0,6252.0,42.3175
2021-07-26,RFX20102021,94630.0,94630.0,94600.0,94600.0,94600.0,25.0,75.0,38.3477
2021-07-27,RFX20082021,89500.0,89770.0,88615.0,89700.0,89700.0,3113.0,6301.0,44.1239
2021-07-27,RFX20102021,93965.0,93965.0,93635.0,93945.0,94815.0,11.0,80.0,39.508
2021-07-28,RFX20082021,89960.0,90525.0,89475.0,90450.0,90450.0,3077.0,6258.0,41.9924
2021-07-28,RFX20102021,95000.0,95000.0,95000.0,95000.0,95618.0,20.0,80.0,38.6538
2021-07-29,RFX20082021,90500.0,91180.0,90400.0,90815.0,90815.0,4190.0,6436.0,38.4711
2021-07-29,RFX20102021,96140.0,96180.0,96040.0,96175.0,96043.0,702.0,82.0,37.4331
2021-07-30,RFX20082021,90005.0,90450.0,89160.0,89560.0,89550.0,3071.0,6665.0,50.2183
2021-07-30,RFX20102021,95290.0,95290.0,94260.0,94260.0,94350.0,356.0,134.0,40.1052
2021-08-02,RFX20082021,89805.0,90400.0,88550.0,89200.0,89150.0,2892.0,6550.0,52.3282
2021-08-02,RFX20102021,94110.0,94545.0,94110.0,94545.0,94500.0,58.0,84.0,43.1704
2021-08-03,RFX20082021,89300.0,89650.0,88000.0,89615.0,89615.0,3459.0,7090.0,56.7869
2021-08-03,RFX20102021,94300.0,94690.0,94300.0,94690.0,94690.0,31.0,105.0,43.0703
2021-08-04,RFX20082021,89320.0,90100.0,87545.0,88200.0,88200.0,3763.0,7151.0,56.1087
2021-08-04,RFX20102021,94545.0,94545.0,93985.0,93985.0,93600.0,8.0,105.0,44.6788
2021-08-05,RFX20082021,89300.0,89330.0,88215.0,88550.0,88550.0,3950.0,7600.0,40.2284
2021-08-05,RFX20102021,94730.0,94730.0,93750.0,93750.0,94020.0,70.0,170.0,39.5913
2021-08-06,RFX20082021,88900.0,89200.0,88175.0,88450.0,88455.0,3584.0,7579.0,43.9315
2021-08-06,RFX20102021,94200.0,94200.0,94165.0,94165.0,94155.0,7.0,170.0,41.9179
2021-08-09,RFX20082021,87900.0,88650.0,87570.0,88275.0,88275.0,3089.0,7818.0,46.4041
2021-08-09,RFX20102021,93900.0,93910.0,93800.0,93800.0,93800.0,56.0,121.0,41.5959
2021-08-10,RFX20082021,88600.0,90440.0,88505.0,90405.0,90405.0,4649.0,7808.0,33.2328
2021-08-10,RFX20102021,94210.0,95800.0,94110.0,95800.0,95800.0,41.0,123.0,36.4713
2021-08-11,RFX20082021,90800.0,92420.0,90240.0,92210.0,92255.0,4145.0,7740.0,31.3669
2021-08-11,RFX20102021,95810.0,99455.0,95510.0,97595.0,97855.0,59.0,125.0,36.4686
2021-08-12,RFX20082021,91300.0,92770.0,91300.0,91870.0,91875.0,5125.0,8109.0,33.9795
2021-08-12,RFX20102021,97000.0,98000.0,97000.0,97930.0,97575.0,55.0,129.0,37.8225
2021-08-13,RFX20082021,91000.0,91700.0,90620.0,91490.0,91470.0,3050.0,8038.0,35.9681
2021-08-13,RFX20102021,96410.0,97250.0,96410.0,97250.0,97250.0,3.0,130.0,38.8932
2021-08-17,RFX20082021,89640.0,90800.0,88960.0,89400.0,89400.0,4075.0,8310.0,46.9801
2021-08-17,RFX20102021,96585.0,96685.0,94795.0,94795.0,95100.0,109.0,208.0,41.4635
2021-08-18,RFX20082021,89690.0,89690.0,87910.0,87980.0,87980.0,4612.0,8268.0,44.8793
2021-08-18,RFX20102021,94700.0,94810.0,93650.0,93650.0,93650.0,120.0,244.0,41.2962
2021-08-19,RFX20082021,86375.0,87500.0,86375.0,87500.0,87500.0,2886.0,8300.0,46.4778
2021-08-19,RFX20102021,92285.0,93030.0,91985.0,93000.0,93150.0,57.0,250.0,41.5578
2021-08-20,RFX20082021,87650.0,88980.0,87650.0,88665.0,88665.0,2027.0,8174.0,34.8614
2021-08-20,RFX20102021,94095.0,94600.0,94095.0,94485.0,94500.0,167.0,408.0,40.1537
2021-08-23,RFX20082021,89350.0,90520.0,88950.0,90465.0,90450.0,2812.0,8122.0,34.2971
2021-08-23,RFX20102021,95990.0,96545.0,95835.0,96545.0,96445.0,113.0,505.0,40.4742
2021-08-24,RFX20082021,91390.0,93795.0,91390.0,93795.0,93790.0,4921.0,7556.0,6.6371
2021-08-24,RFX20102021,98200.0,99805.0,98200.0,99805.0,99840.0,249.0,493.0,36.423
2021-08-25,RFX20082021,94000.0,95380.0,93455.0,95010.0,95010.0,5827.0,7391.0,-4.5525
2021-08-25,RFX20102021,101300.0,101595.0,100000.0,101200.0,101200.0,172.0,612.0,36.1372
2021-08-26,RFX20082021,95100.0,95745.0,94325.0,94680.0,94655.0,6453.0,6657.0,-3.8902
2021-08-26,RFX20102021,100605.0,101950.0,100500.0,100935.0,100935.0,759.0,782.0,37.514
2021-08-27,RFX20082021,94700.0,97730.0,94700.0,96870.0,96845.0,6153.0,6100.0,-16.4444
2021-08-27,RFX20102021,101840.0,104250.0,101665.0,102810.0,102810.0,834.0,1151.0,34.5766
2021-08-30,RFX20082021,97300.0,102550.0,96600.0,102150.0,102050.0,7345.0,4940.0,123.7254
2021-08-30,RFX20102021,104015.0,108950.0,104000.0,108300.0,108310.0,3209.0,2227.0,39.5053
2021-08-31,RFX20082021,101055.0,103900.0,100600.0,101610.0,101605.0,8496.0,0.0,
2021-08-31,RFX20102021,108350.0,109700.0,106900.0,108495.0,108495.0,2477.0,3473.0,42.4698
2021-09-01,RFX20102021,108520.0,110290.0,106070.0,106320.0,106350.0,5184.0,3909.0,42.5205
2021-09-01,RFX20122021,115460.0,115460.0,112750.0,112750.0,112770.0,8.0,4.0,40.1537
2021-09-02,RFX20102021,106000.0,107300.0,104040.0,104855.0,104855.0,6389.0,4045.0,36.3602
2021-09-02,RFX20122021,111965.0,111965.0,111000.0,111400.0,111400.0,15.0,16.0,37.6488
2021-09-03,RFX20102021,104800.0,105200.0,103610.0,104500.0,104405.0,4228.0,4233.0,39.2756
2021-09-03,RFX20122021,110945.0,110945.0,110945.0,110945.0,110955.0,1.0,16.0,39.2144
2021-09-06,RFX20102021,105295.0,105460.0,104830.0,105230.0,105230.0,1495.0,4380.0,35.2515
2021-09-06,RFX20122021,111785.0,111785.0,111690.0,111700.0,111700.0,12.0,28.0,36.7599
2021-09-07,RFX20102021,104800.0,112730.0,104800.0,112500.0,112500.0,6089.0,4535.0,52.1575
2021-09-07,RFX20122021,114875.0,118700.0,114800.0,118700.0,118800.0,122.0,137.0,43.0532
2021-09-08,RFX20102021,112500.0,113500.0,108815.0,110310.0,110322.0,7723.0,5432.0,53.7789
2021-09-08,RFX20122021,115995.0,117180.0,115995.0,117180.0,117180.0,115.0,42.0,45.8601
2021-09-09,RFX20102021,110400.0,112700.0,108000.0,109665.0,109762.0,10443.0,5911.0,53.9412
2021-09-09,RFX20122021,115050.0,115050.0,115015.0,115050.0,116362.0,9.0,46.0,45.1249
2021-09-10,RFX20102021,110405.0,111520.0,105750.0,106250.0,106200.0,7770.0,6040.0,41.5154
2021-09-10,RFX20122021,118200.0,118250.0,112910.0,112960.0,112960.0,158.0,167.0,40.4243
2021-09-13,RFX20102021,116000.0,120885.0,114690.0,116025.0,116020.0,15691.0,7262.0,69.574
2021-09-13,RFX20122021,126945.0,128200.0,122800.0,123420.0,123420.0,157.0,68.0,53.0795
2021-09-14,RFX20102021,115505.0,116000.0,111505.0,112595.0,112595.0,8976.0,0.0,57.7941
2021-09-14,RFX20122021,120945.0,120945.0,119200.0,120205.0,120590.0,8.0,0.0,50.2537
2021-09-15,RFX20102021,115800.0,115800.0,108505.0,110225.0,110225.0,9412.0,10115.0,47.5652
2021-09-15,RFX20122021,119350.0,119500.0,116500.0,118500.0,118500.0,15.0,81.0,47.0772
2021-09-16,RFX20102021,110050.0,112900.0,107205.0,111510.0,111318.0,8195.0,10410.0,41.5685
2021-09-16,RFX20122021,116560.0,120200.0,115605.0,120200.0,119593.0,10.0,82.0,44.1296
2021-09-17,RFX20102021,110600.0,112000.0,109455.0,110800.0,110800.0,7261.0,9874.0,50.6421
2021-09-20,RFX20102021,107210.0,108500.0,103950.0,104250.0,104250.0,8509.0,11175.0,60.3741
2021-09-20,RFX20122021,113565.0,113565.0,113350.0,113350.0,112400.0,3.0,83.0,53.3876
2021-09-21,RFX20102021,105500.0,106200.0,102300.0,102900.0,102818.0,6865.0,11818.0,44.9678
2021-09-21,RFX20122021,112265.0,112265.0,111700.0,111700.0,110968.0,111.0,189.0,47.3745
2021-09-22,RFX20102021,103800.0,105240.0,102850.0,103800.0,103800.0,7155.0,11694.0,40.4883
2021-09-22,RFX20122021,112005.0,112800.0,112005.0,112800.0,111650.0,102.0,90.0,44.1588
2021-09-23,RFX20102021,103800.0,104875.0,103785.0,104500.0,104500.0,4205.0,11480.0,48.569
2021-09-23,RFX20122021,112120.0,112120.0,112105.0,112105.0,112105.0,12.0,102.0,46.2451
2021-09-24,RFX20102021,103505.0,104400.0,103050.0,103800.0,103780.0,2447.0,11502.0,52.0194
2021-09-24,RFX20122021,110960.0,111500.0,110960.0,111500.0,111500.0,5.0,106.0,48.1575
2021-09-27,RFX20102021,104500.0,105330.0,103530.0,104885.0,104900.0,2231.0,11670.0,43.5728
2021-09-28,RFX20102021,104800.0,105900.0,103210.0,105520.0,105520.0,6296.0,11746.0,51.7044
2021-09-28,RFX20122021,113150.0,113150.0,113075.0,113075.0,113505.0,260.0,106.0,48.2386
2021-09-29,RFX20102021,106200.0,107640.0,105800.0,106405.0,106405.0,4335.0,12036.0,48.9795
2021-09-29,RFX20122021,113850.0,114040.0,113850.0,114000.0,114440.0,480.0,106.0,47.1368
2021-09-30,RFX20102021,106500.0,108100.0,106000.0,106745.0,106745.0,5155.0,12178.0,42.943
2021-09-30,RFX20122021,115800.0,115900.0,114955.0,115070.0,114845.0,420.0,114.0,45.1597
2021-10-01,RFX20102021,107300.0,107895.0,106410.0,107500.0,107500.0,3805.0,12382.0,50.0286
2021-10-01,RFX20122021,114865.0,115500.0,114450.0,115435.0,115435.0,107.0,220.0,46.649
2021-10-04,RFX20102021,107500.0,108000.0,106640.0,107100.0,107100.0,2945.0,12389.0,50.1941
2021-10-04,RFX20122021,115200.0,115200.0,114775.0,114775.0,114930.0,51.0,221.0,46.1504
2021-10-05,RFX20102021,107700.0,108385.0,106550.0,106850.0,106675.0,2549.0,12421.0,34.9164
2021-10-05,RFX20122021,115160.0,115965.0,115160.0,115965.0,114745.0,101.0,122.0,42.5887
2021-10-06,RFX20102021,106000.0,106300.0,104655.0,105800.0,105800.0,3592.0,12511.0,38.0497
2021-10-06,RFX20122021,114145.0,114145.0,114030.0,114030.0,114000.0,2.0,122.0,44.3752
2021-10-07,RFX20102021,106500.0,106985.0,105850.0,106305.0,106305.0,2163.0,12351.0,44.7173
2021-10-12,RFX20102021,109000.0,109000.0,106260.0,106585.0,106541.0,2120.0,12466.0,50.8503
2021-10-12,RFX20122021,115000.0,115000.0,114600.0,114600.0,114660.0,12.0,129.0,46.9852
2021-10-13,RFX20102021,106390.0,107180.0,105400.0,107150.0,107180.0,3369.0,12569.0,55.4731
2021-10-13,RFX20122021,113950.0,115225.0,113950.0,115225.0,115480.0,127.0,145.0,48.4982
2021-10-14,RFX20102021,107350.0,109500.0,107350.0,109400.0,109450.0,3215.0,12411.0,59.1541
2021-10-14,RFX20122021,116100.0,116100.0,116100.0,116100.0,117913.0,1.0,145.0,49.0677
2021-10-15,RFX20102021,110200.0,111600.0,109800.0,111050.0,111050.0,2196.0,12289.0,39.4114
2021-10-15,RFX20122021,118265.0,120100.0,118265.0,120100.0,120000.0,19.0,151.0,46.5516
2021-10-18,RFX20102021,110105.0,112500.0,110100.0,112180.0,112180.0,4774.0,11804.0,52.7129
2021-10-18,RFX20122021,120430.0,121325.0,120430.0,120975.0,121025.0,342.0,395.0,47.9926
2021-10-19,RFX20102021,112300.0,113695.0,111805.0,113690.0,113690.0,6229.0,11526.0,44.0662
2021-10-19,RFX20122021,121755.0,122500.0,121050.0,122145.0,122840.0,130.0,314.0,47.4128
2021-10-20,RFX20102021,113000.0,117660.0,113000.0,117130.0,117130.0,9368.0,9679.0,26.7394
2021-10-20,RFX20122021,122840.0,126870.0,122840.0,126460.0,126310.0,253.0,468.0,43.9463
2021-10-21,RFX20102021,117000.0,117305.0,115850.0,116700.0,116700.0,5098.0,9790.0,26.6865
2021-10-21,RFX20122021,126000.0,126000.0,125350.0,125900.0,125850.0,123.0,561.0,44.1722
2021-10-22,RFX20102021,116690.0,117700.0,115520.0,116995.0,117000.0,3464.0,9780.0,41.4322
2021-10-22,RFX20122021,124990.0,126690.0,124940.0,126100.0,125955.0,368.0,759.0,45.0127
2021-10-25,RFX20102021,117250.0,120425.0,117250.0,119945.0,119920.0,4157.0,9301.0,48.8558
2021-10-25,RFX20122021,128705.0,129360.0,128660.0,129100.0,129100.0,483.0,912.0,45.5227
2021-10-26,RFX20102021,120150.0,121145.0,119050.0,119100.0,119100.0,3844.0,9245.0,44.1747
2021-10-26,RFX20122021,130105.0,130105.0,128300.0,128350.0,128300.0,280.0,957.0,45.5729
2021-10-27,RFX20102021,119100.0,119325.0,115105.0,115320.0,115320.0,4399.0,8740.0,239.6235
2021-10-27,RFX20122021,127285.0,128150.0,124450.0,124500.0,124620.0,745.0,1443.0,54.0851
2021-10-28,RFX20102021,115000.0,116295.0,114200.0,115670.0,115670.0,3141.0,8705.0,286.9437
2021-10-28,RFX20122021,124800.0,125570.0,124200.0,125040.0,125170.0,606.0,1514.0,52.5121
2021-10-29,RFX20102021,115500.0,115500.0,111780.0,111840.0,111626.0,8300.0,0.0,
2021-10-29,RFX20122021,124240.0,124240.0,120810.0,121090.0,121090.0,1366.0,1943.0,52.4074
2021-11-01,RFX20022022,131805.0,131805.0,131805.0,131805.0,135845.0,5.0,5.0,52.6493
2021-11-01,RFX20122021,121500.0,126700.0,120900.0,126700.0,126700.0,2628.0,2375.0,54.8987
2021-11-02,RFX20022022,137720.0,137900.0,137440.0,137900.0,138070.0,5.0,6.0,51.4807
2021-11-02,RFX20122021,127000.0,129000.0,125400.0,128080.0,128080.0,4340.0,2838.0,49.1547
2021-11-03,RFX20022022,138885.0,138885.0,138885.0,138885.0,139700.0,100.0,106.0,45.4477
2021-11-03,RFX20122021,127340.0,130250.0,127160.0,130250.0,130135.0,4592.0,2859.0,40.8284
2021-11-04,RFX20022022,138500.0,138500.0,138500.0,138500.0,139295.0,100.0,6.0,49.893
2021-11-04,RFX20122021,130700.0,131200.0,127000.0,129360.0,129360.0,5552.0,2933.0,47.0086
2021-11-05,RFX20122021,129400.0,131700.0,128135.0,131640.0,131640.0,4268.0,2954.0,49.5944
2021-11-08,RFX20122021,132000.0,135695.0,132000.0,135450.0,135450.0,2428.0,3115.0,47.1943
2021-11-09,RFX20122021,134400.0,137005.0,133120.0,133500.0,133500.0,6443.0,3250.0,48.2125
2021-11-10,RFX20122021,133750.0,135595.0,132490.0,133750.0,133700.0,4304.0,3175.0,44.217
2021-11-11,RFX20022022,144295.0,144295.0,144295.0,144295.0,144295.0,1.0,6.0,46.3865
2021-11-11,RFX20122021,133750.0,135440.0,133750.0,135100.0,135100.0,3228.0,3574.0,46.4842
2021-11-12,RFX20022022,143605.0,146000.0,143400.0,146000.0,146000.0,18.0,5.0,56.6295
2021-11-12,RFX20122021,135200.0,137005.0,132000.0,137000.0,137000.0,4535.0,3838.0,69.3659
2021-11-15,RFX20022022,141000.0,143280.0,140800.0,140800.0,140800.0,14.0,3.0,52.5217
2021-11-15,RFX20122021,137050.0,139000.0,130505.0,130550.0,130550.0,7541.0,5110.0,51.3351
2021-11-16,RFX20122021,130775.0,130775.0,125255.0,125300.0,125300.0,4358.0,5436.0,51.173
2021-11-17,RFX20022022,133520.0,133520.0,131600.0,131600.0,132968.0,2.0,1.0,56.0633
2021-11-17,RFX20122021,126200.0,127200.0,121115.0,122850.0,122805.0,4470.0,5540.0,55.5362
2021-11-18,RFX20022022,132500.0,134300.0,131000.0,134300.0,134300.0,35.0,10.0,50.5555
2021-11-18,RFX20122021,123385.0,125000.0,120230.0,124705.0,125000.0,6016.0,5891.0,50.7347
2021-11-19,RFX20022022,133000.0,133000.0,131670.0,131670.0,128690.0,2.0,10.0,52.0043
2021-11-19,RFX20122021,124750.0,125395.0,117615.0,118185.0,118000.0,6927.0,6025.0,40.0267
2021-11-23,RFX20122021,116000.0,117700.0,113700.0,115090.0,114950.0,3809.0,5944.0,43.1409
2021-11-24,RFX20022022,126200.0,126200.0,126200.0,126200.0,125070.0,100.0,110.0,54.3898
2021-11-24,RFX20122021,115500.0,117395.0,113520.0,115150.0,115000.0,6596.0,6287.0,47.5609
2021-11-25,RFX20122021,114700.0,116150.0,114700.0,116000.0,116000.0,426.0,6255.0,39.0955
2021-11-26,RFX20022022,121975.0,121975.0,120900.0,120900.0,120900.0,110.0,10.0,57.6653
2021-11-26,RFX20122021,113785.0,113785.0,108700.0,108900.0,108900.0,4138.0,6834.0,32.4666
2021-11-29,RFX20022022,123700.0,123700.0,118090.0,118090.0,118090.0,504.0,21.0,55.9954
2021-11-29,RFX20122021,110000.0,111980.0,107250.0,108100.0,108030.0,4146.0,6658.0,45.1099
2021-11-30,RFX20022022,116900.0,119100.0,116150.0,119100.0,119100.0,256.0,25.0,58.2924
2021-11-30,RFX20122021,106300.0,109500.0,106300.0,108100.0,108175.0,4183.0,6928.0,41.9369
2021-12-01,RFX20022022,127110.0,127110.0,125710.0,125950.0,125950.0,3.0,26.0,49.663
2021-12-01,RFX20122021,110000.0,115740.0,110000.0,115500.0,115500.0,5579.0,6573.0,30.6301
2021-12-02,RFX20022022,127900.0,129550.0,127900.0,128500.0,128500.0,181.0,57.0,47.712
2021-12-02,RFX20122021,115900.0,118990.0,115120.0,118890.0,118800.0,4374.0,6524.0,35.5046
2021-12-03,RFX20022022,126200.0,130180.0,126200.0,129170.0,129170.0,6.0,59.0,57.5161
2021-12-03,RFX20122021,119210.0,120680.0,115730.0,118900.0,118600.0,3250.0,6566.0,53.6741
2021-12-06,RFX20022022,130850.0,131900.0,130500.0,130610.0,130610.0,153.0,208.0,54.6093
2021-12-06,RFX20122021,118700.0,120890.0,117610.0,119740.0,119780.0,4299.0,6893.0,42.9186
2021-12-07,RFX20022022,132150.0,133290.0,132150.0,132400.0,132190.0,137.0,331.0,55.4683
2021-12-07,RFX20122021,120780.0,122390.0,120700.0,120950.0,120890.0,3433.0,7157.0,40.7828
2021-12-09,RFX20022022,129250.0,129250.0,127200.0,127600.0,127600.0,102.0,390.0,55.4813
2021-12-09,RFX20122021,120500.0,120900.0,116000.0,116110.0,116150.0,2847.0,7270.0,31.6163
2021-12-10,RFX20022022,128750.0,128750.0,125160.0,125270.0,125370.0,48.0,420.0,54.6999
2021-12-10,RFX20122021,116500.0,117300.0,114420.0,114980.0,114880.0,3411.0,7031.0,40.2715
2021-12-13,RFX20022022,121300.0,121800.0,119350.0,119350.0,119310.0,130.0,453.0,54.1498
2021-12-13,RFX20122021,114700.0,114700.0,108880.0,109150.0,109150.0,3993.0,7041.0,32.8032
2021-12-14,RFX20022022,117280.0,119590.0,117210.0,119590.0,119590.0,199.0,403.0,53.6746
2021-12-14,RFX20122021,108150.0,110600.0,107630.0,110100.0,110080.0,3576.0,7000.0,44.0074
2021-12-15,RFX20022022,119680.0,119970.0,117410.0,119500.0,119500.0,86.0,429.0,63.3092
2021-12-15,RFX20122021,110080.0,110190.0,107950.0,109150.0,109400.0,2547.0,7127.0,72.5379
2021-12-16,RFX20022022,119400.0,122200.0,119400.0,121310.0,121310.0,82.0,479.0,57.619
2021-12-16,RFX20122021,109400.0,112400.0,109400.0,111800.0,111780.0,3185.0,7185.0,64.44
2021-12-17,RFX20022022,121120.0,121800.0,120210.0,120690.0,120690.0,94.0,544.0,53.7741
2021-12-17,RFX20122021,111000.0,112590.0,110230.0,110900.0,110950.0,3149.0,7176.0,39.5972
2021-12-20,RFX20022022,116410.0,118700.0,116410.0,118700.0,118700.0,34.0,574.0,54.7293
2021-12-20,RFX20122021,109100.0,110000.0,107830.0,109500.0,109500.0,2178.0,7166.0,55.3677
2021-12-21,RFX20022022,120890.0,121690.0,120250.0,120700.0,121200.0,310.0,718.0,50.595
2021-12-21,RFX20122021,110750.0,113050.0,110750.0,112160.0,112200.0,3228.0,6840.0,42.3232
2021-12-22,RFX20022022,120010.0,121370.0,119950.0,120210.0,120210.0,149.0,771.0,51.541
2021-12-22,RFX20122021,112570.0,113350.0,111300.0,111300.0,111370.0,3646.0,6702.0,52.4579
2021-12-23,RFX20022022,122500.0,122500.0,119400.0,120310.0,120310.0,160.0,891.0,44.3217
2021-12-23,RFX20122021,111990.0,113600.0,111190.0,111880.0,111880.0,2465.0,6570.0,11.4731
2021-12-27,RFX20022022,120610.0,121100.0,120120.0,120170.0,120030.0,716.0,1342.0,47.938
2021-12-27,RFX20122021,112450.0,112910.0,111580.0,111980.0,111880.0,2897.0,6148.0,67.5474
2021-12-28,RFX20022022,121240.0,121240.0,116420.0,117200.0,117100.0,497.0,1470.0,47.5548
2021-12-28,RFX20122021,111900.0,112890.0,107100.0,108050.0,108000.0,4341.0,5959.0,-124.3833
2021-12-29,RFX20022022,116500.0,119030.0,116500.0,119030.0,118980.0,899.0,1493.0,48.932
2021-12-29,RFX20122021,108000.0,109750.0,107130.0,109740.0,109730.0,3757.0,5672.0,-220.2487
2021-12-30,RFX20022022,119700.0,121190.0,119700.0,119950.0,119950.0,1412.0,2093.0,59.4522
2021-12-30,RFX20122021,110200.0,111800.0,109910.0,110200.0,110169.0,4347.0,0.0,
2022-01-03,RFX20022022,118950.0,120750.0,118320.0,120550.0,120500.0,1610.0,2435.0,47.4216
2022-01-03,RFX20042022,130290.0,131000.0,130290.0,131000.0,131000.0,20.0,20.0,50.9728
2022-01-04,RFX20022022,120490.0,121550.0,119170.0,119700.0,119690.0,1680.0,2644.0,47.6621
2022-01-04,RFX20042022,130000.0,130000.0,130000.0,130000.0,129690.0,10.0,30.0,49.8699
2022-01-05,RFX20022022,119700.0,120260.0,116380.0,116400.0,116400.0,2395.0,0.0,42.1242
2022-01-06,RFX20022022,115050.0,116720.0,113970.0,115350.0,115350.0,3158.0,2946.0,34.7955
2022-01-06,RFX20042022,125430.0,125430.0,125400.0,125400.0,124800.0,28.0,30.0,43.1199
2022-01-07,RFX20022022,115300.0,116380.0,114600.0,116080.0,116090.0,2042.0,3110.0,33.5935
2022-01-07,RFX20042022,125150.0,125150.0,125150.0,125150.0,125670.0,100.0,130.0,42.8034
2022-01-10,RFX20022022,115890.0,115980.0,114800.0,115530.0,115530.0,2372.0,3045.0,38.7447
2022-01-10,RFX20042022,125830.0,125830.0,125830.0,125830.0,125110.0,100.0,30.0,45.4744
2022-01-11,RFX20022022,115800.0,117610.0,115670.0,117250.0,117210.0,1967.0,3130.0,40.5557
2022-01-12,RFX20022022,118700.0,118700.0,117150.0,117360.0,117360.0,1191.0,3203.0,37.4891
2022-01-12,RFX20042022,128190.0,128190.0,128190.0,128190.0,127390.0,1.0,31.0,45.887
2022-01-13,RFX20022022,117790.0,118930.0,117500.0,117800.0,117800.0,1658.0,3339.0,38.0645
2022-01-13,RFX20042022,126210.0,128410.0,126210.0,128410.0,127800.0,101.0,131.0,45.9829
2022-01-14,RFX20022022,117010.0,118100.0,116600.0,118090.0,117830.0,2106.0,3307.0,37.9911
2022-01-14,RFX20042022,126500.0,127410.0,126500.0,127410.0,127830.0,106.0,37.0,45.9879
2022-01-17,RFX20022022,118870.0,118870.0,117350.0,117600.0,117680.0,479.0,3417.0,44.6934
2022-01-18,RFX20022022,116650.0,117000.0,114930.0,114930.0,114990.0,1458.0,3566.0,44.3375
2022-01-19,RFX20022022,115010.0,116110.0,114490.0,114690.0,114690.0,1896.0,3731.0,40.0511
2022-01-20,RFX20022022,115000.0,116400.0,115000.0,116080.0,115890.0,1692.0,3703.0,29.6267
2022-01-21,RFX20022022,114610.0,115120.0,114000.0,114070.0,114100.0,1492.0,3526.0,35.791
2022-01-21,RFX20042022,124180.0,124180.0,124180.0,124180.0,124180.0,2.0,38.0,46.8152
2022-01-24,RFX20022022,113000.0,113400.0,110300.0,110970.0,110970.0,2289.0,3713.0,46.0828
2022-01-24,RFX20042022,121500.0,121990.0,121500.0,121990.0,121050.0,2.0,38.0,51.8325
2022-01-25,RFX20022022,110020.0,115470.0,110010.0,115200.0,115200.0,3059.0,3674.0,27.3602
2022-01-26,RFX20022022,116000.0,117790.0,116000.0,117050.0,117090.0,3534.0,3521.0,39.5723
2022-01-27,RFX20022022,117450.0,117800.0,116050.0,117320.0,117520.0,1757.0,3537.0,43.4372
2022-01-27,RFX20042022,126700.0,126700.0,125000.0,125000.0,127040.0,2.0,39.0,46.9402
2022-01-28,RFX20022022,121000.0,123980.0,119700.0,119990.0,120130.0,3797.0,3830.0,34.7152
2022-01-28,RFX20042022,131460.0,131500.0,129500.0,129540.0,130040.0,563.0,120.0,44.651
2022-01-31,RFX20022022,120000.0,123700.0,119000.0,123450.0,123450.0,3411.0,4034.0,29.7527
2022-01-31,RFX20042022,132490.0,132490.0,131100.0,132400.0,133360.0,280.0,40.0,42.4271
2022-02-01,RFX20022022,123000.0,124980.0,120710.0,123900.0,123900.0,2601.0,3866.0,28.5388
2022-02-01,RFX20042022,134500.0,134500.0,134500.0,134500.0,133810.0,2.0,40.0,42.0589
2022-02-02,RFX20022022,124540.0,125300.0,120750.0,120750.0,120790.0,2493.0,3966.0,24.2923
2022-02-03,RFX20022022,120000.0,120000.0,118110.0,118450.0,118450.0,1279.0,3797.0,24.0194
2022-02-04,RFX20022022,118550.0,119080.0,117600.0,118500.0,118590.0,1191.0,3799.0,33.7975
2022-02-07,RFX20022022,119740.0,120350.0,118810.0,120220.0,120220.0,1008.0,3837.0,38.0066
2022-02-08,RFX20022022,120010.0,120800.0,117730.0,118060.0,118060.0,1496.0,3785.0,33.4657
2022-02-08,RFX20042022,129200.0,129200.0,129200.0,129200.0,128265.0,2.0,40.0,47.164
2022-02-09,RFX20022022,118850.0,119100.0,117210.0,117500.0,117500.0,1089.0,3760.0,46.6126
2022-02-09,RFX20042022,128500.0,128500.0,128500.0,128500.0,128500.0,3.0,43.0,53.5778
2022-02-10,RFX20022022,117500.0,119030.0,116270.0,117100.0,117100.0,1262.0,3884.0,33.8501
2022-02-11,RFX20022022,117500.0,120650.0,117300.0,118300.0,118150.0,2082.0,3716.0,39.3617
2022-02-11,RFX20042022,130500.0,131240.0,130500.0,131240.0,129150.0,8.0,44.0,51.9557
2022-02-14,RFX20022022,118100.0,118430.0,116950.0,117500.0,117650.0,1695.0,3753.0,58.2983
2022-02-14,RFX20042022,130200.0,130510.0,127680.0,128000.0,128650.0,69.0,51.0,55.5933
2022-02-15,RFX20022022,118400.0,119000.0,116900.0,118120.0,118070.0,2133.0,3808.0,67.9834
2022-02-15,RFX20042022,129010.0,129010.0,129000.0,129000.0,129070.0,4.0,52.0,56.763
2022-02-16,RFX20022022,118400.0,120800.0,117800.0,120270.0,120390.0,2212.0,3743.0,31.9953
2022-02-16,RFX20042022,128910.0,131000.0,128910.0,131000.0,131000.0,17.0,57.0,49.029
2022-02-17,RFX20022022,120500.0,121000.0,119000.0,119000.0,119000.0,1597.0,3772.0,27.7003
2022-02-17,RFX20042022,128820.0,128820.0,128820.0,128820.0,129740.0,1.0,57.0,49.8001
2022-02-18,RFX20022022,119000.0,119540.0,117340.0,119400.0,119110.0,1357.0,3640.0,57.7847
2022-02-18,RFX20042022,127820.0,129370.0,127820.0,129370.0,129370.0,30.0,57.0,51.1915
2022-02-21,RFX20022022,118900.0,119820.0,118900.0,119330.0,119330.0,458.0,3744.0,42.0463
2022-02-21,RFX20042022,129370.0,130590.0,129350.0,129800.0,129800.0,137.0,194.0,50.5291
2022-02-22,RFX20022022,119200.0,120680.0,119180.0,120410.0,120440.0,1854.0,3516.0,70.2035
2022-02-22,RFX20042022,131200.0,132100.0,129510.0,129900.0,129900.0,228.0,181.0,46.8797
2022-02-23,RFX20022022,120600.0,121650.0,118860.0,121090.0,121090.0,2560.0,3509.0,-1.8513
2022-02-23,RFX20042022,130750.0,131220.0,129210.0,130980.0,131090.0,150.0,307.0,46.312
2022-02-24,RFX20022022,119000.0,119000.0,116230.0,116700.0,116600.0,1406.0,3372.0,-275.0837
2022-02-24,RFX20042022,128550.0,128550.0,125990.0,126200.0,126250.0,302.0,275.0,42.5461
2022-02-25,RFX20022022,116000.0,118350.0,115890.0,116380.0,116628.0,4151.0,0.0,
2022-02-25,RFX20042022,127020.0,127800.0,125500.0,126250.0,126250.0,1088.0,575.0,50.0937
2022-03-02,RFX20042022,126250.0,129500.0,126100.0,128800.0,128900.0,1291.0,1173.0,49.2331
2022-03-03,RFX20042022,130000.0,131890.0,126600.0,130300.0,130300.0,2351.0,1550.0,47.8174
2022-03-04,RFX20042022,129800.0,129800.0,126080.0,126190.0,126190.0,1828.0,1759.0,43.8852
2022-03-04,RFX20062022,136000.0,136210.0,136000.0,136210.0,136000.0,13.0,8.0,46.4926
2022-03-07,RFX20042022,126000.0,127590.0,123980.0,124050.0,124050.0,1835.0,1908.0,49.3991
2022-03-07,RFX20062022,138000.0,138000.0,133500.0,133500.0,133660.0,144.0,136.0,49.1181
2022-03-08,RFX20042022,124000.0,127590.0,123400.0,124000.0,123950.0,2114.0,1901.0,45.6547
2022-03-08,RFX20062022,135440.0,137350.0,134000.0,134000.0,134000.0,65.0,118.0,48.4736
2022-03-09,RFX20042022,124400.0,126490.0,122510.0,123840.0,123560.0,1638.0,2099.0,49.3748
2022-03-09,RFX20062022,134400.0,134400.0,133410.0,133810.0,133850.0,9.0,115.0,51.04
2022-03-10,RFX20042022,123570.0,126600.0,123060.0,126300.0,126240.0,2254.0,2434.0,40.2079
2022-03-11,RFX20042022,127000.0,128600.0,123700.0,123960.0,123960.0,2775.0,2563.0,40.3022
2022-03-11,RFX20062022,136500.0,136500.0,136500.0,136500.0,134920.0,75.0,40.0,48.4377
2022-03-14,RFX20042022,123000.0,123070.0,118150.0,118450.0,118440.0,2883.0,2746.0,45.9802
2022-03-14,RFX20062022,131600.0,131600.0,128450.0,128750.0,128750.0,9.0,46.0,50.708
2022-03-15,RFX20042022,118010.0,119140.0,117000.0,117850.0,117670.0,1499.0,2915.0,49.3268
2022-03-16,RFX20042022,119000.0,121540.0,118050.0,121200.0,120920.0,2144.0,2859.0,40.1499
2022-03-17,RFX20042022,121100.0,124300.0,120840.0,124100.0,124130.0,1873.0,2734.0,43.1869
2022-03-17,RFX20062022,132490.0,134200.0,132490.0,134100.0,134200.0,18.0,44.0,47.3213
2022-03-18,RFX20042022,125000.0,125480.0,122600.0,122600.0,122800.0,1861.0,2852.0,40.5493
2022-03-18,RFX20062022,133320.0,133320.0,133100.0,133100.0,133100.0,105.0,149.0,47.1865
2022-03-21,RFX20042022,123990.0,124740.0,123050.0,124310.0,124210.0,1549.0,2882.0,41.6007
2022-03-21,RFX20062022,134950.0,134950.0,134950.0,134950.0,134780.0,25.0,124.0,48.1838
2022-03-22,RFX20042022,124520.0,125200.0,123300.0,123530.0,123530.0,1944.0,2922.0,32.9994
2022-03-22,RFX20062022,134600.0,135310.0,133650.0,133650.0,133650.0,96.0,50.0,43.4691
2022-03-23,RFX20042022,123730.0,125160.0,122750.0,123670.0,123610.0,1468.0,2823.0,34.3397
2022-03-23,RFX20062022,133380.0,133800.0,133330.0,133800.0,133800.0,41.0,60.0,44.2854
2022-03-25,RFX20042022,127000.0,127800.0,124820.0,126450.0,126580.0,2188.0,2667.0,25.997
2022-03-25,RFX20062022,135920.0,136790.0,135920.0,136790.0,136830.0,46.0,56.0,40.6105
2022-03-28,RFX20042022,126600.0,126990.0,125110.0,126000.0,126000.0,2360.0,2778.0,40.9357
2022-03-28,RFX20062022,135850.0,137040.0,135850.0,136410.0,136410.0,613.0,101.0,47.1677
2022-03-29,RFX20042022,126500.0,127240.0,123580.0,123750.0,123750.0,1613.0,2825.0,43.2188
2022-03-29,RFX20062022,137000.0,137000.0,134050.0,134050.0,134160.0,13.0,100.0,48.6335
2022-03-30,RFX20042022,124280.0,125370.0,123330.0,124510.0,124550.0,1974.0,2839.0,37.6494
2022-03-30,RFX20062022,134800.0,135010.0,134220.0,134760.0,134860.0,235.0,95.0,46.1345
2022-03-31,RFX20042022,124500.0,125950.0,123400.0,123500.0,123440.0,819.0,2824.0,27.1872
2022-03-31,RFX20062022,134200.0,134200.0,133450.0,133450.0,133640.0,2.0,95.0,42.5233
2022-04-01,RFX20042022,124600.0,125570.0,123700.0,125050.0,125080.0,1519.0,2867.0,24.558
2022-04-01,RFX20062022,135670.0,135670.0,135670.0,135670.0,135280.0,2.0,93.0,41.3355
2022-04-04,RFX20042022,126360.0,126500.0,125420.0,126200.0,126200.0,1337.0,2875.0,28.2631
2022-04-05,RFX20042022,126000.0,126990.0,124250.0,124250.0,124300.0,1292.0,2748.0,33.614
2022-04-05,RFX20062022,136000.0,136000.0,135800.0,135800.0,134500.0,6.0,93.0,44.978
2022-04-06,RFX20042022,122000.0,123880.0,121800.0,123880.0,123880.0,1370.0,2747.0,44.4634
2022-04-07,RFX20042022,123500.0,124450.0,122230.0,124050.0,124050.0,1096.0,2775.0,39.5013
2022-04-07,RFX20062022,132900.0,132900.0,132900.0,132900.0,134400.0,1.0,93.0,47.4629
2022-04-08,RFX20042022,124000.0,125200.0,123150.0,124100.0,124030.0,707.0,2805.0,25.9911
2022-04-11,RFX20042022,123000.0,123590.0,122550.0,122600.0,122600.0,538.0,2849.0,42.4415
2022-04-11,RFX20062022,133100.0,133500.0,132890.0,132890.0,132900.0,5.0,93.0,48.6826
2022-04-12,RFX20042022,123000.0,123600.0,121600.0,122190.0,122060.0,855.0,2859.0,43.3946
2022-04-12,RFX20062022,133090.0,133090.0,131720.0,131720.0,132470.0,7.0,93.0,49.5387
2022-04-13,RFX20042022,122050.0,122960.0,121600.0,122660.0,122660.0,1357.0,2941.0,38.5982
2022-04-13,RFX20062022,133300.0,133300.0,133050.0,133050.0,133050.0,101.0,193.0,48.2262
2022-04-18,RFX20042022,123500.0,124800.0,122300.0,123000.0,123000.0,718.0,2849.0,55.5486
2022-04-18,RFX20062022,133940.0,133940.0,132600.0,133800.0,133300.0,105.0,93.0,50.9412
2022-04-19,RFX20042022,122700.0,123800.0,121710.0,123320.0,123320.0,1319.0,2808.0,33.413
2022-04-19,RFX20062022,134390.0,134390.0,132500.0,132550.0,133620.0,18.0,96.0,47.3696
2022-04-20,RFX20042022,123320.0,124150.0,122010.0,124150.0,124150.0,1719.0,2761.0,37.3813
2022-04-21,RFX20042022,124640.0,124730.0,122610.0,123290.0,123245.0,2751.0,2712.0,65.9272
2022-04-21,RFX20062022,134600.0,134600.0,133120.0,133120.0,133595.0,23.0,97.0,51.9564
2022-04-22,RFX20042022,123245.0,124290.0,122800.0,123450.0,123400.0,1706.0,2685.0,64.8194
2022-04-22,RFX20062022,134045.0,134045.0,133000.0,133700.0,133700.0,215.0,98.0,51.2783
2022-04-25,RFX20042022,123010.0,123010.0,119300.0,121920.0,121900.0,2085.0,2702.0,53.385
2022-04-25,RFX20062022,131620.0,132250.0,129860.0,132000.0,132400.0,343.0,179.0,51.1501
2022-04-26,RFX20042022,120650.0,120990.0,119000.0,119000.0,119000.0,1849.0,2557.0,8.9015
2022-04-26,RFX20062022,130460.0,130900.0,129610.0,129610.0,129610.0,310.0,270.0,50.5141
2022-04-27,RFX20042022,118000.0,120700.0,118000.0,119300.0,119310.0,3018.0,2276.0,-4.4805
2022-04-27,RFX20062022,130300.0,130870.0,129380.0,129500.0,129610.0,666.0,514.0,49.0828
2022-04-28,RFX20042022,120600.0,120670.0,118650.0,120200.0,120200.0,2006.0,1948.0,160.0406
2022-04-28,RFX20062022,128750.0,131090.0,128750.0,130560.0,130560.0,1081.0,644.0,52.6946
2022-04-29,RFX20042022,120000.0,120800.0,117410.0,117420.0,117308.0,2852.0,0.0,
2022-04-29,RFX20062022,131000.0,131000.0,127650.0,127800.0,127800.0,863.0,842.0,56.2317
2022-05-02,RFX20062022,127000.0,127010.0,124810.0,125720.0,125720.0,1016.0,1057.0,52.9078
2022-05-03,RFX20062022,125520.0,127300.0,125520.0,126900.0,126990.0,1493.0,1167.0,43.9424
2022-05-04,RFX20062022,126900.0,127680.0,125950.0,127500.0,127500.0,1660.0,1372.0,49.4213
2022-05-05,RFX20062022,127100.0,127100.0,122000.0,122400.0,122400.0,1878.0,1582.0,45.0982
2022-05-05,RFX20082022,135500.0,135500.0,135500.0,135500.0,133280.0,5.0,5.0,50.8003
2022-05-06,RFX20062022,121000.0,123530.0,120200.0,121860.0,121800.0,1792.0,1595.0,41.6121
2022-05-09,RFX20062022,120800.0,120800.0,116710.0,116990.0,116980.0,1512.0,1832.0,52.1762
2022-05-09,RFX20082022,129900.0,129900.0,127510.0,127510.0,127510.0,101.0,106.0,54.7627
2022-05-10,RFX20062022,117810.0,118390.0,115610.0,118300.0,118300.0,1571.0,1813.0,48.5142
2022-05-11,RFX20062022,118300.0,120090.0,117210.0,119010.0,119010.0,1546.0,1802.0,33.7077
2022-05-11,RFX20082022,129000.0,129000.0,128650.0,128950.0,128950.0,102.0,6.0,43.5243
2022-05-12,RFX20062022,117800.0,120050.0,117500.0,119250.0,119100.0,1933.0,1690.0,35.3354
2022-05-13,RFX20062022,120250.0,123370.0,120200.0,122890.0,122900.0,1686.0,1508.0,29.3292
2022-05-13,RFX20082022,132500.0,132500.0,131750.0,131750.0,132700.0,3.0,7.0,40.2778
2022-05-16,RFX20062022,122900.0,125340.0,122830.0,125000.0,125000.0,2025.0,0.0,32.9688
2022-05-16,RFX20082022,135500.0,135500.0,135500.0,135500.0,135500.0,1.0,0.0,43.6843
2022-05-17,RFX20062022,125500.0,127000.0,125500.0,125900.0,125850.0,1717.0,1438.0,31.4154
2022-05-17,RFX20082022,136480.0,136480.0,135650.0,135650.0,136800.0,30.0,33.0,44.1354
2022-05-19,RFX20062022,123610.0,125740.0,123350.0,124500.0,124420.0,2277.0,1441.0,44.4377
2022-05-19,RFX20082022,135600.0,135600.0,135500.0,135500.0,135500.0,4.0,34.0,50.7984
2022-05-20,RFX20062022,125100.0,125500.0,122800.0,124180.0,124180.0,2431.0,1535.0,49.172
2022-05-20,RFX20082022,135540.0,135540.0,134050.0,134390.0,134390.0,15.0,26.0,50.3186
2022-05-23,RFX20062022,124990.0,125700.0,123920.0,125600.0,125600.0,1949.0,1581.0,39.0842
2022-05-23,RFX20082022,135600.0,136680.0,135600.0,136680.0,136680.0,12.0,36.0,48.3612
2022-05-24,RFX20062022,124700.0,126370.0,124290.0,126220.0,126330.0,1509.0,1494.0,33.3642
2022-05-26,RFX20062022,127000.0,129280.0,126900.0,129140.0,128870.0,1534.0,1481.0,27.7876
2022-05-26,RFX20082022,138350.0,140190.0,138350.0,140190.0,140000.0,7.0,42.0,43.391
2022-05-27,RFX20062022,129000.0,129940.0,128320.0,128510.0,128510.0,1624.0,1535.0,27.8369
2022-05-27,RFX20082022,139220.0,140330.0,139220.0,139710.0,139710.0,362.0,153.0,43.8543
2022-05-30,RFX20062022,129400.0,129400.0,128220.0,128260.0,128260.0,729.0,1467.0,32.6298
2022-05-30,RFX20082022,139880.0,139880.0,138610.0,138610.0,139240.0,580.0,53.0,45.4063
2022-05-31,RFX20062022,128820.0,128920.0,126820.0,126820.0,127020.0,1663.0,1483.0,36.0327
2022-05-31,RFX20082022,139060.0,139060.0,137750.0,137750.0,137750.0,206.0,58.0,46.2568
2022-06-01,RFX20062022,127100.0,127200.0,124770.0,125590.0,125500.0,878.0,1496.0,36.0199
2022-06-02,RFX20062022,125010.0,127000.0,124710.0,126400.0,126370.0,1243.0,1515.0,45.6163
2022-06-03,RFX20062022,125800.0,126710.0,125110.0,125470.0,125300.0,861.0,1482.0,31.2731
2022-06-03,RFX20082022,137050.0,137050.0,135900.0,135900.0,135900.0,2.0,59.0,44.9842
2022-06-06,RFX20062022,125700.0,126050.0,123630.0,123670.0,123720.0,907.0,1529.0,41.2209
2022-06-06,RFX20082022,134600.0,134900.0,134600.0,134900.0,134320.0,3.0,60.0,48.8521
2022-06-07,RFX20062022,122800.0,124900.0,122800.0,124800.0,124800.0,933.0,1483.0,47.6563
2022-06-07,RFX20082022,135030.0,135030.0,135030.0,135030.0,135400.0,2.0,62.0,50.463
2022-06-08,RFX20062022,124800.0,125000.0,123310.0,123310.0,123470.0,957.0,1480.0,53.6732
2022-06-09,RFX20062022,122500.0,122840.0,120800.0,121000.0,121060.0,1308.0,1576.0,44.8375
2022-06-09,RFX20082022,133610.0,133610.0,132000.0,132000.0,132000.0,109.0,169.0,52.1099
2022-06-10,RFX20062022,119610.0,121690.0,119130.0,121690.0,121560.0,949.0,1497.0,47.7132
2022-06-10,RFX20082022,131080.0,131870.0,130500.0,131500.0,132260.0,111.0,67.0,51.8424
2022-06-13,RFX20062022,120300.0,121090.0,117950.0,119910.0,119940.0,1406.0,1499.0,52.3212
2022-06-13,RFX20082022,130710.0,130710.0,130310.0,130310.0,130640.0,7.0,60.0,53.4813
2022-06-14,RFX20062022,121000.0,121000.0,118000.0,118810.0,118880.0,1338.0,1488.0,47.1472
2022-06-14,RFX20082022,130300.0,130300.0,129360.0,129840.0,129840.0,13.0,62.0,53.7048
2022-06-15,RFX20062022,120010.0,120490.0,118560.0,119730.0,119730.0,1483.0,1591.0,39.1918
2022-06-15,RFX20082022,130000.0,130000.0,129650.0,129800.0,130500.0,57.0,56.0,50.9613
2022-06-16,RFX20062022,118000.0,118680.0,117450.0,118200.0,118200.0,859.0,1662.0,50.0364
2022-06-16,RFX20082022,128900.0,129000.0,128500.0,128500.0,128900.0,18.0,52.0,53.5272
2022-06-21,RFX20062022,119370.0,119700.0,116910.0,116990.0,116990.0,860.0,1719.0,58.0017
2022-06-21,RFX20082022,128370.0,128370.0,127800.0,127800.0,127800.0,33.0,50.0,55.5336
2022-06-22,RFX20062022,115950.0,117580.0,115780.0,115850.0,115850.0,1827.0,1750.0,65.7037
2022-06-22,RFX20082022,127010.0,127300.0,126800.0,126800.0,126800.0,5.0,50.0,57.5035
2022-06-23,RFX20062022,116950.0,116950.0,111040.0,111590.0,111590.0,2919.0,1893.0,41.7518
2022-06-23,RFX20082022,124260.0,124260.0,120200.0,121030.0,121060.0,704.0,319.0,49.4871
2022-06-24,RFX20062022,111890.0,112450.0,109740.0,109980.0,109980.0,1625.0,1790.0,6.4029
2022-06-24,RFX20082022,121060.0,122150.0,119500.0,119500.0,119500.0,128.0,234.0,47.0769
2022-06-27,RFX20062022,109990.0,115000.0,109400.0,114400.0,114880.0,1792.0,1394.0,67.8422
2022-06-27,RFX20082022,121500.0,124500.0,121500.0,124500.0,124500.0,31.0,240.0,50.4164
2022-06-28,RFX20062022,114020.0,118110.0,114020.0,117900.0,117900.0,2148.0,1119.0,44.6565
2022-06-28,RFX20082022,126320.0,127320.0,125500.0,125730.0,127250.0,29.0,241.0,46.7345
2022-06-29,RFX20062022,118000.0,118650.0,116040.0,117630.0,117630.0,1193.0,1176.0,104.507
2022-06-29,RFX20082022,126900.0,128110.0,125180.0,127800.0,127800.0,150.0,364.0,51.8927
2022-06-30,RFX20062022,116600.0,117920.0,115030.0,117340.0,117350.0,4835.0,0.0,
2022-06-30,RFX20082022,125300.0,128080.0,125300.0,127190.0,127190.0,1447.0,649.0,49.467
2022-07-01,RFX20082022,126900.0,129000.0,125160.0,128810.0,128810.0,1760.0,877.0,45.58
2022-07-01,RFX20102022,138430.0,139120.0,138400.0,139120.0,139120.0,5.0,5.0,48.5606
2022-07-04,RFX20082022,126270.0,128000.0,126270.0,127000.0,127000.0,238.0,921.0,47.6475
2022-07-05,RFX20082022,126200.0,130200.0,125810.0,129900.0,129900.0,2430.0,948.0,34.2923
2022-07-05,RFX20102022,137380.0,141000.0,137380.0,141000.0,141000.0,108.0,11.0,44.4121
2022-07-06,RFX20082022,128910.0,132300.0,127680.0,131900.0,131740.0,2619.0,847.0,28.8479
2022-07-06,RFX20102022,141880.0,143000.0,141880.0,143000.0,143000.0,6.0,16.0,41.6518
2022-07-07,RFX20082022,132190.0,139400.0,132190.0,137300.0,137330.0,2908.0,1060.0,10.7449
2022-07-07,RFX20102022,150750.0,150750.0,150190.0,150190.0,149810.0,2.0,17.0,34.1521
2022-07-08,RFX20082022,137000.0,141490.0,136000.0,139360.0,139370.0,2076.0,1057.0,-21.2896
2022-07-08,RFX20102022,148500.0,152450.0,148500.0,151520.0,151520.0,16.0,24.0,16.8012
2022-07-11,RFX20082022,139400.0,140360.0,135820.0,138100.0,137650.0,2446.0,1080.0,-1.3249
2022-07-11,RFX20102022,148600.0,150240.0,148600.0,150240.0,150240.0,3.0,24.0,29.1489
2022-07-12,RFX20082022,137400.0,138500.0,134900.0,136700.0,136900.0,2515.0,1223.0,3.8692
2022-07-12,RFX20102022,147000.0,149580.0,147000.0,149580.0,149400.0,2.0,25.0,31.9266
2022-07-13,RFX20082022,136500.0,137880.0,135800.0,137350.0,137370.0,1571.0,1208.0,12.4596
2022-07-14,RFX20082022,136300.0,137550.0,134700.0,136700.0,136700.0,2688.0,1167.0,23.5516
2022-07-15,RFX20082022,137000.0,139300.0,135920.0,138850.0,138870.0,1091.0,1169.0,8.4508
2022-07-18,RFX20082022,140000.0,141130.0,140000.0,140490.0,140490.0,924.0,1269.0,5.6002
2022-07-19,RFX20082022,141090.0,142150.0,140220.0,142090.0,142090.0,1261.0,1269.0,1.2942
2022-07-19,RFX20102022,154000.0,154000.0,154000.0,154000.0,154000.0,1.0,24.0,29.9976
2022-07-20,RFX20082022,142000.0,142680.0,140300.0,141500.0,141500.0,1322.0,1362.0,2.3128
2022-07-20,RFX20102022,153990.0,153990.0,153990.0,153990.0,153500.0,100.0,124.0,31.0755
2022-07-21,RFX20082022,141500.0,149250.0,140900.0,147500.0,147810.0,1577.0,1330.0,-1.017
2022-07-21,RFX20102022,160930.0,160930.0,160930.0,160930.0,159810.0,1.0,125.0,28.6096
2022-07-22,RFX20082022,147900.0,149950.0,146810.0,149900.0,149900.0,1147.0,1217.0,0.6729
2022-07-22,RFX20102022,160300.0,160300.0,160300.0,160300.0,161900.0,100.0,25.0,29.218
2022-07-25,RFX20082022,151000.0,157520.0,151000.0,157250.0,157160.0,1504.0,1148.0,-2.0195
2022-07-25,RFX20102022,169260.0,169260.0,169260.0,169260.0,169260.0,1.0,26.0,27.8543
2022-07-26,RFX20082022,157250.0,159860.0,155730.0,157550.0,157570.0,2118.0,1150.0,-4.7514
2022-07-27,RFX20082022,158590.0,167250.0,155810.0,167250.0,167050.0,2407.0,1347.0,2.3402
2022-07-27,RFX20102022,171000.0,181150.0,171000.0,181150.0,180150.0,493.0,29.0,30.7359
2022-07-28,RFX20082022,169700.0,173510.0,165520.0,170190.0,170190.0,3354.0,1386.0,9.3573
2022-07-28,RFX20102022,180550.0,185660.0,180550.0,185660.0,183290.0,241.0,30.0,33.1805
2022-07-29,RFX20082022,171000.0,172480.0,165200.0,165800.0,165720.0,2138.0,1302.0,21.3309
2022-07-29,RFX20102022,182500.0,183800.0,182500.0,183800.0,178200.0,302.0,30.0,37.2943
2022-08-01,RFX20082022,165000.0,165500.0,159800.0,159900.0,159900.0,1452.0,1288.0,28.2068
2022-08-02,RFX20082022,159900.0,163600.0,158150.0,162820.0,163140.0,1740.0,1335.0,39.3549
2022-08-03,RFX20082022,163690.0,166000.0,161550.0,165900.0,165900.0,2186.0,1425.0,43.0558
2022-08-04,RFX20082022,166200.0,168000.0,163300.0,163420.0,163580.0,1265.0,1526.0,25.8304
2022-08-04,RFX20102022,178500.0,178500.0,178500.0,178500.0,175980.0,1.0,31.0,39.9674
2022-08-05,RFX20082022,163350.0,165340.0,162320.0,163220.0,163500.0,1821.0,1537.0,21.6565
2022-08-05,RFX20102022,175900.0,177000.0,175900.0,177000.0,175900.0,3.0,33.0,38.7813
2022-08-08,RFX20082022,164600.0,169150.0,164600.0,168520.0,168520.0,2222.0,1474.0,30.0398
2022-08-08,RFX20102022,180000.0,180000.0,180000.0,180000.0,180920.0,2.0,34.0,40.8034
2022-08-09,RFX20082022,169990.0,169990.0,164260.0,164800.0,165030.0,1425.0,1617.0,25.4083
2022-08-09,RFX20102022,181100.0,181100.0,181100.0,181100.0,177300.0,100.0,134.0,39.9316
2022-08-10,RFX20082022,166000.0,166590.0,164000.0,164700.0,164730.0,1393.0,1677.0,27.3127
2022-08-10,RFX20102022,177300.0,177300.0,177300.0,177300.0,176700.0,1.0,135.0,39.8475
2022-08-11,RFX20082022,165700.0,167820.0,164850.0,164900.0,164990.0,1810.0,1587.0,11.8846
2022-08-11,RFX20102022,179550.0,179550.0,179550.0,179550.0,177550.0,100.0,35.0,37.4615
2022-08-12,RFX20082022,164500.0,168880.0,164200.0,168010.0,168000.0,1468.0,1507.0,0.7777
2022-08-16,RFX20082022,169400.0,170200.0,167070.0,168070.0,168050.0,1331.0,1582.0,21.4505
2022-08-17,RFX20082022,167150.0,169200.0,166610.0,168400.0,168400.0,1458.0,1606.0,0.9659
2022-08-18,RFX20082022,167410.0,176000.0,167410.0,176000.0,175890.0,2273.0,1533.0,-2.3161
2022-08-18,RFX20102022,184060.0,188000.0,184060.0,188000.0,188000.0,19.0,44.0,33.5248
2022-08-19,RFX20082022,175000.0,175090.0,173100.0,174380.0,174470.0,1288.0,1600.0,-10.9726
2022-08-19,RFX20102022,187000.0,187910.0,186750.0,186750.0,186750.0,9.0,48.0,33.2616
2022-08-22,RFX20082022,173200.0,176680.0,172200.0,176170.0,176200.0,2134.0,1678.0,-7.1624
2022-08-22,RFX20102022,189050.0,189050.0,188150.0,188160.0,188360.0,14.0,56.0,35.0006
2022-08-23,RFX20082022,177900.0,182490.0,176900.0,182390.0,182310.0,2451.0,1602.0,-32.9584
2022-08-23,RFX20102022,191920.0,193900.0,191920.0,193350.0,194310.0,24.0,50.0,30.7461
2022-08-24,RFX20082022,181600.0,187200.0,181560.0,186700.0,186700.0,2401.0,1606.0,-36.9777
2022-08-24,RFX20102022,195400.0,199000.0,195400.0,198320.0,198700.0,34.0,67.0,30.449
2022-08-25,RFX20082022,188190.0,190210.0,184810.0,190170.0,190140.0,2549.0,1624.0,-49.3835
2022-08-25,RFX20102022,198290.0,202290.0,197110.0,202270.0,202270.0,579.0,87.0,30.0495
2022-08-26,RFX20082022,191000.0,191450.0,186050.0,187860.0,187950.0,2124.0,1636.0,-75.4873
2022-08-26,RFX20102022,201800.0,201820.0,198260.0,200400.0,200400.0,48.0,110.0,30.5357
2022-08-29,RFX20082022,187300.0,195950.0,187000.0,191990.0,191990.0,2306.0,1512.0,-61.1914
2022-08-29,RFX20102022,200500.0,208150.0,198700.0,204250.0,204250.0,370.0,138.0,34.9302
2022-08-30,RFX20082022,192900.0,193000.0,188130.0,188800.0,188840.0,3031.0,1387.0,31.2395
2022-08-30,RFX20102022,204250.0,204250.0,200640.0,201520.0,202530.0,1578.0,238.0,43.219
2022-08-31,RFX20082022,188600.0,190300.0,182490.0,182960.0,182899.0,4034.0,0.0,
2022-08-31,RFX20102022,201500.0,202200.0,194440.0,194440.0,194870.0,945.0,631.0,41.1537
2022-09-01,RFX20102022,193850.0,197520.0,190510.0,195350.0,195300.0,1825.0,844.0,43.6519
2022-09-01,RFX20122022,210800.0,210800.0,207500.0,207500.0,207500.0,10.0,10.0,42.1901
2022-09-05,RFX20102022,196500.0,199490.0,196500.0,198000.0,197940.0,351.0,834.0,43.4838
2022-09-06,RFX20102022,199000.0,200860.0,194760.0,197250.0,197690.0,1494.0,895.0,47.7161
2022-09-07,RFX20102022,195900.0,206000.0,195900.0,204670.0,204640.0,2234.0,883.0,51.6776
2022-09-07,RFX20122022,214990.0,218250.0,214990.0,217900.0,217900.0,9.0,14.0,46.8113
2022-09-08,RFX20102022,205000.0,207650.0,201500.0,203330.0,203620.0,2109.0,969.0,46.4726
2022-09-08,RFX20122022,218000.0,218000.0,218000.0,218000.0,218000.0,6.0,11.0,46.1477
2022-09-09,RFX20102022,204770.0,207750.0,202260.0,206530.0,206540.0,1495.0,950.0,39.2852
2022-09-12,RFX20102022,208000.0,208970.0,205410.0,206020.0,206080.0,1289.0,968.0,39.656
2022-09-13,RFX20102022,204300.0,208200.0,202500.0,203200.0,203200.0,1413.0,969.0,41.5403
2022-09-13,RFX20122022,218500.0,218500.0,218500.0,218500.0,216960.0,2.0,12.0,42.5982
2022-09-14,RFX20102022,202800.0,208650.0,202800.0,208650.0,208520.0,1690.0,1053.0,40.2791
2022-09-14,RFX20122022,220150.0,222270.0,220150.0,222270.0,222270.0,3.0,15.0,41.3532
2022-09-15,RFX20102022,209000.0,210300.0,204000.0,205000.0,205000.0,1376.0,1020.0,36.9073
2022-09-15,RFX20122022,222000.0,222000.0,218510.0,218510.0,218510.0,4.0,19.0,39.7647
2022-09-16,RFX20102022,203500.0,207600.0,203000.0,207200.0,206720.0,1026.0,995.0,37.6831
2022-09-16,RFX20122022,220600.0,220600.0,220600.0,220600.0,220230.0,1.0,19.0,39.9237
2022-09-19,RFX20102022,206490.0,214500.0,206490.0,213110.0,213490.0,1453.0,1088.0,37.5239
2022-09-20,RFX20102022,212010.0,213190.0,210400.0,212000.0,212100.0,1253.0,1080.0,46.8569
2022-09-21,RFX20102022,212520.0,213000.0,209300.0,211150.0,211470.0,1268.0,1184.0,53.3797
2022-09-21,RFX20122022,223500.0,223500.0,223500.0,223500.0,225190.0,100.0,111.0,46.4181
2022-09-22,RFX20102022,211500.0,216000.0,210800.0,216000.0,216000.0,787.0,1178.0,59.496
2022-09-22,RFX20122022,228250.0,228250.0,228250.0,228250.0,229720.0,1.0,111.0,48.345
2022-09-23,RFX20102022,214450.0,214450.0,204650.0,205500.0,205500.0,2002.0,1253.0,62.0404
2022-09-23,RFX20122022,221250.0,221900.0,219010.0,221900.0,220150.0,5.0,112.0,52.3232
2022-09-26,RFX20102022,206500.0,206980.0,197180.0,199000.0,199000.0,1325.0,1135.0,71.9376
2022-09-26,RFX20122022,212100.0,212100.0,212100.0,212100.0,213280.0,100.0,24.0,55.9757
2022-09-27,RFX20102022,199700.0,202000.0,194420.0,194810.0,194980.0,1538.0,1134.0,74.6367
2022-09-27,RFX20122022,211360.0,211500.0,211360.0,211500.0,211500.0,15.0,39.0,62.1827
2022-09-28,RFX20102022,195550.0,198900.0,193410.0,198900.0,198800.0,1050.0,1186.0,76.1744
2022-09-29,RFX20102022,197000.0,198440.0,193610.0,196000.0,196000.0,1708.0,1228.0,62.7038
2022-09-29,RFX20122022,214740.0,214740.0,210600.0,214500.0,214500.0,589.0,41.0,61.3159
2022-09-30,RFX20102022,196000.0,199000.0,195400.0,195400.0,195450.0,1034.0,1160.0,54.1444
2022-09-30,RFX20122022,214980.0,215150.0,214980.0,215150.0,213570.0,201.0,42.0,57.3403
2022-10-03,RFX20102022,197010.0,207450.0,197010.0,206700.0,206700.0,1065.0,1011.0,67.6849
2022-10-03,RFX20122022,219000.0,225550.0,219000.0,225550.0,225550.0,6.0,47.0,61.3253
2022-10-04,RFX20102022,209000.0,211400.0,204800.0,205600.0,204950.0,972.0,1047.0,55.6476
2022-10-04,RFX20122022,225550.0,225550.0,225550.0,225550.0,223800.0,1.0,46.0,57.445
2022-10-05,RFX20102022,203500.0,209390.0,201210.0,207200.0,207180.0,1484.0,1020.0,51.558
2022-10-05,RFX20122022,227400.0,227490.0,227400.0,227490.0,226030.0,3.0,48.0,55.6207
2022-10-06,RFX20102022,207250.0,207690.0,204300.0,205630.0,205650.0,703.0,989.0,66.4956
2022-10-11,RFX20102022,202750.0,204450.0,193750.0,194900.0,194890.0,1450.0,1001.0,91.0885
2022-10-12,RFX20102022,193500.0,194350.0,191100.0,192890.0,192650.0,1025.0,1242.0,84.5574
2022-10-12,RFX20122022,211700.0,211700.0,210000.0,210000.0,211650.0,101.0,148.0,67.9093
2022-10-13,RFX20102022,189000.0,198400.0,189000.0,196500.0,196500.0,1286.0,1112.0,56.8274
2022-10-13,RFX20122022,214950.0,217000.0,214950.0,217000.0,217000.0,102.0,50.0,63.3012
2022-10-14,RFX20102022,198100.0,198190.0,191100.0,192300.0,192300.0,942.0,1138.0,69.5982
2022-10-14,RFX20122022,218000.0,218000.0,213700.0,213800.0,213800.0,3.0,53.0,70.082
2022-10-17,RFX20102022,194200.0,196930.0,194200.0,194560.0,194560.0,685.0,1208.0,80.7173
2022-10-17,RFX20122022,216350.0,216350.0,216350.0,216350.0,216350.0,1.0,54.0,72.2225
2022-10-18,RFX20102022,196000.0,197400.0,190400.0,191750.0,191660.0,746.0,1247.0,73.8315
2022-10-19,RFX20102022,190550.0,192800.0,190400.0,190750.0,190750.0,536.0,1271.0,86.1302
2022-10-19,RFX20122022,213600.0,213600.0,212640.0,212640.0,212640.0,7.0,60.0,74.1781
2022-10-20,RFX20102022,190750.0,194500.0,188900.0,189100.0,189100.0,696.0,1264.0,70.8642
2022-10-21,RFX20102022,188800.0,192290.0,187500.0,191760.0,191760.0,1309.0,1182.0,50.8672
2022-10-21,RFX20122022,210500.0,212000.0,209500.0,212000.0,212000.0,6.0,59.0,63.0698
2022-10-24,RFX20102022,191200.0,193980.0,188400.0,192960.0,192850.0,777.0,1240.0,83.7663
2022-10-24,RFX20122022,214000.0,214500.0,214000.0,214500.0,214500.0,11.0,68.0,70.8926
2022-10-25,RFX20102022,194000.0,198200.0,193000.0,197410.0,197410.0,830.0,1167.0,47.6084
2022-10-25,RFX20122022,216000.0,219000.0,216000.0,219000.0,219000.0,7.0,68.0,65.2842
2022-10-26,RFX20102022,198240.0,200350.0,197850.0,198110.0,198170.0,1069.0,962.0,33.3481
2022-10-26,RFX20122022,219000.0,220100.0,218200.0,220100.0,220200.0,256.0,67.0,65.2751
2022-10-27,RFX20102022,0.0,0.0,0.0,0.0,202310.0,1237.0,925.0,44.0183
2022-10-27,RFX20122022,0.0,0.0,0.0,0.0,224800.0,1.0,68.0,66.4564
2022-10-28,RFX20102022,202000.0,203400.0,199650.0,199910.0,200040.0,1126.0,873.0,-21.0337
2022-10-28,RFX20122022,224270.0,225000.0,221480.0,225000.0,224040.0,244.0,71.0,68.3881
2022-10-31,RFX20102022,199000.0,203380.0,199000.0,203330.0,203292.0,885.0,0.0,
2022-10-31,RFX20122022,220200.0,227380.0,220200.0,227380.0,224500.0,271.0,133.0,63.8699
2022-11-01,RFX20122022,224500.0,231490.0,224000.0,231300.0,231300.0,1045.0,396.0,68.8606
2022-11-02,RFX20122022,231150.0,233400.0,227100.0,227890.0,227900.0,1185.0,489.0,62.9195
2022-11-03,RFX20122022,226990.0,230400.0,225810.0,228060.0,228050.0,816.0,538.0,76.6927
2022-11-04,RFX20122022,230000.0,231690.0,229410.0,229780.0,230140.0,646.0,609.0,74.4769
2022-11-07,RFX20122022,232000.0,232000.0,224310.0,224990.0,224990.0,879.0,593.0,62.1419
2022-11-08,RFX20022023,246000.0,246000.0,246000.0,246000.0,246000.0,2.0,2.0,73.6051
2022-11-08,RFX20122022,226000.0,226500.0,220010.0,223400.0,223400.0,736.0,622.0,79.4839
2022-11-09,RFX20122022,223400.0,223400.0,214510.0,215280.0,215140.0,768.0,656.0,
2022-11-10,RFX20122022,216800.0,220000.0,214600.0,216230.0,216230.0,1072.0,816.0,78.0012
2022-11-11,RFX20022023,246900.0,246900.0,246900.0,246900.0,246900.0,5.0,7.0,71.8555
2022-11-11,RFX20122022,215900.0,222100.0,215900.0,221750.0,221750.0,926.0,805.0,67.6823
2022-11-14,RFX20022023,245520.0,245520.0,245520.0,245520.0,251190.0,100.0,107.0,73.368
2022-11-14,RFX20122022,220010.0,225210.0,219000.0,223850.0,223860.0,1320.0,892.0,64.3385
2022-11-15,RFX20122022,225940.0,230300.0,225940.0,227260.0,227500.0,1583.0,841.0,63.9637
2022-11-16,RFX20122022,227500.0,228320.0,224520.0,227460.0,227840.0,887.0,882.0,75.8208
2022-11-17,RFX20122022,226000.0,228890.0,224910.0,228700.0,228700.0,1257.0,959.0,73.0948
2022-11-18,RFX20122022,229210.0,231200.0,227340.0,229600.0,229800.0,906.0,976.0,69.5808
2022-11-22,RFX20122022,230500.0,230800.0,228460.0,230070.0,230120.0,683.0,963.0,
2022-11-23,RFX20022023,257000.0,257000.0,255300.0,255300.0,257000.0,101.0,8.0,73.998
2022-11-23,RFX20122022,230000.0,231640.0,229520.0,231290.0,231010.0,599.0,867.0,74.6145
2022-11-24,RFX20122022,232000.0,232400.0,231500.0,231910.0,231910.0,276.0,876.0,64.3651
2022-11-25,RFX20022023,260000.0,260000.0,260000.0,260000.0,260000.0,4.0,12.0,65.1564
2022-11-25,RFX20122022,232700.0,235390.0,232000.0,235110.0,235110.0,889.0,771.0,60.0894
2022-11-28,RFX20022023,260000.0,260210.0,260000.0,260000.0,260000.0,252.0,14.0,65.691
2022-11-28,RFX20122022,234000.0,236480.0,232620.0,235420.0,235420.0,1118.0,786.0,63.1741
2022-11-29,RFX20022023,262000.0,265250.0,262000.0,265250.0,265490.0,51.0,65.0,64.2248
2022-11-29,RFX20122022,236000.0,240600.0,235600.0,240490.0,240490.0,1254.0,782.0,59.9054
2022-11-30,RFX20022023,266400.0,266400.0,266000.0,266400.0,267590.0,53.0,15.0,67.6639
2022-11-30,RFX20122022,241000.0,243300.0,238970.0,242590.0,242590.0,662.0,664.0,70.358
2022-12-01,RFX20122022,243000.0,243500.0,239640.0,242350.0,242330.0,743.0,725.0,56.067
2022-12-02,RFX20022023,269000.0,269000.0,269000.0,269000.0,269000.0,2.0,15.0,68.2404
2022-12-02,RFX20122022,241000.0,243350.0,239010.0,241900.0,241900.0,705.0,801.0,61.537
2022-12-05,RFX20122022,242500.0,242500.0,233950.0,234310.0,235030.0,769.0,728.0,
2022-12-06,RFX20022023,258810.0,258810.0,258810.0,258810.0,264150.0,1.0,15.0,
2022-12-06,RFX20122022,235000.0,237100.0,234160.0,237070.0,237050.0,527.0,747.0,
2022-12-07,RFX20022023,264300.0,264300.0,264300.0,264300.0,267600.0,1.0,15.0,65.6918
2022-12-07,RFX20122022,238000.0,241500.0,237110.0,240680.0,240500.0,674.0,645.0,52.3425
2022-12-12,RFX20122022,238100.0,238100.0,233000.0,235800.0,235960.0,512.0,740.0,90.8364
2022-12-13,RFX20022023,268690.0,268690.0,263000.0,263000.0,263000.0,2.0,17.0,77.9892
2022-12-13,RFX20122022,236250.0,239600.0,234650.0,234700.0,235000.0,721.0,851.0,87.0532
2022-12-14,RFX20122022,236190.0,236190.0,230700.0,231810.0,231810.0,716.0,1075.0,
2022-12-15,RFX20122022,231000.0,231990.0,229730.0,231900.0,231900.0,576.0,1095.0,97.0836
2022-12-16,RFX20122022,230300.0,231200.0,228470.0,229490.0,228700.0,532.0,1041.0,
2022-12-19,RFX20022023,261990.0,264500.0,261990.0,264500.0,264910.0,105.0,122.0,
2022-12-19,RFX20122022,229490.0,235300.0,229300.0,234900.0,234410.0,634.0,1044.0,
2022-12-20,RFX20022023,271500.0,271500.0,271500.0,271500.0,271500.0,1.0,123.0,89.0852
2022-12-20,RFX20122022,235010.0,238890.0,235010.0,238890.0,238570.0,187.0,955.0,105.2558
2022-12-21,RFX20022023,275560.0,277050.0,274890.0,276280.0,276280.0,6.0,124.0,93.9799
2022-12-21,RFX20122022,240900.0,248500.0,240900.0,247010.0,247010.0,1213.0,773.0,214.5201
2022-12-22,RFX20022023,277450.0,277450.0,277000.0,277000.0,277930.0,106.0,28.0,
2022-12-22,RFX20122022,248000.0,248800.0,245070.0,248800.0,248660.0,846.0,691.0,
2022-12-23,RFX20022023,277000.0,279120.0,277000.0,279000.0,282290.0,6.0,32.0,54.7267
2022-12-23,RFX20122022,247760.0,254500.0,247760.0,254020.0,254020.0,1272.0,686.0,-50.8304
2022-12-26,RFX20022023,284000.0,284500.0,284000.0,284500.0,284500.0,5.0,32.0,47.5313
2022-12-26,RFX20122022,254100.0,258890.0,253750.0,258740.0,258800.0,468.0,683.0,-132.4951
2022-12-27,RFX20022023,282000.0,289900.0,281000.0,289000.0,289000.0,251.0,47.0,50.6117
2022-12-27,RFX20122022,257950.0,264580.0,257410.0,263930.0,263320.0,1328.0,735.0,-112.7031
2022-12-28,RFX20022023,295000.0,296190.0,292600.0,295900.0,295900.0,138.0,115.0,43.0328
2022-12-28,RFX20122022,264200.0,273200.0,263500.0,270700.0,270670.0,1256.0,778.0,-335.821
2022-12-29,RFX20022023,299810.0,300000.0,289050.0,290850.0,290850.0,58.0,155.0,42.6783
2022-12-29,RFX20122022,272700.0,277910.0,265550.0,268000.0,268700.0,1176.0,815.0,-374.5857
2022-12-30,RFX20022023,289190.0,299000.0,287800.0,297800.0,298500.0,162.0,195.0,51.4616
2022-12-30,RFX20122022,269000.0,275850.0,265000.0,275800.0,275794.0,2853.0,0.0,
2023-01-02,RFX20022023,300000.0,305000.0,299500.0,302140.0,302140.0,408.0,345.0,44.3676
2023-01-03,RFX20022023,302000.0,302500.0,291510.0,292800.0,292800.0,787.0,383.0,
2023-01-04,RFX20022023,294600.0,298890.0,291430.0,297900.0,297900.0,710.0,414.0,59.293
2023-01-05,RFX20022023,298490.0,309000.0,297250.0,309000.0,309000.0,941.0,406.0,54.4816
2023-01-06,RFX20022023,310100.0,319620.0,310100.0,315490.0,315500.0,1759.0,616.0,59.5801
2023-01-09,RFX20022023,316700.0,319470.0,313170.0,315620.0,316020.0,1079.0,773.0,55.0298
2023-01-10,RFX20022023,317000.0,318060.0,312490.0,314200.0,314200.0,652.0,859.0,51.7796
2023-01-10,RFX20042023,339000.0,339500.0,339000.0,339500.0,339500.0,100.0,0.0,52.5977
2023-01-11,RFX20022023,315500.0,321000.0,315500.0,320200.0,320120.0,1255.0,990.0,68.1817
2023-01-12,RFX20022023,321000.0,323630.0,316250.0,322000.0,322000.0,1698.0,1140.0,5.3559
2023-01-12,RFX20042023,344200.0,344200.0,344200.0,344200.0,347300.0,1.0,1.0,29.6166
2023-01-13,RFX20022023,320900.0,330950.0,318500.0,327000.0,327400.0,2251.0,1102.0,-8.709
2023-01-13,RFX20042023,347220.0,358000.0,347220.0,358000.0,355400.0,56.0,57.0,25.5875
2023-01-16,RFX20022023,330000.0,339700.0,329500.0,337990.0,337990.0,1079.0,1249.0,-10.265
2023-01-16,RFX20042023,360500.0,373000.0,360500.0,373000.0,371990.0,51.0,54.0,31.2344
2023-01-17,RFX20022023,336000.0,350550.0,336000.0,350550.0,350550.0,1709.0,1264.0,
2023-01-17,RFX20042023,371000.0,382000.0,371000.0,382000.0,382000.0,112.0,16.0,
2023-01-18,RFX20022023,357000.0,364000.0,331050.0,332010.0,332000.0,2030.0,1309.0,25.0408
2023-01-18,RFX20042023,385700.0,385700.0,367500.0,367500.0,367000.0,18.0,31.0,49.828
2023-01-19,RFX20022023,328700.0,332000.0,320700.0,330700.0,330700.0,1761.0,1317.0,19.364
2023-01-19,RFX20042023,358000.0,366680.0,356500.0,366680.0,366680.0,66.0,71.0,48.788
2023-01-20,RFX20022023,332400.0,346100.0,328990.0,345490.0,345490.0,1769.0,1240.0,
2023-01-20,RFX20042023,378750.0,381500.0,370000.0,381500.0,381500.0,4.0,75.0,
2023-01-23,RFX20022023,349000.0,354500.0,346200.0,351500.0,351040.0,1495.0,1452.0,
2023-01-23,RFX20042023,391950.0,391950.0,387000.0,387000.0,387000.0,51.0,67.0,
2023-01-24,RFX20022023,347020.0,355340.0,346070.0,351570.0,351570.0,1068.0,1466.0,15.7296
2023-01-24,RFX20042023,387000.0,387000.0,386240.0,386240.0,387000.0,57.0,67.0,45.5783
2023-01-25,RFX20022023,349500.0,369100.0,346200.0,369100.0,369100.0,1520.0,1449.0,
2023-01-25,RFX20042023,390000.0,392000.0,390000.0,392000.0,394980.0,7.0,67.0,
2023-01-26,RFX20022023,375000.0,377940.0,369000.0,375800.0,375800.0,1939.0,1501.0,48.4934
2023-01-26,RFX20042023,400500.0,404600.0,400500.0,404070.0,403800.0,798.0,64.0,48.2505
2023-01-27,RFX20022023,374000.0,377860.0,365500.0,366000.0,366000.0,1104.0,1484.0,53.1795
2023-01-27,RFX20042023,398600.0,398600.0,398600.0,398600.0,396000.0,100.0,17.0,53.1103
2023-01-30,RFX20022023,364000.0,366100.0,354250.0,354910.0,355000.0,1120.0,1574.0,
2023-01-30,RFX20042023,385000.0,385000.0,385000.0,385000.0,385000.0,2.0,17.0,
2023-01-31,RFX20022023,356000.0,367100.0,355100.0,365400.0,365400.0,1075.0,1717.0,59.1976
2023-01-31,RFX20042023,401900.0,401900.0,401900.0,401900.0,395400.0,1.0,17.0,55.0613
2023-02-01,RFX20022023,365700.0,367700.0,355500.0,362020.0,362010.0,1459.0,1781.0,64.0486
2023-02-02,RFX20022023,365630.0,369720.0,353170.0,355600.0,355625.0,1498.0,1776.0,54.3931
2023-02-02,RFX20042023,391220.0,391220.0,388500.0,388500.0,385625.0,51.0,68.0,54.266
2023-02-03,RFX20022023,353490.0,357700.0,340470.0,341900.0,341900.0,1625.0,1688.0,56.3067
2023-02-03,RFX20042023,379500.0,379500.0,379500.0,379500.0,371900.0,50.0,18.0,56.3557
2023-02-06,RFX20022023,340150.0,345880.0,333120.0,345700.0,345700.0,1177.0,1637.0,
2023-02-07,RFX20022023,347000.0,354000.0,343900.0,350350.0,349950.0,1780.0,1706.0,
2023-02-08,RFX20022023,350800.0,353500.0,347000.0,351970.0,352000.0,938.0,1701.0,44.8846
2023-02-09,RFX20022023,353900.0,355500.0,347000.0,349400.0,349400.0,848.0,1720.0,50.4409
2023-02-10,RFX20022023,350700.0,352970.0,347500.0,351900.0,351900.0,734.0,1737.0,66.3106
2023-02-13,RFX20022023,351900.0,361800.0,349960.0,359100.0,359110.0,890.0,1679.0,30.1408
2023-02-14,RFX20022023,359000.0,364990.0,357010.0,359020.0,359020.0,1263.0,1781.0,19.6696
2023-02-14,RFX20042023,390000.0,390000.0,390000.0,390000.0,389020.0,2.0,18.0,45.8679
2023-02-15,RFX20022023,359000.0,360000.0,351100.0,355150.0,355430.0,837.0,1869.0,27.2941
2023-02-15,RFX20042023,385500.0,385500.0,385500.0,385500.0,385430.0,50.0,68.0,48.1326
2023-02-16,RFX20022023,354000.0,360240.0,352000.0,356950.0,356800.0,1956.0,1833.0,
2023-02-16,RFX20042023,386000.0,392500.0,386000.0,392000.0,392000.0,101.0,69.0,
2023-02-17,RFX20022023,356400.0,356400.0,342200.0,348730.0,348720.0,1125.0,1812.0,56.7642
2023-02-17,RFX20042023,385600.0,385600.0,384500.0,384500.0,384500.0,3.0,70.0,63.3359
2023-02-22,RFX20022023,345300.0,347490.0,338800.0,340490.0,340500.0,593.0,1719.0,
2023-02-22,RFX20042023,378000.0,378000.0,378000.0,378000.0,375500.0,50.0,20.0,
2023-02-23,RFX20022023,341500.0,346500.0,341500.0,345000.0,344080.0,732.0,1685.0,141.2983
2023-02-23,RFX20042023,377610.0,377610.0,374470.0,375900.0,375300.0,103.0,72.0,63.7877
2023-02-24,RFX20022023,343100.0,343500.0,337000.0,343500.0,343500.0,870.0,1705.0,5.3223
2023-02-24,RFX20042023,373000.0,374690.0,373000.0,374600.0,375400.0,30.0,91.0,54.1735
2023-02-27,RFX20022023,345000.0,347990.0,345000.0,346610.0,346610.0,1454.0,1632.0,
2023-02-27,RFX20042023,376000.0,381000.0,376000.0,379360.0,379810.0,826.0,164.0,
2023-02-28,RFX20022023,348000.0,348500.0,339010.0,342350.0,342477.0,1212.0,0.0,
2023-02-28,RFX20042023,379250.0,382000.0,373000.0,374260.0,374260.0,794.0,691.0,57.763
2023-03-01,RFX20042023,374500.0,376590.0,372000.0,374450.0,374450.0,717.0,862.0,52.6019
2023-03-02,RFX20042023,374000.0,374450.0,363700.0,363700.0,364440.0,1546.0,994.0,55.0948
2023-03-03,RFX20042023,364440.0,370000.0,364440.0,367510.0,367890.0,1397.0,1127.0,
2023-03-03,RFX20062023,403390.0,403390.0,403390.0,403390.0,403000.0,1.0,1.0,
2023-03-06,RFX20042023,367700.0,376590.0,366500.0,375940.0,375950.0,1071.0,1159.0,48.8912
2023-03-07,RFX20042023,377000.0,377000.0,368050.0,368690.0,368690.0,1142.0,1270.0,
2023-03-08,RFX20042023,369700.0,373500.0,368100.0,373410.0,373410.0,847.0,1304.0,52.5358
2023-03-09,RFX20042023,374700.0,377690.0,369100.0,369300.0,369300.0,786.0,1339.0,
2023-03-10,RFX20042023,368500.0,371500.0,351750.0,352300.0,352300.0,1525.0,1550.0,56.4452
2023-03-13,RFX20042023,342000.0,350500.0,330000.0,331410.0,331400.0,1010.0,1546.0,
2023-03-14,RFX20042023,335720.0,340940.0,319100.0,321900.0,321450.0,1008.0,1569.0,41.2844
2023-03-15,RFX20042023,310000.0,314800.0,299000.0,311500.0,311500.0,1061.0,1564.0,57.9904
2023-03-16,RFX20042023,310000.0,327550.0,310000.0,326000.0,325990.0,797.0,1548.0,48.381
2023-03-17,RFX20042023,325450.0,325500.0,316480.0,320400.0,319730.0,971.0,1611.0,43.6817
2023-03-20,RFX20042023,320000.0,325180.0,313000.0,313000.0,313270.0,650.0,1607.0,31.2027
2023-03-21,RFX20042023,316130.0,327000.0,316130.0,327000.0,327000.0,1135.0,1531.0,34.6986
2023-03-22,RFX20042023,325000.0,327000.0,317000.0,317500.0,317500.0,953.0,1490.0,
2023-03-23,RFX20042023,319800.0,321680.0,308110.0,312500.0,312500.0,616.0,1468.0,36.5746
2023-03-27,RFX20042023,315500.0,329010.0,314990.0,327500.0,327500.0,845.0,1503.0,19.915
2023-03-28,RFX20042023,329500.0,342000.0,327010.0,342000.0,341880.0,853.0,1570.0,27.9053
2023-03-29,RFX20042023,345930.0,354550.0,343100.0,352500.0,352340.0,1053.0,1547.0,31.3717
2023-03-30,RFX20042023,355000.0,358900.0,349000.0,356490.0,356490.0,2207.0,1671.0,30.8585
2023-03-31,RFX20042023,358500.0,359990.0,346020.0,351000.0,350520.0,1279.0,1595.0,40.83
2023-03-31,RFX20062023,393000.0,393000.0,381400.0,381400.0,385520.0,226.0,1.0,53.8679
2023-04-03,RFX20042023,353990.0,362750.0,352000.0,362500.0,362500.0,642.0,1619.0,38.04
2023-04-04,RFX20042023,362500.0,362500.0,355000.0,356960.0,357370.0,1173.0,1835.0,39.1037
2023-04-05,RFX20042023,355000.0,362990.0,350900.0,362990.0,362900.0,1391.0,1760.0,57.8715
2023-04-10,RFX20042023,362500.0,370630.0,360000.0,369980.0,369910.0,1264.0,1950.0,75.3333
2023-04-10,RFX20062023,403760.0,404390.0,400680.0,400680.0,404390.0,125.0,106.0,60.304
2023-04-11,RFX20042023,373000.0,377000.0,371520.0,374900.0,374840.0,1659.0,2141.0,80.7823
2023-04-11,RFX20062023,407510.0,407510.0,407510.0,407510.0,409320.0,10.0,106.0,60.7139
2023-04-12,RFX20042023,376800.0,381500.0,376800.0,380110.0,380110.0,1162.0,2109.0,62.9798
2023-04-12,RFX20062023,419390.0,421500.0,413200.0,417450.0,417290.0,259.0,121.0,59.1955
2023-04-13,RFX20042023,383500.0,387000.0,379000.0,382930.0,382930.0,1032.0,1964.0,50.0377
2023-04-13,RFX20062023,422390.0,422390.0,416100.0,416100.0,420110.0,140.0,21.0,55.9917
2023-04-14,RFX20042023,384750.0,389000.0,382000.0,387190.0,387190.0,2323.0,2008.0,30.27
2023-04-14,RFX20062023,429800.0,438000.0,428500.0,434850.0,436800.0,105.0,56.0,66.945
2023-04-17,RFX20042023,387900.0,397000.0,384300.0,395440.0,395610.0,1045.0,2019.0,46.0065
2023-04-17,RFX20062023,448200.0,448200.0,435000.0,439400.0,448000.0,45.0,61.0,73.0639
2023-04-18,RFX20042023,394900.0,404990.0,394000.0,397500.0,397500.0,1238.0,2009.0,39.845
2023-04-19,RFX20042023,393990.0,393990.0,383800.0,386500.0,386500.0,1282.0,1913.0,54.4848
2023-04-19,RFX20062023,435000.0,439000.0,435000.0,439000.0,439000.0,4.0,65.0,76.5962
2023-04-20,RFX20042023,384010.0,394000.0,384010.0,390020.0,390390.0,837.0,2063.0,
2023-04-20,RFX20062023,438100.0,450990.0,438100.0,440000.0,442040.0,107.0,167.0,
2023-04-21,RFX20042023,391100.0,399900.0,389700.0,399500.0,399500.0,735.0,2042.0,-14.1581
2023-04-21,RFX20062023,450000.0,452890.0,450000.0,452000.0,452000.0,3.0,169.0,66.9213
2023-04-24,RFX20042023,400000.0,410880.0,400000.0,409490.0,409630.0,1044.0,2012.0,-68.2685
2023-04-24,RFX20062023,457500.0,466040.0,457500.0,466040.0,466580.0,13.0,177.0,71.0967
2023-04-25,RFX20042023,411700.0,416900.0,406110.0,412990.0,412990.0,1107.0,1973.0,-107.2322
2023-04-25,RFX20062023,460500.0,479100.0,460500.0,477600.0,477600.0,223.0,193.0,80.8818
2023-04-26,RFX20042023,411990.0,412980.0,402000.0,412110.0,412720.0,1014.0,1762.0,-195.0124
2023-04-26,RFX20062023,470950.0,479840.0,470950.0,479840.0,479720.0,436.0,288.0,84.1844
2023-04-27,RFX20042023,414990.0,416640.0,405500.0,405800.0,406000.0,943.0,1624.0,-31.8389
2023-04-27,RFX20062023,477000.0,477000.0,467500.0,467500.0,470990.0,225.0,296.0,90.715
2023-04-28,RFX20042023,402000.0,405400.0,397000.0,405290.0,405319.0,1489.0,0.0,
2023-04-28,RFX20062023,466000.0,471290.0,462000.0,469470.0,469470.0,688.0,515.0,88.2194
2023-05-02,RFX20062023,462500.0,462500.0,455600.0,458000.0,458600.0,473.0,716.0,84.885
2023-05-03,RFX20062023,458000.0,459800.0,445000.0,445100.0,445100.0,300.0,738.0,86.1375
2023-05-04,RFX20062023,446000.0,446000.0,431200.0,431500.0,431300.0,583.0,917.0,79.8575
2023-05-05,RFX20062023,435000.0,452500.0,435000.0,452500.0,452200.0,937.0,836.0,69.9951
2023-05-08,RFX20062023,457500.0,465500.0,457200.0,463500.0,463500.0,521.0,910.0,76.5201
2023-05-09,RFX20062023,463500.0,473000.0,463000.0,472800.0,472300.0,378.0,941.0,84.9142
2023-05-10,RFX20062023,474900.0,480900.0,467600.0,475400.0,475400.0,637.0,983.0,86.6185
2023-05-11,RFX20062023,471000.0,479100.0,469200.0,478600.0,478600.0,742.0,1067.0,82.0641
2023-05-12,RFX20062023,483000.0,485000.0,474000.0,481800.0,481400.0,590.0,1042.0,68.5738
2023-05-15,RFX20062023,480000.0,481900.0,473200.0,481000.0,481000.0,552.0,1121.0,76.5781
2023-05-16,RFX20062023,482000.0,486900.0,474000.0,474000.0,474000.0,955.0,1147.0,74.9003
2023-05-17,RFX20062023,476000.0,489900.0,476000.0,489000.0,489000.0,1045.0,1013.0,78.4127
2023-05-18,RFX20062023,490000.0,491500.0,481000.0,490800.0,490600.0,818.0,1100.0,75.5793
2023-05-19,RFX20062023,490100.0,496000.0,489500.0,495500.0,494600.0,579.0,1141.0,68.6715
2023-05-22,RFX20062023,497000.0,498200.0,492700.0,495000.0,495000.0,660.0,1138.0,77.0449
2023-05-23,RFX20062023,496000.0,505600.0,494900.0,496000.0,495700.0,1695.0,1358.0,
2023-05-24,RFX20062023,493600.0,497900.0,488900.0,495900.0,495500.0,1153.0,1442.0,66.2422
2023-05-29,RFX20062023,498300.0,498500.0,495300.0,498100.0,498100.0,683.0,1469.0,65.5226
2023-05-30,RFX20062023,496000.0,496900.0,491900.0,496200.0,496300.0,2162.0,1595.0,74.3963
2023-05-30,RFX20082023,547300.0,556600.0,547300.0,556600.0,556400.0,50.0,0.0,75.3288
2023-05-31,RFX20062023,495400.0,496000.0,490700.0,493100.0,493000.0,1562.0,1685.0,76.579
2023-06-01,RFX20062023,494800.0,504400.0,494800.0,502800.0,502600.0,1164.0,1690.0,54.9961
2023-06-02,RFX20062023,503500.0,509400.0,502300.0,503500.0,503500.0,736.0,1690.0,57.939
2023-06-02,RFX20082023,565100.0,565100.0,565100.0,565100.0,578600.0,40.0,0.0,81.2051
2023-06-05,RFX20062023,506000.0,510300.0,503500.0,509500.0,509500.0,991.0,1673.0,50.5456
2023-06-06,RFX20062023,510600.0,537900.0,510600.0,537900.0,537200.0,1836.0,1538.0,51.6101
2023-06-07,RFX20062023,542000.0,546000.0,537000.0,538500.0,538500.0,1066.0,1571.0,52.265
2023-06-08,RFX20062023,540000.0,547000.0,529700.0,541000.0,541000.0,1113.0,1656.0,57.5678
2023-06-09,RFX20062023,546000.0,547500.0,536300.0,542600.0,542600.0,766.0,1634.0,66.1008
2023-06-12,RFX20062023,538900.0,548400.0,538200.0,543100.0,543100.0,1009.0,1657.0,80.8557
2023-06-13,RFX20062023,546000.0,549000.0,540900.0,543500.0,543500.0,964.0,1669.0,88.7671
2023-06-14,RFX20062023,543000.0,547000.0,535000.0,538100.0,538100.0,703.0,1703.0,84.1006
2023-06-15,RFX20062023,538100.0,553000.0,538100.0,553000.0,553000.0,1517.0,1639.0,57.7042
2023-06-15,RFX20082023,642000.0,642000.0,642000.0,642000.0,642000.0,28.0,28.0,89.3401
2023-06-16,RFX20062023,552500.0,581000.0,549000.0,579800.0,580000.0,2046.0,1537.0,51.1867
2023-06-21,RFX20062023,585500.0,606400.0,585500.0,606000.0,606000.0,1499.0,1465.0,36.0365
2023-06-21,RFX20082023,665700.0,691300.0,665700.0,691300.0,691300.0,41.0,27.0,77.5731
2023-06-22,RFX20062023,607900.0,607900.0,587400.0,588500.0,588300.0,1229.0,1530.0,75.5319
2023-06-23,RFX20062023,585000.0,600000.0,580000.0,597100.0,597000.0,952.0,1538.0,86.6225
2023-06-26,RFX20062023,625000.0,627000.0,597500.0,607500.0,607300.0,2093.0,1753.0,34.8141
2023-06-26,RFX20082023,721700.0,721700.0,700000.0,700000.0,700000.0,3.0,30.0,86.8481
2023-06-27,RFX20062023,608000.0,609500.0,583400.0,585500.0,584100.0,943.0,1837.0,34.7074
2023-06-27,RFX20082023,702000.0,702000.0,684900.0,684900.0,684900.0,5.0,35.0,98.7848
2023-06-28,RFX20062023,585500.0,594300.0,568600.0,569400.0,569000.0,1062.0,1715.0,-111.7252
2023-06-28,RFX20082023,692000.0,695000.0,669600.0,677400.0,677400.0,107.0,41.0,104.4935
2023-06-29,RFX20062023,573900.0,578900.0,566500.0,578900.0,578900.0,870.0,1649.0,-251.1709
2023-06-29,RFX20082023,671100.0,692700.0,670000.0,679000.0,679000.0,61.0,92.0,95.5042
2023-06-30,RFX20062023,579900.0,597400.0,576000.0,596500.0,596540.0,2879.0,0.0,
2023-06-30,RFX20082023,680000.0,701000.0,665100.0,682000.0,682000.0,629.0,141.0,83.5271
2023-07-03,RFX20082023,693500.0,698400.0,680500.0,697400.0,697400.0,612.0,306.0,88.6352
2023-07-04,RFX20082023,703900.0,708000.0,695700.0,704500.0,705000.0,1253.0,403.0,89.2601
2023-07-05,RFX20082023,700600.0,701500.0,693000.0,698700.0,698700.0,1687.0,627.0,92.8378
2023-07-06,RFX20082023,691500.0,693400.0,664500.0,668000.0,668000.0,1796.0,900.0,96.4581
2023-07-07,RFX20082023,672000.0,675000.0,667800.0,670000.0,670000.0,685.0,937.0,88.4921
2023-07-10,RFX20082023,673000.0,674000.0,661100.0,665900.0,666700.0,515.0,1061.0,95.3327
2023-07-11,RFX20082023,666000.0,670500.0,662000.0,669400.0,669100.0,640.0,1146.0,97.3737
2023-07-12,RFX20082023,673500.0,682200.0,673000.0,678000.0,678000.0,720.0,1093.0,92.0633
2023-07-13,RFX20082023,676000.0,694000.0,676000.0,693200.0,693200.0,760.0,1108.0,75.5896
2023-07-14,RFX20082023,690200.0,690900.0,683900.0,687900.0,687900.0,457.0,1140.0,84.7153
2023-07-17,RFX20082023,688000.0,705500.0,688000.0,701000.0,700600.0,827.0,1159.0,78.9373
2023-07-18,RFX20082023,706000.0,706500.0,699300.0,700300.0,700300.0,1272.0,1216.0,79.7171
2023-07-19,RFX20082023,706700.0,706700.0,689200.0,697700.0,697700.0,746.0,1272.0,87.5501
2023-07-20,RFX20082023,701800.0,704500.0,694200.0,704000.0,704000.0,463.0,1322.0,88.2604
2023-07-21,RFX20082023,704000.0,713900.0,704000.0,711500.0,711500.0,998.0,1332.0,72.1432
2023-07-24,RFX20082023,715000.0,720000.0,705000.0,706500.0,706300.0,1381.0,1433.0,82.7032
2023-07-25,RFX20082023,710000.0,712700.0,702500.0,711900.0,711200.0,1238.0,1537.0,80.0649
2023-07-26,RFX20082023,712900.0,713500.0,708500.0,708800.0,708800.0,555.0,1583.0,77.8218
2023-07-27,RFX20082023,709100.0,709100.0,685000.0,685400.0,685400.0,2040.0,1769.0,99.1225
2023-07-28,RFX20082023,690800.0,698900.0,689300.0,690000.0,690000.0,1499.0,1810.0,88.897
2023-07-31,RFX20082023,691700.0,693400.0,687000.0,692000.0,692000.0,499.0,1876.0,101.2861
2023-08-01,RFX20082023,690000.0,692900.0,681400.0,687000.0,687000.0,899.0,1987.0,106.6523
2023-08-02,RFX20082023,682800.0,684800.0,661400.0,671500.0,671500.0,1071.0,1909.0,83.9984
2023-08-03,RFX20082023,672100.0,679900.0,662600.0,664000.0,664000.0,474.0,2007.0,99.5218
2023-08-04,RFX20082023,678000.0,681000.0,669100.0,675700.0,675000.0,890.0,1966.0,
2023-08-07,RFX20082023,675000.0,683800.0,670300.0,681000.0,679800.0,639.0,2008.0,
2023-08-08,RFX20082023,680000.0,693600.0,673500.0,690900.0,691000.0,1295.0,1884.0,95.8104
2023-08-09,RFX20082023,696800.0,697300.0,687000.0,687900.0,687900.0,1687.0,1932.0,107.8387
2023-08-10,RFX20082023,691000.0,694300.0,690900.0,691600.0,691600.0,488.0,1904.0,82.7376
2023-08-11,RFX20082023,691600.0,696700.0,687000.0,693000.0,692800.0,1108.0,1667.0,56.691
2023-08-14,RFX20082023,675500.0,738800.0,657000.0,718600.0,718600.0,2553.0,1168.0,148.9587
2023-08-15,RFX20082023,728900.0,757100.0,728000.0,757100.0,757100.0,1635.0,1250.0,52.4081
2023-08-15,RFX20102023,976200.0,976200.0,962000.0,962000.0,962000.0,2.0,2.0,142.1267
2023-08-16,RFX20082023,759000.0,799000.0,758900.0,798400.0,798400.0,1936.0,1554.0,25.483
2023-08-16,RFX20102023,972000.0,972000.0,972000.0,972000.0,972000.0,1.0,2.0,110.5491
2023-08-17,RFX20082023,804000.0,825000.0,800000.0,816900.0,816900.0,974.0,1664.0,-1.5791
2023-08-18,RFX20082023,825000.0,825000.0,794200.0,813000.0,813000.0,1369.0,1614.0,-18.961
2023-08-22,RFX20082023,818000.0,839700.0,806000.0,838800.0,839000.0,1221.0,1682.0,34.7827
2023-08-22,RFX20102023,970000.0,995000.0,970000.0,995000.0,995000.0,32.0,13.0,102.2557
2023-08-23,RFX20082023,839000.0,873800.0,839000.0,870800.0,870800.0,1435.0,1697.0,52.0891
2023-08-23,RFX20102023,1025000.0,1042000.0,1020400.0,1042000.0,1042000.0,96.0,25.0,111.2256
2023-08-24,RFX20082023,880000.0,884900.0,860000.0,865500.0,866700.0,1343.0,1749.0,45.9583
2023-08-24,RFX20102023,1040000.0,1090000.0,1034000.0,1038000.0,1055000.0,135.0,34.0,122.3768
2023-08-25,RFX20082023,875000.0,882500.0,863800.0,880900.0,880700.0,1127.0,1590.0,
2023-08-25,RFX20102023,1063300.0,1078900.0,1054800.0,1078000.0,1078000.0,177.0,40.0,
2023-08-28,RFX20082023,881000.0,928800.0,881000.0,928700.0,927700.0,1328.0,1642.0,
2023-08-28,RFX20102023,1152000.0,1152000.0,1099100.0,1135000.0,1135100.0,87.0,66.0,
2023-08-29,RFX20082023,935000.0,966400.0,925000.0,961500.0,961200.0,1781.0,1604.0,549.4028
2023-08-29,RFX20102023,1246500.0,1246500.0,1175000.0,1207000.0,1219000.0,351.0,121.0,177.5087
2023-08-30,RFX20082023,965000.0,975000.0,940000.0,943100.0,944600.0,1046.0,1637.0,102.3638
2023-08-30,RFX20102023,1220000.0,1220000.0,1180000.0,1190000.0,1190000.0,94.0,186.0,155.0223
2023-08-31,RFX20082023,944000.0,947900.0,905000.0,909100.0,909088.0,3065.0,0.0,
2023-08-31,RFX20102023,1180000.0,1180000.0,1113000.0,1121000.0,1130000.0,367.0,310.0,143.8574
2023-09-01,RFX20102023,1243000.0,1243000.0,1050000.0,1065600.0,1065600.0,721.0,422.0,124.3058
2023-09-04,RFX20102023,1043000.0,1062900.0,1043000.0,1046800.0,1046800.0,268.0,407.0,119.4789
2023-09-05,RFX20102023,1045000.0,1045000.0,995900.0,997900.0,997900.0,669.0,509.0,127.8305
2023-09-06,RFX20102023,997900.0,1018000.0,983000.0,993100.0,992900.0,1008.0,780.0,145.0303
2023-09-07,RFX20102023,973000.0,973000.0,919500.0,923000.0,923000.0,990.0,947.0,140.3936
2023-09-08,RFX20102023,939500.0,953600.0,866000.0,887900.0,887900.0,1302.0,1074.0,135.9488
2023-09-11,RFX20102023,900000.0,909900.0,832000.0,855000.0,855000.0,936.0,1201.0,
2023-09-12,RFX20102023,860000.0,900000.0,842100.0,898000.0,898000.0,1162.0,1399.0,146.4844
2023-09-13,RFX20102023,899000.0,924000.0,890100.0,916200.0,917600.0,1179.0,1465.0,144.3872
2023-09-14,RFX20102023,930000.0,938800.0,919100.0,931800.0,931000.0,1261.0,1612.0,
2023-09-15,RFX20102023,941800.0,941800.0,907500.0,916800.0,917000.0,1040.0,1666.0,131.9078
2023-09-18,RFX20102023,912000.0,933000.0,910600.0,932800.0,932800.0,903.0,1641.0,
2023-09-19,RFX20102023,933000.0,933000.0,914000.0,917000.0,917000.0,986.0,1638.0,128.2568
2023-09-20,RFX20102023,923500.0,931900.0,871100.0,876000.0,875000.0,1354.0,1656.0,108.9521
2023-09-21,RFX20102023,875000.0,881500.0,845000.0,851900.0,851900.0,955.0,1683.0,
2023-09-22,RFX20102023,862000.0,877300.0,848000.0,852000.0,852000.0,1001.0,1616.0,100.0879
2023-09-25,RFX20102023,844800.0,857000.0,839000.0,847000.0,847000.0,831.0,1576.0,
2023-09-26,RFX20102023,848000.0,863900.0,837300.0,844500.0,844200.0,1395.0,1615.0,
2023-09-27,RFX20102023,853500.0,885000.0,850000.0,880800.0,879700.0,2091.0,1607.0,143.7943
2023-09-28,RFX20102023,879900.0,919000.0,878100.0,919000.0,919000.0,2045.0,1718.0,
2023-09-28,RFX20122023,1080000.0,1090800.0,1080000.0,1090800.0,1090800.0,56.0,0.0,
2023-09-29,RFX20102023,929900.0,936000.0,880000.0,887000.0,887000.0,1134.0,1702.0,
2023-10-02,RFX20102023,887000.0,887000.0,867000.0,874300.0,874300.0,578.0,1703.0,
2023-10-03,RFX20102023,870000.0,878000.0,848000.0,873500.0,871900.0,1225.0,1628.0,156.387
2023-10-04,RFX20102023,873500.0,909900.0,855000.0,907100.0,907400.0,937.0,1678.0,139.8557
2023-10-04,RFX20122023,1157700.0,1157700.0,1157700.0,1157700.0,1157700.0,2.0,2.0,173.0929
2023-10-05,RFX20102023,914000.0,929100.0,909000.0,924000.0,924000.0,756.0,1687.0,130.3151
2023-10-06,RFX20102023,92200.0,93550.0,91000.0,92580.0,92490.0,1307.0,17470.0,107.1814
2023-10-06,RFX20122023,123000.0,123000.0,123000.0,123000.0,122000.0,2.0,40.0,180.7169
2023-10-09,RFX20102023,93090.0,94950.0,92000.0,94300.0,94300.0,5243.0,16907.0,
2023-10-10,RFX20102023,95480.0,104080.0,95480.0,101800.0,101800.0,8838.0,15760.0,110.5355
2023-10-11,RFX20102023,103000.0,105500.0,94240.0,102580.0,102580.0,6355.0,15922.0,84.5972
2023-10-12,RFX20102023,102800.0,109000.0,99750.0,108300.0,108300.0,9166.0,14123.0,90.4819
2023-10-12,RFX20122023,143900.0,143900.0,143900.0,143900.0,143900.0,1.0,41.0,183.108
2023-10-17,RFX20102023,109910.0,120000.0,109910.0,119900.0,119900.0,5927.0,14038.0,175.5551
2023-10-17,RFX20122023,159600.0,159600.0,159600.0,159600.0,159600.0,9.0,50.0,210.3705
2023-10-18,RFX20102023,120000.0,123000.0,113000.0,113400.0,113200.0,8800.0,14117.0,103.9379
2023-10-18,RFX20122023,160800.0,161600.0,160800.0,161600.0,160000.0,4.0,54.0,236.11
2023-10-19,RFX20102023,112000.0,112000.0,106810.0,107900.0,108000.0,7291.0,12813.0,108.8583
2023-10-20,RFX20102023,108000.0,113500.0,107580.0,111990.0,111990.0,8582.0,9809.0,79.2787
2023-10-23,RFX20102023,107100.0,108480.0,98030.0,99390.0,99390.0,6294.0,9006.0,134.8448
2023-10-23,RFX20122023,146000.0,146000.0,144000.0,144000.0,144000.0,27.0,79.0,267.8437
2023-10-24,RFX20102023,101000.0,105190.0,90800.0,95240.0,95240.0,6450.0,8400.0,319.3799
2023-10-24,RFX20122023,128410.0,131990.0,128300.0,131990.0,130540.0,42.0,113.0,251.4052
2023-10-25,RFX20102023,96000.0,98490.0,89000.0,95640.0,95640.0,5884.0,9230.0,122.2754
2023-10-25,RFX20122023,124000.0,132000.0,124000.0,131000.0,131000.0,16.0,123.0,223.0719
2023-10-26,RFX20102023,96000.0,98770.0,93500.0,95440.0,95440.0,5108.0,9300.0,288.4037
2023-10-26,RFX20122023,133000.0,133000.0,128000.0,128000.0,128000.0,9.0,130.0,224.7843
2023-10-27,RFX20102023,95990.0,96000.0,89660.0,90390.0,90390.0,4383.0,9396.0,143.1945
2023-10-27,RFX20122023,127000.0,127000.0,117010.0,117010.0,120000.0,1019.0,138.0,201.8587
2023-10-30,RFX20102023,90900.0,92000.0,81100.0,82800.0,82800.0,4788.0,9166.0,987.2591
2023-10-30,RFX20122023,115000.0,116000.0,108360.0,110900.0,110900.0,1097.0,164.0,228.4897
2023-10-31,RFX20102023,82990.0,84000.0,78250.0,79210.0,79219.7,6946.0,0.0,
2023-10-31,RFX20122023,110900.0,110900.0,104200.0,107300.0,107300.0,1390.0,790.0,204.7374
2023-11-01,RFX20122023,107900.0,111290.0,106000.0,109200.0,109200.0,4954.0,2508.0,183.2946
2023-11-02,RFX20122023,110200.0,114500.0,109500.0,113940.0,113830.0,5482.0,3753.0,177.1066
2023-11-03,RFX20122023,115000.0,116950.0,108150.0,109000.0,109000.0,4574.0,4553.0,166.4863
2023-11-07,RFX20122023,106000.0,107950.0,102200.0,103200.0,103300.0,3112.0,4673.0,171.7513
2023-11-08,RFX20122023,104250.0,104600.0,98700.0,100500.0,100170.0,3204.0,4566.0,185.7881
2023-11-09,RFX20122023,101990.0,105000.0,96500.0,103990.0,103990.0,4318.0,4879.0,171.6871
2023-11-10,RFX20122023,105500.0,109600.0,105500.0,109500.0,109500.0,3338.0,4856.0,171.0931
2023-11-13,RFX20122023,109520.0,109520.0,103800.0,104050.0,104050.0,3968.0,5120.0,167.5651
2023-11-14,RFX20122023,104500.0,106500.0,102200.0,104070.0,104180.0,3466.0,4993.0,171.9905
2023-11-15,RFX20122023,106000.0,106000.0,102850.0,103380.0,103380.0,3142.0,5113.0,174.5534
2023-11-16,RFX20122023,103100.0,103960.0,96250.0,97000.0,97000.0,4572.0,5660.0,
2023-11-17,RFX20122023,98000.0,100110.0,96000.0,98000.0,98000.0,3323.0,5240.0,98.5546
2023-11-21,RFX20122023,115000.0,122500.0,110160.0,119200.0,119200.0,5528.0,4399.0,84.7385
2023-11-22,RFX20122023,120990.0,134880.0,117500.0,129000.0,129000.0,6302.0,3733.0,110.7
2023-11-23,RFX20122023,129900.0,134400.0,126540.0,133270.0,133270.0,4494.0,3967.0,
2023-11-24,RFX20122023,135000.0,142300.0,133500.0,139750.0,139750.0,5926.0,4050.0,86.6506
2023-11-27,RFX20122023,144900.0,148140.0,134050.0,135350.0,135440.0,5949.0,4962.0,
2023-11-28,RFX20122023,134100.0,136890.0,124710.0,125550.0,125550.0,3568.0,5201.0,
2023-11-29,RFX20122023,127990.0,128500.0,120800.0,124380.0,124380.0,5228.0,5761.0,153.5212
2023-11-30,RFX20122023,124380.0,126200.0,118200.0,126150.0,126150.0,6483.0,6537.0,
2023-12-01,RFX20122023,127300.0,132950.0,125400.0,132510.0,132610.0,6795.0,7249.0,
2023-12-04,RFX20122023,132980.0,132980.0,126800.0,128010.0,128230.0,4672.0,7614.0,133.3726
2023-12-05,RFX20122023,128100.0,133800.0,126500.0,132300.0,132300.0,4906.0,7556.0,
2023-12-06,RFX20122023,133500.0,135600.0,128800.0,133300.0,133300.0,5509.0,7918.0,111.2646
2023-12-07,RFX20122023,133500.0,138200.0,132340.0,137500.0,137500.0,6752.0,6828.0,
2023-12-11,RFX20122023,139000.0,141400.0,137160.0,141200.0,141140.0,6902.0,6876.0,69.1251
2023-12-12,RFX20122023,142550.0,146700.0,141240.0,145150.0,145150.0,10052.0,6361.0,
2023-12-13,RFX20122023,149000.0,155000.0,142930.0,146510.0,146740.0,8463.0,7009.0,
2023-12-14,RFX20122023,148300.0,149100.0,144530.0,146000.0,146000.0,6106.0,7169.0,120.3757
2023-12-15,RFX20022024,172000.0,172000.0,172000.0,172000.0,172000.0,5.0,5.0,152.5721
2023-12-15,RFX20122023,146600.0,146690.0,133330.0,135000.0,135000.0,7141.0,6938.0,89.24
2023-12-18,RFX20122023,136000.0,136690.0,129810.0,135180.0,135030.0,6943.0,6263.0,129.297
2023-12-19,RFX20122023,135000.0,137180.0,133010.0,133920.0,134000.0,3772.0,6304.0,
2023-12-20,RFX20022024,173980.0,173980.0,173550.0,173550.0,173550.0,28.0,33.0,
2023-12-20,RFX20122023,136400.0,136890.0,133380.0,135000.0,135000.0,4615.0,6547.0,
2023-12-21,RFX20022024,166000.0,166000.0,166000.0,166000.0,168880.0,6.0,34.0,143.9968
2023-12-21,RFX20122023,137200.0,139950.0,130100.0,135060.0,135000.0,7702.0,6653.0,91.8921
2023-12-22,RFX20122023,136250.0,136250.0,131640.0,134810.0,134910.0,5638.0,6410.0,
2023-12-26,RFX20022024,160990.0,160990.0,153900.0,159000.0,159000.0,7.0,40.0,134.2442
2023-12-26,RFX20122023,134010.0,134900.0,130060.0,130250.0,130400.0,3807.0,6473.0,196.9677
2023-12-27,RFX20022024,156000.0,161700.0,152000.0,152000.0,152000.0,61.0,83.0,136.8927
2023-12-27,RFX20122023,130550.0,131000.0,123400.0,123900.0,123900.0,5984.0,5753.0,196.8904
2023-12-28,RFX20022024,155040.0,159980.0,150600.0,154400.0,154400.0,1557.0,275.0,126.3347
2023-12-28,RFX20122023,123950.0,128300.0,123600.0,128010.0,128000.0,6496.0,5319.0,357.2737
2023-12-29,RFX20022024,154200.0,156280.0,151500.0,156280.0,155600.0,1107.0,529.0,113.7205
2023-12-29,RFX20122023,128000.0,130300.0,126200.0,129860.0,129871.0,6032.0,0.0,
2024-01-02,RFX20022024,155700.0,157800.0,151500.0,153550.0,153470.0,4356.0,2281.0,109.2496
2024-01-03,RFX20022024,155200.0,159700.0,150960.0,159700.0,159520.0,3222.0,2677.0,105.8031
2024-01-04,RFX20022024,160000.0,163780.0,157000.0,162300.0,162040.0,4253.0,3005.0,96.3315
2024-01-05,RFX20022024,163000.0,166290.0,160800.0,164750.0,164830.0,3736.0,3301.0,77.3079
2024-01-05,RFX20042024,170000.0,170000.0,170000.0,170000.0,170000.0,20.0,20.0,47.6736
2024-01-08,RFX20022024,165100.0,172050.0,164810.0,171800.0,171800.0,5681.0,3525.0,76.87
2024-01-09,RFX20022024,171000.0,179000.0,166800.0,168000.0,168000.0,6085.0,3805.0,94.6543
2024-01-10,RFX20022024,168000.0,170100.0,165830.0,169900.0,169900.0,6293.0,4146.0,99.4187
2024-01-11,RFX20022024,171000.0,173500.0,166400.0,167870.0,167990.0,5923.0,4325.0,111.5698
2024-01-12,RFX20022024,170000.0,170000.0,164120.0,165200.0,165180.0,5924.0,5046.0,107.1065
2024-01-15,RFX20022024,164490.0,165900.0,163110.0,165630.0,165520.0,3814.0,5588.0,109.1666
2024-01-16,RFX20022024,164800.0,168880.0,163310.0,167420.0,167040.0,6433.0,5881.0,107.0965
2024-01-17,RFX20022024,168890.0,173370.0,166460.0,173200.0,173280.0,4666.0,6125.0,85.7239
2024-01-18,RFX20022024,175000.0,177400.0,171850.0,174690.0,174630.0,5882.0,6651.0,85.9222
2024-01-19,RFX20022024,175200.0,178700.0,174000.0,178010.0,178010.0,5423.0,6436.0,69.5614
2024-01-22,RFX20022024,179000.0,185000.0,178650.0,183430.0,183430.0,6573.0,6264.0,67.8092
2024-01-23,RFX20022024,183000.0,186490.0,179290.0,182000.0,182000.0,6728.0,5803.0,76.5352
2024-01-24,RFX20022024,181510.0,188390.0,181510.0,187960.0,187960.0,6496.0,6029.0,74.3709
2024-01-25,RFX20022024,188120.0,193400.0,188120.0,192400.0,192400.0,6977.0,5931.0,71.9435
2024-01-26,RFX20022024,192500.0,193100.0,185700.0,187000.0,187160.0,7676.0,5983.0,70.653
2024-01-29,RFX20022024,186320.0,186980.0,181670.0,186980.0,186980.0,4603.0,6016.0,76.6212
2024-01-30,RFX20022024,187450.0,190200.0,185810.0,188850.0,188850.0,4092.0,6173.0,77.0364
2024-01-31,RFX20022024,188850.0,189650.0,184200.0,188090.0,188040.0,4859.0,6970.0,82.1836
2024-02-01,RFX20022024,189500.0,193000.0,186620.0,192610.0,192480.0,5562.0,6996.0,71.4594
2024-02-02,RFX20022024,193500.0,194900.0,192370.0,194000.0,194100.0,4380.0,7063.0,73.5984
2024-02-02,RFX20042024,213500.0,216200.0,213500.0,216200.0,216200.0,300.0,20.0,72.3779
2024-02-05,RFX20022024,193000.0,195850.0,185850.0,187750.0,187750.0,4202.0,7058.0,103.379
2024-02-06,RFX20022024,188200.0,189390.0,180990.0,181380.0,181560.0,6238.0,7308.0,112.7392
2024-02-07,RFX20022024,177990.0,177990.0,171500.0,173300.0,172920.0,6668.0,7584.0,124.4227
2024-02-07,RFX20042024,200000.0,200000.0,200000.0,200000.0,200100.0,1.0,21.0,107.2857
2024-02-08,RFX20022024,173000.0,174000.0,163500.0,167300.0,167300.0,7116.0,8236.0,126.9639
2024-02-09,RFX20022024,167000.0,171300.0,165260.0,169800.0,169840.0,5771.0,8786.0,138.1949
2024-02-14,RFX20022024,170100.0,172400.0,162100.0,164500.0,164500.0,9777.0,9616.0,156.0168
2024-02-14,RFX20042024,197000.0,197000.0,197000.0,197000.0,196000.0,1.0,21.0,128.6546
2024-02-15,RFX20022024,164900.0,166990.0,159230.0,163000.0,163460.0,5656.0,9714.0,179.4446
2024-02-15,RFX20042024,192000.0,192000.0,190000.0,190000.0,191000.0,2.0,21.0,121.1342
2024-02-16,RFX20022024,164300.0,164500.0,153000.0,158720.0,158810.0,11506.0,13219.0,192.6994
2024-02-16,RFX20042024,190000.0,190000.0,190000.0,190000.0,190000.0,4.0,21.0,137.3733
2024-02-19,RFX20022024,158000.0,160430.0,154700.0,158100.0,158100.0,4192.0,13838.0,208.4348
2024-02-19,RFX20042024,186200.0,192000.0,185000.0,191000.0,191000.0,23.0,34.0,142.4451
2024-02-20,RFX20022024,158100.0,160000.0,154000.0,155010.0,155320.0,5335.0,14228.0,197.4321
2024-02-20,RFX20042024,190000.0,191500.0,181110.0,186000.0,186000.0,53.0,69.0,133.3948
2024-02-21,RFX20022024,154100.0,155390.0,150350.0,151650.0,151650.0,4642.0,14864.0,178.7763
2024-02-21,RFX20042024,187490.0,190480.0,179000.0,179000.0,184490.0,52.0,111.0,139.7688
2024-02-22,RFX20022024,151800.0,155990.0,150040.0,154800.0,154800.0,7603.0,14822.0,117.6551
2024-02-22,RFX20042024,186000.0,188000.0,185000.0,186250.0,186250.0,348.0,188.0,123.6242
2024-02-23,RFX20022024,154900.0,158700.0,151000.0,158400.0,158400.0,5875.0,13945.0,119.3148
2024-02-23,RFX20042024,180300.0,189980.0,178000.0,187550.0,187500.0,424.0,375.0,112.7298
2024-02-26,RFX20022024,156250.0,160000.0,154180.0,154700.0,154760.0,5369.0,14259.0,281.3447
2024-02-26,RFX20042024,186500.0,191160.0,184400.0,185000.0,185000.0,740.0,850.0,127.2036
2024-02-27,RFX20022024,155000.0,156490.0,146320.0,147150.0,147080.0,6667.0,13258.0,267.0417
2024-02-27,RFX20042024,185000.0,187130.0,177010.0,177980.0,177980.0,1716.0,1721.0,131.9772
2024-02-28,RFX20022024,149000.0,149000.0,141390.0,141600.0,141600.0,5722.0,11313.0,
2024-02-28,RFX20042024,176000.0,178420.0,169100.0,169100.0,170000.0,1488.0,2256.0,
2024-02-29,RFX20022024,141000.0,148890.0,141000.0,142000.0,142000.0,8671.0,0.0,
2024-02-29,RFX20042024,171000.0,175900.0,168010.0,171550.0,171550.0,4310.0,5551.0,123.806
2024-03-01,RFX20042024,173990.0,180100.0,172010.0,180000.0,180000.0,9995.0,9469.0,133.0191
2024-03-04,RFX20042024,181400.0,187890.0,175700.0,177000.0,177000.0,9543.0,13690.0,131.5756
2024-03-05,RFX20042024,177000.0,177000.0,164500.0,164560.0,164560.0,8852.0,14482.0,118.2912
2024-03-06,RFX20042024,165000.0,168880.0,162000.0,167000.0,167180.0,7927.0,15906.0,129.5233
2024-03-07,RFX20042024,166760.0,167800.0,162700.0,163190.0,164020.0,6578.0,17127.0,123.7113
2024-03-08,RFX20042024,163600.0,166000.0,161510.0,163210.0,163240.0,4744.0,17662.0,115.6658
2024-03-11,RFX20042024,161850.0,161900.0,155100.0,155500.0,155500.0,5680.0,18731.0,119.67
2024-03-12,RFX20042024,156000.0,163400.0,156000.0,162350.0,162240.0,6275.0,19653.0,98.359
2024-03-13,RFX20042024,165000.0,168040.0,161810.0,163520.0,163450.0,6411.0,19871.0,91.0504
2024-03-14,RFX20042024,165740.0,165740.0,156490.0,157890.0,157940.0,6638.0,19437.0,71.1908
2024-03-15,RFX20042024,156700.0,164000.0,154500.0,164000.0,163730.0,4609.0,19696.0,78.5206
2024-03-18,RFX20042024,166930.0,170000.0,162850.0,169500.0,169500.0,6374.0,19340.0,66.2466
2024-03-19,RFX20042024,169500.0,174750.0,167100.0,171490.0,171110.0,8737.0,18295.0,76.1392
2024-03-20,RFX20042024,171050.0,178400.0,170020.0,177990.0,178000.0,8875.0,16967.0,68.5062
2024-03-21,RFX20042024,181560.0,185300.0,176000.0,184230.0,184640.0,6061.0,17184.0,74.4462
2024-03-22,RFX20042024,187970.0,187970.0,183030.0,184390.0,183890.0,6422.0,17734.0,69.4518
2024-03-25,RFX20042024,184810.0,187350.0,182300.0,182900.0,183220.0,6235.0,17727.0,84.9335
2024-03-26,RFX20042024,181010.0,184000.0,178100.0,179400.0,179310.0,5964.0,18209.0,62.9114
2024-03-27,RFX20042024,180000.0,181000.0,176400.0,178830.0,178830.0,5937.0,17918.0,61.5061
2024-04-03,RFX20042024,176000.0,179990.0,173470.0,179190.0,179350.0,3915.0,17827.0,75.5574
2024-04-04,RFX20042024,177750.0,182070.0,174850.0,174930.0,175250.0,6762.0,18052.0,81.2521
2024-04-05,RFX20042024,177000.0,179000.0,175240.0,178900.0,178760.0,5613.0,17387.0,69.2287
2024-04-08,RFX20042024,180530.0,180800.0,177710.0,180300.0,180400.0,3951.0,17349.0,75.8527
2024-04-09,RFX20042024,182950.0,184970.0,179580.0,182200.0,182200.0,4551.0,17553.0,70.4558
2024-04-10,RFX20042024,181500.0,181800.0,178480.0,180100.0,180350.0,4577.0,17707.0,81.915
2024-04-11,RFX20042024,180020.0,182600.0,177830.0,181890.0,181890.0,4164.0,17825.0,65.8896
2024-04-12,RFX20042024,181870.0,182680.0,178650.0,179310.0,179310.0,3784.0,17930.0,68.0033
2024-04-15,RFX20042024,179000.0,180520.0,171900.0,172000.0,172000.0,5426.0,17677.0,75.4257
2024-04-16,RFX20042024,170110.0,173900.0,168000.0,172270.0,172240.0,6560.0,17624.0,70.5494
2024-04-17,RFX20042024,172270.0,173010.0,167550.0,168700.0,168610.0,4643.0,17849.0,87.2435
2024-04-18,RFX20042024,168000.0,170110.0,167000.0,168580.0,168490.0,3514.0,18332.0,91.8786
2024-04-19,RFX20042024,168590.0,172190.0,167420.0,170100.0,170570.0,3715.0,18204.0,99.7092
2024-04-22,RFX20042024,173510.0,180390.0,171200.0,180300.0,180300.0,6085.0,17630.0,80.4311
2024-04-23,RFX20042024,180190.0,182000.0,176120.0,178500.0,178500.0,5341.0,18288.0,136.0238
2024-04-23,RFX20062024,195000.0,195690.0,195000.0,195690.0,196100.0,200.0,0.0,70.3777
2024-04-24,RFX20042024,177850.0,177860.0,169600.0,170390.0,169940.0,6776.0,18119.0,76.9106
2024-04-24,RFX20062024,190000.0,190000.0,188600.0,188990.0,187540.0,551.0,51.0,65.991
2024-04-25,RFX20042024,170000.0,176000.0,167000.0,175490.0,175490.0,5254.0,18061.0,80.3775
2024-04-25,RFX20062024,185700.0,192900.0,185700.0,192900.0,192900.0,570.0,121.0,63.482
2024-04-26,RFX20042024,176300.0,180390.0,175050.0,179600.0,179600.0,4981.0,17307.0,37.9
2024-04-26,RFX20062024,198000.0,198000.0,196600.0,197100.0,197100.0,461.0,127.0,59.0934
2024-04-29,RFX20042024,179600.0,184600.0,178590.0,183400.0,183600.0,6742.0,16385.0,80.9483
2024-04-29,RFX20062024,197000.0,202500.0,197000.0,200000.0,200000.0,597.0,401.0,55.8088
2024-04-30,RFX20042024,184700.0,190480.0,184700.0,186940.0,186945.0,9727.0,0.0,
2024-04-30,RFX20062024,203800.0,206000.0,202000.0,204490.0,204490.0,3565.0,996.0,61.2148
2024-05-02,RFX20062024,204500.0,209520.0,202910.0,209240.0,209020.0,4378.0,2677.0,53.866
2024-05-03,RFX20062024,211030.0,217130.0,211030.0,216000.0,216000.0,4131.0,2873.0,38.418
2024-05-06,RFX20062024,217000.0,222900.0,216650.0,222800.0,222800.0,4499.0,2985.0,40.9654
2024-05-06,RFX20082024,220000.0,220000.0,220000.0,220000.0,233000.0,1.0,1.0,33.979
2024-05-07,RFX20062024,227010.0,231000.0,218500.0,220340.0,220300.0,8506.0,4579.0,49.9424
2024-05-08,RFX20062024,217510.0,223800.0,217510.0,218000.0,218000.0,6193.0,5446.0,50.1646
2024-05-09,RFX20062024,218480.0,218480.0,211700.0,213490.0,213430.0,5866.0,5717.0,42.3874
2024-05-10,RFX20062024,213590.0,215070.0,208900.0,209990.0,209700.0,6131.0,5904.0,43.2525
2024-05-10,RFX20082024,220100.0,220100.0,220100.0,220100.0,220100.0,2.0,3.0,36.024
2024-05-13,RFX20062024,212490.0,212490.0,204290.0,206100.0,206100.0,4498.0,6226.0,48.7503
2024-05-14,RFX20062024,206100.0,211480.0,203600.0,210500.0,210500.0,4973.0,6387.0,46.1863
2024-05-15,RFX20062024,212550.0,217890.0,212550.0,217890.0,217420.0,6572.0,5361.0,34.2956
2024-05-16,RFX20062024,218000.0,219000.0,214610.0,217350.0,217740.0,4993.0,5784.0,35.1372
2024-05-17,RFX20062024,217800.0,219430.0,215650.0,216490.0,216490.0,6384.0,5910.0,37.0456
2024-05-20,RFX20062024,217270.0,222450.0,214500.0,222450.0,222320.0,5612.0,5417.0,24.3152
2024-05-21,RFX20062024,223290.0,225900.0,221310.0,225400.0,225260.0,6586.0,4647.0,8.224
2024-05-22,RFX20062024,225000.0,227000.0,220000.0,223110.0,223130.0,5923.0,4323.0,-0.9615
2024-05-23,RFX20062024,225000.0,226790.0,215300.0,216000.0,216100.0,5154.0,4320.0,12.7881
2024-05-23,RFX20082024,226500.0,226500.0,225900.0,225900.0,226500.0,400.0,3.0,22.6174
2024-05-24,RFX20062024,217800.0,219400.0,214760.0,217610.0,218220.0,5336.0,4738.0,21.7938
2024-05-24,RFX20082024,228080.0,228080.0,227610.0,227610.0,228220.0,300.0,3.0,25.2078
2024-05-27,RFX20062024,218700.0,223200.0,218700.0,222450.0,222450.0,4408.0,4906.0,4.4774
2024-05-27,RFX20082024,232290.0,232290.0,232290.0,232290.0,232450.0,200.0,3.0,18.8477
2024-05-28,RFX20062024,222600.0,226980.0,218670.0,226490.0,226140.0,6428.0,5048.0,23.4565
2024-05-28,RFX20082024,235700.0,235700.0,235700.0,235700.0,235940.0,200.0,3.0,24.8982
2024-05-29,RFX20062024,222000.0,228890.0,222000.0,228050.0,228020.0,6502.0,6050.0,37.6704
2024-05-30,RFX20062024,229270.0,237400.0,229270.0,237090.0,237130.0,9584.0,6088.0,25.9862
2024-05-30,RFX20082024,239000.0,239000.0,239000.0,239000.0,245130.0,4.0,7.0,21.8524
2024-05-31,RFX20062024,238000.0,239700.0,232410.0,235720.0,235900.0,6278.0,6351.0,16.3889
2024-05-31,RFX20082024,250030.0,250030.0,250030.0,250030.0,248180.0,5.0,8.0,26.1848
2024-06-03,RFX20062024,235790.0,238990.0,232510.0,236500.0,236560.0,8745.0,6473.0,17.3199
2024-06-04,RFX20062024,238990.0,238990.0,225770.0,228000.0,227950.0,5006.0,6627.0,37.0523
2024-06-05,RFX20062024,226280.0,231970.0,221000.0,227330.0,227130.0,6804.0,7180.0,40.8939
2024-06-06,RFX20062024,226500.0,227990.0,218470.0,219500.0,219630.0,8471.0,7602.0,55.7283
2024-06-07,RFX20062024,220990.0,224500.0,216250.0,220700.0,220780.0,6169.0,8049.0,53.784
2024-06-07,RFX20082024,231700.0,231700.0,230000.0,230000.0,230000.0,6.0,13.0,32.1537
2024-06-10,RFX20062024,218820.0,228000.0,216600.0,227900.0,227900.0,7325.0,9115.0,46.736
2024-06-11,RFX20062024,229000.0,230000.0,222650.0,223900.0,223920.0,6392.0,9637.0,56.9485
2024-06-12,RFX20062024,225700.0,229490.0,223900.0,228900.0,228960.0,6999.0,10847.0,77.4366
2024-06-13,RFX20062024,239700.0,239990.0,225000.0,230500.0,230720.0,11582.0,12629.0,42.9204
2024-06-14,RFX20062024,228000.0,231840.0,225000.0,228500.0,228430.0,4295.0,12498.0,60.7396
2024-06-18,RFX20062024,227890.0,228670.0,222840.0,224150.0,224350.0,4672.0,12608.0,73.4571
2024-06-18,RFX20082024,232000.0,232010.0,232000.0,232010.0,233570.0,100.0,13.0,31.0244
2024-06-19,RFX20062024,224000.0,225470.0,224000.0,225150.0,225150.0,7709.0,12094.0,38.3581
2024-06-19,RFX20082024,238000.0,238000.0,237960.0,237960.0,238000.0,151.0,13.0,34.0013
2024-06-24,RFX20062024,219990.0,222500.0,215010.0,222480.0,222480.0,4166.0,11848.0,61.0853
2024-06-24,RFX20082024,226320.0,239990.0,226320.0,233590.0,233680.0,855.0,15.0,31.2554
2024-06-25,RFX20062024,224990.0,225990.0,220520.0,225290.0,225160.0,2421.0,11757.0,148.4381
2024-06-25,RFX20082024,230000.0,234000.0,230000.0,233120.0,234290.0,658.0,18.0,29.4456
2024-06-26,RFX20062024,227000.0,227000.0,220550.0,224230.0,224970.0,2895.0,11796.0,212.6931
2024-06-26,RFX20082024,237000.0,237000.0,232800.0,234180.0,235000.0,455.0,19.0,31.8717
2024-06-27,RFX20062024,224010.0,231530.0,222600.0,231380.0,231330.0,3550.0,11339.0,102.8529
2024-06-27,RFX20082024,236400.0,251490.0,236400.0,251400.0,251400.0,564.0,115.0,51.2263
2024-06-28,RFX20062024,235000.0,235000.0,226500.0,227020.0,227041.0,4404.0,0.0,
2024-06-28,RFX20082024,246990.0,248990.0,243000.0,246580.0,246470.0,816.0,322.0,50.5897
2024-07-01,RFX20082024,241000.0,244900.0,238640.0,242700.0,242920.0,3765.0,1824.0,52.3628
2024-07-02,RFX20082024,238500.0,248070.0,238500.0,246670.0,247110.0,4977.0,2405.0,47.6297
2024-07-03,RFX20082024,243900.0,249900.0,241800.0,243610.0,243610.0,6239.0,3712.0,51.4078
2024-07-04,RFX20082024,243910.0,244800.0,243080.0,243540.0,243540.0,1233.0,4115.0,48.5288
2024-07-05,RFX20082024,241100.0,247150.0,241100.0,244000.0,244000.0,5382.0,4040.0,45.1572
2024-07-05,RFX20102024,245800.0,245800.0,245800.0,245800.0,245800.0,5.0,5.0,23.8705
2024-07-08,RFX20082024,244280.0,246870.0,243400.0,246870.0,246590.0,2887.0,4360.0,48.6457
2024-07-10,RFX20082024,248990.0,251500.0,247150.0,251500.0,251500.0,3849.0,4762.0,44.1958
2024-07-11,RFX20082024,250900.0,255000.0,250900.0,253710.0,253950.0,2538.0,5220.0,43.8057
2024-07-12,RFX20082024,254000.0,255150.0,251600.0,253990.0,253910.0,2436.0,5283.0,39.7713
2024-07-15,RFX20082024,253000.0,253000.0,225510.0,227200.0,227200.0,5705.0,5437.0,58.7698
2024-07-16,RFX20082024,225000.0,228220.0,211900.0,227080.0,227150.0,4951.0,5890.0,51.4226
2024-07-17,RFX20082024,230900.0,230900.0,217670.0,223640.0,223610.0,3252.0,5970.0,45.8258
2024-07-18,RFX20082024,225000.0,227000.0,219610.0,224700.0,224600.0,3000.0,6078.0,47.6266
2024-07-19,RFX20082024,225250.0,229200.0,225250.0,228400.0,228250.0,2531.0,5978.0,36.7482
2024-07-22,RFX20082024,229500.0,233000.0,227500.0,232900.0,232810.0,1776.0,6147.0,46.459
2024-07-23,RFX20082024,235040.0,239000.0,232400.0,238600.0,238560.0,3151.0,6068.0,42.7764
2024-07-24,RFX20082024,238030.0,239990.0,232500.0,233700.0,233470.0,3464.0,6281.0,56.2378
2024-07-24,RFX20102024,255000.0,265000.0,255000.0,265000.0,265000.0,6.0,2.0,73.6476
2024-07-25,RFX20082024,233470.0,234000.0,228000.0,228990.0,228810.0,6157.0,6608.0,64.9555
2024-07-26,RFX20082024,228860.0,232500.0,226100.0,226700.0,226660.0,6923.0,6869.0,53.8975
2024-07-29,RFX20082024,227500.0,227500.0,217000.0,218240.0,218190.0,10055.0,9023.0,62.7994
2024-07-29,RFX20102024,246110.0,246110.0,242950.0,242980.0,246150.0,400.0,2.0,73.8766
2024-07-30,RFX20082024,218000.0,220650.0,207000.0,207510.0,207720.0,10937.0,8501.0,62.7707
2024-07-30,RFX20102024,232250.0,232250.0,230520.0,230800.0,230720.0,1600.0,2.0,66.6973
2024-07-31,RFX20082024,210000.0,219500.0,210000.0,219000.0,219020.0,9103.0,8272.0,45.3228
2024-08-01,RFX20082024,221190.0,222000.0,213000.0,219390.0,219380.0,6382.0,8141.0,56.758
2024-08-02,RFX20082024,217990.0,217990.0,209000.0,212290.0,210250.0,6718.0,9081.0,63.2859
2024-08-05,RFX20082024,203500.0,208790.0,192000.0,205100.0,205160.0,9095.0,9639.0,40.6441
2024-08-05,RFX20102024,228500.0,235000.0,228500.0,234990.0,230210.0,5.0,5.0,64.3312
2024-08-06,RFX20082024,208490.0,212580.0,205000.0,210390.0,210250.0,5167.0,9499.0,37.1047
2024-08-07,RFX20082024,213990.0,215650.0,208030.0,210150.0,210290.0,7457.0,9752.0,39.9725
2024-08-07,RFX20102024,237000.0,237000.0,233000.0,233000.0,233000.0,302.0,5.0,58.3579
2024-08-08,RFX20082024,214720.0,222470.0,214720.0,221900.0,221820.0,7793.0,8771.0,42.0953
2024-08-08,RFX20102024,237000.0,241370.0,237000.0,240310.0,244530.0,302.0,5.0,56.6404
2024-08-09,RFX20082024,222000.0,229420.0,221700.0,228100.0,228140.0,4192.0,8531.0,30.1849
2024-08-09,RFX20102024,246620.0,247000.0,246620.0,247000.0,250850.0,300.0,5.0,52.1728
2024-08-12,RFX20082024,229000.0,231500.0,227000.0,229500.0,229500.0,4509.0,8482.0,37.5455
2024-08-12,RFX20102024,246000.0,246100.0,245500.0,246100.0,246500.0,301.0,5.0,42.8698
2024-08-13,RFX20082024,227400.0,231500.0,227000.0,229200.0,229100.0,7286.0,8552.0,36.799
2024-08-13,RFX20102024,244200.0,244200.0,243500.0,243900.0,246100.0,300.0,5.0,42.7902
2024-08-14,RFX20082024,230200.0,234500.0,227900.0,231000.0,230600.0,7438.0,7799.0,33.2893
2024-08-14,RFX20102024,265800.0,265800.0,241400.0,246000.0,246000.0,306.0,7.0,38.5353
2024-08-15,RFX20082024,235000.0,236900.0,232000.0,235800.0,235300.0,10756.0,7352.0,29.8533
2024-08-15,RFX20102024,250000.0,252300.0,246800.0,247900.0,249000.0,304.0,11.0,33.7537
2024-08-16,RFX20082024,238100.0,239200.0,234500.0,237400.0,237200.0,7821.0,6595.0,43.5137
2024-08-16,RFX20102024,252200.0,252200.0,252000.0,252000.0,250200.0,200.0,11.0,34.7763
2024-08-19,RFX20082024,237500.0,241900.0,235400.0,239000.0,239000.0,7856.0,6706.0,62.4133
2024-08-19,RFX20102024,254800.0,257000.0,249800.0,257000.0,257000.0,313.0,20.0,47.77
2024-08-20,RFX20082024,240000.0,242000.0,235500.0,237600.0,237600.0,13302.0,7898.0,37.5378
2024-08-20,RFX20102024,253500.0,253700.0,252300.0,252300.0,253100.0,305.0,25.0,38.6246
2024-08-21,RFX20082024,237600.0,238400.0,233000.0,233500.0,233700.0,7805.0,7121.0,71.8271
2024-08-21,RFX20102024,251000.0,251500.0,247500.0,247500.0,251500.0,304.0,26.0,48.9541
2024-08-22,RFX20082024,233500.0,233700.0,227500.0,227900.0,227700.0,9462.0,7178.0,89.5719
2024-08-22,RFX20102024,246600.0,249000.0,242600.0,245000.0,245000.0,928.0,45.0,50.6312
2024-08-23,RFX20082024,227800.0,233800.0,227800.0,232300.0,232300.0,8810.0,7162.0,97.322
2024-08-23,RFX20102024,247700.0,249000.0,244500.0,249000.0,249000.0,404.0,107.0,48.6117
2024-08-26,RFX20082024,233100.0,234500.0,227800.0,229700.0,229700.0,8377.0,7535.0,142.6426
2024-08-26,RFX20102024,250000.0,250100.0,242900.0,247800.0,247800.0,365.0,162.0,52.9041
2024-08-27,RFX20082024,227500.0,232400.0,227100.0,231000.0,231000.0,7776.0,7378.0,54.862
2024-08-27,RFX20102024,250000.0,250000.0,244500.0,248500.0,248500.0,682.0,220.0,45.2647
2024-08-28,RFX20082024,230800.0,233400.0,228700.0,231900.0,231900.0,6295.0,7077.0,116.0315
2024-08-28,RFX20102024,247900.0,252000.0,246500.0,251000.0,251000.0,1150.0,317.0,50.8973
2024-08-29,RFX20082024,231900.0,239500.0,231900.0,237400.0,237400.0,13496.0,7331.0,24.6164
2024-08-29,RFX20102024,254900.0,257800.0,245200.0,255700.0,255700.0,2045.0,477.0,45.0813
2024-08-30,RFX20082024,240500.0,249000.0,240500.0,247000.0,246965.0,8624.0,0.0,
2024-08-30,RFX20102024,265800.0,268200.0,261800.0,265300.0,265300.0,1030.0,836.0,45.4048
2024-09-02,RFX20102024,270300.0,270300.0,266800.0,269300.0,269300.0,2366.0,1225.0,42.5007
2024-09-03,RFX20102024,269800.0,272000.0,262600.0,266000.0,266000.0,7506.0,2004.0,42.7139
2024-09-04,RFX20102024,269900.0,272300.0,265000.0,270100.0,270200.0,7034.0,2235.0,30.1107
2024-09-05,RFX20102024,271100.0,274500.0,267500.0,268600.0,268500.0,8025.0,2862.0,38.2184
2024-09-06,RFX20102024,268000.0,270000.0,259700.0,262500.0,262600.0,5142.0,2911.0,42.1291
2024-09-09,RFX20102024,263700.0,268700.0,262500.0,264100.0,263800.0,4786.0,2851.0,41.6201
2024-09-10,RFX20102024,264000.0,264000.0,256100.0,260900.0,260700.0,8287.0,3768.0,45.0882
2024-09-11,RFX20102024,262200.0,268900.0,259600.0,266700.0,266700.0,5344.0,4167.0,41.8376
2024-09-12,RFX20102024,266700.0,271200.0,266700.0,268500.0,268600.0,5145.0,4538.0,36.5502
2024-09-13,RFX20102024,269000.0,274000.0,268000.0,274000.0,273800.0,5047.0,4106.0,38.928
2024-09-16,RFX20102024,278500.0,278500.0,270900.0,271500.0,271500.0,6843.0,4304.0,37.7127
2024-09-17,RFX20102024,273000.0,273100.0,267500.0,270500.0,270500.0,9009.0,4985.0,34.4414
2024-09-18,RFX20102024,272400.0,273000.0,267600.0,271200.0,271000.0,10036.0,5160.0,35.552
2024-09-19,RFX20102024,274000.0,276400.0,271800.0,273600.0,273600.0,7061.0,5124.0,30.5167
2024-09-20,RFX20102024,277100.0,277100.0,267900.0,271400.0,271400.0,5714.0,5690.0,36.2614
2024-09-23,RFX20102024,271000.0,271900.0,266200.0,268100.0,268000.0,5252.0,6045.0,45.2303
2024-09-24,RFX20102024,268400.0,270600.0,265100.0,265300.0,265400.0,8321.0,6524.0,47.3392
2024-09-25,RFX20102024,263100.0,266400.0,259700.0,260400.0,260500.0,8077.0,6926.0,48.1707
2024-09-26,RFX20102024,265000.0,265000.0,255800.0,256400.0,256400.0,13136.0,7620.0,49.9238
2024-09-27,RFX20102024,261800.0,261800.0,255300.0,257500.0,257400.0,8880.0,7984.0,49.6576
2024-09-30,RFX20102024,259400.0,259400.0,250500.0,254000.0,254000.0,7698.0,8605.0,59.3992
2024-10-01,RFX20102024,254000.0,256600.0,250600.0,255300.0,255300.0,11766.0,11311.0,45.1601
2024-10-02,RFX20102024,256000.0,258000.0,252700.0,253000.0,252700.0,7849.0,11320.0,45.8503
2024-10-02,RFX20122024,276000.0,276000.0,276000.0,276000.0,276000.0,2.0,2.0,54.1316
2024-10-03,RFX20102024,257000.0,257300.0,252500.0,257200.0,257200.0,6769.0,11124.0,37.465
2024-10-03,RFX20122024,273000.0,280000.0,273000.0,280000.0,280000.0,4.0,4.0,49.7458
2024-10-04,RFX20102024,259300.0,259400.0,255900.0,256800.0,257200.0,5979.0,11073.0,38.3804
2024-10-07,RFX20102024,258900.0,258900.0,251100.0,252800.0,252000.0,5606.0,11353.0,50.213
2024-10-08,RFX20102024,252900.0,255700.0,250500.0,254700.0,254600.0,5601.0,12094.0,50.9031
2024-10-09,RFX20102024,256400.0,260400.0,252200.0,259900.0,259900.0,6896.0,11563.0,40.4719
2024-10-10,RFX20102024,261000.0,263500.0,258700.0,261000.0,261000.0,4724.0,11303.0,35.9164
2024-10-14,RFX20102024,265000.0,267000.0,262000.0,263900.0,264000.0,5869.0,11346.0,33.969
2024-10-15,RFX20102024,264000.0,266500.0,262500.0,266300.0,266400.0,5488.0,10706.0,42.6934
2024-10-15,RFX20122024,285000.0,285000.0,285000.0,285000.0,289200.0,300.0,4.0,50.8609
2024-10-16,RFX20102024,265000.0,269000.0,258000.0,259600.0,259600.0,8755.0,10584.0,40.6402
2024-10-16,RFX20122024,281000.0,281000.0,280000.0,280000.0,280000.0,301.0,5.0,47.0102
2024-10-17,RFX20102024,261400.0,264400.0,258000.0,262400.0,262400.0,5965.0,10340.0,32.9528
2024-10-17,RFX20122024,278900.0,281500.0,278900.0,281000.0,282800.0,501.0,5.0,45.0656
2024-10-18,RFX20102024,260900.0,265800.0,260400.0,265800.0,265800.0,6029.0,10081.0,31.3873
2024-10-18,RFX20122024,282000.0,282600.0,282000.0,282600.0,286200.0,401.0,5.0,44.3932
2024-10-21,RFX20102024,264700.0,267900.0,263900.0,265200.0,265200.0,4230.0,10292.0,33.0554
2024-10-21,RFX20122024,285100.0,290000.0,282200.0,290000.0,285000.0,1207.0,10.0,44.005
2024-10-22,RFX20102024,266800.0,267300.0,263500.0,264500.0,264500.0,4600.0,10322.0,46.4301
2024-10-22,RFX20122024,282400.0,282400.0,282100.0,282100.0,282700.0,800.0,10.0,42.8718
2024-10-23,RFX20102024,264000.0,264300.0,257700.0,258100.0,258000.0,7465.0,11436.0,25.654
2024-10-23,RFX20122024,275000.0,275000.0,274500.0,275000.0,275000.0,465.0,167.0,38.5852
2024-10-24,RFX20102024,259000.0,268000.0,259000.0,267900.0,267900.0,10804.0,10740.0,2.1678
2024-10-24,RFX20122024,282300.0,283900.0,282000.0,283900.0,283900.0,352.0,504.0,32.7761
2024-10-25,RFX20102024,271900.0,273900.0,268800.0,271600.0,271600.0,4169.0,10376.0,20.0952
2024-10-25,RFX20122024,288000.0,290000.0,288000.0,290000.0,290000.0,31.0,504.0,39.4166
2024-10-28,RFX20102024,272400.0,274100.0,265300.0,266700.0,266800.0,4745.0,10250.0,-38.9745
2024-10-28,RFX20122024,293000.0,293000.0,288100.0,288300.0,288300.0,108.0,561.0,44.6825
2024-10-29,RFX20102024,267000.0,270900.0,262100.0,263100.0,263000.0,4190.0,10663.0,-228.2804
2024-10-29,RFX20122024,293400.0,293400.0,284000.0,284400.0,284800.0,507.0,992.0,40.8237
2024-10-30,RFX20102024,266000.0,267100.0,261200.0,263700.0,263700.0,5586.0,10678.0,-147.0125
2024-10-30,RFX20122024,284800.0,288900.0,277800.0,278000.0,278000.0,241.0,1065.0,29.9073
2024-10-31,RFX20102024,262000.0,267400.0,260600.0,266800.0,266722.0,4406.0,0.0,
2024-10-31,RFX20122024,276500.0,278000.0,275000.0,277600.0,277300.0,3092.0,2597.0,25.3575
2024-11-01,RFX20122024,282400.0,288300.0,277000.0,277000.0,277400.0,8032.0,4832.0,14.92
2024-11-04,RFX20122024,280000.0,283900.0,279500.0,283500.0,283300.0,5310.0,5139.0,14.5751
2024-11-05,RFX20122024,283400.0,287600.0,283300.0,285200.0,285200.0,6005.0,5317.0,16.1054
2024-11-06,RFX20122024,288200.0,295400.0,288200.0,293000.0,292900.0,7967.0,6033.0,17.9674
2024-11-07,RFX20122024,294100.0,298000.0,292500.0,297000.0,297000.0,7234.0,6508.0,14.7449
2024-11-08,RFX20122024,299200.0,301000.0,289000.0,291600.0,291700.0,5332.0,6651.0,20.3383
2024-11-11,RFX20122024,290000.0,296700.0,285500.0,296600.0,296600.0,7089.0,6606.0,24.8664
2024-11-12,RFX20122024,298800.0,301500.0,292500.0,299700.0,299700.0,6606.0,6768.0,22.7894
2024-11-13,RFX20122024,300000.0,302800.0,299700.0,301900.0,301800.0,7320.0,8236.0,17.0689
2024-11-14,RFX20122024,302400.0,307500.0,300500.0,306700.0,306500.0,8458.0,8818.0,13.535
2024-11-15,RFX20122024,307000.0,312500.0,302100.0,305000.0,305000.0,10331.0,9487.0,19.4258
2024-11-19,RFX20122024,313100.0,318700.0,309300.0,313100.0,313000.0,8820.0,9898.0,18.0088
2024-11-20,RFX20122024,314300.0,316500.0,308800.0,316500.0,316300.0,8007.0,10926.0,17.9305
2024-11-21,RFX20122024,317000.0,320200.0,311300.0,313800.0,313800.0,9162.0,10581.0,13.301
2024-11-22,RFX20122024,313000.0,324000.0,311000.0,322000.0,322000.0,8282.0,11789.0,8.4769
2024-11-25,RFX20122024,321700.0,328100.0,318700.0,325200.0,325000.0,10539.0,12315.0,18.7445
2024-11-26,RFX20122024,323900.0,329700.0,321400.0,328300.0,328300.0,7162.0,12653.0,13.3636
2024-11-27,RFX20022025,340000.0,341000.0,340000.0,341000.0,341000.0,283.0,2.0,29.0229
2024-11-27,RFX20122024,326300.0,328500.0,322100.0,323400.0,323200.0,8124.0,12942.0,19.7866
2024-11-28,RFX20122024,324000.0,325100.0,322600.0,325100.0,325100.0,2945.0,13120.0,13.0512
2024-11-29,RFX20022025,340000.0,340000.0,340000.0,340000.0,340000.0,1200.0,2.0,18.2647
2024-11-29,RFX20122024,325000.0,329800.0,322900.0,329000.0,328800.0,5844.0,13429.0,13.0641
2024-12-02,RFX20122024,329900.0,335400.0,329500.0,334800.0,334800.0,5685.0,13343.0,15.0979
2024-12-03,RFX20022025,340000.0,346000.0,340000.0,346000.0,346000.0,2.0,2.0,18.2087
2024-12-03,RFX20122024,336100.0,338500.0,331600.0,336300.0,335900.0,5010.0,13408.0,17.4981
2024-12-04,RFX20122024,337700.0,337700.0,325100.0,325700.0,325800.0,6271.0,13223.0,32.2999
2024-12-05,RFX20122024,327300.0,329000.0,323200.0,324900.0,324700.0,6762.0,13542.0,28.7544
2024-12-06,RFX20122024,327600.0,327600.0,317300.0,323100.0,323000.0,6884.0,12777.0,25.4025
2024-12-09,RFX20122024,323000.0,330000.0,323000.0,327200.0,327000.0,4123.0,13089.0,29.4027
2024-12-10,RFX20122024,326800.0,328900.0,320900.0,323700.0,323700.0,5970.0,12579.0,31.3032
2024-12-11,RFX20022025,340000.0,340000.0,340000.0,340000.0,343800.0,300.0,2.0,15.9569
2024-12-11,RFX20122024,325100.0,334400.0,321200.0,333900.0,333700.0,8960.0,12190.0,7.9622
2024-12-12,RFX20122024,335000.0,338900.0,334400.0,336300.0,336400.0,8678.0,12392.0,8.1385
2024-12-13,RFX20122024,334300.0,346000.0,334300.0,345900.0,345700.0,6588.0,12789.0,4.5322
2024-12-16,RFX20022025,367000.0,388500.0,367000.0,388500.0,389800.0,702.0,2.0,25.9492
2024-12-16,RFX20122024,348000.0,370700.0,348000.0,370700.0,370700.0,10145.0,13507.0,2.6906
2024-12-17,RFX20022025,400000.0,400000.0,392400.0,400000.0,400000.0,622.0,124.0,28.9104
2024-12-17,RFX20122024,373500.0,382000.0,371100.0,381400.0,381300.0,8257.0,12514.0,23.4939
2024-12-18,RFX20022025,400000.0,400000.0,398700.0,398700.0,388100.0,1081.0,1181.0,28.6229
2024-12-18,RFX20122024,383100.0,391500.0,372100.0,372100.0,372100.0,11273.0,11369.0,39.2599
2024-12-19,RFX20022025,395000.0,395000.0,373000.0,373200.0,373000.0,323.0,1275.0,30.5204
2024-12-19,RFX20122024,373500.0,373500.0,356500.0,357100.0,357000.0,10220.0,10374.0,46.2104
2024-12-20,RFX20022025,367000.0,379800.0,365000.0,374200.0,373000.0,912.0,1855.0,19.3393
2024-12-20,RFX20122024,354000.0,361000.0,345000.0,360100.0,360500.0,9543.0,10415.0,8.5196
2024-12-23,RFX20022025,380000.0,383400.0,375100.0,375100.0,376000.0,1225.0,1858.0,18.0195
2024-12-23,RFX20122024,362400.0,366900.0,356000.0,363000.0,363900.0,8113.0,10351.0,-0.8781
2024-12-26,RFX20022025,388500.0,394800.0,388500.0,394000.0,393700.0,2906.0,3703.0,24.4891
2024-12-26,RFX20122024,366100.0,376600.0,366100.0,375800.0,375700.0,11682.0,9665.0,-43.2845
2024-12-27,RFX20022025,394000.0,394000.0,384500.0,386700.0,386800.0,585.0,4238.0,19.2197
2024-12-27,RFX20122024,377400.0,378100.0,368300.0,372900.0,372700.0,4295.0,9554.0,-54.6108
2024-12-30,RFX20022025,382000.0,385000.0,381000.0,381200.0,381200.0,3523.0,6633.0,20.8585
2024-12-30,RFX20122024,372000.0,372000.0,366000.0,369200.0,369654.0,7207.0,0.0,
2025-01-02,RFX20022025,384000.0,394500.0,384000.0,393600.0,393800.0,7333.0,10201.0,1.7726
2025-01-03,RFX20022025,397700.0,404900.0,391000.0,404900.0,404600.0,7751.0,11297.0,12.6935
2025-01-03,RFX20042025,435000.0,435000.0,435000.0,435000.0,435000.0,2.0,2.0,29.9718
2025-01-06,RFX20022025,408000.0,415900.0,408000.0,415500.0,415500.0,7013.0,11948.0,13.6932
2025-01-06,RFX20042025,435000.0,440000.0,435000.0,440000.0,440000.0,43.0,42.0,25.6207
2025-01-07,RFX20022025,416100.0,422000.0,410000.0,418400.0,418200.0,6093.0,13256.0,11.6939
2025-01-08,RFX20022025,418600.0,419000.0,408000.0,417600.0,417700.0,6970.0,13807.0,22.6334
2025-01-09,RFX20022025,417200.0,420700.0,417000.0,418500.0,418400.0,2453.0,14020.0,11.508
2025-01-09,RFX20042025,446000.0,446000.0,438000.0,438000.0,438000.0,6.0,47.0,20.8307
2025-01-10,RFX20022025,418200.0,421000.0,413000.0,420900.0,420900.0,4887.0,13927.0,23.7517
2025-01-13,RFX20022025,421000.0,421000.0,405700.0,406500.0,406500.0,9435.0,11387.0,41.7563
2025-01-13,RFX20042025,426100.0,426100.0,426100.0,426100.0,426100.0,10.0,47.0,35.2645
2025-01-14,RFX20022025,408000.0,415100.0,407700.0,412400.0,412400.0,6550.0,12710.0,29.9172
2025-01-14,RFX20042025,438300.0,438300.0,438000.0,438000.0,438000.0,11.0,48.0,34.8642
2025-01-15,RFX20022025,415100.0,418100.0,408000.0,409600.0,410000.0,7920.0,12872.0,33.2597
2025-01-15,RFX20042025,429300.0,429300.0,429300.0,429300.0,429300.0,20.0,28.0,30.957
2025-01-16,RFX20022025,417000.0,417000.0,400700.0,402000.0,402000.0,10328.0,13732.0,40.7962
2025-01-16,RFX20042025,425000.0,425000.0,425000.0,425000.0,425000.0,10.0,28.0,37.9126
2025-01-17,RFX20022025,404900.0,404900.0,386400.0,386600.0,386600.0,13212.0,13980.0,48.9767
2025-01-17,RFX20042025,421000.0,421000.0,420000.0,420000.0,420000.0,12.0,30.0,52.3119
2025-01-20,RFX20022025,388300.0,392600.0,387000.0,388000.0,387800.0,2579.0,14680.0,46.3645
2025-01-20,RFX20042025,420500.0,420500.0,420500.0,420500.0,421200.0,1.0,31.0,51.0758
2025-01-21,RFX20022025,388800.0,395000.0,382500.0,394800.0,394900.0,7798.0,15957.0,33.3758
2025-01-22,RFX20022025,392200.0,400400.0,392200.0,399800.0,399500.0,6143.0,16470.0,23.0985
2025-01-23,RFX20022025,396200.0,397100.0,392300.0,393100.0,393300.0,4342.0,16695.0,31.3383
2025-01-23,RFX20042025,433200.0,433200.0,428700.0,428800.0,425500.0,212.0,235.0,43.3902
2025-01-24,RFX20022025,393600.0,394000.0,376400.0,384300.0,385100.0,8169.0,14676.0,35.4494
2025-01-24,RFX20042025,423000.0,423000.0,405000.0,416000.0,415700.0,252.0,49.0,44.1625
2025-01-27,RFX20022025,377700.0,377700.0,367900.0,370400.0,370100.0,17974.0,15713.0,53.8282
2025-01-27,RFX20042025,397100.0,400000.0,388000.0,388200.0,388000.0,124.0,91.0,38.3994
2025-01-28,RFX20022025,365200.0,375000.0,359100.0,368000.0,368000.0,10109.0,15686.0,49.1011
2025-01-28,RFX20042025,387000.0,388800.0,383000.0,388800.0,388800.0,134.0,90.0,39.9045
2025-01-29,RFX20022025,370000.0,376800.0,362100.0,376800.0,376200.0,14543.0,14899.0,21.8665
2025-01-29,RFX20042025,394000.0,394000.0,394000.0,394000.0,395000.0,10.0,90.0,27.6133
2025-01-30,RFX20022025,379800.0,386400.0,379100.0,384400.0,383400.0,10068.0,14870.0,20.5591
2025-01-30,RFX20042025,413900.0,413900.0,413900.0,413900.0,402200.0,2.0,90.0,26.8358
2025-01-31,RFX20022025,385600.0,385800.0,379500.0,381200.0,381700.0,7879.0,14784.0,33.2294
2025-02-03,RFX20022025,373000.0,374800.0,367200.0,370600.0,370900.0,6285.0,14769.0,42.2392
2025-02-04,RFX20022025,372500.0,380300.0,369500.0,374000.0,374300.0,4375.0,15439.0,32.0941
2025-02-05,RFX20022025,374000.0,375000.0,368200.0,368800.0,368900.0,2814.0,15482.0,39.4713
2025-02-06,RFX20022025,368900.0,375000.0,367400.0,371800.0,372300.0,5823.0,15892.0,38.911
2025-02-06,RFX20042025,402000.0,402000.0,400000.0,400000.0,400000.0,3.0,91.0,43.8002
2025-02-07,RFX20022025,373100.0,375400.0,357100.0,359000.0,358900.0,10903.0,16787.0,38.9684
2025-02-07,RFX20042025,396000.0,396000.0,382000.0,383300.0,383300.0,29.0,119.0,40.92
2025-02-10,RFX20022025,360100.0,364500.0,351600.0,354300.0,354300.0,6059.0,16212.0,40.8489
2025-02-10,RFX20042025,386300.0,386300.0,370100.0,376000.0,376000.0,23.0,131.0,38.1753
2025-02-11,RFX20022025,356700.0,356700.0,336100.0,339000.0,339600.0,9420.0,18149.0,60.6905
2025-02-11,RFX20042025,364000.0,364000.0,357900.0,361300.0,361300.0,120.0,205.0,43.9739
2025-02-12,RFX20022025,336100.0,345000.0,328100.0,339500.0,339400.0,8609.0,18036.0,50.6297
2025-02-12,RFX20042025,361300.0,367100.0,350000.0,357100.0,357700.0,59.0,263.0,36.6466
2025-02-13,RFX20022025,336000.0,351600.0,336000.0,351500.0,351500.0,9803.0,16227.0,68.0731
2025-02-13,RFX20042025,362000.0,371600.0,362000.0,371600.0,371600.0,69.0,285.0,41.6669
2025-02-14,RFX20022025,356000.0,356400.0,345000.0,354100.0,354200.0,13125.0,15298.0,57.8284
2025-02-14,RFX20042025,366500.0,378000.0,366000.0,374000.0,374000.0,29.0,276.0,38.603
2025-02-17,RFX20022025,344000.0,345900.0,333800.0,336400.0,336400.0,10381.0,17492.0,95.6994
2025-02-17,RFX20042025,361000.0,364000.0,353900.0,356000.0,356000.0,214.0,411.0,45.0092
2025-02-18,RFX20022025,335500.0,352100.0,334000.0,351500.0,351600.0,17806.0,15318.0,40.0908
2025-02-18,RFX20042025,357000.0,371000.0,357000.0,370800.0,371000.0,159.0,393.0,34.3234
2025-02-19,RFX20022025,355800.0,359500.0,346500.0,352200.0,352300.0,9812.0,16125.0,39.383
2025-02-19,RFX20042025,375000.0,376000.0,373000.0,376000.0,375000.0,26.0,395.0,38.9874
2025-02-20,RFX20022025,354600.0,355900.0,348600.0,355100.0,355300.0,7009.0,16256.0,61.2316
2025-02-20,RFX20042025,375000.0,377500.0,371000.0,377500.0,377500.0,51.0,440.0,40.5952
2025-02-21,RFX20022025,359900.0,361800.0,349500.0,350900.0,350600.0,4909.0,16363.0,106.5003
2025-02-21,RFX20042025,383500.0,383500.0,372500.0,374900.0,372500.0,453.0,848.0,45.1767
2025-02-24,RFX20022025,352500.0,356500.0,340000.0,344200.0,344000.0,11381.0,17531.0,94.3802
2025-02-24,RFX20042025,377000.0,377000.0,362000.0,362200.0,362200.0,1786.0,1121.0,35.8246
2025-02-25,RFX20022025,345100.0,348100.0,332400.0,337600.0,337000.0,12998.0,18791.0,219.9664
2025-02-25,RFX20042025,363000.0,363000.0,353000.0,356200.0,355500.0,710.0,1410.0,42.1849
2025-02-26,RFX20022025,335100.0,341800.0,334000.0,334600.0,334600.0,5568.0,18656.0,216.2606
2025-02-26,RFX20042025,360000.0,362000.0,352000.0,355800.0,355800.0,707.0,1685.0,44.0085
2025-02-27,RFX20022025,334100.0,337800.0,321600.0,322600.0,322900.0,8745.0,17794.0,431.4124
2025-02-27,RFX20042025,362200.0,362200.0,344000.0,345100.0,345100.0,1023.0,1874.0,47.9116
2025-02-28,RFX20022025,322000.0,328500.0,315200.0,321100.0,321164.0,12048.0,0.0,
2025-02-28,RFX20042025,343000.0,356000.0,337000.0,348900.0,348800.0,2070.0,2402.0,51.8525
2025-03-05,RFX20042025,342000.0,361500.0,342000.0,361200.0,361300.0,4849.0,4101.0,56.6544
2025-03-06,RFX20042025,361100.0,364000.0,353100.0,356500.0,356500.0,5331.0,5155.0,54.9048
2025-03-07,RFX20042025,358500.0,360400.0,349000.0,354700.0,354700.0,5307.0,6465.0,55.1424
2025-03-10,RFX20042025,353500.0,353500.0,328800.0,335000.0,335000.0,10618.0,8568.0,58.8156
2025-03-11,RFX20042025,339000.0,340800.0,328000.0,336200.0,336200.0,9321.0,10015.0,54.3763
2025-03-12,RFX20042025,342800.0,350000.0,336200.0,348100.0,348100.0,5984.0,9456.0,39.7244
2025-03-13,RFX20042025,346600.0,353500.0,341100.0,345500.0,344200.0,6619.0,9849.0,45.2631
2025-03-14,RFX20042025,347900.0,358300.0,347100.0,357500.0,358300.0,4963.0,9278.0,40.7382
2025-03-17,RFX20042025,357800.0,362500.0,357800.0,359300.0,358900.0,4898.0,10720.0,41.1301
2025-03-18,RFX20042025,358000.0,358000.0,346200.0,347700.0,348000.0,5204.0,10823.0,38.8961
2025-03-19,RFX20042025,347900.0,366800.0,345000.0,363100.0,363800.0,4815.0,10343.0,38.3616
2025-03-20,RFX20042025,363000.0,365600.0,357500.0,361700.0,361600.0,4796.0,11289.0,45.4107
2025-03-21,RFX20042025,361400.0,369500.0,358800.0,369400.0,369000.0,4947.0,11519.0,36.5893
2025-03-21,RFX20062025,390000.0,390000.0,390000.0,390000.0,390000.0,1.0,1.0,35.8822
2025-03-25,RFX20042025,369100.0,379000.0,369100.0,376500.0,376300.0,4393.0,11700.0,36.5745
2025-03-26,RFX20042025,376300.0,378700.0,369000.0,370800.0,370900.0,5850.0,11928.0,42.8911
2025-03-26,RFX20062025,391000.0,391000.0,391000.0,391000.0,391000.0,1.0,2.0,37.0892
2025-03-27,RFX20042025,371100.0,379500.0,364800.0,367400.0,367000.0,6758.0,13115.0,46.0066
2025-03-28,RFX20042025,363500.0,364000.0,355400.0,357200.0,357200.0,8778.0,12713.0,33.1301
2025-03-31,RFX20042025,345000.0,355100.0,344900.0,352600.0,354900.0,11866.0,12998.0,50.9454
2025-03-31,RFX20062025,378600.0,378600.0,376900.0,376900.0,376900.0,20.0,22.0,42.7001
2025-04-01,RFX20042025,355000.0,361800.0,350600.0,356700.0,357000.0,4508.0,14198.0,48.7699
2025-04-03,RFX20042025,343000.0,348000.0,340800.0,341100.0,341100.0,7371.0,15626.0,39.554
2025-04-03,RFX20062025,368400.0,368400.0,368400.0,368400.0,363100.0,10.0,32.0,39.6703
2025-04-04,RFX20042025,334400.0,334400.0,305100.0,312100.0,312400.0,7243.0,15375.0,30.726
2025-04-04,RFX20062025,339800.0,339800.0,330200.0,337600.0,334400.0,28.0,60.0,39.3742
2025-04-07,RFX20042025,297000.0,326000.0,290000.0,301500.0,301800.0,7510.0,16256.0,45.2534
2025-04-07,RFX20062025,325200.0,325200.0,325100.0,325100.0,325100.0,2.0,62.0,46.8942
2025-04-08,RFX20042025,312000.0,318200.0,291400.0,295000.0,295100.0,8601.0,14617.0,38.0126
2025-04-08,RFX20062025,320000.0,322000.0,315000.0,315000.0,315000.0,4.0,66.0,40.4101
2025-04-09,RFX20042025,300400.0,324000.0,279700.0,322700.0,322700.0,9725.0,13887.0,26.5581
2025-04-09,RFX20062025,314000.0,349400.0,313000.0,338000.0,344700.0,410.0,71.0,37.6112
2025-04-10,RFX20042025,320900.0,320900.0,302700.0,312200.0,312200.0,6731.0,12569.0,40.7542
2025-04-10,RFX20062025,333200.0,338000.0,331000.0,338000.0,334200.0,16.0,70.0,42.5258
2025-04-11,RFX20042025,315000.0,339800.0,315000.0,336000.0,336700.0,5576.0,12552.0,64.7788
2025-04-11,RFX20062025,344900.0,365000.0,344900.0,365000.0,365000.0,19.0,75.0,55.0264
2025-04-14,RFX20042025,360000.0,363000.0,339200.0,352000.0,352000.0,5956.0,13757.0,52.1347
2025-04-14,RFX20062025,372100.0,390000.0,370000.0,373600.0,376000.0,1111.0,397.0,43.8918
2025-04-15,RFX20042025,350000.0,350500.0,338500.0,338500.0,338500.0,3661.0,13473.0,44.3578
2025-04-15,RFX20062025,375000.0,375000.0,362000.0,362000.0,362000.0,293.0,184.0,42.7044
2025-04-16,RFX20042025,338500.0,342000.0,320000.0,322500.0,322500.0,6401.0,14146.0,44.2136
2025-04-16,RFX20062025,360100.0,360100.0,340000.0,344000.0,344000.0,133.0,253.0,41.2479
2025-04-21,RFX20042025,310500.0,312000.0,298000.0,301400.0,301200.0,4136.0,13251.0,33.1315
2025-04-21,RFX20062025,332000.0,332000.0,318000.0,319000.0,319000.0,944.0,1175.0,35.3263
2025-04-22,RFX20042025,307300.0,321300.0,303100.0,320700.0,320700.0,7795.0,12987.0,63.49
2025-04-22,RFX20062025,338000.0,338000.0,335000.0,338000.0,338000.0,212.0,1176.0,36.2941
2025-04-23,RFX20042025,329900.0,337000.0,327600.0,328300.0,329400.0,6172.0,11694.0,39.9415
2025-04-23,RFX20062025,349000.0,363700.0,345000.0,353300.0,353300.0,1032.0,1150.0,43.3555
2025-04-24,RFX20042025,331000.0,341000.0,328200.0,330300.0,328700.0,5095.0,10879.0,46.9841
2025-04-24,RFX20062025,354000.0,359000.0,354000.0,356500.0,352000.0,47.0,1164.0,43.1224
2025-04-25,RFX20042025,331000.0,331000.0,323000.0,328000.0,328000.0,4083.0,10559.0,61.5764
2025-04-25,RFX20062025,346900.0,351500.0,345400.0,345400.0,348000.0,511.0,1182.0,38.6707
2025-04-28,RFX20042025,328000.0,330200.0,315000.0,320000.0,320000.0,8136.0,10615.0,101.3891
2025-04-28,RFX20062025,342000.0,350000.0,335000.0,338000.0,338000.0,2431.0,1338.0,35.989
2025-04-29,RFX20042025,313700.0,323100.0,313700.0,317700.0,318100.0,4791.0,10733.0,378.2062
2025-04-29,RFX20062025,337500.0,340000.0,333500.0,334000.0,334000.0,2277.0,3115.0,35.8312
2025-04-30,RFX20042025,314000.0,317000.0,307400.0,307400.0,307371.0,10004.0,0.0,
2025-04-30,RFX20062025,331000.0,336900.0,321200.0,324000.0,324000.0,1439.0,3221.0,34.0703
2025-05-05,RFX20062025,319000.0,320700.0,308100.0,313500.0,314000.0,5512.0,4409.0,30.0451
2025-05-06,RFX20062025,315000.0,331900.0,314900.0,331900.0,330600.0,3837.0,5023.0,42.2044
2025-05-07,RFX20062025,328200.0,328200.0,314000.0,315100.0,315100.0,4973.0,5599.0,33.3837
2025-05-08,RFX20062025,316100.0,318200.0,306000.0,315000.0,315000.0,5297.0,6295.0,32.2661
2025-05-09,RFX20062025,318500.0,327300.0,314000.0,322500.0,322100.0,4673.0,6239.0,28.5855
2025-05-12,RFX20062025,331000.0,337800.0,327200.0,337800.0,337700.0,10742.0,7131.0,21.1959
2025-05-13,RFX20062025,337900.0,346500.0,336500.0,343900.0,343900.0,9734.0,5797.0,18.1383
2025-05-14,RFX20062025,340500.0,349800.0,339100.0,346600.0,346900.0,9347.0,7420.0,20.2266
2025-05-14,RFX20082025,366000.0,366000.0,366000.0,366000.0,364200.0,1.0,1.0,26.3395
2025-05-15,RFX20062025,342000.0,353500.0,339600.0,349500.0,349500.0,13784.0,7793.0,27.299
2025-05-16,RFX20062025,355000.0,355000.0,347000.0,353500.0,353500.0,5510.0,8678.0,30.4755
2025-05-19,RFX20062025,355000.0,365500.0,355000.0,360700.0,360500.0,11800.0,7379.0,30.8055
2025-05-19,RFX20082025,371500.0,371500.0,371500.0,371500.0,371500.0,1.0,1.0,23.9906
2025-05-20,RFX20062025,360500.0,364000.0,356500.0,361500.0,361100.0,5392.0,7981.0,31.3374
2025-05-21,RFX20062025,362900.0,363500.0,351200.0,351200.0,351400.0,8816.0,8032.0,30.5927
2025-05-22,RFX20062025,351000.0,356900.0,350300.0,350300.0,350400.0,9060.0,8683.0,30.7521
2025-05-23,RFX20062025,348800.0,354000.0,343100.0,354000.0,353900.0,6028.0,8111.0,28.1022
2025-05-26,RFX20062025,353300.0,357000.0,353000.0,353400.0,353400.0,9441.0,13145.0,18.4153
2025-05-27,RFX20062025,353400.0,356000.0,351600.0,353900.0,353900.0,8628.0,13920.0,27.837
2025-05-28,RFX20062025,350000.0,355000.0,341500.0,352400.0,351700.0,11986.0,12863.0,24.5262
2025-05-29,RFX20062025,350000.0,350700.0,346200.0,346900.0,346800.0,4174.0,13869.0,27.2339
2025-05-30,RFX20062025,343500.0,347000.0,340000.0,341300.0,341400.0,5653.0,12836.0,24.7578
2025-05-30,RFX20082025,360300.0,360300.0,360300.0,360300.0,356400.0,1.0,2.0,26.4275
2025-06-02,RFX20062025,344600.0,347000.0,331700.0,332400.0,332200.0,5506.0,13765.0,33.0992
2025-06-03,RFX20062025,328600.0,337300.0,327500.0,333500.0,333500.0,5492.0,14165.0,25.6116
2025-06-04,RFX20062025,330500.0,333600.0,319200.0,320300.0,319900.0,8000.0,15267.0,
2025-06-04,RFX20082025,340000.0,340000.0,340000.0,340000.0,340000.0,5.0,7.0,
2025-06-05,RFX20062025,325500.0,325500.0,315600.0,317700.0,317600.0,4708.0,14835.0,23.43
2025-06-05,RFX20082025,336800.0,336800.0,336800.0,336800.0,337700.0,3.0,10.0,34.5036
2025-06-06,RFX20062025,318900.0,325000.0,313000.0,322500.0,323200.0,8357.0,13092.0,28.4316
2025-06-09,RFX20062025,321500.0,323000.0,316500.0,316800.0,316800.0,7050.0,14695.0,-2.5678
2025-06-09,RFX20082025,335300.0,335900.0,335000.0,335000.0,335000.0,15.0,20.0,25.1838
2025-06-10,RFX20062025,318000.0,332000.0,318000.0,331600.0,331400.0,13967.0,13688.0,33.9928
2025-06-10,RFX20082025,350500.0,350500.0,349800.0,349800.0,349800.0,16.0,26.0,34.302
2025-06-11,RFX20062025,331800.0,333400.0,325000.0,328800.0,328800.0,9627.0,12758.0,44.025
2025-06-11,RFX20082025,349000.0,349000.0,344000.0,344700.0,348000.0,24.0,34.0,38.1862
2025-06-12,RFX20062025,329000.0,332500.0,327100.0,329400.0,329400.0,5140.0,13160.0,36.9124
2025-06-12,RFX20082025,350400.0,350400.0,350400.0,350400.0,348600.0,1.0,35.0,36.2905
2025-06-13,RFX20062025,325000.0,329000.0,318600.0,320200.0,320100.0,10402.0,14469.0,28.6438
2025-06-13,RFX20082025,345000.0,345000.0,339900.0,339900.0,339900.0,29.0,55.0,36.0363
2025-06-17,RFX20062025,320000.0,320000.0,311200.0,313700.0,314200.0,6164.0,15371.0,58.2914
2025-06-17,RFX20082025,337000.0,337000.0,331600.0,333400.0,332700.0,74.0,105.0,40.4317
2025-06-18,RFX20062025,314300.0,316000.0,309500.0,309700.0,309700.0,5897.0,15839.0,49.7115
2025-06-18,RFX20082025,334000.0,334000.0,325600.0,325600.0,325600.0,8.0,111.0,34.7371
2025-06-19,RFX20062025,309500.0,311800.0,308500.0,309300.0,309300.0,1506.0,15588.0,29.6806
2025-06-19,RFX20082025,325000.0,332900.0,325000.0,328000.0,328000.0,29.0,140.0,35.9575
2025-06-23,RFX20062025,304000.0,305900.0,294500.0,297300.0,297100.0,6475.0,15014.0,68.9257
2025-06-23,RFX20082025,322700.0,322700.0,310000.0,315500.0,314000.0,99.0,230.0,38.5994
2025-06-24,RFX20062025,300000.0,308000.0,299600.0,305500.0,305700.0,12127.0,13569.0,11.0568
2025-06-24,RFX20082025,324900.0,328500.0,320500.0,325200.0,325200.0,986.0,638.0,36.346
2025-06-25,RFX20062025,299600.0,303000.0,297600.0,300000.0,300800.0,4382.0,12949.0,51.7265
2025-06-25,RFX20082025,320000.0,325000.0,319600.0,319600.0,319600.0,893.0,422.0,39.3238
2025-06-26,RFX20062025,301800.0,305900.0,300000.0,302000.0,302000.0,4462.0,13294.0,32.899
2025-06-26,RFX20082025,322500.0,324200.0,319500.0,322300.0,322300.0,1468.0,969.0,40.53
2025-06-27,RFX20062025,300000.0,305800.0,299000.0,302500.0,303000.0,6410.0,12213.0,75.9678
2025-06-27,RFX20082025,320300.0,324100.0,318100.0,320900.0,321000.0,2342.0,798.0,38.2501
2025-06-30,RFX20062025,303000.0,304200.0,291500.0,293600.0,293698.0,9236.0,0.0,
2025-06-30,RFX20082025,328000.0,328100.0,311000.0,311100.0,311100.0,2800.0,1362.0,36.4997
2025-07-01,RFX20082025,309000.0,317100.0,309000.0,315900.0,315800.0,2283.0,1932.0,35.5216
2025-07-02,RFX20082025,316200.0,322000.0,311500.0,319000.0,318900.0,3039.0,2793.0,31.8971
2025-07-03,RFX20082025,321500.0,323000.0,320300.0,322400.0,322300.0,1540.0,3034.0,33.9371
2025-07-04,RFX20082025,323300.0,323300.0,320500.0,321500.0,321300.0,1934.0,3565.0,31.8843
2025-07-04,RFX20102025,335000.0,335000.0,335000.0,335000.0,335000.0,20.0,0.0,28.7226
2025-07-07,RFX20082025,315100.0,317000.0,311900.0,315000.0,316000.0,3289.0,3660.0,31.8611
2025-07-08,RFX20082025,316300.0,328400.0,314200.0,327700.0,327900.0,4682.0,3673.0,28.9974
2025-07-08,RFX20102025,334000.0,334000.0,334000.0,334000.0,337600.0,20.0,0.0,22.8889
2025-07-10,RFX20082025,319000.0,322700.0,315300.0,318300.0,318700.0,4665.0,5080.0,31.9434
2025-07-11,RFX20082025,315000.0,315000.0,306400.0,308000.0,308000.0,5049.0,6230.0,29.5392
2025-07-11,RFX20102025,326400.0,326400.0,326400.0,326400.0,322900.0,20.0,0.0,29.3142
2025-07-14,RFX20082025,307500.0,313500.0,301700.0,312700.0,312700.0,5352.0,6587.0,21.3361
2025-07-14,RFX20102025,323100.0,323100.0,323100.0,323100.0,323500.0,1.0,1.0,20.8807
2025-07-15,RFX20082025,312700.0,318100.0,310000.0,318000.0,318000.0,6067.0,6126.0,31.6722
2025-07-15,RFX20102025,325000.0,325000.0,324000.0,324000.0,329200.0,503.0,502.0,25.5647
2025-07-16,RFX20082025,317500.0,317500.0,304000.0,312000.0,311900.0,4853.0,6217.0,36.7089
2025-07-16,RFX20102025,328100.0,329100.0,328100.0,328500.0,323100.0,600.0,102.0,27.8866
2025-07-17,RFX20082025,314900.0,318200.0,312700.0,318000.0,318000.0,6841.0,7916.0,38.2304
2025-07-17,RFX20102025,325500.0,325600.0,325500.0,325600.0,328200.0,125.0,27.0,27.0509
2025-07-18,RFX20082025,322000.0,324500.0,316300.0,317500.0,317400.0,3712.0,8264.0,33.2206
2025-07-18,RFX20102025,334500.0,334500.0,330000.0,330000.0,330100.0,5.0,27.0,27.7291
2025-07-21,RFX20082025,319500.0,320800.0,316200.0,317100.0,317100.0,6201.0,9933.0,50.6307
2025-07-22,RFX20082025,314900.0,321000.0,309200.0,312300.0,312100.0,5186.0,10294.0,51.658
2025-07-23,RFX20082025,317700.0,321400.0,313500.0,320200.0,320200.0,5180.0,11500.0,39.3578
2025-07-24,RFX20082025,320900.0,327400.0,318500.0,326100.0,326200.0,3312.0,10746.0,34.6294
2025-07-24,RFX20102025,337300.0,338500.0,337300.0,338500.0,341200.0,2.0,28.0,30.1253
2025-07-25,RFX20082025,324000.0,335500.0,324000.0,335300.0,335100.0,8585.0,10125.0,33.48
2025-07-25,RFX20102025,348800.0,350000.0,348800.0,350000.0,350100.0,2.0,29.0,29.1642
2025-07-28,RFX20082025,335300.0,340200.0,334400.0,336500.0,336600.0,6560.0,10328.0,33.286
2025-07-29,RFX20082025,339200.0,356000.0,338600.0,356000.0,355100.0,13486.0,11879.0,50.3235
2025-07-30,RFX20082025,354000.0,355800.0,349000.0,352200.0,352300.0,8886.0,11662.0,40.6627
2025-07-31,RFX20082025,355000.0,357500.0,353200.0,355200.0,355100.0,5399.0,12324.0,43.1794
2025-07-31,RFX20102025,372000.0,372000.0,372000.0,372000.0,372000.0,401.0,29.0,33.1404
2025-08-01,RFX20082025,348600.0,350000.0,343500.0,346200.0,346800.0,3995.0,12370.0,35.1732
2025-08-04,RFX20082025,348800.0,353600.0,345100.0,345400.0,345400.0,2923.0,11970.0,29.0068
2025-08-05,RFX20082025,348000.0,354900.0,345200.0,354100.0,354200.0,6886.0,10090.0,27.1064
2025-08-05,RFX20102025,368100.0,368100.0,368000.0,368000.0,372800.0,2.0,30.0,29.9015
2025-08-06,RFX20082025,356500.0,365800.0,356500.0,363500.0,363800.0,6381.0,10944.0,25.5338
2025-08-06,RFX20102025,386200.0,386200.0,386200.0,386200.0,386200.0,1.0,31.0,33.3817
2025-08-07,RFX20082025,366000.0,366000.0,357700.0,358600.0,358800.0,10921.0,10244.0,50.4762
2025-08-08,RFX20082025,357500.0,357500.0,346000.0,350500.0,350500.0,10765.0,10526.0,52.2929
2025-08-08,RFX20102025,377200.0,377900.0,377200.0,377900.0,377500.0,2.0,31.0,47.5529
2025-08-11,RFX20082025,351500.0,353800.0,346000.0,349200.0,349100.0,7546.0,10723.0,51.9061
2025-08-12,RFX20082025,350100.0,356000.0,347200.0,349200.0,349600.0,7925.0,10340.0,51.7821
2025-08-12,RFX20102025,376700.0,376700.0,375900.0,375900.0,375900.0,26.0,33.0,46.1547
2025-08-13,RFX20082025,349500.0,353500.0,344100.0,346700.0,346700.0,8694.0,10597.0,57.2588
2025-08-14,RFX20082025,340100.0,341100.0,329400.0,331500.0,331500.0,12940.0,12895.0,60.147
2025-08-14,RFX20102025,353700.0,353700.0,353700.0,353700.0,353700.0,1.0,32.0,43.6791
2025-08-18,RFX20082025,328600.0,336900.0,326000.0,331000.0,331600.0,10900.0,13399.0,61.9838
2025-08-18,RFX20102025,360500.0,360500.0,360400.0,360400.0,353900.0,2.0,33.0,43.0039
2025-08-19,RFX20082025,330000.0,333600.0,315800.0,315900.0,315900.0,11752.0,14716.0,74.0807
2025-08-19,RFX20102025,358000.0,358000.0,349200.0,349200.0,338200.0,30.0,63.0,46.1604
2025-08-20,RFX20082025,315000.0,320500.0,310600.0,310600.0,311000.0,12143.0,15000.0,41.7683
2025-08-20,RFX20102025,342800.0,343200.0,342800.0,343200.0,335000.0,6.0,63.0,44.7451
2025-08-21,RFX20082025,310200.0,319600.0,310200.0,316000.0,315900.0,8179.0,14282.0,63.9454
2025-08-21,RFX20102025,340700.0,348800.0,340700.0,347000.0,341000.0,7.0,61.0,48.6245
2025-08-22,RFX20082025,317300.0,323000.0,313800.0,315600.0,315600.0,8169.0,15072.0,56.8861
2025-08-22,RFX20102025,345200.0,345200.0,345000.0,345000.0,345000.0,8.0,69.0,54.7927
2025-08-25,RFX20082025,312400.0,312400.0,299100.0,301900.0,301300.0,10618.0,15071.0,55.5483
2025-08-25,RFX20102025,334000.0,335500.0,334000.0,335200.0,335200.0,765.0,834.0,64.9835
2025-08-26,RFX20082025,301900.0,308100.0,298300.0,304100.0,304100.0,8867.0,13980.0,90.8199
2025-08-26,RFX20102025,332000.0,341700.0,332000.0,337500.0,337500.0,873.0,181.0,65.3222
2025-08-27,RFX20082025,300000.0,302500.0,296000.0,297700.0,298000.0,14666.0,13809.0,283.5648
2025-08-27,RFX20102025,332400.0,332400.0,325600.0,325700.0,325700.0,1309.0,1055.0,61.7328
2025-08-28,RFX20082025,301000.0,306000.0,299500.0,299700.0,299600.0,6912.0,13559.0,377.1688
2025-08-28,RFX20102025,332000.0,335000.0,328800.0,330000.0,329500.0,2424.0,1112.0,63.3984
2025-08-29,RFX20082025,299000.0,299000.0,292200.0,294400.0,294776.0,8827.0,0.0,
2025-08-29,RFX20102025,328600.0,329900.0,322100.0,324500.0,324300.0,1781.0,1790.0,58.5799
2025-09-01,RFX20102025,321600.0,325400.0,313000.0,315000.0,314500.0,1967.0,2314.0,55.7791
2025-09-02,RFX20102025,314600.0,323100.0,305700.0,322800.0,322700.0,10121.0,5419.0,59.9211
2025-09-03,RFX20102025,320100.0,325200.0,313100.0,317600.0,316800.0,10921.0,7961.0,62.5174
2025-09-04,RFX20102025,323100.0,326000.0,315300.0,325000.0,325000.0,10531.0,9655.0,59.023
2025-09-05,RFX20102025,324300.0,331600.0,316600.0,327500.0,327400.0,7408.0,10887.0,62.2538
2025-09-08,RFX20102025,322000.0,322000.0,281000.0,282300.0,282300.0,6917.0,11519.0,68.4043
2025-09-09,RFX20102025,286000.0,290000.0,273000.0,274800.0,274800.0,10721.0,12628.0,50.0861
2025-09-10,RFX20102025,279500.0,292300.0,279500.0,290300.0,290100.0,7600.0,12790.0,48.587
2025-09-11,RFX20102025,289100.0,295100.0,280600.0,283700.0,283700.0,10516.0,12826.0,41.1056
2025-09-12,RFX20102025,283100.0,285000.0,270300.0,275900.0,275500.0,8269.0,13266.0,38.3905
2025-09-15,RFX20102025,276000.0,279700.0,270000.0,274800.0,275200.0,9207.0,13208.0,46.6128
2025-09-16,RFX20102025,283000.0,288600.0,275600.0,277800.0,277900.0,7889.0,13639.0,35.7519
2025-09-17,RFX20102025,277900.0,281800.0,273500.0,274000.0,273900.0,8918.0,13738.0,27.8051
2025-09-18,RFX20102025,272900.0,272900.0,254700.0,258800.0,258400.0,19166.0,13323.0,23.7026
2025-09-19,RFX20102025,260500.0,267800.0,251100.0,262100.0,262400.0,27964.0,15496.0,48.0405
2025-09-19,RFX20122025,285700.0,285700.0,285700.0,285700.0,285700.0,10.0,10.0,53.3128
2025-09-22,RFX20102025,263100.0,284000.0,263100.0,281900.0,281800.0,10233.0,15011.0,48.5469
2025-09-22,RFX20122025,300000.0,300000.0,300000.0,300000.0,300000.0,20.0,20.0,44.1713
2025-09-23,RFX20102025,284200.0,287000.0,270500.0,283500.0,283500.0,19364.0,14380.0,55.2176
2025-09-23,RFX20122025,299500.0,301000.0,299500.0,301000.0,301000.0,2.0,22.0,45.7232
2025-09-24,RFX20102025,293500.0,298100.0,284000.0,286000.0,286100.0,21934.0,23164.0,52.5892
2025-09-24,RFX20122025,318000.0,319600.0,307000.0,307000.0,307000.0,43.0,54.0,49.0136
2025-09-25,RFX20102025,284000.0,284000.0,270000.0,270000.0,270000.0,14799.0,23112.0,37.4072
2025-09-25,RFX20122025,298400.0,298400.0,287900.0,287900.0,287900.0,16.0,49.0,40.1641
2025-09-26,RFX20102025,267500.0,279000.0,267500.0,278000.0,278300.0,18475.0,24489.0,61.0719
2025-09-29,RFX20102025,280000.0,280800.0,271900.0,274700.0,274600.0,12165.0,24615.0,50.7601
2025-09-29,RFX20122025,289000.0,289000.0,289000.0,289000.0,289000.0,10.0,49.0,39.3865
2025-09-30,RFX20102025,273000.0,273100.0,266600.0,269400.0,269000.0,8300.0,24050.0,41.63
2025-10-01,RFX20102025,269000.0,275000.0,265200.0,266600.0,266600.0,3406.0,24195.0,39.9862
2025-10-01,RFX20122025,286500.0,286500.0,286500.0,286500.0,286500.0,10.0,54.0,44.5958
2025-10-02,RFX20102025,266000.0,275200.0,263100.0,274100.0,274300.0,7687.0,25454.0,47.549
2025-10-02,RFX20122025,302800.0,302900.0,302400.0,302400.0,302200.0,16.0,69.0,58.7833
2025-10-03,RFX20102025,275000.0,277000.0,268900.0,275500.0,275100.0,5902.0,26517.0,55.2597
2025-10-03,RFX20122025,304400.0,304400.0,299800.0,301300.0,301300.0,40.0,104.0,58.7593
2025-10-06,RFX20102025,273100.0,278000.0,269100.0,276500.0,276500.0,6339.0,27312.0,68.0894
2025-10-06,RFX20122025,299500.0,303200.0,299500.0,302000.0,302000.0,30.0,134.0,61.4754
2025-10-07,RFX20102025,275700.0,276900.0,271900.0,274900.0,275000.0,7142.0,27479.0,68.0829
2025-10-07,RFX20122025,299000.0,299000.0,292300.0,292300.0,292300.0,4.0,137.0,48.0115
2025-10-08,RFX20102025,274200.0,277400.0,270500.0,277400.0,277400.0,6865.0,27279.0,63.7774
2025-10-08,RFX20122025,298800.0,304000.0,298800.0,304000.0,304000.0,4.0,139.0,61.5366
2025-10-09,RFX20102025,277000.0,295900.0,277000.0,291500.0,292900.0,19777.0,29493.0,63.4087
2025-10-09,RFX20122025,301500.0,325900.0,301500.0,325900.0,325900.0,177.0,312.0,69.0791
2025-10-13,RFX20102025,283500.0,304000.0,282000.0,299400.0,299500.0,11376.0,31236.0,85.3388
2025-10-13,RFX20122025,314500.0,328700.0,310000.0,319200.0,328700.0,471.0,771.0,67.2367
2025-10-14,RFX20102025,297900.0,307900.0,285900.0,290200.0,290400.0,17795.0,30455.0,108.9183
2025-10-14,RFX20122025,334600.0,334600.0,325200.0,325200.0,325200.0,462.0,329.0,83.7333
2025-10-15,RFX20102025,298900.0,302700.0,287100.0,298400.0,297700.0,12059.0,32284.0,142.0324
2025-10-15,RFX20122025,325000.0,327900.0,320000.0,327900.0,325000.0,32.0,360.0,76.6852
2025-10-16,RFX20102025,300000.0,300600.0,294000.0,297700.0,297600.0,6722.0,32691.0,128.8477
2025-10-16,RFX20122025,321600.0,321900.0,321600.0,321900.0,323500.0,20.0,380.0,70.3666
2025-10-17,RFX20102025,297300.0,300800.0,294900.0,300000.0,299800.0,4786.0,32453.0,77.7615
2025-10-20,RFX20102025,300000.0,306000.0,295800.0,297800.0,297800.0,8713.0,32200.0,99.8995
2025-10-20,RFX20122025,325000.0,325000.0,325000.0,325000.0,323700.0,2.0,378.0,61.534
2025-10-21,RFX20102025,298900.0,309200.0,292500.0,301900.0,301600.0,15896.0,32724.0,107.8143
2025-10-21,RFX20122025,324000.0,328000.0,323900.0,328000.0,327500.0,540.0,908.0,61.5025
2025-10-22,RFX20102025,299100.0,306400.0,295000.0,305200.0,305100.0,16058.0,35391.0,124.8919
2025-10-22,RFX20122025,330000.0,334700.0,325000.0,331600.0,331600.0,539.0,908.0,63.6511
2025-10-23,RFX20102025,306900.0,319400.0,306900.0,314400.0,314100.0,12447.0,34296.0,182.2973
2025-10-23,RFX20122025,338200.0,346900.0,338200.0,339000.0,339000.0,32.0,934.0,65.6985
2025-10-24,RFX20102025,319400.0,319400.0,310600.0,313900.0,313800.0,10683.0,33696.0,142.0797
2025-10-24,RFX20122025,334000.0,344800.0,334000.0,339100.0,339100.0,589.0,519.0,59.9633
2025-10-27,RFX20102025,314000.0,400000.0,314000.0,375600.0,375700.0,16125.0,30978.0,107.6631
2025-10-27,RFX20122025,352100.0,419400.0,352100.0,415000.0,415100.0,289.0,737.0,67.2438
2025-10-28,RFX20102025,375700.0,403000.0,372600.0,392900.0,393000.0,18635.0,29263.0,33.3389
2025-10-28,RFX20122025,425800.0,450000.0,415100.0,436000.0,436000.0,426.0,1124.0,65.1524
2025-10-29,RFX20102025,392000.0,416700.0,392000.0,414500.0,414300.0,27465.0,23239.0,199.7431
2025-10-29,RFX20122025,444000.0,457200.0,444000.0,452000.0,452000.0,5841.0,6669.0,60.6004
2025-10-30,RFX20102025,411500.0,416900.0,406000.0,411500.0,411600.0,26390.0,14053.0,236.1808
2025-10-30,RFX20122025,452000.0,455000.0,444000.0,449000.0,449000.0,13173.0,17174.0,58.5936
2025-10-31,RFX20102025,417300.0,446200.0,413100.0,440400.0,440275.0,18072.0,0.0,
2025-10-31,RFX20122025,452200.0,469000.0,452000.0,466300.0,466200.0,1933.0,17692.0,36.9011
2025-11-03,RFX20122025,482400.0,486500.0,469000.0,479900.0,479600.0,7441.0,19748.0,35.9535
2025-11-04,RFX20122025,470000.0,484000.0,463500.0,481500.0,481500.0,12204.0,21053.0,45.5524
2025-11-05,RFX20122025,482100.0,492500.0,465000.0,468200.0,468400.0,9179.0,21474.0,34.3132
2025-11-06,RFX20122025,470200.0,470500.0,452200.0,458000.0,458100.0,5186.0,22039.0,35.1365
2025-11-07,RFX20122025,450100.0,454300.0,439000.0,446800.0,446900.0,18964.0,15187.0,44.6185
2025-11-10,RFX20122025,451000.0,460000.0,443500.0,456300.0,456400.0,11525.0,16987.0,41.6091
2025-11-11,RFX20122025,458000.0,460100.0,452600.0,453700.0,453800.0,6857.0,17109.0,36.4672
2025-11-12,RFX20122025,451300.0,459900.0,451200.0,456300.0,456200.0,5012.0,16916.0,35.0331
2025-11-13,RFX20122025,457000.0,457000.0,433800.0,435000.0,435000.0,10098.0,16462.0,25.2697
2025-11-14,RFX20122025,432600.0,453500.0,428100.0,449900.0,449900.0,9808.0,16639.0,22.9606
2025-11-17,RFX20122025,449000.0,451000.0,439500.0,440800.0,440800.0,5815.0,17095.0,27.3466
2025-11-18,RFX20122025,439700.0,446000.0,427000.0,445600.0,445600.0,8542.0,16793.0,35.2281
2025-11-19,RFX20122025,446000.0,451900.0,437000.0,439500.0,439500.0,6299.0,17333.0,43.9094
2025-11-20,RFX20122025,440600.0,447300.0,426100.0,433000.0,433000.0,7967.0,17646.0,36.7373
2025-11-25,RFX20122025,430000.0,435900.0,415100.0,435800.0,435700.0,15619.0,18087.0,44.1843
2025-11-26,RFX20022026,456100.0,456100.0,456100.0,456100.0,460100.0,1.0,1.0,22.8169
2025-11-26,RFX20122025,437500.0,449400.0,432000.0,449300.0,449200.0,17614.0,18618.0,35.5
2025-11-27,RFX20022026,468500.0,468500.0,468500.0,468500.0,468500.0,200.0,201.0,26.4336
2025-11-27,RFX20122025,449700.0,453000.0,448500.0,453000.0,452800.0,24008.0,18494.0,34.1588
2025-11-28,RFX20022026,472400.0,472400.0,472300.0,472300.0,472300.0,200.0,1.0,29.5289
2025-11-28,RFX20122025,453000.0,460500.0,452800.0,453300.0,453300.0,5863.0,18436.0,34.709
2025-12-01,RFX20022026,469600.0,469600.0,469600.0,469600.0,473400.0,10.0,11.0,27.4218
2025-12-01,RFX20122025,450000.0,456800.0,448700.0,453300.0,453700.0,8078.0,18440.0,27.3721
2025-12-02,RFX20122025,455700.0,460000.0,452100.0,453100.0,453200.0,8722.0,18462.0,35.1327
2025-12-03,RFX20022026,483200.0,483200.0,483200.0,483200.0,487800.0,1.0,12.0,32.1575
2025-12-03,RFX20122025,451200.0,468500.0,451200.0,468300.0,468100.0,11670.0,19455.0,43.6959
2025-12-04,RFX20122025,468900.0,474000.0,461300.0,461300.0,461500.0,8217.0,20404.0,40.469
2025-12-05,RFX20122025,470000.0,471500.0,453300.0,453300.0,453500.0,13061.0,21654.0,40.9709
2025-12-09,RFX20022026,479200.0,479200.0,479200.0,479200.0,463000.0,1.0,11.0,31.9509
2025-12-09,RFX20122025,458900.0,458900.0,437900.0,437900.0,438100.0,8622.0,21572.0,21.6976
2025-12-10,RFX20122025,439900.0,450500.0,436000.0,444600.0,444800.0,5956.0,21439.0,34.0183
2025-12-11,RFX20122025,444600.0,445500.0,432300.0,436700.0,436800.0,6480.0,20349.0,23.9736
2025-12-12,RFX20022026,471400.0,471400.0,471400.0,471400.0,462700.0,15.0,26.0,35.1293
2025-12-12,RFX20122025,437500.0,439800.0,429600.0,438000.0,437800.0,6099.0,20289.0,33.0644
2025-12-15,RFX20022026,464400.0,470000.0,460000.0,468000.0,468000.0,114.0,109.0,36.1993
2025-12-15,RFX20122025,439300.0,447500.0,432500.0,444000.0,443800.0,4676.0,20348.0,43.5227
2025-12-16,RFX20022026,475000.0,475000.0,465000.0,472000.0,472000.0,70.0,154.0,36.8778
2025-12-16,RFX20122025,447900.0,449600.0,437200.0,446500.0,446700.0,6322.0,20807.0,42.237
2025-12-17,RFX20022026,475000.0,479900.0,470000.0,479900.0,479200.0,47.0,191.0,43.0883
2025-12-17,RFX20122025,448100.0,449000.0,442000.0,449000.0,448900.0,6263.0,21123.0,46.0218
2025-12-18,RFX20022026,479200.0,494000.0,479200.0,492000.0,492000.0,576.0,739.0,35.8278
2025-12-18,RFX20122025,449200.0,464700.0,448100.0,463800.0,463800.0,11982.0,20058.0,25.4917
2025-12-19,RFX20022026,497700.0,497800.0,487000.0,490000.0,490000.0,1117.0,1707.0,37.2078
2025-12-19,RFX20122025,465900.0,467200.0,460900.0,461000.0,461500.0,6083.0,20641.0,30.0089
2025-12-22,RFX20022026,495000.0,495000.0,485800.0,488500.0,488000.0,189.0,1888.0,37.4916
2025-12-22,RFX20122025,470400.0,470400.0,458900.0,461200.0,461400.0,8702.0,20757.0,48.1835
2025-12-23,RFX20022026,490000.0,496000.0,485000.0,485000.0,485000.0,2360.0,2065.0,38.2167
2025-12-23,RFX20122025,461500.0,467900.0,456100.0,458500.0,457900.0,12225.0,20333.0,48.8397
2025-12-26,RFX20022026,485500.0,487000.0,482100.0,486500.0,486500.0,4744.0,2692.0,41.9456
2025-12-26,RFX20122025,462900.0,462900.0,455700.0,456000.0,456000.0,8354.0,20408.0,47.1551
2025-12-29,RFX20022026,496000.0,496000.0,482500.0,487000.0,486600.0,2359.0,3826.0,46.1947
2025-12-29,RFX20122025,462100.0,467000.0,454000.0,455400.0,455600.0,10751.0,18772.0,269.7866
2025-12-30,RFX20022026,487100.0,487100.0,475100.0,475900.0,475900.0,2003.0,4446.0,43.6612
2025-12-30,RFX20122025,456500.0,457000.0,446600.0,447100.0,446763.0,21206.0,0.0,
2026-01-02,RFX20022026,477200.0,485500.0,470600.0,485000.0,485000.0,3230.0,5166.0,42.4553
2026-01-05,RFX20022026,482600.0,485000.0,475700.0,485000.0,484900.0,5836.0,7158.0,44.6915
2026-01-06,RFX20022026,486500.0,494900.0,482000.0,482000.0,482100.0,11632.0,9864.0,46.566
2026-01-06,RFX20042026,525000.0,525000.0,520000.0,520000.0,520000.0,10.0,10.0,48.0808
2026-01-07,RFX20022026,481500.0,481500.0,464200.0,468300.0,468200.0,10873.0,13072.0,50.2167
2026-01-07,RFX20042026,515000.0,515000.0,510000.0,510000.0,505000.0,10.0,15.0,49.8337
2026-01-08,RFX20022026,468300.0,473000.0,461100.0,472100.0,472100.0,9439.0,13320.0,42.1185
2026-01-08,RFX20042026,495000.0,495000.0,495000.0,495000.0,495000.0,1.0,16.0,35.5229
2026-01-09,RFX20022026,473000.0,475500.0,468000.0,473700.0,473800.0,6744.0,13358.0,42.4954
2026-01-12,RFX20022026,472500.0,477600.0,468000.0,469700.0,469700.0,4954.0,13620.0,42.1313
2026-01-13,RFX20022026,469000.0,472000.0,462000.0,462800.0,463100.0,7563.0,14243.0,40.679
2026-01-14,RFX20022026,464900.0,465300.0,452300.0,455500.0,455500.0,9729.0,13782.0,51.0175
2026-01-15,RFX20022026,455500.0,455600.0,446300.0,448100.0,448300.0,10414.0,14647.0,44.8781
2026-01-16,RFX20022026,450000.0,457500.0,444900.0,451900.0,451900.0,8328.0,15444.0,51.4562
2026-01-16,RFX20042026,485700.0,485700.0,484000.0,484000.0,484000.0,17.0,33.0,47.1865
2026-01-19,RFX20022026,447000.0,447000.0,443600.0,445600.0,445600.0,2358.0,15921.0,48.1117
2026-01-19,RFX20042026,475000.0,475000.0,475000.0,475000.0,475000.0,2.0,35.0,43.6472
2026-01-20,RFX20022026,440000.0,454900.0,434700.0,451500.0,451300.0,9819.0,16200.0,51.9298
2026-01-20,RFX20042026,466000.0,466000.0,466000.0,466000.0,480700.0,5.0,35.0,44.7968
2026-01-21,RFX20022026,449200.0,463000.0,449000.0,462900.0,462800.0,9994.0,15861.0,43.148
2026-01-22,RFX20022026,464900.0,470900.0,462800.0,466100.0,466200.0,4321.0,15586.0,50.1292
2026-01-23,RFX20022026,467900.0,471400.0,463600.0,466000.0,465800.0,5812.0,16126.0,39.7291
2026-01-26,RFX20022026,466000.0,480400.0,465100.0,473100.0,472700.0,12271.0,16436.0,46.8107
2026-01-26,RFX20042026,500100.0,515000.0,500100.0,514000.0,504900.0,20.0,41.0,43.4717
2026-01-27,RFX20022026,476000.0,485000.0,475900.0,484000.0,484100.0,8831.0,16301.0,34.0907
2026-01-27,RFX20042026,515500.0,515500.0,515500.0,515500.0,515500.0,19.0,60.0,37.5575
2026-01-28,RFX20022026,491000.0,492500.0,478600.0,484100.0,484000.0,14515.0,17005.0,38.338
2026-01-28,RFX20042026,515500.0,515500.0,515500.0,515500.0,515500.0,20.0,80.0,39.136
2026-01-29,RFX20022026,485000.0,488500.0,476000.0,483400.0,483500.0,15345.0,19468.0,45.4992
2026-01-29,RFX20042026,515500.0,515500.0,513000.0,515500.0,515000.0,40.0,110.0,41.576
2026-01-30,RFX20022026,483900.0,485800.0,472100.0,478500.0,478500.0,7673.0,20406.0,37.2021
2026-01-30,RFX20042026,512000.0,512000.0,504000.0,510000.0,510000.0,23.0,105.0,39.0339
2026-02-02,RFX20022026,471100.0,475700.0,464000.0,465500.0,466300.0,4782.0,20707.0,46.7028
2026-02-02,RFX20042026,504000.0,504000.0,499100.0,499100.0,499100.0,12.0,103.0,43.8752
2026-02-03,RFX20022026,467500.0,468500.0,450000.0,458700.0,458200.0,7884.0,21704.0,55.7
2026-02-03,RFX20042026,492500.0,492500.0,485600.0,489500.0,489500.0,15.0,103.0,45.5984
2026-02-04,RFX20022026,463400.0,463500.0,446100.0,454400.0,453800.0,5972.0,22123.0,48.5857
2026-02-04,RFX20042026,485000.0,485000.0,478000.0,484300.0,484300.0,12.0,104.0,42.8912
2026-02-05,RFX20022026,448900.0,452500.0,439000.0,441400.0,441200.0,12199.0,24842.0,49.3936
2026-02-05,RFX20042026,468000.0,470000.0,468000.0,470000.0,470000.0,2.0,105.0,42.1451
2026-02-06,RFX20022026,446700.0,448200.0,442000.0,445000.0,445000.0,6122.0,24642.0,42.9444
2026-02-09,RFX20022026,446900.0,447000.0,433600.0,443500.0,443500.0,10816.0,24095.0,45.9523
2026-02-09,RFX20042026,467000.0,470000.0,467000.0,470000.0,470000.0,5.0,107.0,38.2189
2026-02-10,RFX20022026,443500.0,460000.0,436500.0,455100.0,456100.0,15668.0,26571.0,47.1473
2026-02-10,RFX20042026,464100.0,479000.0,464100.0,479000.0,482100.0,55.0,116.0,37.0618
2026-02-11,RFX20022026,454900.0,456500.0,445000.0,449100.0,449100.0,12592.0,26822.0,43.3061
2026-02-11,RFX20042026,479000.0,479000.0,474000.0,477700.0,477700.0,320.0,106.0,39.2494
2026-02-12,RFX20022026,454000.0,454000.0,421100.0,423600.0,424100.0,11417.0,27311.0,46.7433
2026-02-12,RFX20042026,477900.0,477900.0,445600.0,445600.0,445600.0,442.0,94.0,33.5985
2026-02-13,RFX20022026,424000.0,427200.0,416500.0,417300.0,417300.0,9597.0,29214.0,41.579
2026-02-13,RFX20042026,446000.0,454000.0,439700.0,439700.0,439700.0,325.0,104.0,33.8502
2026-02-18,RFX20022026,418900.0,418900.0,402200.0,403800.0,403900.0,11939.0,28786.0,66.5381
2026-02-18,RFX20042026,433200.0,434000.0,424500.0,424500.0,425900.0,416.0,273.0,36.8955
2026-02-19,RFX20022026,406200.0,422000.0,401500.0,420400.0,420400.0,7223.0,28256.0,64.5798
2026-02-19,RFX20042026,426000.0,445600.0,426000.0,443000.0,443000.0,924.0,378.0,35.8084
2026-02-20,RFX20022026,423000.0,425900.0,416200.0,423900.0,422700.0,6374.0,27877.0,36.8334
2026-02-20,RFX20042026,444000.0,448000.0,441000.0,445000.0,447000.0,1625.0,412.0,34.3616
2026-02-23,RFX20022026,419100.0,419100.0,405500.0,408200.0,408200.0,7091.0,28044.0,86.2165
2026-02-23,RFX20042026,438200.0,438200.0,427100.0,428000.0,430000.0,512.0,480.0,35.039
2026-02-24,RFX20022026,410000.0,415200.0,407200.0,415200.0,414900.0,13487.0,29066.0,106.2069
2026-02-24,RFX20042026,435000.0,436000.0,430000.0,436000.0,436000.0,3797.0,1581.0,33.7085
2026-02-25,RFX20022026,413100.0,416000.0,407200.0,413000.0,413000.0,8562.0,28251.0,151.4277
2026-02-25,RFX20042026,436100.0,436100.0,428000.0,433700.0,435100.0,2069.0,1037.0,35.5033
2026-02-26,RFX20022026,414800.0,415500.0,401100.0,406700.0,406700.0,15056.0,27407.0,377.8451
2026-02-26,RFX20042026,440000.0,440000.0,421000.0,428000.0,428000.0,2694.0,2405.0,36.6546
2026-02-27,RFX20022026,402500.0,405000.0,386000.0,386400.0,386146.0,22004.0,0.0,
2026-02-27,RFX20042026,425000.0,430000.0,405600.0,406900.0,406900.0,7670.0,7085.0,33.5516
2026-03-02,RFX20042026,404500.0,419000.0,397000.0,404000.0,403600.0,8938.0,6314.0,37.4354
2026-03-03,RFX20042026,398000.0,406900.0,388600.0,403200.0,403500.0,5471.0,6453.0,38.0253
2026-03-04,RFX20042026,406900.0,411000.0,393500.0,399500.0,399100.0,6190.0,6724.0,36.5245
2026-03-05,RFX20042026,397000.0,405900.0,393200.0,397700.0,397700.0,4374.0,7381.0,34.7392
2026-03-06,RFX20042026,398900.0,405800.0,394200.0,405000.0,405000.0,4203.0,6766.0,32.4884
2026-03-09,RFX20042026,405000.0,407700.0,400000.0,406000.0,406000.0,4673.0,6872.0,34.9541
2026-03-10,RFX20042026,401200.0,420900.0,401200.0,412200.0,412200.0,6176.0,6977.0,30.2421
2026-03-11,RFX20042026,414400.0,426900.0,414400.0,421500.0,421500.0,7869.0,6072.0,27.1765
2026-03-12,RFX20042026,419500.0,421000.0,410100.0,410200.0,410600.0,4966.0,6055.0,28.1551
2026-03-13,RFX20042026,415800.0,415800.0,402800.0,403000.0,404200.0,5274.0,6119.0,30.3309
2026-03-16,RFX20042026,406000.0,406100.0,396600.0,399000.0,400100.0,3761.0,6496.0,34.9184
2026-03-17,RFX20042026,403000.0,408800.0,401000.0,406100.0,406000.0,7489.0,6198.0,30.8503
2026-03-18,RFX20042026,405900.0,410000.0,404300.0,409600.0,409600.0,5202.0,6804.0,27.3552
2026-03-19,RFX20042026,407000.0,421900.0,404500.0,421300.0,421200.0,6375.0,6688.0,27.117
2026-03-20,RFX20042026,421900.0,424000.0,413000.0,416200.0,416000.0,8643.0,6291.0,28.7863
2026-03-20,RFX20062026,438100.0,438100.0,438100.0,438100.0,438100.0,101.0,101.0,31.1961
2026-03-25,RFX20042026,426900.0,429800.0,420100.0,422000.0,422800.0,7128.0,6398.0,20.7604
2026-03-25,RFX20062026,445900.0,445900.0,445900.0,445900.0,445900.0,1.0,102.0,28.6847
2026-03-26,RFX20042026,421000.0,426000.0,415800.0,419000.0,419000.0,7082.0,6239.0,21.4799
2026-03-26,RFX20062026,448700.0,448700.0,448700.0,448700.0,442100.0,4.0,102.0,29.2243
2026-03-27,RFX20042026,417600.0,432000.0,414900.0,425500.0,425500.0,10993.0,6327.0,25.181
2026-03-30,RFX20042026,430100.0,437500.0,426800.0,434000.0,434000.0,10200.0,6150.0,20.6903
2026-03-30,RFX20062026,454100.0,454100.0,450000.0,450000.0,450400.0,5.0,105.0,22.2272
2026-03-31,RFX20042026,437200.0,449900.0,437200.0,449800.0,449800.0,7956.0,6152.0,20.1571
2026-03-31,RFX20062026,468600.0,470000.0,462000.0,470000.0,469700.0,16.0,114.0,24.6846
2026-04-01,RFX20042026,450000.0,451000.0,443200.0,450000.0,450000.0,3175.0,6360.0,25.0685
2026-04-06,RFX20042026,452500.0,454000.0,444000.0,447100.0,447100.0,2230.0,6475.0,18.4555
2026-04-06,RFX20062026,460900.0,461700.0,460900.0,461700.0,461700.0,2.0,113.0,19.4035
2026-04-07,RFX20042026,446400.0,446400.0,441900.0,444000.0,444100.0,4873.0,6456.0,23.2498
2026-04-07,RFX20062026,465000.0,465000.0,465000.0,465000.0,458700.0,10.0,113.0,20.8605
2026-04-08,RFX20042026,443000.0,448000.0,442700.0,446800.0,447000.0,7701.0,7176.0,20.1578
2026-04-08,RFX20062026,467800.0,468000.0,461700.0,461700.0,461900.0,13.0,124.0,20.1798
2026-04-09,RFX20042026,447500.0,450000.0,441500.0,444500.0,444500.0,3651.0,7120.0,20.3736
2026-04-10,RFX20042026,447500.0,450900.0,445100.0,446500.0,446500.0,3148.0,7393.0,29.0372
2026-04-10,RFX20062026,469700.0,469700.0,467500.0,467500.0,467500.0,2.0,125.0,28.7005
2026-04-13,RFX20042026,446500.0,449000.0,443500.0,445500.0,445500.0,3778.0,7716.0,29.9644
2026-04-13,RFX20062026,465300.0,467000.0,463000.0,467000.0,467000.0,5.0,129.0,29.4293
2026-04-14,RFX20042026,445000.0,446000.0,438000.0,439700.0,439700.0,6057.0,7761.0,35.6785
2026-04-14,RFX20062026,464500.0,464500.0,460000.0,460000.0,460000.0,21.0,142.0,29.6408
2026-04-15,RFX20042026,437600.0,438700.0,432000.0,433600.0,433300.0,6330.0,8737.0,34.2968
2026-04-15,RFX20062026,457700.0,457700.0,452700.0,452700.0,452600.0,11.0,153.0,28.4624
2026-04-16,RFX20042026,435800.0,435800.0,429800.0,434300.0,434400.0,5395.0,9534.0,36.8341
2026-04-16,RFX20062026,454000.0,454000.0,445700.0,449700.0,449700.0,22.0,174.0,24.2588
2026-04-17,RFX20042026,431500.0,433700.0,422200.0,426000.0,425300.0,6326.0,10442.0,19.8899
2026-04-17,RFX20062026,446500.0,446500.0,442000.0,444000.0,444000.0,50.0,224.0,25.3352
2026-04-20,RFX20042026,423100.0,432300.0,422000.0,429900.0,429900.0,3659.0,10358.0,11.1436
2026-04-20,RFX20062026,449500.0,449500.0,449500.0,449500.0,449500.0,1.0,224.0,25.0792
2026-04-21,RFX20042026,433000.0,436000.0,428600.0,435000.0,434900.0,4513.0,10026.0,26.1277
2026-04-21,RFX20062026,450000.0,450500.0,450000.0,450500.0,450500.0,2.0,223.0,22.1836
2026-04-22,RFX20042026,437400.0,438000.0,429000.0,430000.0,430300.0,4580.0,10280.0,37.2524
2026-04-22,RFX20062026,451900.0,451900.0,451900.0,451900.0,445900.0,1.0,224.0,23.6534
2026-04-23,RFX20042026,429000.0,430000.0,421100.0,421500.0,421500.0,4354.0,9918.0,38.9524
2026-04-23,RFX20062026,445400.0,445400.0,437500.0,437500.0,437500.0,3.0,225.0,24.5374
2026-04-24,RFX20042026,420000.0,423500.0,417000.0,422400.0,422400.0,5892.0,9821.0,42.9381
2026-04-24,RFX20062026,440000.0,445000.0,439000.0,439000.0,439000.0,8.0,227.0,25.4056
2026-04-27,RFX20042026,426100.0,427100.0,422900.0,425400.0,425400.0,4021.0,9985.0,59.7158
2026-04-27,RFX20062026,440100.0,442600.0,440000.0,441000.0,441000.0,951.0,263.0,23.816
2026-04-28,RFX20042026,427200.0,427900.0,422200.0,424700.0,424400.0,7527.0,8578.0,25.9192
2026-04-28,RFX20062026,440200.0,442600.0,438500.0,439900.0,439900.0,1710.0,442.0,22.0125
2026-04-29,RFX20042026,424000.0,424000.0,419200.0,421500.0,421500.0,10330.0,6154.0,0.7664
2026-04-29,RFX20062026,435400.0,439900.0,435100.0,438700.0,438700.0,4286.0,2752.0,24.0361
2026-04-30,RFX20042026,417600.0,422600.0,414200.0,421600.0,421752.0,12434.0,0.0,
2026-04-30,RFX20062026,440000.0,446600.0,432700.0,441500.0,441400.0,387.0,3007.0,29.5306
2026-05-04,RFX20062026,432000.0,432900.0,425500.0,427000.0,427000.0,4893.0,3970.0,24.8978
2026-05-05,RFX20062026,429900.0,430500.0,423300.0,424500.0,424500.0,5265.0,4669.0,23.3231
2026-05-06,RFX20062026,427100.0,442300.0,426000.0,440600.0,440700.0,5952.0,4409.0,21.0682
2026-05-07,RFX20062026,438600.0,438600.0,431600.0,433600.0,433600.0,4560.0,4684.0,20.2048
2026-05-08,RFX20062026,433700.0,434200.0,423300.0,423500.0,424000.0,3918.0,5184.0,21.2236
2026-05-11,RFX20062026,424400.0,434900.0,422000.0,434900.0,434900.0,5669.0,4992.0,22.87
2026-05-12,RFX20062026,434000.0,434000.0,426000.0,426100.0,426100.0,2894.0,5406.0,18.5265
2026-05-13,RFX20062026,419800.0,430500.0,419000.0,419200.0,419200.0,4542.0,5552.0,21.3499
2026-05-14,RFX20062026,420300.0,425500.0,419000.0,419900.0,419900.0,4738.0,5859.0,20.5581
2026-05-15,RFX20062026,419200.0,420500.0,411000.0,414000.0,414100.0,8108.0,6090.0,21.2233
2026-05-15,RFX20082026,442900.0,442900.0,442900.0,442900.0,435200.0,10.0,10.0,26.7207
2026-05-18,RFX20062026,415100.0,429200.0,413100.0,429000.0,429000.0,5399.0,4717.0,17.6098
2026-05-18,RFX20082026,440500.0,441400.0,440400.0,441400.0,441400.0,10.0,1.0,17.4678
2026-05-19,RFX20062026,429900.0,430900.0,422100.0,423500.0,423500.0,4302.0,4786.0,19.8396
2026-05-20,RFX20062026,425200.0,428200.0,421300.0,426600.0,426300.0,5660.0,5345.0,21.396
2026-05-20,RFX20082026,444500.0,446300.0,441500.0,445200.0,444900.0,14.0,13.0,24.35
2026-05-21,RFX20062026,428300.0,438700.0,427400.0,437400.0,437600.0,6547.0,4724.0,18.0281
2026-05-22,RFX20062026,438500.0,439900.0,434000.0,435300.0,435300.0,2518.0,4827.0,22.6029
2026-05-22,RFX20082026,447500.0,447500.0,447500.0,447500.0,456400.0,1.0,13.0,26.6681
2026-05-26,RFX20062026,436300.0,445000.0,435100.0,444400.0,444300.0,5711.0,4814.0,18.0318
2026-05-26,RFX20082026,452400.0,465000.0,452400.0,453500.0,462700.0,4.0,14.0,22.3592
2026-05-27,RFX20062026,447900.0,470000.0,447900.0,469400.0,468500.0,10308.0,5022.0,22.7923
2026-05-27,RFX20082026,474100.0,476800.0,474100.0,476800.0,483800.0,2.0,14.0,20.7525
2026-05-28,RFX20062026,469000.0,478500.0,466200.0,468100.0,468400.0,9461.0,5787.0,16.1037
2026-05-28,RFX20082026,484200.0,484200.0,482600.0,482600.0,484000.0,2.0,14.0,18.5763
2026-05-29,RFX20062026,469000.0,482000.0,467000.0,479800.0,479800.0,8879.0,6051.0,16.0435
2026-05-29,RFX20082026,491100.0,494100.0,485300.0,494100.0,494100.0,14.0,8.0,17.1973
2026-06-01,RFX20062026,484000.0,494600.0,484000.0,491500.0,491800.0,3100.0,5926.0,17.8746
2026-06-01,RFX20082026,514000.0,514100.0,510900.0,510900.0,510900.0,4.0,10.0,21.495
2026-06-02,RFX20062026,485500.0,492600.0,484400.0,487700.0,487800.0,3629.0,6179.0,14.0835
2026-06-02,RFX20082026,501000.0,501000.0,501000.0,501000.0,506900.0,3.0,10.0,20.4328
2026-06-03,RFX20062026,485600.0,486800.0,478100.0,479700.0,479700.0,3411.0,5776.0,17.2897
2026-06-03,RFX20082026,502900.0,502900.0,500000.0,500000.0,500000.0,5.0,10.0,22.8224
2026-06-04,RFX20062026,482900.0,487900.0,479000.0,484800.0,484900.0,5341.0,5517.0,28.4377
2026-06-04,RFX20082026,505300.0,505300.0,505300.0,505300.0,505300.0,1.0,10.0,26.2052
2026-06-05,RFX20062026,483500.0,483500.0,467500.0,470100.0,470200.0,8907.0,5435.0,25.7588
2026-06-05,RFX20082026,495000.0,498500.0,494300.0,494300.0,492100.0,4.0,13.0,27.2872
2026-06-08,RFX20062026,475000.0,479000.0,468000.0,473900.0,473200.0,3614.0,5768.0,23.2093
2026-06-08,RFX20082026,495000.0,495000.0,495000.0,495000.0,495000.0,1.0,14.0,26.3769
2026-06-09,RFX20062026,475000.0,483500.0,470000.0,478000.0,478000.0,4811.0,5572.0,21.5139
2026-06-09,RFX20082026,496000.0,498000.0,496000.0,498000.0,498000.0,2.0,16.0,24.071
2026-06-10,RFX20062026,479800.0,485000.0,477600.0,479400.0,479400.0,4944.0,5435.0,27.0007
2026-06-10,RFX20082026,504600.0,504700.0,504600.0,504700.0,499400.0,2.0,16.0,25.4302
2026-06-11,RFX20062026,493900.0,511300.0,491000.0,508800.0,508700.0,4206.0,4829.0,24.5697
2026-06-11,RFX20082026,513600.0,522800.0,513600.0,522800.0,527900.0,11.0,14.0,22.9886
2026-06-12,RFX20062026,510900.0,512700.0,505000.0,506300.0,506300.0,5921.0,5112.0,17.735
2026-06-16,RFX20062026,505000.0,505000.0,487900.0,490000.0,491000.0,7591.0,6527.0,22.5538
2026-06-16,RFX20082026,510900.0,513300.0,510900.0,513300.0,513300.0,6.0,14.0,26.1557
2026-06-17,RFX20062026,495500.0,508300.0,492600.0,496500.0,496500.0,6756.0,6129.0,22.4813
2026-06-17,RFX20082026,533000.0,533000.0,519800.0,519800.0,519800.0,61.0,74.0,26.9182
2026-06-18,RFX20062026,503000.0,507800.0,499000.0,505300.0,505300.0,9510.0,6453.0,42.7706
2026-06-18,RFX20082026,527000.0,527000.0,518100.0,525000.0,525000.0,400.0,473.0,26.4361
2026-06-19,RFX20062026,505300.0,505300.0,494300.0,495900.0,495900.0,4534.0,6315.0,27.433
2026-06-19,RFX20082026,516900.0,516900.0,516900.0,516900.0,515600.0,10.0,483.0,24.1608
2026-06-22,RFX20062026,499900.0,499900.0,489600.0,493400.0,493400.0,3330.0,6756.0,40.9067
2026-06-22,RFX20082026,515000.0,515000.0,513900.0,513900.0,513100.0,3.0,483.0,25.6808
2026-06-23,RFX20062026,485000.0,487300.0,483000.0,486800.0,486800.0,5610.0,6905.0,31.5987
2026-06-23,RFX20082026,511300.0,511300.0,498200.0,507200.0,507000.0,335.0,164.0,25.2892
2026-06-24,RFX20062026,481800.0,481800.0,464000.0,466200.0,466200.0,6452.0,6898.0,40.7303
2026-06-24,RFX20082026,486800.0,486800.0,486800.0,486800.0,486400.0,1.0,164.0,27.0071
2026-06-25,RFX20062026,468500.0,469700.0,461000.0,463500.0,463600.0,5392.0,6853.0,37.6899
2026-06-25,RFX20082026,480200.0,487500.0,479000.0,484200.0,483500.0,259.0,371.0,26.3179
2026-06-26,RFX20062026,463500.0,471700.0,462000.0,467400.0,467400.0,8326.0,6886.0,53.0106
2026-06-26,RFX20082026,494000.0,494000.0,481600.0,482500.0,485800.0,2307.0,2678.0,25.1102
2026-06-29,RFX20062026,472900.0,480400.0,472000.0,474100.0,473700.0,7632.0,6538.0,91.9286
2026-06-29,RFX20082026,492000.0,500000.0,492000.0,496900.0,495000.0,2906.0,2600.0,27.576
2026-06-30,RFX20062026,472000.0,478900.0,468700.0,470900.0,470664.0,13644.0,0.0,
2026-06-30,RFX20082026,501800.0,501800.0,486700.0,491500.0,491800.0,2295.0,2018.0,25.5837
2026-07-01,RFX20082026,490500.0,493800.0,479000.0,485500.0,485500.0,7714.0,3458.0,26.8703
2026-07-02,RFX20082026,489900.0,494200.0,485600.0,488600.0,488600.0,4739.0,4081.0,24.1207
2026-07-03,RFX20082026,485400.0,494000.0,485400.0,493800.0,493900.0,4000.0,4034.0,23.3843
2026-07-06,RFX20082026,493100.0,505400.0,493100.0,504500.0,504400.0,5615.0,4418.0,23.2253
2026-07-07,RFX20082026,506700.0,507500.0,497000.0,497600.0,497600.0,1629.0,4821.0,22.1598
2026-07-08,RFX20082026,496800.0,502000.0,493200.0,495000.0,495000.0,5937.0,4911.0,22.9019
2026-07-13,RFX20082026,500000.0,506500.0,497500.0,498500.0,498500.0,7996.0,4831.0,21.31
2026-07-14,RFX20082026,501100.0,506600.0,496000.0,498000.0,498200.0,4465.0,5551.0,23.3272
2026-07-15,RFX20082026,502600.0,508000.0,497200.0,507700.0,507700.0,2602.0,5453.0,23.4615
2026-07-15,RFX20102026,519800.0,519900.0,519800.0,519900.0,519900.0,2.0,2.0,18.7503
2026-07-16,RFX20082026,502600.0,502900.0,488000.0,492500.0,491600.0,3093.0,5679.0,24.8516
2026-07-16,RFX20102026,514800.0,514800.0,511100.0,511100.0,511100.0,2.0,0.0,24.8712
2026-07-17,RFX20082026,492000.0,492200.0,481900.0,492200.0,492000.0,5126.0,5808.0,20.8313
2026-07-20,RFX20082026,489000.0,496400.0,487500.0,496000.0,496200.0,3738.0,5849.0,23.1047
2026-07-21,RFX20082026,499500.0,505900.0,497500.0,504900.0,504500.0,5046.0,5658.0,22.4926
2026-07-21,RFX20102026,526000.0,526000.0,526000.0,526000.0,524000.0,5.0,5.0,23.4519
2026-07-22,RFX20082026,512400.0,519400.0,509000.0,519000.0,518900.0,6114.0,5285.0,22.0669
2026-07-22,RFX20102026,537000.0,537000.0,537000.0,537000.0,537000.0,5.0,0.0,21.8664
2026-07-23,RFX20082026,517000.0,518000.0,508800.0,509200.0,509300.0,3295.0,5693.0,21.809
2026-07-24,RFX20082026,507100.0,512000.0,502500.0,504400.0,504400.0,6154.0,6429.0,22.8794
2026-07-27,RFX20082026,502100.0,507700.0,500500.0,506200.0,506200.0,1880.0,7325.0,23.7471
2026-07-28,RFX20082026,505000.0,505000.0,493500.0,496300.0,496000.0,4235.0,7783.0,18.7982
2026-07-29,RFX20082026,499900.0,499900.0,491000.0,493900.0,494200.0,2992.0,8175.0,22.31
2026-07-29,RFX20102026,515000.0,517600.0,515000.0,517600.0,514800.0,2.0,1.0,24.6061
2026-07-30,RFX20082026,497200.0,505600.0,497200.0,504400.0,504400.0,5302.0,7706.0,21.0123
2026-07-30,RFX20102026,523000.0,523000.0,523000.0,523000.0,525000.0,500.0,501.0,23.8102
2026-07-31,RFX20082026,507500.0,511000.0,501500.0,504100.0,503200.0,4850.0,7120.0,22.2657
2026-07-31,RFX20102026,527300.0,527300.0,527300.0,527300.0,523800.0,500.0,1.0,24.3157
2026-08-03,RFX20082026,503200.0,503400.0,499100.0,501000.0,501000.0,2289.0,7181.0,25.9733
2026-08-04,RFX20082026,501100.0,501100.0,485600.0,487500.0,488000.0,5352.0,8845.0,28.0785
2026-08-04,RFX20102026,513200.0,513200.0,513200.0,513200.0,508600.0,1.0,2.0,26.792
2026-08-05,RFX20082026,489900.0,491800.0,480000.0,481900.0,481900.0,4847.0,9800.0,27.0391
2026-08-05,RFX20102026,505000.0,505000.0,498100.0,498100.0,498100.0,2.0,3.0,22.7171
2026-08-06,RFX20082026,480100.0,485600.0,469800.0,474000.0,474000.0,4534.0,10619.0,26.9846
2026-08-06,RFX20102026,495000.0,495000.0,495000.0,495000.0,495000.0,1.0,4.0,27.3129
2026-08-07,RFX20082026,477800.0,479400.0,466500.0,471300.0,470700.0,5839.0,11348.0,25.223
2026-08-10,RFX20082026,468300.0,476800.0,459100.0,476600.0,476000.0,4779.0,11172.0,25.3007
2026-08-10,RFX20102026,486100.0,494000.0,486100.0,494000.0,494000.0,52.0,45.0,23.8476
2026-08-11,RFX20082026,483000.0,483400.0,456000.0,461500.0,461600.0,8505.0,12707.0,30.8285
2026-08-11,RFX20102026,480000.0,480000.0,479800.0,480000.0,480000.0,3.0,46.0,26.2011
2026-08-12,RFX20082026,462500.0,463700.0,454700.0,458000.0,458000.0,4604.0,13155.0,29.792
2026-08-12,RFX20102026,476200.0,478100.0,476200.0,478100.0,478100.0,4.0,47.0,27.7563
2026-08-13,RFX20082026,456500.0,461800.0,452500.0,458400.0,458300.0,3292.0,13399.0,29.3897
2026-08-13,RFX20102026,478700.0,478700.0,471000.0,471000.0,477600.0,19.0,45.0,26.7742
2026-08-14,RFX20082026,458500.0,460000.0,449700.0,449800.0,449800.0,4384.0,13700.0,26.4967
2026-08-14,RFX20102026,475000.0,475000.0,471400.0,471600.0,471600.0,37.0,62.0,29.1076
2026-08-18,RFX20082026,455000.0,455000.0,439400.0,441000.0,441000.0,3828.0,13696.0,25.3797
2026-08-18,RFX20102026,470700.0,470700.0,462000.0,462000.0,462000.0,88.0,138.0,28.5444
2026-08-19,RFX20082026,444900.0,448700.0,436000.0,437300.0,437300.0,5320.0,13484.0,23.3888
2026-08-19,RFX20102026,462000.0,463000.0,456200.0,461100.0,457500.0,49.0,186.0,27.4953
2026-08-20,RFX20082026,440100.0,445300.0,435200.0,438600.0,438600.0,4342.0,13552.0,27.588
2026-08-20,RFX20102026,457400.0,466500.0,457400.0,461000.0,458500.0,18.0,192.0,27.793
2026-08-21,RFX20082026,444000.0,448600.0,440500.0,443000.0,443700.0,3725.0,14012.0,26.127
2026-08-21,RFX20102026,465000.0,465000.0,465000.0,465000.0,462700.0,2.0,194.0,26.2207
