date,open,high,low,close,volume,ticker
2018-01-02,113.0,115.0,110.0,112.4,158725.0,SUPV
2018-01-03,112.5,114.95,111.5,112.25,104332.0,SUPV
2018-01-04,111.95,114.5,110.0,114.5,150911.0,SUPV
2018-01-05,115.0,118.5,114.0,114.75,166092.0,SUPV
2018-01-08,115.0,115.0,112.0,114.0,144970.0,SUPV
2018-01-09,114.0,114.9,111.45,112.1,60690.0,SUPV
2018-01-10,113.0,113.0,109.0,112.0,129337.0,SUPV
2018-01-11,112.5,115.85,111.5,115.85,72082.0,SUPV
2018-01-12,116.5,119.5,115.8,119.5,96771.0,SUPV
2018-01-15,121.0,129.0,121.0,125.0,99081.0,SUPV
2018-01-16,124.5,127.6,120.3,123.5,166533.0,SUPV
2018-01-17,124.0,129.5,124.0,124.8,73149.0,SUPV
2018-01-18,125.1,127.0,123.6,125.6,74340.0,SUPV
2018-01-19,125.9,125.9,124.1,124.8,68347.0,SUPV
2018-01-22,123.3,127.0,122.6,123.7,48736.0,SUPV
2018-01-23,123.5,129.4,122.0,127.5,210112.0,SUPV
2018-01-24,127.1,132.25,127.0,128.25,145654.0,SUPV
2018-01-25,129.0,129.0,125.0,128.75,145173.0,SUPV
2018-01-26,128.0,129.25,125.1,126.1,51543.0,SUPV
2018-01-29,125.9,130.0,120.0,121.75,139640.0,SUPV
2018-01-30,121.75,123.4,118.5,119.75,185909.0,SUPV
2018-01-31,120.0,128.0,119.8,125.65,219848.0,SUPV
2018-02-01,126.0,130.0,122.0,124.2,92188.0,SUPV
2018-02-02,124.2,124.2,117.0,118.05,201551.0,SUPV
2018-02-05,118.05,118.05,113.0,113.0,90600.0,SUPV
2018-02-06,110.0,120.0,107.0,120.0,187105.0,SUPV
2018-02-07,119.5,126.5,117.5,117.55,87459.0,SUPV
2018-02-08,122.6,122.6,115.8,115.9,81127.0,SUPV
2018-02-09,115.7,120.0,112.0,112.25,146726.0,SUPV
2018-02-14,115.1,123.0,115.0,122.5,90928.0,SUPV
2018-02-15,125.0,128.1,124.0,128.05,75135.0,SUPV
2018-02-16,130.0,132.0,127.25,128.35001,321197.0,SUPV
2018-02-19,129.0,135.0,129.0,134.39999,50167.0,SUPV
2018-02-20,134.0,134.0,128.3,129.39999,266995.0,SUPV
2018-02-21,129.95,130.0,127.3,128.3,103973.0,SUPV
2018-02-22,128.3,132.0,128.1,128.39999,164616.0,SUPV
2018-02-23,129.0,130.0,120.0,127.85,215774.0,SUPV
2018-02-26,129.0,131.0,125.5,126.95,67229.0,SUPV
2018-02-27,128.0,128.0,123.0,123.5,97642.0,SUPV
2018-02-28,124.7,126.5,122.0,125.8,262267.0,SUPV
2018-03-01,126.9,126.9,120.5,121.0,44685.0,SUPV
2018-03-02,120.9,120.9,115.3,118.05,201209.0,SUPV
2018-03-05,120.0,122.0,117.9,119.45,43762.0,SUPV
2018-03-06,120.0,122.5,120.0,120.9,92654.0,SUPV
2018-03-07,120.9,120.9,115.3,119.05,27609.0,SUPV
2018-03-08,120.0,123.0,114.55,116.3,138028.0,SUPV
2018-03-09,117.0,120.5,116.3,119.9,93990.0,SUPV
2018-03-12,120.55,124.0,120.5,122.1,71847.0,SUPV
2018-03-13,122.1,122.5,121.0,121.65,29486.0,SUPV
2018-03-14,121.15,124.0,121.15,123.35,33400.0,SUPV
2018-03-15,124.0,127.0,122.9,125.05,103157.0,SUPV
2018-03-16,128.14999,128.5,123.0,124.05,32059.0,SUPV
2018-03-19,124.0,124.0,119.0,119.4,76432.0,SUPV
2018-03-20,119.5,122.2,119.5,121.9,57189.0,SUPV
2018-03-21,121.8,125.4,121.7,124.9,68185.0,SUPV
2018-03-22,124.5,124.5,121.0,121.7,82865.0,SUPV
2018-03-23,120.0,122.0,120.0,121.0,19641.0,SUPV
2018-03-26,122.0,125.0,121.5,123.4,51753.0,SUPV
2018-03-27,123.45,124.0,122.0,122.0,79559.0,SUPV
2018-03-28,121.0,123.0,121.0,122.15,33006.0,SUPV
2018-04-03,122.0,127.0,122.0,126.25,80007.0,SUPV
2018-04-04,126.45,127.0,124.15,125.35,64164.0,SUPV
2018-04-05,125.0,126.5,124.75,125.8,90911.0,SUPV
2018-04-06,126.5,126.5,123.8,124.0,17460.0,SUPV
2018-04-09,125.0,125.5,122.0,122.55,19457.0,SUPV
2018-04-10,123.55,126.5,123.55,125.1,75412.0,SUPV
2018-04-11,123.9,126.0,122.35,123.3,56995.0,SUPV
2018-04-12,123.3,126.5,123.3,125.6,66974.0,SUPV
2018-04-13,122.1,124.5,122.1,123.85,32463.0,SUPV
2018-04-16,126.0,126.0,121.5,121.75,16749.0,SUPV
2018-04-17,121.0,122.5,121.0,122.2,116105.0,SUPV
2018-04-18,122.2,122.2,121.0,121.0,42930.0,SUPV
2018-04-19,120.0,120.0,115.9,116.5,242479.0,SUPV
2018-04-20,118.5,118.5,114.8,116.45,79200.0,SUPV
2018-04-23,117.0,117.45,115.0,115.5,21816.0,SUPV
2018-04-24,115.45,116.5,114.9,115.5,67359.0,SUPV
2018-04-25,112.5,112.5,109.0,110.0,237588.0,SUPV
2018-04-26,110.0,111.0,108.0,110.85,176033.0,SUPV
2018-04-27,110.0,116.4,109.0,113.5,121218.0,SUPV
2018-05-02,112.6,112.6,106.0,107.75,104373.0,SUPV
2018-05-03,107.0,107.0,103.0,105.8,178160.0,SUPV
2018-05-04,106.0,107.0,100.0,102.0,181006.0,SUPV
2018-05-07,100.95,101.5,94.95,95.2,94626.0,SUPV
2018-05-08,93.9,97.0,85.1,96.55,383261.0,SUPV
2018-05-09,96.0,104.75,96.0,104.5,105327.0,SUPV
2018-05-10,106.0,107.0,102.5,106.4,172253.0,SUPV
2018-05-11,106.5,109.5,98.5,102.0,108382.0,SUPV
2018-05-14,101.9,101.9,96.5,97.6,176930.0,SUPV
2018-05-15,97.5,105.5,96.85,97.0,399338.0,SUPV
2018-05-16,100.0,102.0,97.0,99.8,453088.0,SUPV
2018-05-17,100.95,103.4,99.0,102.85,370969.0,SUPV
2018-05-18,105.95,105.95,100.5,101.9,453245.0,SUPV
2018-05-21,101.0,101.0,98.0,100.3,243016.0,SUPV
2018-05-22,98.5,98.5,91.0,92.2,1035526.0,SUPV
2018-05-23,90.0,92.6,88.5,89.6,318149.0,SUPV
2018-05-24,89.5,91.3,88.5,88.65,195087.0,SUPV
2018-05-28,88.65,89.0,84.9,85.45,84191.0,SUPV
2018-05-29,85.0,86.0,82.5,83.2,123712.0,SUPV
2018-05-30,84.9,86.0,82.3,82.5,103737.0,SUPV
2018-05-31,84.1,87.0,83.1,86.4,108261.0,SUPV
2018-06-01,88.9,88.9,83.3,85.65,172972.0,SUPV
2018-06-04,88.05,90.5,86.0,90.1,205400.0,SUPV
2018-06-05,93.35,98.0,93.0,97.5,569195.0,SUPV
2018-06-06,99.0,99.5,97.0,97.35,434284.0,SUPV
2018-06-07,97.1,97.1,91.1,94.55,339450.0,SUPV
2018-06-08,101.5,102.0,95.0,98.45,391536.0,SUPV
2018-06-11,98.5,102.0,98.5,99.65,226965.0,SUPV
2018-06-12,100.95,100.95,94.15,94.55,188636.0,SUPV
2018-06-13,93.0,93.0,87.95,88.9,548318.0,SUPV
2018-06-14,89.0,90.7,83.5,84.15,499302.0,SUPV
2018-06-15,84.95,84.95,81.0,83.45,464911.0,SUPV
2018-06-18,81.0,81.0,72.8,73.6,680160.0,SUPV
2018-06-19,75.0,78.9,75.0,78.4,849428.0,SUPV
2018-06-21,88.0,91.0,82.5,83.65,3079514.0,SUPV
2018-06-22,84.0,84.0,76.55,77.05,1373216.0,SUPV
2018-06-25,74.5,74.5,67.0,67.2,1646933.0,SUPV
2018-06-26,67.7,71.0,65.5,66.2,991480.0,SUPV
2018-06-27,63.75,64.0,56.0,56.5,1787118.0,SUPV
2018-06-28,58.5,62.4,56.75,61.5,1654530.0,SUPV
2018-06-29,60.0,62.4,57.2,61.6,1118911.0,SUPV
2018-07-02,60.0,63.95,58.0,63.35,890823.0,SUPV
2018-07-03,65.0,71.5,65.0,71.05,1573229.0,SUPV
2018-07-04,72.5,73.0,70.0,72.95,209984.0,SUPV
2018-07-05,69.85,76.85,67.85,73.2,993689.0,SUPV
2018-07-06,73.9,74.95,70.75,71.65,431878.0,SUPV
2018-07-10,74.0,74.5,70.25,70.3,164316.0,SUPV
2018-07-11,70.1,71.15,68.55,70.15,141627.0,SUPV
2018-07-12,71.5,72.4,66.2,67.2,481681.0,SUPV
2018-07-13,67.95,67.95,64.0,64.3,228797.0,SUPV
2018-07-16,64.5,66.0,62.0,64.0,192460.0,SUPV
2018-07-17,64.0,66.5,62.4,64.4,481922.0,SUPV
2018-07-18,64.9,65.5,63.8,65.5,636597.0,SUPV
2018-07-19,64.1,64.1,62.5,62.75,457448.0,SUPV
2018-07-20,63.0,64.5,62.4,63.55,570665.0,SUPV
2018-07-23,63.4,63.85,62.6,63.35,389979.0,SUPV
2018-07-24,64.15,65.9,64.15,65.5,561951.0,SUPV
2018-07-25,67.0,71.8,66.5,71.7,1779980.0,SUPV
2018-07-26,71.0,73.7,70.85,72.8,1320834.0,SUPV
2018-07-27,74.2,75.2,71.05,74.5,529629.0,SUPV
2018-07-30,74.4,74.9,72.0,72.6,348780.0,SUPV
2018-07-31,73.25,75.0,73.0,74.5,623147.0,SUPV
2018-08-01,74.45,75.8,73.0,75.3,168506.0,SUPV
2018-08-02,73.95,75.5,72.0,72.1,365555.0,SUPV
2018-08-03,73.0,74.1,72.3,72.8,171426.0,SUPV
2018-08-06,72.0,73.5,71.05,72.3,145850.0,SUPV
2018-08-07,71.0,71.95,68.0,68.55,170399.0,SUPV
2018-08-08,67.5,67.55,64.3,64.85,180406.0,SUPV
2018-08-09,64.45,68.0,63.5,66.0,206336.0,SUPV
2018-08-10,63.9,66.0,61.6,65.4,356181.0,SUPV
2018-08-13,63.75,63.75,59.7,61.0,606397.0,SUPV
2018-08-14,61.7,63.0,58.6,62.0,693072.0,SUPV
2018-08-15,59.9,63.5,59.1,61.55,589771.0,SUPV
2018-08-16,61.5,63.4,59.0,60.35,673147.0,SUPV
2018-08-17,57.15,57.5,55.5,56.35,530456.0,SUPV
2018-08-21,55.4,55.4,53.8,54.0,622060.0,SUPV
2018-08-22,53.65,57.3,53.0,57.3,628074.0,SUPV
2018-08-23,57.0,58.15,54.75,55.3,348208.0,SUPV
2018-08-24,52.5,52.5,38.2,38.25,12049053.0,SUPV
2018-08-27,37.9,40.5,37.4,38.35,5688916.0,SUPV
2018-08-28,37.0,38.15,35.5,38.0,2126452.0,SUPV
2018-08-29,37.7,39.8,37.0,37.9,1848495.0,SUPV
2018-08-30,37.0,42.0,35.7,41.9,1314730.0,SUPV
2018-08-31,44.0,52.45,44.0,51.0,4453771.0,SUPV
2018-09-03,51.8,54.3,48.05,52.0,939198.0,SUPV
2018-09-04,49.9,51.5,47.8,49.8,1644019.0,SUPV
2018-09-05,52.15,56.0,51.2,54.15,1927773.0,SUPV
2018-09-06,57.05,61.2,56.5,60.0,8079724.0,SUPV
2018-09-07,58.5,62.0,55.7,58.75,1342779.0,SUPV
2018-09-10,58.75,59.25,55.8,57.3,921432.0,SUPV
2018-09-11,55.3,56.85,53.0,56.2,710351.0,SUPV
2018-09-12,56.0,58.0,55.0,57.1,1193860.0,SUPV
2018-09-13,59.0,60.4,54.6,55.2,978575.0,SUPV
2018-09-14,54.6,56.5,54.15,55.95,929007.0,SUPV
2018-09-17,57.0,60.3,57.0,59.7,1073918.0,SUPV
2018-09-18,60.55,62.0,58.75,59.7,1045191.0,SUPV
2018-09-19,60.5,65.0,60.2,63.4,1186927.0,SUPV
2018-09-20,69.0,74.0,65.3,68.45,2211799.0,SUPV
2018-09-21,70.0,71.75,67.0,69.95,2519050.0,SUPV
2018-09-24,69.75,69.75,63.0,65.35,3382565.0,SUPV
2018-09-25,62.0,71.0,62.0,70.45,1786517.0,SUPV
2018-09-26,72.0,72.0,68.15,69.2,1279266.0,SUPV
2018-09-27,71.0,72.5,65.0,66.3,1401088.0,SUPV
2018-09-28,65.0,66.0,63.3,63.9,2005567.0,SUPV
2018-10-01,65.0,66.1,61.0,63.8,1241545.0,SUPV
2018-10-02,64.1,66.75,63.6,64.1,1080832.0,SUPV
2018-10-03,66.35,66.75,62.0,62.7,889202.0,SUPV
2018-10-04,62.4,63.0,58.5,58.6,687912.0,SUPV
2018-10-05,59.5,60.5,56.0,56.0,738399.0,SUPV
2018-10-08,57.0,58.0,55.0,55.45,600667.0,SUPV
2018-10-09,54.2,54.35,51.1,53.8,1329816.0,SUPV
2018-10-10,52.5,53.0,50.0,50.0,751665.0,SUPV
2018-10-11,51.0,52.0,47.2,48.95,1186335.0,SUPV
2018-10-12,51.6,55.5,51.1,55.5,2205561.0,SUPV
2018-10-16,55.5,56.5,53.5,54.4,288459.0,SUPV
2018-10-17,52.6,54.0,50.75,51.5,226519.0,SUPV
2018-10-18,51.5,52.7,50.5,51.45,253055.0,SUPV
2018-10-19,52.3,53.9,51.2,51.2,176351.0,SUPV
2018-10-22,51.0,53.0,50.65,51.0,256780.0,SUPV
2018-10-23,51.0,52.25,49.6,52.25,853118.0,SUPV
2018-10-24,53.8,53.8,51.0,51.9,517409.0,SUPV
2018-10-25,52.5,58.6,52.5,58.0,953705.0,SUPV
2018-10-26,57.55,59.1,56.05,58.2,799569.0,SUPV
2018-10-29,59.75,60.6,58.2,59.7,821650.0,SUPV
2018-10-30,60.5,61.2,59.5,59.75,518990.0,SUPV
2018-10-31,59.75,59.8,56.5,59.0,603738.0,SUPV
2018-11-01,59.25,64.8,59.25,64.5,976142.0,SUPV
2018-11-02,65.0,66.0,63.0,64.0,807047.0,SUPV
2018-11-05,62.1,64.5,62.1,62.8,636983.0,SUPV
2018-11-06,63.0,65.1,59.5,60.5,820426.0,SUPV
2018-11-07,61.5,63.2,61.0,62.5,465606.0,SUPV
2018-11-08,63.0,63.25,60.0,60.0,379733.0,SUPV
2018-11-09,60.3,60.8,58.2,59.0,395449.0,SUPV
2018-11-12,59.25,59.25,57.5,58.1,240743.0,SUPV
2018-11-13,58.4,60.0,54.0,56.65,443845.0,SUPV
2018-11-14,55.55,59.0,55.55,58.65,194137.0,SUPV
2018-11-15,58.4,62.75,58.4,60.5,473479.0,SUPV
2018-11-16,61.25,64.8,61.0,63.75,1761744.0,SUPV
2018-11-20,63.05,64.95,62.4,62.9,1230145.0,SUPV
2018-11-21,63.0,66.0,63.0,64.95,789081.0,SUPV
2018-11-22,64.75,65.2,63.35,64.7,250314.0,SUPV
2018-11-23,64.5,68.5,64.25,66.7,1674053.0,SUPV
2018-11-26,66.85,69.3,66.7,67.4,981772.0,SUPV
2018-11-27,66.9,68.35,64.1,64.25,496354.0,SUPV
2018-11-28,64.95,66.65,62.0,66.1,1029806.0,SUPV
2018-11-29,66.0,66.95,65.0,66.4,458671.0,SUPV
2018-12-03,67.9,69.0,66.0,66.3,1045524.0,SUPV
2018-12-04,66.2,67.4,65.2,67.2,507502.0,SUPV
2018-12-05,66.6,66.9,66.05,66.8,188162.0,SUPV
2018-12-06,65.25,68.5,64.5,68.5,936224.0,SUPV
2018-12-07,68.0,69.0,66.4,66.5,373472.0,SUPV
2018-12-10,66.5,67.8,65.1,65.3,353372.0,SUPV
2018-12-11,65.5,68.75,65.5,67.0,1319743.0,SUPV
2018-12-12,66.1,68.8,66.1,66.4,665849.0,SUPV
2018-12-13,67.7,68.0,65.0,65.25,294212.0,SUPV
2018-12-14,65.35,66.2,64.35,65.3,217402.0,SUPV
2018-12-17,65.0,65.8,61.05,62.2,655996.0,SUPV
2018-12-18,61.6,63.25,60.9,61.3,160028.0,SUPV
2018-12-19,60.55,62.95,60.55,61.75,455861.0,SUPV
2018-12-20,61.0,61.1,58.5,60.05,499057.0,SUPV
2018-12-21,60.2,60.2,55.1,56.7,904380.0,SUPV
2018-12-26,56.6,56.9,52.65,56.5,747626.0,SUPV
2018-12-27,56.1,61.05,56.1,59.45,409355.0,SUPV
2018-12-28,59.4,63.5,59.4,63.0,280198.0,SUPV
2019-01-02,63.05,65.6,63.05,64.55,360514.0,SUPV
2019-01-03,64.5,64.5,62.55,63.2,251642.0,SUPV
2019-01-04,64.0,67.35,63.7,66.3,535583.0,SUPV
2019-01-07,66.0,69.2,65.9,67.2,999007.0,SUPV
2019-01-08,67.3,68.8,64.2,65.8,419618.0,SUPV
2019-01-09,67.0,70.0,66.1,68.6,874146.0,SUPV
2019-01-10,68.8,71.4,68.0,71.35,1013456.0,SUPV
2019-01-11,71.35,71.6,69.7,71.2,618920.0,SUPV
2019-01-14,71.3,71.75,70.1,70.6,199493.0,SUPV
2019-01-15,71.6,71.6,68.5,69.6,395938.0,SUPV
2019-01-16,70.0,71.9,69.6,69.85,464044.0,SUPV
2019-01-17,69.5,70.2,68.0,69.8,451154.0,SUPV
2019-01-18,70.5,72.2,69.3,71.45,556873.0,SUPV
2019-01-21,71.5,73.0,71.0,72.85,173085.0,SUPV
2019-01-22,72.0,72.0,67.85,68.4,933505.0,SUPV
2019-01-23,69.15,70.85,68.15,70.25,440360.0,SUPV
2019-01-24,70.1,71.8,69.75,70.2,611695.0,SUPV
2019-01-25,70.3,71.5,69.3,69.5,421373.0,SUPV
2019-01-28,69.55,72.8,67.4,72.8,732918.0,SUPV
2019-01-29,72.75,74.4,71.5,74.4,497876.0,SUPV
2019-01-30,74.5,77.5,74.5,76.9,1026121.0,SUPV
2019-01-31,77.55,79.4,75.8,78.0,1563549.0,SUPV
2019-02-01,77.9,80.0,76.35,79.8,921046.0,SUPV
2019-02-04,80.0,84.7,79.9,84.1,1540603.0,SUPV
2019-02-05,84.95,85.8,82.1,84.5,1229908.0,SUPV
2019-02-06,85.0,85.0,80.0,80.9,1008491.0,SUPV
2019-02-07,81.0,81.0,77.1,79.4,1581093.0,SUPV
2019-02-08,79.05,82.5,78.05,82.35,739057.0,SUPV
2019-02-11,82.45,83.85,81.2,81.5,380599.0,SUPV
2019-02-12,81.7,84.55,81.7,84.0,469376.0,SUPV
2019-02-13,84.0,84.9,81.0,81.5,330110.0,SUPV
2019-02-14,81.75,82.7,79.5,81.8,423303.0,SUPV
2019-02-15,82.0,82.7,80.1,81.5,212775.0,SUPV
2019-02-18,81.0,81.5,80.0,81.5,197800.0,SUPV
2019-02-19,81.5,81.7,77.6,78.0,1175397.0,SUPV
2019-02-20,80.0,81.95,76.0,77.5,3080342.0,SUPV
2019-02-21,77.5,77.7,74.3,74.4,1247941.0,SUPV
2019-02-22,75.0,78.4,75.0,78.4,1433888.0,SUPV
2019-02-25,79.15,80.45,75.0,75.65,1054729.0,SUPV
2019-02-26,75.0,76.2,73.8,76.2,747534.0,SUPV
2019-02-27,77.0,77.0,72.05,73.0,851141.0,SUPV
2019-02-28,73.0,73.0,68.7,69.15,1077530.0,SUPV
2019-03-01,71.0,71.75,65.5,67.25,2499214.0,SUPV
2019-03-06,67.0,67.0,61.3,61.5,1329724.0,SUPV
2019-03-07,61.65,65.5,60.5,63.85,1217214.0,SUPV
2019-03-08,63.9,66.6,61.55,63.5,883324.0,SUPV
2019-03-11,65.5,66.0,62.05,62.85,928852.0,SUPV
2019-03-12,63.6,63.7,61.65,62.1,791912.0,SUPV
2019-03-13,62.3,63.7,61.05,61.5,826081.0,SUPV
2019-03-14,61.55,61.9,59.15,59.95,357858.0,SUPV
2019-03-15,61.0,62.6,60.1,61.0,1318972.0,SUPV
2019-03-18,62.9,64.45,61.7,64.1,616281.0,SUPV
2019-03-19,66.0,66.45,60.65,61.4,1639214.0,SUPV
2019-03-20,61.7,62.4,59.9,60.25,1085962.0,SUPV
2019-03-21,61.0,61.5,58.5,58.5,670686.0,SUPV
2019-03-22,57.5,58.2,54.9,55.25,1345143.0,SUPV
2019-03-25,56.1,57.5,55.25,55.6,1433108.0,SUPV
2019-03-26,56.4,57.3,53.2,53.3,2467279.0,SUPV
2019-03-27,52.0,53.95,51.2,53.35,948941.0,SUPV
2019-03-28,54.0,54.5,52.55,53.5,550308.0,SUPV
2019-03-29,54.5,55.0,52.75,53.0,1050238.0,SUPV
2019-04-01,53.0,56.0,52.4,52.45,547151.0,SUPV
2019-04-03,52.95,52.95,49.2,49.6,844024.0,SUPV
2019-04-04,50.0,51.7,50.0,50.8,559022.0,SUPV
2019-04-05,51.0,53.95,51.0,52.6,1269249.0,SUPV
2019-04-08,54.1,55.9,53.45,55.5,1101966.0,SUPV
2019-04-09,54.5,54.5,50.35,52.05,1548781.0,SUPV
2019-04-10,52.0,52.75,50.8,51.35,1266649.0,SUPV
2019-04-11,51.0,51.55,49.5,51.4,1248122.0,SUPV
2019-04-12,51.65,52.1,49.7,50.4,1027047.0,SUPV
2019-04-15,50.4,51.7,50.0,51.2,551919.0,SUPV
2019-04-16,53.0,53.0,51.0,51.2,377426.0,SUPV
2019-04-17,51.25,52.8,50.7,51.75,1564279.0,SUPV
2019-04-22,49.9,49.9,47.5,47.7,766593.0,SUPV
2019-04-23,48.1,50.2,47.85,47.85,691692.0,SUPV
2019-04-24,47.0,47.0,44.0,44.6,1043020.0,SUPV
2019-04-25,41.3,47.5,40.5,47.3,5446714.0,SUPV
2019-04-26,48.55,48.9,45.7,46.95,782947.0,SUPV
2019-04-29,45.95,46.9,44.85,45.0,559395.0,SUPV
2019-04-30,45.35,45.8,44.15,44.8,622041.0,SUPV
2019-05-02,47.4,48.25,46.05,48.0,1266310.0,SUPV
2019-05-03,49.9,51.8,49.0,51.6,1058580.0,SUPV
2019-05-06,50.65,52.75,49.8,51.85,831996.0,SUPV
2019-05-07,50.5,50.5,48.55,48.9,1298350.0,SUPV
2019-05-08,49.0,50.9,49.0,50.0,1150096.0,SUPV
2019-05-09,49.45,51.25,48.7,49.8,768048.0,SUPV
2019-05-10,51.0,51.7,48.3,48.75,861944.0,SUPV
2019-05-13,47.8,49.0,46.5,47.05,395853.0,SUPV
2019-05-14,47.95,48.7,46.5,47.25,576598.0,SUPV
2019-05-15,48.9,49.75,48.25,48.25,213337.0,SUPV
2019-05-16,51.0,51.4,50.0,50.95,592454.0,SUPV
2019-05-17,50.8,50.8,48.65,48.7,425485.0,SUPV
2019-05-20,48.75,49.85,47.05,49.85,335194.0,SUPV
2019-05-21,51.5,55.35,51.0,55.0,1101097.0,SUPV
2019-05-22,54.8,54.9,52.9,52.9,432790.0,SUPV
2019-05-23,53.1,53.95,51.6,52.25,254183.0,SUPV
2019-05-24,52.5,53.7,52.0,52.4,374170.0,SUPV
2019-05-27,53.1,53.9,52.35,53.65,222970.0,SUPV
2019-05-28,53.5,54.8,52.85,53.35,1396178.0,SUPV
2019-05-29,53.0,54.1,50.8,54.1,771964.0,SUPV
2019-05-30,54.7,55.7,53.3,53.35,1032317.0,SUPV
2019-05-31,53.3,55.4,52.25,52.7,704061.0,SUPV
2019-06-03,52.2,52.75,50.05,50.9,502369.0,SUPV
2019-06-04,51.5,54.45,50.15,54.4,628370.0,SUPV
2019-06-05,55.0,56.25,53.8,56.0,846073.0,SUPV
2019-06-06,55.4,56.2,54.5,55.95,695747.0,SUPV
2019-06-07,56.0,56.05,54.0,54.2,883193.0,SUPV
2019-06-10,54.35,56.6,54.35,56.3,872798.0,SUPV
2019-06-11,58.0,65.95,57.15,64.7,1921907.0,SUPV
2019-06-12,68.2,71.45,67.0,68.5,3025005.0,SUPV
2019-06-13,65.95,69.3,64.0,67.2,1160226.0,SUPV
2019-06-14,67.0,67.15,64.8,65.5,1459773.0,SUPV
2019-06-18,65.6,66.9,64.2,64.2,604982.0,SUPV
2019-06-19,64.8,65.5,60.5,60.8,738191.0,SUPV
2019-06-21,62.2,63.8,62.1,62.3,1537441.0,SUPV
2019-06-24,62.4,63.35,61.65,63.15,1294217.0,SUPV
2019-06-25,63.15,63.5,62.0,62.7,1723502.0,SUPV
2019-06-26,63.0,64.2,60.5,61.1,1006330.0,SUPV
2019-06-27,61.0,63.6,60.95,63.4,1736141.0,SUPV
2019-06-28,64.45,67.5,64.0,67.25,942963.0,SUPV
2019-07-01,68.0,69.55,66.15,66.6,978346.0,SUPV
2019-07-02,66.4,69.55,65.55,69.2,1627291.0,SUPV
2019-07-03,69.55,69.95,67.9,69.5,897227.0,SUPV
2019-07-04,69.95,70.0,68.5,70.0,293574.0,SUPV
2019-07-05,68.75,70.0,68.25,69.45,729279.0,SUPV
2019-07-10,72.0,72.6,70.3,71.3,1915460.0,SUPV
2019-07-11,71.95,72.85,69.75,70.0,1384230.0,SUPV
2019-07-12,70.45,70.95,69.1,69.15,1019446.0,SUPV
2019-07-15,68.9,69.4,66.4,66.8,923629.0,SUPV
2019-07-16,67.5,69.3,67.3,67.75,896937.0,SUPV
2019-07-17,68.0,70.7,68.0,68.8,908904.0,SUPV
2019-07-18,68.5,69.55,65.15,66.6,2982843.0,SUPV
2019-07-19,67.0,67.2,63.9,64.4,1291517.0,SUPV
2019-07-22,62.1,62.3,60.8,61.0,1161566.0,SUPV
2019-07-23,61.2,62.0,59.0,60.5,1963570.0,SUPV
2019-07-24,60.0,62.5,60.0,61.65,603242.0,SUPV
2019-07-25,61.6,63.0,60.2,62.0,560232.0,SUPV
2019-07-26,62.35,67.0,62.35,66.6,1582397.0,SUPV
2019-07-29,66.1,69.45,64.85,68.0,1049590.0,SUPV
2019-07-30,67.0,68.25,66.5,67.55,397130.0,SUPV
2019-07-31,69.0,69.0,66.55,68.2,919224.0,SUPV
2019-08-01,68.5,68.75,64.55,65.3,885085.0,SUPV
2019-08-02,64.5,67.5,63.2,67.3,844599.0,SUPV
2019-08-05,65.9,67.8,65.3,67.35,525899.0,SUPV
2019-08-06,67.8,68.35,65.0,66.25,910757.0,SUPV
2019-08-07,65.0,66.4,64.4,65.25,662745.0,SUPV
2019-08-08,65.7,66.7,64.0,64.7,1049661.0,SUPV
2019-08-09,64.8,70.3,64.8,69.55,1715400.0,SUPV
2019-08-12,48.0,48.0,35.55,38.5,3582361.0,SUPV
2019-08-13,40.7,42.0,37.25,41.9,2675032.0,SUPV
2019-08-14,42.2,43.45,38.55,41.1,1401535.0,SUPV
2019-08-15,42.7,46.85,41.5,45.8,2215947.0,SUPV
2019-08-16,49.1,52.0,44.6,44.65,1604753.0,SUPV
2019-08-20,40.0,40.95,37.1,37.7,2852279.0,SUPV
2019-08-21,39.0,39.5,38.1,39.3,608379.0,SUPV
2019-08-22,39.5,40.5,39.3,39.35,958375.0,SUPV
2019-08-23,39.5,39.55,36.6,37.05,1064309.0,SUPV
2019-08-26,37.45,37.8,35.35,36.5,539786.0,SUPV
2019-08-27,35.1,35.75,32.1,32.65,3126688.0,SUPV
2019-08-28,34.0,35.5,33.5,35.0,1507598.0,SUPV
2019-08-29,32.9,34.7,30.6,31.0,1367898.0,SUPV
2019-08-30,32.4,32.6,30.0,30.0,1218697.0,SUPV
2019-09-02,29.9,32.2,29.9,31.95,313435.0,SUPV
2019-09-03,32.3,32.3,27.2,28.7,637917.0,SUPV
2019-09-04,28.6,34.0,28.5,33.0,1263808.0,SUPV
2019-09-05,35.05,38.55,34.8,38.45,1318690.0,SUPV
2019-09-06,41.0,41.4,39.0,40.2,1113210.0,SUPV
2019-09-09,41.7,44.0,38.25,41.0,600979.0,SUPV
2019-09-10,41.0,42.0,40.5,41.85,525368.0,SUPV
2019-09-11,40.6,42.9,40.6,42.75,498859.0,SUPV
2019-09-12,41.95,43.0,40.6,41.6,919347.0,SUPV
2019-09-16,41.7,43.5,40.0,41.0,504417.0,SUPV
2019-09-17,40.0,41.2,39.6,41.0,642873.0,SUPV
2019-09-18,40.85,40.85,39.35,40.75,428429.0,SUPV
2019-09-19,39.7,41.9,39.0,40.9,385626.0,SUPV
2019-09-20,42.0,42.0,39.8,40.5,166792.0,SUPV
2019-09-23,39.85,39.85,37.5,38.2,462937.0,SUPV
2019-09-24,38.5,38.5,35.5,36.1,564556.0,SUPV
2019-09-25,36.0,37.4,35.5,36.8,853511.0,SUPV
2019-09-26,37.0,39.5,36.8,37.75,954051.0,SUPV
2019-09-27,39.55,40.6,38.2,40.0,1365920.0,SUPV
2019-09-30,39.45,40.95,38.5,40.95,419391.0,SUPV
2019-10-01,41.0,41.5,40.05,40.9,723967.0,SUPV
2019-10-02,41.45,42.45,40.0,41.6,320255.0,SUPV
2019-10-03,41.55,41.95,39.85,40.3,191272.0,SUPV
2019-10-04,40.1,42.4,39.65,42.4,575658.0,SUPV
2019-10-07,42.3,44.65,42.3,42.4,1230657.0,SUPV
2019-10-08,42.4,42.45,40.7,40.7,276287.0,SUPV
2019-10-09,40.95,42.0,39.9,41.7,163102.0,SUPV
2019-10-10,40.8,44.15,40.8,44.05,653892.0,SUPV
2019-10-11,44.1,44.95,42.85,43.0,849875.0,SUPV
2019-10-15,43.0,43.8,41.3,41.3,246357.0,SUPV
2019-10-16,41.8,43.1,41.3,42.0,229769.0,SUPV
2019-10-17,42.0,43.7,41.3,42.8,303678.0,SUPV
2019-10-18,43.0,43.6,42.0,42.45,622119.0,SUPV
2019-10-21,41.9,43.3,41.5,43.0,986666.0,SUPV
2019-10-22,43.0,44.05,43.0,43.0,751936.0,SUPV
2019-10-23,43.0,43.9,41.0,42.5,841732.0,SUPV
2019-10-24,42.0,45.0,41.75,43.5,435325.0,SUPV
2019-10-25,43.6,46.3,43.0,44.2,1111670.0,SUPV
2019-10-28,45.0,48.85,41.0,42.3,800576.0,SUPV
2019-10-29,42.0,43.7,40.55,40.7,230199.0,SUPV
2019-10-30,41.0,43.0,40.1,42.8,312539.0,SUPV
2019-10-31,42.9,44.0,41.8,42.8,359215.0,SUPV
2019-11-01,43.7,45.0,43.0,43.4,232054.0,SUPV
2019-11-04,43.6,47.25,43.6,46.75,1081568.0,SUPV
2019-11-05,47.0,49.4,46.1,49.2,1222239.0,SUPV
2019-11-06,49.4,49.7,46.3,46.85,322859.0,SUPV
2019-11-07,46.95,48.5,46.3,46.8,258423.0,SUPV
2019-11-08,47.45,47.45,43.0,43.0,608496.0,SUPV
2019-11-11,43.2,44.4,41.6,41.8,365217.0,SUPV
2019-11-12,42.1,43.0,39.7,40.0,431425.0,SUPV
2019-11-13,40.2,42.0,37.8,38.8,459371.0,SUPV
2019-11-14,38.25,39.75,36.0,37.4,488817.0,SUPV
2019-11-15,37.4,39.9,35.55,38.1,710027.0,SUPV
2019-11-19,38.0,41.0,36.05,40.05,360934.0,SUPV
2019-11-20,40.2,43.0,40.2,42.0,413017.0,SUPV
2019-11-21,42.9,43.5,41.6,41.95,100792.0,SUPV
2019-11-22,41.15,43.2,40.6,41.4,274282.0,SUPV
2019-11-26,41.3,42.0,39.0,39.5,245498.0,SUPV
2019-11-27,40.2,42.9,40.2,42.8,275651.0,SUPV
2019-11-28,43.05,43.6,42.3,43.6,151265.0,SUPV
2019-11-29,43.6,43.6,42.15,42.8,144871.0,SUPV
2019-12-02,42.55,43.2,40.25,40.9,206618.0,SUPV
2019-12-03,40.95,41.5,39.45,40.0,311454.0,SUPV
2019-12-04,40.6,43.0,40.2,43.0,354299.0,SUPV
2019-12-05,43.3,43.45,41.6,43.4,663414.0,SUPV
2019-12-06,43.6,45.1,43.25,44.75,571993.0,SUPV
2019-12-09,44.75,46.7,44.1,45.4,582980.0,SUPV
2019-12-10,45.4,45.4,41.8,41.8,414900.0,SUPV
2019-12-11,42.5,43.9,40.55,42.5,287280.0,SUPV
2019-12-12,43.1,43.7,42.2,43.7,230009.0,SUPV
2019-12-13,44.1,47.15,43.3,45.9,661190.0,SUPV
2019-12-16,45.9,48.0,45.9,46.9,698990.0,SUPV
2019-12-17,47.0,47.45,45.0,46.9,606787.0,SUPV
2019-12-18,46.5,49.2,46.15,46.9,589858.0,SUPV
2019-12-19,47.1,49.5,47.1,47.5,344699.0,SUPV
2019-12-20,48.0,49.0,47.1,47.1,297706.0,SUPV
2019-12-23,48.5,52.8,46.3,52.15,1351765.0,SUPV
2019-12-26,54.05,60.9,53.15,59.05,1197478.0,SUPV
2019-12-27,60.0,62.0,56.3,58.1,649340.0,SUPV
2019-12-30,58.05,60.1,54.5,56.8,429656.0,SUPV
2020-01-02,56.5,58.4,53.65,55.0,478370.0,SUPV
2020-01-03,55.0,55.0,51.9,54.4,397396.0,SUPV
2020-01-06,54.4,56.75,53.5,56.75,270356.0,SUPV
2020-01-07,56.8,58.0,53.7,54.4,532976.0,SUPV
2020-01-08,54.4,55.25,53.0,54.15,364052.0,SUPV
2020-01-09,54.45,57.55,53.1,57.55,688414.0,SUPV
2020-01-10,58.0,59.95,56.95,59.95,749601.0,SUPV
2020-01-13,59.5,60.65,57.0,57.9,728318.0,SUPV
2020-01-14,57.3,57.3,54.3,55.55,544523.0,SUPV
2020-01-15,55.45,56.5,52.6,53.0,661202.0,SUPV
2020-01-16,53.1,55.4,53.1,55.0,762023.0,SUPV
2020-01-17,56.0,56.3,54.1,54.25,553019.0,SUPV
2020-01-20,54.4,56.2,54.25,55.7,247644.0,SUPV
2020-01-21,55.0,56.0,52.75,54.0,508377.0,SUPV
2020-01-22,52.95,54.05,51.5,53.95,774034.0,SUPV
2020-01-23,53.85,53.85,52.05,52.7,411385.0,SUPV
2020-01-24,52.8,53.1,50.0,51.2,1168530.0,SUPV
2020-01-27,50.45,50.45,48.0,49.5,713339.0,SUPV
2020-01-28,49.5,52.4,49.5,52.1,476383.0,SUPV
2020-01-29,52.05,53.5,50.6,50.6,644595.0,SUPV
2020-01-30,51.1,51.5,49.25,50.9,456407.0,SUPV
2020-01-31,51.0,51.8,49.25,50.2,244445.0,SUPV
2020-02-03,50.95,53.6,50.7,53.5,513949.0,SUPV
2020-02-04,53.5,56.05,49.0,53.7,629687.0,SUPV
2020-02-05,53.65,54.15,52.7,54.15,121394.0,SUPV
2020-02-06,54.25,54.4,52.7,53.4,86552.0,SUPV
2020-02-07,52.55,54.6,52.55,53.35,150055.0,SUPV
2020-02-10,53.5,54.45,52.5,53.0,49751.0,SUPV
2020-02-11,52.45,52.8,49.7,50.4,332072.0,SUPV
2020-02-12,50.5,51.6,49.55,50.6,140535.0,SUPV
2020-02-13,50.0,50.0,47.0,48.0,531546.0,SUPV
2020-02-14,48.25,49.45,47.5,49.0,381811.0,SUPV
2020-02-17,48.95,49.8,48.0,49.3,84260.0,SUPV
2020-02-18,48.75,48.85,46.7,47.5,217881.0,SUPV
2020-02-19,47.5,49.3,47.5,47.65,151310.0,SUPV
2020-02-20,47.8,50.65,47.8,50.05,393017.0,SUPV
2020-02-21,50.05,51.5,48.3,49.95,210206.0,SUPV
2020-02-26,47.4,47.55,45.65,46.6,616004.0,SUPV
2020-02-27,46.4,46.4,43.0,45.3,567926.0,SUPV
2020-02-28,45.0,45.0,43.05,45.0,222135.0,SUPV
2020-03-02,45.0,46.9,43.9,46.2,311921.0,SUPV
2020-03-03,46.0,47.5,44.4,44.8,696593.0,SUPV
2020-03-04,45.85,46.5,45.05,46.35,257421.0,SUPV
2020-03-05,46.0,46.0,44.7,45.65,189425.0,SUPV
2020-03-06,44.9,44.9,43.2,43.4,247123.0,SUPV
2020-03-09,39.0,39.6,36.1,36.55,756471.0,SUPV
2020-03-10,39.0,39.8,36.9,38.9,912747.0,SUPV
2020-03-11,38.4,39.0,35.3,35.75,326109.0,SUPV
2020-03-12,33.4,33.4,27.8,28.7,2513566.0,SUPV
2020-03-13,29.9,30.75,27.0,30.0,1503242.0,SUPV
2020-03-16,26.8,30.0,25.4,27.0,1041483.0,SUPV
2020-03-17,27.0,29.3,26.0,28.5,1171594.0,SUPV
2020-03-18,27.15,27.9,25.0,25.3,760384.0,SUPV
2020-03-19,25.2,27.85,25.2,27.85,599037.0,SUPV
2020-03-20,28.5,31.4,27.5,27.95,631616.0,SUPV
2020-03-25,30.0,31.7,28.85,31.15,884651.0,SUPV
2020-03-26,32.15,33.85,29.5,30.9,454675.0,SUPV
2020-03-27,29.0,29.0,27.9,28.0,251504.0,SUPV
2020-03-30,27.7,28.9,27.0,28.6,156911.0,SUPV
2020-04-01,27.95,29.45,26.85,29.45,929819.0,SUPV
2020-04-02,28.3,30.0,28.3,29.8,401786.0,SUPV
2020-04-03,29.9,30.5,29.2,30.5,469485.0,SUPV
2020-04-06,32.1,32.1,29.2,29.7,657272.0,SUPV
2020-04-07,30.9,31.0,28.35,28.65,735339.0,SUPV
2020-04-08,29.75,30.5,29.0,30.25,423387.0,SUPV
2020-04-13,30.1,32.0,28.9,31.3,296181.0,SUPV
2020-04-14,33.0,34.0,32.0,33.8,973192.0,SUPV
2020-04-15,33.75,36.95,32.0,36.15,1125088.0,SUPV
2020-04-16,35.9,37.0,33.0,35.2,752177.0,SUPV
2020-04-17,35.25,36.0,33.5,34.0,312837.0,SUPV
2020-04-20,35.0,36.7,33.25,36.05,475171.0,SUPV
2020-04-21,37.5,37.5,34.8,35.3,234584.0,SUPV
2020-04-22,35.35,35.95,34.2,34.7,201943.0,SUPV
2020-04-23,34.5,35.55,33.1,33.9,147017.0,SUPV
2020-04-24,33.7,33.7,31.15,32.4,290885.0,SUPV
2020-04-27,33.4,33.4,31.3,33.0,646794.0,SUPV
2020-04-28,34.35,37.25,34.35,37.0,1111393.0,SUPV
2020-04-29,38.8,40.0,37.0,38.5,717444.0,SUPV
2020-04-30,38.6,39.25,36.5,37.3,247483.0,SUPV
2020-05-04,36.55,37.0,34.75,36.85,323197.0,SUPV
2020-05-05,37.9,39.0,36.4,37.2,446006.0,SUPV
2020-05-06,36.8,39.75,36.3,38.5,499458.0,SUPV
2020-05-07,39.2,45.0,38.6,43.4,1238599.0,SUPV
2020-05-08,44.6,45.25,42.6,44.0,1358075.0,SUPV
2020-05-11,42.9,50.0,42.1,48.6,957002.0,SUPV
2020-05-12,49.1,53.85,48.9,49.4,1513502.0,SUPV
2020-05-13,47.4,48.9,45.0,47.0,549168.0,SUPV
2020-05-14,46.0,49.2,45.4,48.45,479356.0,SUPV
2020-05-15,50.0,51.6,47.25,49.0,819352.0,SUPV
2020-05-18,50.6,51.3,49.2,50.85,375035.0,SUPV
2020-05-19,50.0,50.8,48.9,49.1,105389.0,SUPV
2020-05-20,50.15,53.4,49.0,52.9,474885.0,SUPV
2020-05-21,53.6,55.35,51.5,54.35,858573.0,SUPV
2020-05-22,53.6,57.2,52.3,56.5,1021014.0,SUPV
2020-05-26,57.0,59.5,55.15,56.7,846910.0,SUPV
2020-05-27,56.0,56.05,53.05,53.2,536922.0,SUPV
2020-05-28,53.7,53.75,49.0,50.0,606642.0,SUPV
2020-05-29,48.1,51.9,47.0,47.6,508516.0,SUPV
2020-06-01,50.0,52.2,49.5,51.5,751145.0,SUPV
2020-06-02,52.15,57.1,52.15,55.5,980875.0,SUPV
2020-06-03,56.0,61.9,56.0,60.5,1220028.0,SUPV
2020-06-04,60.55,61.5,58.5,59.8,989211.0,SUPV
2020-06-05,62.0,62.8,60.05,62.05,914045.0,SUPV
2020-06-08,63.0,69.0,63.0,67.35,1356993.0,SUPV
2020-06-09,64.5,66.0,62.0,63.35,1046803.0,SUPV
2020-06-10,61.0,66.1,59.5,62.85,894183.0,SUPV
2020-06-11,62.5,62.5,55.4,57.0,1083147.0,SUPV
2020-06-12,59.0,60.3,54.7,58.5,794560.0,SUPV
2020-06-16,60.0,60.6,55.9,56.7,569709.0,SUPV
2020-06-17,57.0,57.0,52.65,53.45,526031.0,SUPV
2020-06-18,52.5,52.5,46.75,47.8,1803700.0,SUPV
2020-06-19,49.85,52.35,48.6,51.4,1725624.0,SUPV
2020-06-22,53.0,53.0,48.0,50.95,439463.0,SUPV
2020-06-23,51.85,53.0,50.0,50.75,679106.0,SUPV
2020-06-24,50.6,52.0,49.2,49.7,313275.0,SUPV
2020-06-25,52.0,54.8,51.45,54.8,848635.0,SUPV
2020-06-26,53.75,53.8,50.2,51.1,496950.0,SUPV
2020-06-29,52.25,53.8,49.75,50.5,668460.0,SUPV
2020-06-30,49.95,49.95,47.2,48.2,650546.0,SUPV
2020-07-01,49.0,50.95,48.0,50.5,254179.0,SUPV
2020-07-02,51.65,53.5,48.0,49.7,249753.0,SUPV
2020-07-03,49.9,50.95,48.7,49.5,214017.0,SUPV
2020-07-06,52.95,57.5,52.7,55.8,2443495.0,SUPV
2020-07-07,55.0,58.0,53.0,55.8,1043831.0,SUPV
2020-07-08,56.0,57.3,54.1,55.0,583314.0,SUPV
2020-07-13,56.0,58.35,54.0,54.05,866833.0,SUPV
2020-07-14,54.9,58.0,54.2,57.5,487635.0,SUPV
2020-07-15,58.55,61.0,57.75,60.65,945082.0,SUPV
2020-07-16,60.3,60.7,58.5,60.5,703297.0,SUPV
2020-07-17,61.45,62.1,61.0,62.0,597452.0,SUPV
2020-07-20,62.0,62.5,61.0,61.7,563050.0,SUPV
2020-07-21,61.4,64.35,60.25,63.5,937858.0,SUPV
2020-07-22,63.8,68.0,62.5,66.65,1636294.0,SUPV
2020-07-23,65.2,71.5,64.2,66.95,1873771.0,SUPV
2020-07-24,66.8,70.1,66.4,67.4,1083427.0,SUPV
2020-07-27,67.6,71.0,67.6,70.5,667555.0,SUPV
2020-07-28,70.5,72.0,66.85,70.5,1343044.0,SUPV
2020-07-29,71.5,72.9,68.9,69.95,476680.0,SUPV
2020-07-30,68.0,72.05,66.0,70.0,784876.0,SUPV
2020-07-31,72.0,74.15,69.0,71.5,277557.0,SUPV
2020-08-03,69.5,81.0,68.5,79.5,1796741.0,SUPV
2020-08-04,84.0,86.5,73.5,75.8,2424965.0,SUPV
2020-08-05,75.7,78.9,71.15,72.9,820258.0,SUPV
2020-08-06,72.6,75.0,70.0,74.0,979130.0,SUPV
2020-08-07,73.0,75.5,72.05,74.95,576100.0,SUPV
2020-08-10,76.5,77.1,73.35,75.0,373600.0,SUPV
2020-08-11,74.0,75.95,70.05,70.95,498153.0,SUPV
2020-08-12,71.0,71.0,67.5,69.15,865978.0,SUPV
2020-08-13,69.5,71.5,69.5,70.7,337333.0,SUPV
2020-08-14,71.3,71.3,67.0,67.2,363290.0,SUPV
2020-08-18,65.0,66.5,62.0,64.8,317014.0,SUPV
2020-08-19,65.0,67.25,64.4,66.6,323880.0,SUPV
2020-08-20,66.3,67.0,64.4,67.0,288977.0,SUPV
2020-08-21,68.0,70.3,66.5,68.3,579003.0,SUPV
2020-08-24,69.0,69.0,63.85,66.1,411024.0,SUPV
2020-08-25,65.0,67.0,63.9,66.45,361548.0,SUPV
2020-08-26,68.0,68.0,62.7,63.5,337997.0,SUPV
2020-08-27,62.7,63.9,60.05,60.15,389909.0,SUPV
2020-08-28,61.0,68.6,60.15,67.5,556149.0,SUPV
2020-08-31,68.0,69.3,66.0,69.15,411133.0,SUPV
2020-09-01,69.2,69.8,66.8,67.0,347215.0,SUPV
2020-09-02,66.5,66.5,63.9,64.5,336779.0,SUPV
2020-09-03,65.5,66.0,63.9,64.4,163805.0,SUPV
2020-09-04,64.3,64.4,61.05,63.45,193355.0,SUPV
2020-09-07,64.65,65.45,62.6,65.0,148116.0,SUPV
2020-09-08,63.5,65.7,62.0,64.5,168643.0,SUPV
2020-09-09,64.5,66.4,64.0,66.2,302428.0,SUPV
2020-09-10,66.6,68.75,66.0,68.4,505474.0,SUPV
2020-09-11,68.35,68.4,65.1,65.7,385478.0,SUPV
2020-09-14,65.95,66.4,61.95,62.7,287077.0,SUPV
2020-09-15,61.5,64.3,58.0,61.5,424922.0,SUPV
2020-09-16,59.95,60.0,57.1,57.9,526434.0,SUPV
2020-09-17,57.5,57.5,52.8,53.1,635636.0,SUPV
2020-09-18,52.9,56.7,52.15,54.9,873664.0,SUPV
2020-09-21,52.2,53.9,50.5,53.6,478027.0,SUPV
2020-09-22,53.95,54.3,50.3,51.45,450710.0,SUPV
2020-09-23,52.5,52.5,49.1,49.6,611996.0,SUPV
2020-09-24,50.0,54.0,49.8,52.95,575017.0,SUPV
2020-09-25,51.8,53.9,50.5,52.1,335410.0,SUPV
2020-09-28,53.0,53.5,50.9,50.95,240365.0,SUPV
2020-09-29,50.5,52.45,50.0,52.4,188072.0,SUPV
2020-09-30,52.9,53.95,51.1,51.5,420247.0,SUPV
2020-10-01,52.3,54.7,51.5,54.4,247877.0,SUPV
2020-10-02,53.7,54.9,53.0,54.15,207714.0,SUPV
2020-10-05,54.6,54.6,51.0,51.0,396234.0,SUPV
2020-10-06,53.25,54.2,49.65,49.8,1064473.0,SUPV
2020-10-07,50.15,51.45,49.5,50.4,265770.0,SUPV
2020-10-08,50.05,51.55,50.05,51.5,298495.0,SUPV
2020-10-09,51.75,51.75,50.85,51.35,214057.0,SUPV
2020-10-13,51.0,51.2,49.9,50.45,391441.0,SUPV
2020-10-14,51.5,51.5,50.4,51.05,511823.0,SUPV
2020-10-15,51.4,52.75,50.5,52.7,558096.0,SUPV
2020-10-16,52.2,56.0,52.2,55.3,587169.0,SUPV
2020-10-19,55.3,58.05,55.3,57.15,808320.0,SUPV
2020-10-20,58.65,58.9,55.0,56.5,313181.0,SUPV
2020-10-21,56.5,58.8,55.55,57.5,388481.0,SUPV
2020-10-22,57.55,59.55,56.0,59.5,583445.0,SUPV
2020-10-23,59.8,59.8,56.5,58.8,384586.0,SUPV
2020-10-26,59.3,59.6,54.1,55.1,280834.0,SUPV
2020-10-27,57.4,57.4,51.5,51.75,244151.0,SUPV
2020-10-28,51.0,52.3,48.9,50.0,396016.0,SUPV
2020-10-29,50.0,53.6,49.7,53.6,235672.0,SUPV
2020-10-30,53.0,55.0,51.5,51.7,570765.0,SUPV
2020-11-02,52.0,57.75,52.0,57.2,384767.0,SUPV
2020-11-03,57.95,60.55,56.5,57.4,351308.0,SUPV
2020-11-04,58.0,58.9,53.0,56.0,315749.0,SUPV
2020-11-05,57.0,58.8,56.0,58.3,526207.0,SUPV
2020-11-06,58.0,59.5,56.7,57.45,129078.0,SUPV
2020-11-09,59.0,60.3,58.75,59.7,844961.0,SUPV
2020-11-10,60.0,64.7,58.8,64.25,769215.0,SUPV
2020-11-11,65.0,65.2,61.5,62.0,362726.0,SUPV
2020-11-12,61.95,61.95,58.1,58.2,260175.0,SUPV
2020-11-13,59.5,60.3,58.0,59.7,323108.0,SUPV
2020-11-16,61.0,62.5,59.1,60.3,231862.0,SUPV
2020-11-17,59.9,61.7,58.9,61.4,407594.0,SUPV
2020-11-18,61.1,61.5,58.0,58.5,296433.0,SUPV
2020-11-19,58.2,60.0,57.1,58.0,283862.0,SUPV
2020-11-20,57.5,60.25,56.95,58.3,257877.0,SUPV
2020-11-24,58.95,61.0,58.0,60.9,356696.0,SUPV
2020-11-25,61.0,61.2,58.95,60.9,160248.0,SUPV
2020-11-26,60.0,61.4,59.5,61.0,102390.0,SUPV
2020-11-27,61.9,62.95,60.0,62.6,449007.0,SUPV
2020-11-30,62.7,63.0,59.6,60.0,244713.0,SUPV
2020-12-01,60.0,61.6,58.6,60.25,349589.0,SUPV
2020-12-02,60.3,62.8,58.9,62.6,615826.0,SUPV
2020-12-03,63.0,63.2,60.5,61.0,157232.0,SUPV
2020-12-04,60.5,61.5,59.5,59.7,314538.0,SUPV
2020-12-09,59.7,59.7,57.0,57.0,185281.0,SUPV
2020-12-10,56.8,59.9,56.0,58.2,147969.0,SUPV
2020-12-11,58.05,61.4,58.05,61.4,159476.0,SUPV
2020-12-14,60.95,61.2,59.35,60.0,199878.0,SUPV
2020-12-15,59.4,60.95,59.0,60.0,168754.0,SUPV
2020-12-16,60.5,61.0,57.0,60.0,322400.0,SUPV
2020-12-17,60.6,61.0,59.0,60.25,432889.0,SUPV
2020-12-18,60.15,60.95,57.0,57.0,302716.0,SUPV
2020-12-21,57.0,57.0,53.5,55.5,277558.0,SUPV
2020-12-22,55.0,57.95,54.7,56.5,483866.0,SUPV
2020-12-23,57.5,60.25,56.5,60.0,380037.0,SUPV
2020-12-28,59.9,60.0,57.75,58.85,320819.0,SUPV
2020-12-29,58.7,61.9,57.5,60.5,513280.0,SUPV
2020-12-30,60.2,63.45,60.2,62.9,869579.0,SUPV
2021-01-04,63.0,63.0,58.1,61.5,359834.0,SUPV
2021-01-05,62.0,62.0,59.6,60.45,267357.0,SUPV
2021-01-06,60.5,61.45,60.0,60.5,319121.0,SUPV
2021-01-07,60.45,61.25,59.05,60.2,236168.0,SUPV
2021-01-08,60.95,60.95,59.1,59.65,209759.0,SUPV
2021-01-11,60.0,60.0,57.0,57.5,178642.0,SUPV
2021-01-12,58.0,59.0,57.0,57.35,255816.0,SUPV
2021-01-13,57.3,58.9,57.0,57.9,103892.0,SUPV
2021-01-14,58.1,58.7,56.1,57.3,148300.0,SUPV
2021-01-15,57.3,58.0,56.55,57.6,217091.0,SUPV
2021-01-18,57.6,57.6,56.5,57.0,53031.0,SUPV
2021-01-19,56.8,57.95,56.0,56.75,204232.0,SUPV
2021-01-20,56.5,57.6,55.1,56.9,235875.0,SUPV
2021-01-21,56.8,57.0,54.45,54.95,241020.0,SUPV
2021-01-22,54.15,56.0,52.95,55.9,380026.0,SUPV
2021-01-25,56.0,56.8,53.7,53.7,191556.0,SUPV
2021-01-26,53.9,56.0,53.85,55.0,180798.0,SUPV
2021-01-27,55.2,56.5,51.5,56.4,337565.0,SUPV
2021-01-28,56.1,57.2,55.0,55.5,132741.0,SUPV
2021-01-29,56.2,56.2,53.4,53.6,81160.0,SUPV
2021-02-01,53.65,55.5,53.05,55.0,77269.0,SUPV
2021-02-02,55.4,56.2,54.0,54.45,219011.0,SUPV
2021-02-03,54.9,55.25,54.0,54.85,141169.0,SUPV
2021-02-04,54.9,56.2,54.05,55.9,250649.0,SUPV
2021-02-05,56.0,57.8,55.9,57.4,277687.0,SUPV
2021-02-08,58.45,59.25,57.5,58.0,466837.0,SUPV
2021-02-09,59.3,59.6,58.0,59.45,547948.0,SUPV
2021-02-10,60.0,60.0,57.55,58.2,374763.0,SUPV
2021-02-11,59.1,59.2,58.2,58.95,406097.0,SUPV
2021-02-12,59.1,59.65,57.1,58.0,240709.0,SUPV
2021-02-17,59.65,65.0,57.5,62.7,852789.0,SUPV
2021-02-18,73.1,97.25,67.15,69.0,10606367.0,SUPV
2021-02-19,71.95,79.9,66.5,67.1,3937084.0,SUPV
2021-02-22,64.0,64.0,58.6,59.7,2061687.0,SUPV
2021-02-23,56.6,57.25,53.0,55.35,2628479.0,SUPV
2021-02-24,56.1,58.8,55.8,57.8,613610.0,SUPV
2021-02-25,59.45,59.45,55.0,56.75,1280270.0,SUPV
2021-02-26,57.4,57.4,54.1,56.95,460130.0,SUPV
2021-03-01,57.0,59.2,56.0,58.3,351456.0,SUPV
2021-03-02,58.8,58.8,56.85,57.5,210036.0,SUPV
2021-03-03,57.9,57.9,54.7,55.6,210711.0,SUPV
2021-03-04,54.8,56.0,51.9,54.7,1031351.0,SUPV
2021-03-05,55.0,55.5,53.05,54.6,220348.0,SUPV
2021-03-08,55.35,55.35,52.0,54.0,351691.0,SUPV
2021-03-09,54.75,55.0,53.0,54.55,316481.0,SUPV
2021-03-10,54.0,56.5,53.6,56.1,312833.0,SUPV
2021-03-11,57.0,57.0,55.05,56.0,136541.0,SUPV
2021-03-12,56.0,56.6,54.1,56.0,153323.0,SUPV
2021-03-15,57.05,59.2,57.05,58.9,457789.0,SUPV
2021-03-16,58.9,60.2,57.5,58.3,657628.0,SUPV
2021-03-17,58.0,58.0,56.9,57.45,197453.0,SUPV
2021-03-18,58.0,58.05,54.1,54.25,305817.0,SUPV
2021-03-19,55.1,56.3,54.65,55.2,160679.0,SUPV
2021-03-22,56.0,56.0,53.7,54.85,275685.0,SUPV
2021-03-23,54.4,55.4,53.7,54.7,160427.0,SUPV
2021-03-25,53.0,53.45,51.1,51.45,392604.0,SUPV
2021-03-26,52.1,53.9,51.0,51.05,125921.0,SUPV
2021-03-29,50.95,50.95,49.5,49.95,246082.0,SUPV
2021-03-30,50.0,51.2,49.5,51.05,143726.0,SUPV
2021-03-31,51.1,51.3,49.7,50.05,281852.0,SUPV
2021-04-05,50.05,51.95,50.0,51.75,133489.0,SUPV
2021-04-06,52.0,53.25,52.0,53.0,119375.0,SUPV
2021-04-07,53.3,53.3,52.0,52.35,187983.0,SUPV
2021-04-08,52.4,53.8,51.9,52.3,101362.0,SUPV
2021-04-09,52.3,52.3,50.95,51.25,195938.0,SUPV
2021-04-12,52.5,54.5,50.0,52.25,433238.0,SUPV
2021-04-13,52.2,52.2,49.9,50.45,311345.0,SUPV
2021-04-14,50.45,51.95,49.35,49.45,231199.0,SUPV
2021-04-15,49.5,51.0,48.95,48.95,304568.0,SUPV
2021-04-16,49.35,50.95,48.5,50.2,434982.0,SUPV
2021-04-19,51.25,51.5,49.7,50.6,168125.0,SUPV
2021-04-20,50.15,51.35,49.6,50.9,380802.0,SUPV
2021-04-21,51.3,52.8,50.5,52.55,207890.0,SUPV
2021-04-22,51.15,52.5,51.15,51.9,166612.0,SUPV
2021-04-23,52.3,53.1,52.2,52.5,205492.0,SUPV
2021-04-26,52.9,53.85,52.75,53.7,229908.0,SUPV
2021-04-27,53.9,56.45,53.8,56.3,388345.0,SUPV
2021-04-28,56.65,57.3,55.8,55.9,315031.0,SUPV
2021-04-29,55.7,56.5,55.2,55.4,158731.0,SUPV
2021-04-30,55.4,55.95,53.3,54.0,146813.0,SUPV
2021-05-03,54.35,54.5,53.0,53.5,272385.0,SUPV
2021-05-04,53.0,54.0,52.45,52.7,423460.0,SUPV
2021-05-05,52.6,54.4,52.0,53.0,161747.0,SUPV
2021-05-06,53.2,54.45,51.7,53.9,172510.0,SUPV
2021-05-07,54.0,55.0,52.5,54.65,1191900.0,SUPV
2021-05-10,56.3,56.7,54.0,54.2,626538.0,SUPV
2021-05-11,52.8,54.6,52.3,52.6,556702.0,SUPV
2021-05-12,53.0,53.5,51.0,51.2,321729.0,SUPV
2021-05-13,52.85,53.2,51.8,53.0,760666.0,SUPV
2021-05-14,55.0,56.3,54.7,56.0,1220534.0,SUPV
2021-05-17,55.75,58.5,54.1,58.4,902837.0,SUPV
2021-05-18,58.7,60.0,57.95,59.8,1099274.0,SUPV
2021-05-19,59.45,59.45,57.5,58.8,468094.0,SUPV
2021-05-20,58.0,60.8,58.0,60.25,659130.0,SUPV
2021-05-21,60.25,61.0,58.5,59.15,252241.0,SUPV
2021-05-26,59.0,59.7,57.0,59.5,165032.0,SUPV
2021-05-27,59.6,61.0,59.1,60.75,265337.0,SUPV
2021-05-28,61.5,63.2,61.5,63.05,685537.0,SUPV
2021-05-31,63.05,63.1,61.7,62.85,200606.0,SUPV
2021-06-01,63.9,65.9,63.9,65.3,1362697.0,SUPV
2021-06-02,66.2,69.65,65.7,68.7,857427.0,SUPV
2021-06-03,68.6,71.6,65.2,71.3,719149.0,SUPV
2021-06-04,71.0,76.0,70.7,75.05,971750.0,SUPV
2021-06-07,76.55,79.25,74.6,77.1,1392499.0,SUPV
2021-06-08,77.0,78.0,72.55,72.8,817472.0,SUPV
2021-06-09,73.5,77.5,72.9,76.0,1362346.0,SUPV
2021-06-10,76.8,79.5,73.8,74.05,852619.0,SUPV
2021-06-11,74.0,74.0,71.0,73.15,536909.0,SUPV
2021-06-14,74.15,76.0,73.2,75.55,634211.0,SUPV
2021-06-15,76.35,77.5,73.35,76.4,1485575.0,SUPV
2021-06-16,78.8,78.8,75.85,76.4,696545.0,SUPV
2021-06-17,78.0,78.0,74.0,74.7,698877.0,SUPV
2021-06-18,74.5,78.3,74.1,78.0,812725.0,SUPV
2021-06-22,74.8,78.5,72.0,76.75,1179559.0,SUPV
2021-06-23,78.3,79.0,74.3,74.4,505621.0,SUPV
2021-06-24,76.5,77.7,76.3,77.1,735871.0,SUPV
2021-06-25,75.2,75.75,71.6,72.55,1395985.0,SUPV
2021-06-28,73.0,74.2,71.8,72.65,361326.0,SUPV
2021-06-29,72.5,72.55,69.85,70.25,413083.0,SUPV
2021-06-30,69.25,71.7,69.2,69.3,220822.0,SUPV
2021-07-01,69.85,70.8,68.0,68.55,230228.0,SUPV
2021-07-02,68.0,71.0,67.25,70.3,180898.0,SUPV
2021-07-05,70.5,71.9,70.1,71.55,61438.0,SUPV
2021-07-06,71.75,72.0,69.0,69.9,60969.0,SUPV
2021-07-07,71.4,71.4,68.0,69.4,178184.0,SUPV
2021-07-08,69.0,69.0,66.1,67.15,659581.0,SUPV
2021-07-12,66.5,70.7,66.5,70.5,190059.0,SUPV
2021-07-13,70.65,72.0,69.5,71.5,143187.0,SUPV
2021-07-14,71.4,72.45,69.7,70.85,89115.0,SUPV
2021-07-15,70.55,71.25,69.2,70.0,83604.0,SUPV
2021-07-16,70.5,70.5,67.5,68.6,88010.0,SUPV
2021-07-19,68.0,68.35,66.6,68.1,54942.0,SUPV
2021-07-20,68.15,69.8,68.15,69.25,139594.0,SUPV
2021-07-21,71.3,72.8,70.2,72.65,127046.0,SUPV
2021-07-22,72.65,72.65,70.35,71.5,48511.0,SUPV
2021-07-23,71.5,72.05,68.55,68.9,338016.0,SUPV
2021-07-26,69.9,72.0,69.0,69.8,124830.0,SUPV
2021-07-27,70.0,70.1,69.0,69.4,55623.0,SUPV
2021-07-28,70.0,70.9,69.3,70.4,90491.0,SUPV
2021-07-29,70.5,71.2,69.35,70.7,166416.0,SUPV
2021-07-30,71.0,71.75,68.65,69.3,162831.0,SUPV
2021-08-02,71.0,71.0,68.0,68.55,161879.0,SUPV
2021-08-03,69.7,70.0,67.2,69.8,94247.0,SUPV
2021-08-04,70.0,70.15,68.1,69.3,107007.0,SUPV
2021-08-05,69.1,70.0,68.35,69.25,126375.0,SUPV
2021-08-06,69.5,70.4,68.35,69.4,58552.0,SUPV
2021-08-09,70.1,70.1,68.7,69.5,94401.0,SUPV
2021-08-10,69.5,73.0,69.0,72.9,464774.0,SUPV
2021-08-11,73.35,75.0,71.1,74.7,275367.0,SUPV
2021-08-12,74.8,75.3,72.5,73.5,174575.0,SUPV
2021-08-13,71.0,73.9,71.0,73.6,75466.0,SUPV
2021-08-17,70.9,72.9,70.1,70.9,109329.0,SUPV
2021-08-18,70.7,72.55,69.5,70.7,110580.0,SUPV
2021-08-19,69.1,70.7,69.0,69.65,153170.0,SUPV
2021-08-20,70.7,72.0,70.0,71.35,100876.0,SUPV
2021-08-23,70.1,74.5,70.1,73.95,223642.0,SUPV
2021-08-24,75.0,77.75,75.0,77.4,579995.0,SUPV
2021-08-25,77.4,79.7,76.35,79.5,438715.0,SUPV
2021-08-26,79.0,80.1,76.7,77.5,1335486.0,SUPV
2021-08-27,80.55,81.75,78.45,79.45,966256.0,SUPV
2021-08-30,82.0,89.0,81.5,87.95,1320591.0,SUPV
2021-08-31,86.8,89.25,84.2,86.55,713745.0,SUPV
2021-09-01,88.6,92.4,84.0,84.15,782055.0,SUPV
2021-09-02,84.15,87.85,82.6,84.0,564691.0,SUPV
2021-09-03,84.0,87.0,83.25,86.0,593608.0,SUPV
2021-09-06,86.5,87.8,85.25,87.4,90106.0,SUPV
2021-09-07,89.0,95.0,89.0,94.45,1080647.0,SUPV
2021-09-08,92.95,93.0,88.15,92.45,892866.0,SUPV
2021-09-09,93.0,95.5,89.5,89.8,922940.0,SUPV
2021-09-10,89.7,91.5,86.0,90.95,804070.0,SUPV
2021-09-13,100.5,104.0,93.0,94.45,2111456.0,SUPV
2021-09-14,94.4,95.8,89.25,91.75,687169.0,SUPV
2021-09-15,91.5,92.65,85.5,88.1,833756.0,SUPV
2021-09-16,85.5,90.75,84.15,89.55,768803.0,SUPV
2021-09-17,89.55,90.85,86.55,87.25,295162.0,SUPV
2021-09-20,84.5,84.5,79.5,80.1,607787.0,SUPV
2021-09-21,80.05,82.7,79.8,80.15,273044.0,SUPV
2021-09-22,81.4,85.0,81.3,84.7,491659.0,SUPV
2021-09-23,85.1,86.45,83.5,84.55,206141.0,SUPV
2021-09-24,83.1,84.55,82.0,83.6,155210.0,SUPV
2021-09-27,84.0,86.5,83.8,86.3,75687.0,SUPV
2021-09-28,86.9,86.9,83.6,86.55,104573.0,SUPV
2021-09-29,87.5,88.9,87.0,87.85,106238.0,SUPV
2021-09-30,88.0,89.5,87.95,88.6,391122.0,SUPV
2021-10-01,89.4,89.95,87.3,88.65,101747.0,SUPV
2021-10-04,88.65,90.5,83.75,89.9,538502.0,SUPV
2021-10-05,91.0,92.0,89.0,90.2,306956.0,SUPV
2021-10-06,88.9,90.0,84.0,88.85,131910.0,SUPV
2021-10-07,90.5,91.0,87.1,87.3,88582.0,SUPV
2021-10-12,87.3,89.9,86.5,88.0,115057.0,SUPV
2021-10-13,88.0,88.35,85.35,88.0,142141.0,SUPV
2021-10-14,89.0,95.0,87.6,91.6,313995.0,SUPV
2021-10-15,89.3,94.95,89.3,93.5,270738.0,SUPV
2021-10-18,93.5,93.95,92.0,93.25,478324.0,SUPV
2021-10-19,93.25,95.0,91.8,94.85,314588.0,SUPV
2021-10-20,95.0,101.6,94.0,100.65,967432.0,SUPV
2021-10-21,99.15,100.6,96.5,100.35,399063.0,SUPV
2021-10-22,99.9,100.45,97.0,99.85,440525.0,SUPV
2021-10-25,101.0,102.4,99.0,100.65,195010.0,SUPV
2021-10-26,101.4,102.4,98.15,99.35,201739.0,SUPV
2021-10-27,99.0,99.9,95.0,95.45,244911.0,SUPV
2021-10-28,95.15,97.7,93.7,94.8,225055.0,SUPV
2021-10-29,94.8,94.8,88.2,90.45,272986.0,SUPV
2021-11-01,91.05,94.8,91.05,94.8,202049.0,SUPV
2021-11-02,94.95,99.0,92.5,96.85,263352.0,SUPV
2021-11-03,98.5,101.9,97.0,100.75,224485.0,SUPV
2021-11-04,101.0,101.0,96.0,97.55,121120.0,SUPV
2021-11-05,99.0,99.95,94.4,94.75,411098.0,SUPV
2021-11-08,95.0,98.85,94.6,98.2,285587.0,SUPV
2021-11-09,98.4,99.95,98.0,98.6,251772.0,SUPV
2021-11-10,100.0,101.5,98.0,100.8,639487.0,SUPV
2021-11-11,101.5,102.0,97.8,98.05,357430.0,SUPV
2021-11-12,99.0,99.95,94.0,97.3,242250.0,SUPV
2021-11-15,98.5,101.3,92.35,95.95,114623.0,SUPV
2021-11-16,96.5,96.5,91.1,92.35,464209.0,SUPV
2021-11-17,91.9,95.0,86.5,89.7,201407.0,SUPV
2021-11-18,90.5,92.2,84.35,90.4,494445.0,SUPV
2021-11-19,89.0,89.75,83.8,85.95,400058.0,SUPV
2021-11-23,84.0,88.95,83.0,83.95,100415.0,SUPV
2021-11-24,84.5,86.9,80.5,84.7,89361.0,SUPV
2021-11-25,84.0,87.0,83.0,85.8,59260.0,SUPV
2021-11-26,85.0,85.0,79.1,80.85,152167.0,SUPV
2021-11-29,82.1,83.2,78.0,80.75,152500.0,SUPV
2021-11-30,80.6,83.5,78.6,83.35,77778.0,SUPV
2021-12-01,84.1,89.7,84.1,89.4,358361.0,SUPV
2021-12-02,89.9,95.0,89.0,92.45,659627.0,SUPV
2021-12-03,92.5,95.0,88.5,91.5,79825.0,SUPV
2021-12-06,91.0,93.45,88.5,92.9,92717.0,SUPV
2021-12-07,93.0,95.75,93.0,94.65,138992.0,SUPV
2021-12-09,94.45,94.45,90.5,90.65,69339.0,SUPV
2021-12-10,91.1,93.0,86.3,87.5,125229.0,SUPV
2021-12-13,87.5,87.5,79.9,80.15,693864.0,SUPV
2021-12-14,81.35,81.4,79.05,79.95,367050.0,SUPV
2021-12-15,80.7,80.7,78.0,78.1,136115.0,SUPV
2021-12-16,80.55,80.55,78.25,79.15,356134.0,SUPV
2021-12-17,80.0,80.45,77.35,77.85,428226.0,SUPV
2021-12-20,77.4,78.9,75.5,77.75,194061.0,SUPV
2021-12-21,77.85,81.0,77.85,80.05,220518.0,SUPV
2021-12-22,80.1,81.0,78.15,79.1,99957.0,SUPV
2021-12-23,81.0,81.5,79.4,80.35,93294.0,SUPV
2021-12-27,82.1,82.1,80.0,80.85,49733.0,SUPV
2021-12-28,82.2,82.9,77.8,78.25,190314.0,SUPV
2021-12-29,79.0,81.1,77.3,80.9,177987.0,SUPV
2021-12-30,81.95,82.7,79.6,81.5,214769.0,SUPV
2022-01-03,81.4,84.5,80.5,83.0,138434.0,SUPV
2022-01-04,83.6,83.95,79.0,81.35,98791.0,SUPV
2022-01-05,82.0,82.8,80.0,81.5,47432.0,SUPV
2022-01-06,80.0,81.7,78.55,81.45,94321.0,SUPV
2022-01-07,81.1,83.0,80.0,82.75,81715.0,SUPV
2022-01-10,82.75,82.8,80.1,81.65,59988.0,SUPV
2022-01-11,81.0,82.5,80.0,81.85,77402.0,SUPV
2022-01-12,82.5,83.8,81.0,81.4,64895.0,SUPV
2022-01-13,81.4,82.7,81.0,82.35,206321.0,SUPV
2022-01-14,81.9,82.2,80.25,80.6,31657.0,SUPV
2022-01-17,81.0,81.0,79.0,80.05,35404.0,SUPV
2022-01-18,80.7,81.6,78.1,78.3,137601.0,SUPV
2022-01-19,78.5,79.8,77.0,77.05,238661.0,SUPV
2022-01-20,77.6,80.0,76.1,79.05,83289.0,SUPV
2022-01-21,79.4,81.0,77.85,78.0,78767.0,SUPV
2022-01-24,77.85,77.85,72.2,75.5,298633.0,SUPV
2022-01-25,74.0,81.8,73.0,80.7,154208.0,SUPV
2022-01-26,79.7,83.45,79.7,82.65,194000.0,SUPV
2022-01-27,83.2,83.5,80.1,80.75,98033.0,SUPV
2022-01-28,84.0,87.0,81.0,83.8,618451.0,SUPV
2022-01-31,83.95,86.1,81.2,85.6,125308.0,SUPV
2022-02-01,85.4,86.3,82.6,85.0,170561.0,SUPV
2022-02-02,86.5,87.0,82.1,82.5,179492.0,SUPV
2022-02-03,83.65,83.65,81.0,82.0,262218.0,SUPV
2022-02-04,81.6,82.9,80.9,82.0,76531.0,SUPV
2022-02-07,82.0,85.5,80.1,84.0,168309.0,SUPV
2022-02-08,85.0,85.4,81.5,81.65,86186.0,SUPV
2022-02-09,82.9,83.0,77.2,79.9,159433.0,SUPV
2022-02-10,80.4,81.25,79.1,81.0,102806.0,SUPV
2022-02-11,82.45,83.45,79.2,80.9,118338.0,SUPV
2022-02-14,80.9,80.9,79.1,80.15,57999.0,SUPV
2022-02-15,80.6,82.15,79.5,80.95,22012.0,SUPV
2022-02-16,81.5,84.0,79.6,83.75,91049.0,SUPV
2022-02-17,84.0,85.5,81.1,81.35,182625.0,SUPV
2022-02-18,82.5,84.0,80.0,81.4,106047.0,SUPV
2022-02-21,82.0,84.0,81.6,83.85,110836.0,SUPV
2022-02-22,84.2,85.45,81.55,83.65,133991.0,SUPV
2022-02-23,84.8,84.8,81.15,84.35,234040.0,SUPV
2022-02-24,83.4,83.4,78.0,80.7,284164.0,SUPV
2022-02-25,80.9,82.4,78.35,80.55,263959.0,SUPV
2022-03-02,80.55,82.4,77.5,82.35,280648.0,SUPV
2022-03-03,83.3,83.6,78.0,82.75,346988.0,SUPV
2022-03-04,82.75,83.0,77.55,78.15,130036.0,SUPV
2022-03-07,78.0,80.7,77.0,77.5,151194.0,SUPV
2022-03-08,76.0,80.0,76.0,78.45,78884.0,SUPV
2022-03-09,78.3,80.0,77.1,77.8,127432.0,SUPV
2022-03-10,76.0,79.2,76.0,78.95,346747.0,SUPV
2022-03-11,79.1,81.15,75.9,76.75,150217.0,SUPV
2022-03-14,76.85,77.05,72.3,73.15,176534.0,SUPV
2022-03-15,73.0,74.45,72.2,73.1,59974.0,SUPV
2022-03-16,74.0,75.45,71.0,75.15,190697.0,SUPV
2022-03-17,75.0,77.0,75.0,76.25,82961.0,SUPV
2022-03-18,77.4,78.0,75.4,75.95,161408.0,SUPV
2022-03-21,78.0,78.0,74.25,75.15,273502.0,SUPV
2022-03-22,75.95,76.9,75.25,76.75,62565.0,SUPV
2022-03-23,77.0,78.95,75.95,76.65,174537.0,SUPV
2022-03-25,78.95,79.9,77.2,78.6,153505.0,SUPV
2022-03-28,78.5,78.5,77.2,77.65,73344.0,SUPV
2022-03-29,78.0,78.95,76.7,76.75,73014.0,SUPV
2022-03-30,76.7,79.1,75.2,78.8,191937.0,SUPV
2022-03-31,80.0,80.0,77.7,78.35,79063.0,SUPV
2022-04-01,77.45,80.0,77.45,79.7,87124.0,SUPV
2022-04-04,79.0,79.7,77.45,78.7,73104.0,SUPV
2022-04-05,78.7,79.7,76.5,76.55,143175.0,SUPV
2022-04-06,75.0,76.85,75.0,75.85,48941.0,SUPV
2022-04-07,77.2,77.65,74.7,75.1,209083.0,SUPV
2022-04-08,76.0,76.0,74.2,74.9,109945.0,SUPV
2022-04-11,74.9,75.75,73.85,73.95,43937.0,SUPV
2022-04-12,75.9,75.9,72.6,72.95,120809.0,SUPV
2022-04-13,73.2,73.95,72.0,72.1,132210.0,SUPV
2022-04-18,72.15,74.0,71.2,72.55,143988.0,SUPV
2022-04-19,72.0,73.8,72.0,72.55,242487.0,SUPV
2022-04-20,72.5,73.5,71.55,72.45,472257.0,SUPV
2022-04-21,72.85,74.1,72.0,73.0,281754.0,SUPV
2022-04-22,73.35,78.0,73.35,74.3,548336.0,SUPV
2022-04-25,74.3,75.95,72.4,75.6,193370.0,SUPV
2022-04-26,76.05,76.05,73.6,74.25,142027.0,SUPV
2022-04-27,73.9,75.95,73.9,74.05,77469.0,SUPV
2022-04-28,74.1,75.7,73.05,75.0,97323.0,SUPV
2022-04-29,75.0,75.7,72.0,72.45,61454.0,SUPV
2022-05-02,71.5,74.4,71.5,74.25,169928.0,SUPV
2022-05-03,74.0,76.7,74.0,75.95,59862.0,SUPV
2022-05-04,75.95,75.95,73.35,73.65,373252.0,SUPV
2022-05-05,74.9,74.9,70.5,71.45,111250.0,SUPV
2022-05-06,70.1,72.0,70.0,71.4,190488.0,SUPV
2022-05-09,69.0,72.3,67.1,67.9,83930.0,SUPV
2022-05-10,68.1,70.0,65.6,68.2,77895.0,SUPV
2022-05-11,69.1,69.5,67.05,68.3,157599.0,SUPV
2022-05-12,68.3,69.3,66.9,69.0,100931.0,SUPV
2022-05-13,69.3,73.4,69.3,71.7,102765.0,SUPV
2022-05-16,74.0,76.45,72.6,75.55,230644.0,SUPV
2022-05-17,75.7,81.0,75.5,77.3,225015.0,SUPV
2022-05-19,77.0,77.0,72.3,73.15,243995.0,SUPV
2022-05-20,74.4,76.0,72.65,74.2,105227.0,SUPV
2022-05-23,75.1,81.35,75.0,80.75,268265.0,SUPV
2022-05-24,80.75,80.75,78.0,78.7,80951.0,SUPV
2022-05-26,80.9,80.9,78.7,79.8,145600.0,SUPV
2022-05-27,79.8,80.8,79.5,79.5,61108.0,SUPV
2022-05-30,79.5,80.95,77.5,78.4,26650.0,SUPV
2022-05-31,78.0,78.5,76.2,76.8,179731.0,SUPV
2022-06-01,77.0,77.0,74.5,75.5,33067.0,SUPV
2022-06-02,75.0,77.5,73.75,75.7,99654.0,SUPV
2022-06-03,76.8,76.95,75.0,75.8,19741.0,SUPV
2022-06-06,75.8,75.8,73.6,74.6,107262.0,SUPV
2022-06-07,73.6,75.1,73.6,74.45,266658.0,SUPV
2022-06-08,74.2,75.0,73.6,74.0,139924.0,SUPV
2022-06-09,74.0,75.0,72.2,74.6,162306.0,SUPV
2022-06-10,74.6,74.85,72.4,74.85,601936.0,SUPV
2022-06-13,74.0,74.9,71.55,72.3,158741.0,SUPV
2022-06-14,70.1,72.3,68.8,69.5,619485.0,SUPV
2022-06-15,70.0,71.6,70.0,71.0,196688.0,SUPV
2022-06-16,70.7,70.7,67.6,67.95,461329.0,SUPV
2022-06-21,68.0,68.8,65.6,66.2,544189.0,SUPV
2022-06-22,66.2,68.6,65.6,68.05,511165.0,SUPV
2022-06-23,68.6,68.6,63.5,65.9,172272.0,SUPV
2022-06-24,65.55,67.95,65.55,67.05,191277.0,SUPV
2022-06-27,68.5,69.5,65.6,68.65,197310.0,SUPV
2022-06-28,68.0,70.8,68.0,70.45,259093.0,SUPV
2022-06-29,70.8,72.5,69.6,71.7,394375.0,SUPV
2022-06-30,70.4,73.1,68.5,72.45,386421.0,SUPV
2022-07-01,72.5,73.5,70.0,73.5,250789.0,SUPV
2022-07-04,66.5,73.1,66.5,71.4,320887.0,SUPV
2022-07-05,71.0,77.5,71.0,75.05,306138.0,SUPV
2022-07-06,73.2,76.8,73.2,76.5,152593.0,SUPV
2022-07-07,76.7,80.0,76.7,79.4,375314.0,SUPV
2022-07-08,79.4,83.0,77.0,81.1,329084.0,SUPV
2022-07-11,81.7,81.7,76.7,78.8,86196.0,SUPV
2022-07-12,78.5,81.45,77.1,77.15,75502.0,SUPV
2022-07-13,75.0,77.7,74.0,75.75,90218.0,SUPV
2022-07-14,74.75,75.35,73.5,74.25,48682.0,SUPV
2022-07-15,74.3,76.45,74.3,76.35,90017.0,SUPV
2022-07-18,76.5,79.6,76.0,79.0,218623.0,SUPV
2022-07-19,79.9,81.0,78.45,80.85,69437.0,SUPV
2022-07-20,81.45,81.5,78.0,80.35,164905.0,SUPV
2022-07-21,80.35,84.6,79.5,84.0,285534.0,SUPV
2022-07-22,88.0,100.4,86.5,99.4,1650658.0,SUPV
2022-07-25,102.5,106.6,100.0,102.8,913635.0,SUPV
2022-07-26,104.0,104.0,97.9,99.55,716103.0,SUPV
2022-07-27,99.0,109.8,96.8,106.1,452513.0,SUPV
2022-07-28,110.0,110.0,102.5,108.3,308244.0,SUPV
2022-07-29,110.0,110.0,98.4,101.25,321503.0,SUPV
2022-08-01,101.25,102.8,96.5,97.15,254248.0,SUPV
2022-08-02,97.0,99.85,93.0,97.8,297857.0,SUPV
2022-08-03,99.5,101.0,96.2,100.05,152195.0,SUPV
2022-08-04,100.1,102.0,97.35,100.05,196372.0,SUPV
2022-08-05,101.0,107.3,99.0,105.5,730998.0,SUPV
2022-08-08,106.0,107.0,103.25,104.55,302211.0,SUPV
2022-08-09,104.65,104.65,101.1,102.0,139299.0,SUPV
2022-08-10,104.5,108.0,101.5,107.0,843344.0,SUPV
2022-08-11,108.0,108.0,105.0,105.1,245370.0,SUPV
2022-08-12,108.0,108.2,103.0,107.75,190386.0,SUPV
2022-08-16,109.0,109.95,105.0,109.85,590033.0,SUPV
2022-08-17,109.5,113.3,107.25,110.95,382113.0,SUPV
2022-08-18,107.95,114.75,106.0,106.95,1082027.0,SUPV
2022-08-19,104.95,106.0,103.1,104.9,247314.0,SUPV
2022-08-22,103.0,106.95,102.25,106.3,77802.0,SUPV
2022-08-23,107.5,112.8,105.5,112.3,433179.0,SUPV
2022-08-24,112.0,115.15,110.0,114.6,401004.0,SUPV
2022-08-25,115.15,118.0,110.2,115.6,225778.0,SUPV
2022-08-26,114.0,117.0,110.15,112.3,158017.0,SUPV
2022-08-29,114.0,116.5,110.0,110.25,264047.0,SUPV
2022-08-30,111.5,115.0,110.0,112.9,519806.0,SUPV
2022-08-31,115.0,115.55,106.0,106.55,283864.0,SUPV
2022-09-01,106.5,108.0,104.5,106.5,112882.0,SUPV
2022-09-05,106.9,107.0,103.8,105.3,242660.0,SUPV
2022-09-06,108.0,108.0,102.5,104.3,365599.0,SUPV
2022-09-07,103.0,110.0,103.0,108.6,778996.0,SUPV
2022-09-08,110.7,110.7,106.0,108.15,144616.0,SUPV
2022-09-09,110.9,111.95,108.0,111.95,162019.0,SUPV
2022-09-12,112.0,114.0,108.25,111.65,183742.0,SUPV
2022-09-13,110.5,113.5,108.7,110.1,215324.0,SUPV
2022-09-14,109.0,114.0,108.1,113.05,95700.0,SUPV
2022-09-15,113.0,116.5,113.0,113.3,216822.0,SUPV
2022-09-16,113.4,114.0,109.0,113.7,86759.0,SUPV
2022-09-19,113.25,119.0,111.5,114.9,187726.0,SUPV
2022-09-20,115.0,117.0,109.6,115.05,95936.0,SUPV
2022-09-21,117.0,117.0,112.0,115.2,212524.0,SUPV
2022-09-22,115.0,115.0,111.4,113.55,228797.0,SUPV
2022-09-23,112.0,114.2,109.75,113.3,461122.0,SUPV
2022-09-26,113.0,113.25,106.0,107.9,158038.0,SUPV
2022-09-27,107.25,110.5,106.0,107.25,146125.0,SUPV
2022-09-28,107.8,109.55,105.7,108.5,148498.0,SUPV
2022-09-29,106.0,108.9,105.05,105.5,252164.0,SUPV
2022-09-30,105.05,108.0,105.05,106.9,77445.0,SUPV
2022-10-03,109.0,119.5,109.0,115.2,182642.0,SUPV
2022-10-04,116.0,123.0,115.0,117.4,218219.0,SUPV
2022-10-05,118.0,120.0,116.25,117.3,72997.0,SUPV
2022-10-06,118.5,121.0,113.2,113.9,87520.0,SUPV
2022-10-11,114.0,114.0,107.3,109.0,184400.0,SUPV
2022-10-12,109.0,113.0,108.2,108.75,121967.0,SUPV
2022-10-13,106.5,115.0,106.5,113.7,166891.0,SUPV
2022-10-14,113.8,114.85,110.0,112.0,178775.0,SUPV
2022-10-17,107.5,115.5,107.5,112.0,90992.0,SUPV
2022-10-18,112.0,114.4,110.2,112.45,58345.0,SUPV
2022-10-19,114.0,114.0,107.6,109.55,72881.0,SUPV
2022-10-20,109.0,113.0,109.0,110.0,65716.0,SUPV
2022-10-21,110.0,111.75,108.3,110.8,127249.0,SUPV
2022-10-24,110.8,115.0,107.6,114.05,80141.0,SUPV
2022-10-25,113.5,117.5,112.75,116.95,189533.0,SUPV
2022-10-26,117.5,120.0,115.5,117.15,291407.0,SUPV
2022-10-27,117.95,118.85,114.5,116.6,224985.0,SUPV
2022-10-28,117.95,117.95,112.0,114.75,297537.0,SUPV
2022-10-31,113.75,118.0,112.35,117.65,258472.0,SUPV
2022-11-01,117.0,121.0,115.0,119.95,549316.0,SUPV
2022-11-02,119.55,119.85,116.0,117.4,152597.0,SUPV
2022-11-03,117.0,121.0,116.85,118.4,268257.0,SUPV
2022-11-04,117.5,122.0,117.5,120.5,237707.0,SUPV
2022-11-07,120.0,123.0,117.0,119.15,325034.0,SUPV
2022-11-08,119.15,119.15,116.0,119.05,96960.0,SUPV
2022-11-09,120.0,120.0,115.5,116.75,185295.0,SUPV
2022-11-10,115.0,119.5,112.3,114.1,278124.0,SUPV
2022-11-11,114.0,116.5,112.5,116.2,207143.0,SUPV
2022-11-14,116.25,116.95,113.0,115.45,382236.0,SUPV
2022-11-15,117.0,118.95,112.0,116.0,240489.0,SUPV
2022-11-16,116.0,118.0,113.0,115.75,189285.0,SUPV
2022-11-17,116.5,116.5,109.25,111.95,925029.0,SUPV
2022-11-18,114.9,114.9,109.25,111.15,516162.0,SUPV
2022-11-22,114.85,114.85,106.55,109.6,547124.0,SUPV
2022-11-23,111.4,113.0,109.0,112.0,292587.0,SUPV
2022-11-24,112.0,114.0,110.3,113.25,180450.0,SUPV
2022-11-25,114.0,117.0,110.25,115.6,152296.0,SUPV
2022-11-28,115.0,117.1,113.0,115.2,244232.0,SUPV
2022-11-29,117.0,117.0,113.0,114.5,119039.0,SUPV
2022-11-30,114.5,117.5,112.5,117.0,239828.0,SUPV
2022-12-01,117.5,121.2,116.0,120.0,311261.0,SUPV
2022-12-02,120.0,120.45,117.0,119.45,141677.0,SUPV
2022-12-05,121.0,121.0,118.0,118.1,375006.0,SUPV
2022-12-06,119.0,120.8,117.5,120.1,118614.0,SUPV
2022-12-07,120.25,125.9,118.0,125.85,133983.0,SUPV
2022-12-12,125.0,125.0,117.5,121.3,512604.0,SUPV
2022-12-13,123.0,124.0,119.4,121.4,182662.0,SUPV
2022-12-14,123.4,123.4,118.0,121.95,268106.0,SUPV
2022-12-15,121.95,123.0,118.8,119.6,92057.0,SUPV
2022-12-16,118.5,122.45,118.05,119.5,73648.0,SUPV
2022-12-19,123.65,124.0,119.2,123.8,252037.0,SUPV
2022-12-20,124.9,128.9,119.75,122.15,7364.0,SUPV
2022-12-21,122.25,133.75,122.0,132.65,562067.0,SUPV
2022-12-22,133.0,142.0,131.0,141.25,491581.0,SUPV
2022-12-23,141.25,149.0,140.0,147.3,620890.0,SUPV
2022-12-26,146.0,159.0,146.0,157.7,152996.0,SUPV
2022-12-27,158.9,158.9,150.0,150.2,951874.0,SUPV
2022-12-28,151.5,159.65,144.0,153.0,448295.0,SUPV
2022-12-29,154.0,156.75,147.1,152.15,637198.0,SUPV
2022-12-30,152.0,158.35,147.0,153.35,551274.0,SUPV
2023-01-02,158.0,159.0,150.5,158.0,127739.0,SUPV
2023-01-03,159.0,159.0,149.3,149.85,385131.0,SUPV
2023-01-04,150.25,155.95,149.85,154.55,157651.0,SUPV
2023-01-05,154.0,167.0,152.5,166.05,1251035.0,SUPV
2023-01-06,168.0,175.0,164.1,165.4,873912.0,SUPV
2023-01-09,167.0,174.5,166.5,169.95,405523.0,SUPV
2023-01-10,169.5,175.0,169.0,171.3,411151.0,SUPV
2023-01-11,170.0,187.0,170.0,185.7,766889.0,SUPV
2023-01-12,186.45,200.0,186.0,198.9,849521.0,SUPV
2023-01-13,198.0,209.45,194.25,207.45,613694.0,SUPV
2023-01-16,208.0,225.0,207.5,217.0,252365.0,SUPV
2023-01-17,215.0,230.0,208.55,229.5,803259.0,SUPV
2023-01-18,233.0,244.75,195.25,196.15,1362881.0,SUPV
2023-01-19,199.95,199.95,176.0,192.95,1868284.0,SUPV
2023-01-20,196.0,213.0,194.0,209.1,1025957.0,SUPV
2023-01-23,209.0,218.5,201.0,203.05,598753.0,SUPV
2023-01-24,205.0,205.5,196.0,196.4,641200.0,SUPV
2023-01-25,197.7,210.0,192.0,209.95,547566.0,SUPV
2023-01-26,210.0,214.0,205.0,207.3,365677.0,SUPV
2023-01-27,209.0,210.5,200.1,201.2,215439.0,SUPV
2023-01-30,201.0,203.0,195.0,198.9,225130.0,SUPV
2023-01-31,195.5,208.5,194.0,208.35,180414.0,SUPV
2023-02-01,209.0,209.0,198.5,201.3,232202.0,SUPV
2023-02-02,206.95,206.95,193.0,194.5,465868.0,SUPV
2023-02-03,194.0,198.9,187.0,187.75,557460.0,SUPV
2023-02-06,188.5,192.0,184.4,189.9,485923.0,SUPV
2023-02-07,189.0,198.7,186.5,192.1,211581.0,SUPV
2023-02-08,190.0,197.45,189.0,194.15,128808.0,SUPV
2023-02-09,192.0,197.0,188.9,191.85,85354.0,SUPV
2023-02-10,194.8,195.5,188.5,195.25,320965.0,SUPV
2023-02-13,195.25,207.8,192.05,205.45,414888.0,SUPV
2023-02-14,207.0,215.0,202.0,213.6,344593.0,SUPV
2023-02-15,213.9,216.0,208.0,209.8,79237.0,SUPV
2023-02-16,211.0,222.0,205.35,216.75,423054.0,SUPV
2023-02-17,216.0,216.75,200.5,203.15,319434.0,SUPV
2023-02-22,205.0,206.0,198.45,199.55,248568.0,SUPV
2023-02-23,200.0,211.3,199.0,208.0,482238.0,SUPV
2023-02-24,209.0,210.0,202.0,206.95,308006.0,SUPV
2023-02-27,207.0,215.5,204.5,215.05,184793.0,SUPV
2023-02-28,215.0,226.0,209.75,214.0,721679.0,SUPV
2023-03-01,214.1,215.0,209.1,211.35,310165.0,SUPV
2023-03-02,211.0,211.5,203.5,203.6,548601.0,SUPV
2023-03-03,202.0,213.5,202.0,212.2,361491.0,SUPV
2023-03-06,212.2,217.4,209.0,216.5,145110.0,SUPV
2023-03-07,216.7,218.0,211.0,213.15,176320.0,SUPV
2023-03-08,216.7,219.4,210.0,218.6,187554.0,SUPV
2023-03-09,218.5,221.75,210.5,212.55,89961.0,SUPV
2023-03-10,214.0,216.25,204.0,205.75,317210.0,SUPV
2023-03-13,203.0,205.0,197.1,199.15,279442.0,SUPV
2023-03-14,199.1,206.35,187.95,189.15,175131.0,SUPV
2023-03-15,186.75,186.75,173.3,175.0,440868.0,SUPV
2023-03-16,176.0,187.65,174.5,186.9,208639.0,SUPV
2023-03-17,184.3,184.3,174.15,175.55,134575.0,SUPV
2023-03-20,176.05,181.0,170.35,172.9,176165.0,SUPV
2023-03-21,179.0,187.95,179.0,186.85,166336.0,SUPV
2023-03-22,186.9,186.9,175.5,176.25,348214.0,SUPV
2023-03-23,179.0,180.95,169.55,173.5,309518.0,SUPV
2023-03-27,173.5,183.0,173.5,181.95,329006.0,SUPV
2023-03-28,182.0,188.0,178.5,184.65,79911.0,SUPV
2023-03-29,188.0,193.3,184.65,185.85,219007.0,SUPV
2023-03-30,187.0,190.5,184.65,189.3,175103.0,SUPV
2023-03-31,191.5,193.0,181.0,184.0,230456.0,SUPV
2023-04-03,182.0,192.0,182.0,191.05,112090.0,SUPV
2023-04-04,191.95,192.0,185.1,186.9,101865.0,SUPV
2023-04-05,189.0,193.25,180.5,186.95,102373.0,SUPV
2023-04-10,190.0,192.65,186.5,191.3,238242.0,SUPV
2023-04-11,193.0,199.0,190.0,194.45,226759.0,SUPV
2023-04-12,199.8,202.0,195.0,200.45,130538.0,SUPV
2023-04-13,200.45,206.35,197.25,201.1,336614.0,SUPV
2023-04-14,204.0,216.5,203.05,211.0,362922.0,SUPV
2023-04-17,216.4,221.0,208.5,217.55,134136.0,SUPV
2023-04-18,218.0,222.9,208.0,212.8,418237.0,SUPV
2023-04-19,213.0,213.0,200.45,202.3,311327.0,SUPV
2023-04-20,202.0,209.95,197.2,207.5,522611.0,SUPV
2023-04-21,209.0,220.0,208.0,214.45,545939.0,SUPV
2023-04-24,215.05,219.9,209.75,213.5,203030.0,SUPV
2023-04-25,212.0,216.45,208.0,211.1,288395.0,SUPV
2023-04-26,213.0,213.0,202.75,208.95,299279.0,SUPV
2023-04-27,210.95,212.45,201.95,202.5,193171.0,SUPV
2023-04-28,200.0,205.0,195.25,202.95,172555.0,SUPV
2023-05-02,200.0,200.0,186.3,195.4,327353.0,SUPV
2023-05-03,195.4,198.0,186.3,188.1,185517.0,SUPV
2023-05-04,190.0,192.2,183.0,183.95,183046.0,SUPV
2023-05-05,193.0,195.0,189.0,193.85,360125.0,SUPV
2023-05-08,194.0,206.05,194.0,205.1,400830.0,SUPV
2023-05-09,210.0,210.0,199.6,203.45,249418.0,SUPV
2023-05-10,205.1,212.0,204.95,208.4,228589.0,SUPV
2023-05-11,209.0,216.15,205.15,212.55,131902.0,SUPV
2023-05-12,215.0,222.0,213.5,219.0,281947.0,SUPV
2023-05-15,218.0,219.0,211.0,217.6,118748.0,SUPV
2023-05-16,219.0,222.0,206.0,206.95,309621.0,SUPV
2023-05-17,209.0,215.25,208.0,214.6,168498.0,SUPV
2023-05-18,217.0,219.0,209.0,217.3,89826.0,SUPV
2023-05-19,217.0,220.0,213.15,219.55,160583.0,SUPV
2023-05-22,219.8,221.95,211.1,214.35,181979.0,SUPV
2023-05-23,215.0,225.0,210.0,216.0,302149.0,SUPV
2023-05-24,215.95,215.95,208.0,213.35,241587.0,SUPV
2023-05-29,214.0,217.0,210.75,212.3,88444.0,SUPV
2023-05-30,212.5,214.0,206.0,213.2,215161.0,SUPV
2023-05-31,212.0,218.0,207.5,214.7,176025.0,SUPV
2023-06-01,219.0,225.75,215.9,223.35,204047.0,SUPV
2023-06-02,225.0,228.5,219.6,220.05,145878.0,SUPV
2023-06-05,225.0,230.0,218.05,228.9,168279.0,SUPV
2023-06-06,234.0,265.0,233.0,262.1,872552.0,SUPV
2023-06-07,261.0,271.95,256.05,263.75,735503.0,SUPV
2023-06-08,256.0,269.45,252.55,260.4,166811.0,SUPV
2023-06-09,260.0,266.0,255.0,259.65,280979.0,SUPV
2023-06-12,262.0,263.55,252.0,258.6,180466.0,SUPV
2023-06-13,258.0,273.0,257.0,269.2,648625.0,SUPV
2023-06-14,270.0,272.0,262.2,267.95,115111.0,SUPV
2023-06-15,268.95,288.55,268.5,286.2,372909.0,SUPV
2023-06-16,288.0,312.85,284.0,305.0,408428.0,SUPV
2023-06-21,310.0,333.4,307.8,332.25,685387.0,SUPV
2023-06-22,320.7,325.0,302.65,304.15,638379.0,SUPV
2023-06-23,303.3,315.0,300.0,310.5,425994.0,SUPV
2023-06-26,322.0,330.0,308.5,324.15,1263121.0,SUPV
2023-06-27,316.65,324.8,305.0,311.35,377885.0,SUPV
2023-06-28,315.0,329.0,309.0,309.85,252979.0,SUPV
2023-06-29,314.55,323.0,307.0,319.95,253814.0,SUPV
2023-06-30,323.0,327.0,312.0,325.8,295713.0,SUPV
2023-07-03,330.0,340.0,315.5,338.0,153627.0,SUPV
2023-07-04,338.0,347.45,336.0,343.05,154683.0,SUPV
2023-07-05,327.7,334.5,323.95,333.45,444425.0,SUPV
2023-07-06,321.0,321.35,303.55,304.3,492352.0,SUPV
2023-07-07,306.75,314.0,304.3,309.95,163336.0,SUPV
2023-07-10,306.0,308.3,297.0,306.25,200279.0,SUPV
2023-07-11,305.95,312.25,300.2,308.9,180567.0,SUPV
2023-07-12,311.25,317.45,307.05,311.6,394802.0,SUPV
2023-07-13,311.6,340.25,311.6,338.85,716315.0,SUPV
2023-07-14,335.15,335.55,322.0,328.1,186158.0,SUPV
2023-07-17,337.9,345.0,333.0,335.0,297306.0,SUPV
2023-07-18,343.5,346.75,335.5,339.75,257938.0,SUPV
2023-07-19,341.0,345.45,325.0,333.5,242653.0,SUPV
2023-07-20,334.25,339.2,328.2,338.5,134381.0,SUPV
2023-07-21,340.0,358.95,336.85,355.1,565596.0,SUPV
2023-07-24,366.0,369.0,348.0,348.0,330568.0,SUPV
2023-07-25,352.4,364.15,345.0,360.25,244736.0,SUPV
2023-07-26,369.95,369.95,354.5,364.8,160781.0,SUPV
2023-07-27,360.0,362.0,335.0,342.35,695495.0,SUPV
2023-07-28,348.0,357.0,345.15,354.5,391582.0,SUPV
2023-07-31,357.0,359.0,340.0,352.6,261444.0,SUPV
2023-08-01,352.0,352.0,339.0,347.4,195522.0,SUPV
2023-08-02,347.0,347.0,330.35,333.15,463965.0,SUPV
2023-08-03,330.5,352.6,330.5,339.2,250655.0,SUPV
2023-08-04,340.0,355.0,340.0,350.3,280851.0,SUPV
2023-08-07,350.0,355.0,343.35,348.9,546280.0,SUPV
2023-08-08,349.0,371.65,349.0,362.65,377368.0,SUPV
2023-08-09,373.25,373.25,354.1,358.3,454029.0,SUPV
2023-08-10,365.0,378.0,362.0,369.55,474330.0,SUPV
2023-08-11,384.0,384.0,363.0,378.0,1015594.0,SUPV
2023-08-14,377.0,396.5,344.9,374.1,569592.0,SUPV
2023-08-15,372.0,395.0,370.0,387.1,250124.0,SUPV
2023-08-16,400.0,408.0,389.5,399.8,887651.0,SUPV
2023-08-17,399.8,412.5,395.0,404.2,203695.0,SUPV
2023-08-18,407.0,411.95,397.2,410.95,260213.0,SUPV
2023-08-22,410.95,415.9,398.1,404.2,261758.0,SUPV
2023-08-23,406.5,429.85,398.75,421.1,244580.0,SUPV
2023-08-24,431.0,440.5,421.5,432.05,328584.0,SUPV
2023-08-25,448.1,456.0,432.5,455.4,498866.0,SUPV
2023-08-28,459.35,515.0,459.35,502.9,406690.0,SUPV
2023-08-29,508.0,531.25,503.0,527.75,527837.0,SUPV
2023-08-30,528.0,528.0,492.4,497.85,703963.0,SUPV
2023-08-31,499.45,499.45,476.1,482.0,600528.0,SUPV
2023-09-01,489.8,499.4,455.0,456.75,507320.0,SUPV
2023-09-04,458.0,469.0,447.5,456.35,72433.0,SUPV
2023-09-05,456.35,457.0,434.0,434.55,109455.0,SUPV
2023-09-06,439.0,443.0,419.0,420.55,159331.0,SUPV
2023-09-07,420.55,430.0,392.0,396.7,795634.0,SUPV
2023-09-08,400.05,414.15,377.55,382.0,963717.0,SUPV
2023-09-12,365.0,381.8,361.0,369.4,773728.0,SUPV
2023-09-13,375.0,390.7,370.0,378.7,570756.0,SUPV
2023-09-14,380.0,399.0,375.1,391.85,178509.0,SUPV
2023-09-15,399.95,399.95,375.0,385.85,179946.0,SUPV
2023-09-18,386.0,390.0,371.5,385.4,233062.0,SUPV
2023-09-19,386.0,389.0,360.0,373.05,328699.0,SUPV
2023-09-20,373.5,383.7,359.1,362.25,611884.0,SUPV
2023-09-21,362.25,366.5,350.0,353.45,680307.0,SUPV
2023-09-22,354.7,365.45,354.1,355.45,332150.0,SUPV
2023-09-25,360.0,360.0,345.0,345.9,532781.0,SUPV
2023-09-26,347.95,358.45,339.0,341.4,891730.0,SUPV
2023-09-27,348.0,358.9,344.8,346.3,819727.0,SUPV
2023-09-28,348.0,372.85,348.0,366.65,333460.0,SUPV
2023-09-29,371.0,376.35,351.5,358.85,411694.0,SUPV
2023-10-02,363.0,368.0,345.75,347.9,464843.0,SUPV
2023-10-03,352.0,352.5,333.65,334.55,488271.0,SUPV
2023-10-04,342.0,356.0,333.7,352.1,519562.0,SUPV
2023-10-05,355.0,368.0,352.5,364.45,293812.0,SUPV
2023-10-06,366.0,370.0,352.0,362.2,359833.0,SUPV
2023-10-09,370.0,372.0,355.6,356.55,280435.0,SUPV
2023-10-10,360.0,377.0,357.15,369.0,729802.0,SUPV
2023-10-11,379.95,380.0,350.0,371.25,406969.0,SUPV
2023-10-12,370.9,382.0,350.0,374.8,436455.0,SUPV
2023-10-17,382.0,420.0,382.0,398.1,390640.0,SUPV
2023-10-18,399.0,413.0,390.0,410.2,1412970.0,SUPV
2023-10-19,409.0,409.0,368.0,373.5,683555.0,SUPV
2023-10-20,380.0,417.0,370.0,414.5,595168.0,SUPV
2023-10-23,410.0,425.0,360.0,394.85,1199846.0,SUPV
2023-10-24,410.0,417.0,347.5,356.4,168522.0,SUPV
2023-10-25,359.0,388.0,340.0,386.95,716612.0,SUPV
2023-10-26,390.0,401.0,363.0,376.25,539435.0,SUPV
2023-10-27,376.5,380.0,349.0,356.35,350969.0,SUPV
2023-10-30,349.2,354.9,298.0,306.55,901692.0,SUPV
2023-10-31,306.5,320.0,293.15,303.9,591083.0,SUPV
2023-11-01,303.9,348.5,303.9,335.7,486515.0,SUPV
2023-11-02,350.0,355.0,338.0,349.95,282883.0,SUPV
2023-11-03,355.5,365.0,339.65,350.75,308916.0,SUPV
2023-11-07,350.0,357.45,337.0,341.0,96841.0,SUPV
2023-11-08,342.0,358.5,323.0,323.15,331421.0,SUPV
2023-11-09,322.0,338.0,320.0,326.0,79940.0,SUPV
2023-11-10,329.0,346.0,328.0,331.35,547237.0,SUPV
2023-11-13,335.0,342.0,326.0,327.75,387813.0,SUPV
2023-11-14,328.0,344.0,325.0,335.0,202335.0,SUPV
2023-11-15,336.9,345.0,330.0,332.5,127732.0,SUPV
2023-11-16,330.0,347.5,320.0,324.35,373556.0,SUPV
2023-11-17,340.0,375.0,315.0,364.8,973367.0,SUPV
2023-11-21,425.5,470.0,410.0,448.15,1005414.0,SUPV
2023-11-22,448.5,543.35,432.6,469.4,628574.0,SUPV
2023-11-23,479.9,500.0,479.9,498.5,226271.0,SUPV
2023-11-24,500.0,615.0,500.0,598.8,1013228.0,SUPV
2023-11-27,600.0,680.0,591.0,612.85,1732846.0,SUPV
2023-11-28,600.0,661.5,532.5,569.8,1277899.0,SUPV
2023-11-29,580.0,606.1,553.55,599.95,318756.0,SUPV
2023-11-30,602.0,617.0,571.0,608.85,149899.0,SUPV
2023-12-01,605.0,649.0,583.0,633.25,285487.0,SUPV
2023-12-04,630.0,648.5,581.5,611.75,186378.0,SUPV
2023-12-05,612.0,652.0,601.0,649.45,263655.0,SUPV
2023-12-06,635.0,680.0,620.0,655.8,354758.0,SUPV
2023-12-07,655.0,749.1,649.0,736.65,1052207.0,SUPV
2023-12-11,749.1,794.5,733.05,784.95,305292.0,SUPV
2023-12-12,785.0,850.0,760.0,764.35,689444.0,SUPV
2023-12-13,764.0,815.0,750.05,811.0,484670.0,SUPV
2023-12-14,812.0,850.0,778.05,799.45,343853.0,SUPV
2023-12-15,796.0,805.0,727.25,729.9,212659.0,SUPV
2023-12-18,745.0,747.45,705.0,725.05,234907.0,SUPV
2023-12-19,730.0,755.0,709.35,711.0,572668.0,SUPV
2023-12-20,710.0,797.0,689.05,783.75,755838.0,SUPV
2023-12-21,806.0,910.0,801.0,861.05,1242180.0,SUPV
2023-12-22,871.0,898.0,823.8,844.9,754917.0,SUPV
2023-12-26,860.0,908.0,787.3,815.6,542161.0,SUPV
2023-12-27,810.5,844.9,769.65,778.8,337442.0,SUPV
2023-12-28,782.0,817.75,750.0,792.3,326467.0,SUPV
2023-12-29,813.0,819.0,768.0,779.45,416713.0,SUPV
2024-01-02,782.0,795.0,750.0,776.65,136062.0,SUPV
2024-01-03,751.5,787.0,751.5,777.65,679015.0,SUPV
2024-01-04,778.1,788.0,750.85,766.2,920761.0,SUPV
2024-01-05,766.5,791.0,752.0,788.15,550819.0,SUPV
2024-01-08,790.0,870.0,773.5,868.85,976453.0,SUPV
2024-01-09,899.0,899.0,824.15,829.35,571847.0,SUPV
2024-01-10,842.0,864.85,805.0,862.9,859516.0,SUPV
2024-01-11,860.0,897.0,821.0,835.9,478401.0,SUPV
2024-01-12,840.0,848.0,816.0,838.2,350859.0,SUPV
2024-01-15,840.0,848.0,805.0,817.15,127330.0,SUPV
2024-01-16,810.0,855.0,805.5,848.45,315037.0,SUPV
2024-01-17,852.0,940.0,852.0,933.35,778397.0,SUPV
2024-01-18,950.0,990.0,936.5,988.1,861990.0,SUPV
2024-01-19,1000.0,1050.0,995.0,1032.9,565509.0,SUPV
2024-01-22,1041.0,1134.95,1041.0,1114.45,481564.0,SUPV
2024-01-23,1130.0,1175.0,1049.25,1080.8,700396.0,SUPV
2024-01-24,1082.0,1140.3,1070.0,1116.9,413063.0,SUPV
2024-01-25,1126.5,1200.0,1098.5,1175.45,725700.0,SUPV
2024-01-26,1180.0,1200.0,1110.0,1129.6,879332.0,SUPV
2024-01-29,1110.0,1120.0,1053.0,1112.95,541071.0,SUPV
2024-01-30,1128.0,1149.95,1080.0,1127.75,265673.0,SUPV
2024-01-31,1135.0,1157.0,1080.0,1129.25,545439.0,SUPV
2024-02-01,1129.25,1177.95,1095.0,1171.15,529511.0,SUPV
2024-02-02,1193.0,1255.0,1171.15,1241.15,571277.0,SUPV
2024-02-05,1243.0,1289.1,1130.05,1192.4,733438.0,SUPV
2024-02-06,1200.0,1240.0,1125.55,1136.75,463506.0,SUPV
2024-02-07,1080.0,1104.2,1020.0,1026.85,724244.0,SUPV
2024-02-08,1044.5,1045.0,944.6,956.9,708560.0,SUPV
2024-02-09,965.0,1009.05,952.0,979.0,1105838.0,SUPV
2024-02-14,981.0,1010.0,939.3,968.65,145611.0,SUPV
2024-02-15,979.5,995.0,941.0,962.15,175887.0,SUPV
2024-02-16,962.0,979.95,907.0,955.45,255104.0,SUPV
2024-02-19,955.0,980.0,923.0,970.75,186041.0,SUPV
2024-02-20,970.0,1005.0,942.0,976.9,461242.0,SUPV
2024-02-21,990.0,1008.5,934.25,940.4,255436.0,SUPV
2024-02-22,948.0,980.0,938.15,948.1,903913.0,SUPV
2024-02-23,969.0,995.15,918.1,992.1,510807.0,SUPV
2024-02-26,992.1,1020.0,951.1,952.65,299558.0,SUPV
2024-02-27,950.0,985.0,912.2,916.15,298158.0,SUPV
2024-02-28,916.15,935.45,860.0,872.6,316647.0,SUPV
2024-02-29,869.0,949.0,857.0,943.45,863718.0,SUPV
2024-03-01,970.0,1000.0,915.0,939.15,396064.0,SUPV
2024-03-04,953.1,1001.95,927.25,930.2,442020.0,SUPV
2024-03-05,928.0,967.45,875.6,880.85,360495.0,SUPV
2024-03-06,901.1,954.0,900.0,928.6,645824.0,SUPV
2024-03-07,937.0,989.95,900.0,967.75,464440.0,SUPV
2024-03-08,970.0,995.0,932.0,977.65,699597.0,SUPV
2024-03-11,977.0,977.0,891.0,898.6,422683.0,SUPV
2024-03-12,900.1,1007.1,900.1,962.4,2461529.0,SUPV
2024-03-13,965.0,1105.0,965.0,1090.35,908342.0,SUPV
2024-03-14,1083.05,1104.05,1030.0,1043.4,839381.0,SUPV
2024-03-15,1040.0,1150.0,1017.0,1146.75,1084946.0,SUPV
2024-03-18,1147.0,1175.0,1100.0,1169.05,781235.0,SUPV
2024-03-19,1175.0,1259.0,1150.25,1199.2,868685.0,SUPV
2024-03-20,1200.0,1250.0,1193.0,1242.1,576998.0,SUPV
2024-03-21,1251.0,1310.0,1192.9,1305.95,532908.0,SUPV
2024-03-22,1310.0,1370.0,1281.0,1306.85,731417.0,SUPV
2024-03-25,1307.0,1350.0,1280.0,1302.1,408872.0,SUPV
2024-03-26,1305.0,1318.0,1235.0,1244.6,413518.0,SUPV
2024-03-27,1244.0,1275.6,1228.0,1272.7,241430.0,SUPV
2024-04-03,1240.0,1262.95,1175.0,1247.4,460009.0,SUPV
2024-04-04,1297.0,1300.0,1210.0,1218.95,516191.0,SUPV
2024-04-05,1218.5,1273.0,1212.2,1265.2,347117.0,SUPV
2024-04-08,1272.0,1294.0,1240.25,1274.3,325983.0,SUPV
2024-04-09,1296.0,1320.0,1238.15,1266.85,426899.0,SUPV
2024-04-10,1250.0,1295.65,1208.25,1230.4,241895.0,SUPV
2024-04-11,1230.5,1270.0,1185.0,1264.1,305199.0,SUPV
2024-04-12,1270.0,1270.0,1215.0,1230.45,430644.0,SUPV
2024-04-15,1218.0,1233.3,1132.95,1150.15,397654.0,SUPV
2024-04-16,1123.55,1186.35,1121.7,1152.45,277485.0,SUPV
2024-04-17,1165.0,1165.0,1101.25,1135.5,295578.0,SUPV
2024-04-18,1140.0,1175.0,1117.05,1130.05,687902.0,SUPV
2024-04-19,1131.0,1184.95,1131.0,1170.55,409623.0,SUPV
2024-04-22,1199.0,1318.5,1199.0,1311.1,694500.0,SUPV
2024-04-23,1327.0,1360.5,1270.0,1290.2,801268.0,SUPV
2024-04-24,1289.0,1289.0,1200.0,1206.4,1192330.0,SUPV
2024-04-25,1177.0,1251.15,1177.0,1242.1,296006.0,SUPV
2024-04-26,1250.0,1315.0,1243.0,1311.3,409365.0,SUPV
2024-04-29,1314.0,1388.0,1300.6,1384.2,786060.0,SUPV
2024-04-30,1410.0,1474.5,1384.0,1388.9,1211537.0,SUPV
2024-05-02,1422.0,1490.0,1366.3,1473.1,1043954.0,SUPV
2024-05-03,1476.0,1560.0,1461.05,1552.2,1127275.0,SUPV
2024-05-06,1600.0,1750.0,1552.2,1682.3,1697777.0,SUPV
2024-05-07,1659.5,1659.5,1568.0,1593.8,1300733.0,SUPV
2024-05-08,1578.0,1660.0,1563.15,1579.3,726634.0,SUPV
2024-05-09,1549.0,1577.45,1509.0,1574.8,703932.0,SUPV
2024-05-10,1560.0,1620.25,1531.0,1545.5,748431.0,SUPV
2024-05-13,1565.0,1565.0,1472.15,1524.0,609585.0,SUPV
2024-05-14,1550.0,1626.9,1470.0,1620.2,618509.0,SUPV
2024-05-15,1650.0,1725.45,1650.0,1692.5,898450.0,SUPV
2024-05-16,1694.0,1704.35,1650.0,1688.7,837464.0,SUPV
2024-05-17,1690.0,1727.85,1640.0,1640.85,1252957.0,SUPV
2024-05-20,1645.0,1739.1,1629.0,1729.6,560482.0,SUPV
2024-05-21,1730.0,1795.4,1730.0,1788.55,846299.0,SUPV
2024-05-22,1790.0,1797.0,1690.0,1713.1,908550.0,SUPV
2024-05-23,1725.0,1730.0,1610.0,1626.0,819890.0,SUPV
2024-05-24,1624.0,1665.0,1597.8,1621.25,1154365.0,SUPV
2024-05-27,1635.0,1680.0,1635.0,1673.55,309336.0,SUPV
2024-05-28,1699.0,1699.0,1616.0,1638.4,809620.0,SUPV
2024-05-29,1700.0,1700.0,1570.0,1655.5,372376.0,SUPV
2024-05-30,1725.0,1840.0,1725.0,1833.65,1256762.0,SUPV
2024-05-31,1900.0,1904.8,1750.0,1816.7,834475.0,SUPV
2024-06-03,1818.0,1850.0,1783.75,1817.75,487440.0,SUPV
2024-06-04,1750.0,1769.25,1653.1,1694.05,1242317.0,SUPV
2024-06-05,1650.0,1719.75,1600.0,1688.15,726425.0,SUPV
2024-06-06,1660.35,1680.05,1605.0,1610.35,922564.0,SUPV
2024-06-07,1605.0,1734.0,1600.0,1650.05,779571.0,SUPV
2024-06-10,1652.5,1710.0,1611.0,1698.6,1231589.0,SUPV
2024-06-11,1720.0,1720.0,1633.0,1646.1,589824.0,SUPV
2024-06-12,1655.0,1777.0,1635.0,1721.7,1183477.0,SUPV
2024-06-13,1851.0,1900.0,1750.0,1854.65,2267454.0,SUPV
2024-06-14,1854.5,1854.5,1800.0,1831.45,648591.0,SUPV
2024-06-18,1825.0,1825.0,1763.0,1789.4,549305.0,SUPV
2024-06-19,1789.5,1839.3,1752.5,1811.9,222678.0,SUPV
2024-06-24,1755.05,1781.55,1710.05,1768.5,684032.0,SUPV
2024-06-25,1745.55,1810.8,1745.0,1784.65,531955.0,SUPV
2024-06-26,1785.0,1812.0,1750.0,1779.85,479434.0,SUPV
2024-06-27,1750.0,1859.95,1750.0,1854.0,414104.0,SUPV
2024-06-28,1863.0,1880.0,1698.0,1850.35,546681.0,SUPV
2024-07-01,1800.0,1826.9,1712.0,1728.55,1581980.0,SUPV
2024-07-02,1774.0,1790.0,1739.0,1776.45,688356.0,SUPV
2024-07-03,1778.0,1803.0,1696.05,1753.0,915585.0,SUPV
2024-07-04,1753.0,1770.0,1717.0,1754.7,153472.0,SUPV
2024-07-05,1750.0,1795.0,1735.25,1753.3,381663.0,SUPV
2024-07-08,1753.0,1785.0,1730.15,1763.35,255564.0,SUPV
2024-07-10,1770.0,1850.0,1765.0,1800.0,416135.0,SUPV
2024-07-11,1800.0,1850.0,1795.0,1810.0,463616.0,SUPV
2024-07-12,1815.0,1820.0,1785.0,1810.0,220453.0,SUPV
2024-07-15,1785.0,1785.0,1565.0,1570.0,1162631.0,SUPV
2024-07-16,1575.0,1640.0,1490.0,1615.0,1029546.0,SUPV
2024-07-17,1635.0,1635.0,1525.0,1580.0,422398.0,SUPV
2024-07-18,1580.0,1615.0,1540.0,1570.0,220128.0,SUPV
2024-07-19,1580.0,1665.0,1580.0,1620.0,637021.0,SUPV
2024-07-22,1630.0,1665.0,1605.0,1620.0,284169.0,SUPV
2024-07-23,1650.0,1740.0,1630.0,1735.0,479922.0,SUPV
2024-07-24,1745.0,1745.0,1645.0,1650.0,322823.0,SUPV
2024-07-25,1645.0,1675.0,1590.0,1615.0,273745.0,SUPV
2024-07-26,1685.0,1685.0,1605.0,1620.0,166605.0,SUPV
2024-07-29,1615.0,1630.0,1530.0,1555.0,156605.0,SUPV
2024-07-30,1535.0,1560.0,1470.0,1480.0,264063.0,SUPV
2024-07-31,1540.0,1630.0,1500.0,1615.0,362906.0,SUPV
2024-08-01,1615.0,1650.0,1560.0,1590.0,235009.0,SUPV
2024-08-02,1550.0,1550.0,1470.0,1495.0,781284.0,SUPV
2024-08-05,1440.0,1490.0,1385.0,1470.0,964632.0,SUPV
2024-08-06,1455.0,1545.0,1455.0,1525.0,333100.0,SUPV
2024-08-07,1560.0,1585.0,1480.0,1500.0,252526.0,SUPV
2024-08-08,1570.0,1705.0,1570.0,1700.0,2094128.0,SUPV
2024-08-09,1735.0,1775.0,1680.0,1755.0,913817.0,SUPV
2024-08-12,1755.0,1800.0,1745.0,1775.0,497129.0,SUPV
2024-08-13,1765.0,1810.0,1745.0,1800.0,430459.0,SUPV
2024-08-14,1780.0,1870.0,1780.0,1820.0,676904.0,SUPV
2024-08-15,1850.0,1910.0,1840.0,1870.0,1072160.0,SUPV
2024-08-16,1895.0,1910.0,1830.0,1840.0,580319.0,SUPV
2024-08-19,1845.0,1900.0,1835.0,1885.0,1472259.0,SUPV
2024-08-20,1895.0,1930.0,1815.0,1900.0,1189433.0,SUPV
2024-08-21,1910.0,1910.0,1810.0,1845.0,417044.0,SUPV
2024-08-22,1840.0,1840.0,1735.0,1740.0,376962.0,SUPV
2024-08-23,1780.0,1810.0,1750.0,1790.0,232667.0,SUPV
2024-08-26,1785.0,1815.0,1735.0,1765.0,343559.0,SUPV
2024-08-27,1760.0,1825.0,1760.0,1810.0,260137.0,SUPV
2024-08-28,1805.0,1835.0,1770.0,1810.0,333425.0,SUPV
2024-08-29,1815.0,1890.0,1815.0,1880.0,1232933.0,SUPV
2024-08-30,1970.0,2010.0,1880.0,1885.0,1688301.0,SUPV
2024-09-02,1885.0,1930.0,1880.0,1915.0,449679.0,SUPV
2024-09-03,1910.0,2005.0,1865.0,1920.0,1061396.0,SUPV
2024-09-04,1970.0,2020.0,1920.0,2015.0,1242176.0,SUPV
2024-09-05,2015.0,2055.0,1930.0,1980.0,803979.0,SUPV
2024-09-06,1970.0,1980.0,1865.0,1895.0,497556.0,SUPV
2024-09-09,1940.0,1980.0,1910.0,1925.0,586372.0,SUPV
2024-09-10,1900.0,1900.0,1790.0,1890.0,742176.0,SUPV
2024-09-11,1895.0,2000.0,1865.0,1940.0,490743.0,SUPV
2024-09-12,1950.0,2065.0,1950.0,2055.0,1151098.0,SUPV
2024-09-13,2080.0,2095.0,2030.0,2080.0,572379.0,SUPV
2024-09-16,2115.0,2180.0,2030.0,2045.0,910418.0,SUPV
2024-09-17,2050.0,2085.0,2000.0,2045.0,481454.0,SUPV
2024-09-18,2065.0,2100.0,2010.0,2025.0,479414.0,SUPV
2024-09-19,2070.0,2100.0,2030.0,2055.0,498384.0,SUPV
2024-09-20,2020.0,2100.0,1990.0,2035.0,566402.0,SUPV
2024-09-23,2050.0,2050.0,1970.0,2020.0,349780.0,SUPV
2024-09-24,2030.0,2030.0,1905.0,1940.0,699666.0,SUPV
2024-09-25,1945.0,1950.0,1845.0,1865.0,990006.0,SUPV
2024-09-26,1885.0,1890.0,1795.0,1815.0,1089935.0,SUPV
2024-09-27,1820.0,1860.0,1800.0,1825.0,689310.0,SUPV
2024-09-30,1835.0,1835.0,1735.0,1780.0,1963828.0,SUPV
2024-10-01,1780.0,1835.0,1730.0,1805.0,1091937.0,SUPV
2024-10-02,1785.0,1790.0,1745.0,1785.0,492455.0,SUPV
2024-10-03,1790.0,1840.0,1765.0,1830.0,629824.0,SUPV
2024-10-04,1830.0,1840.0,1800.0,1810.0,442783.0,SUPV
2024-10-07,1795.0,1795.0,1710.0,1725.0,1217600.0,SUPV
2024-10-08,1735.0,1785.0,1735.0,1775.0,534671.0,SUPV
2024-10-09,1785.0,1850.0,1750.0,1820.0,785261.0,SUPV
2024-10-10,1820.0,1880.0,1790.0,1860.0,677881.0,SUPV
2024-10-14,1890.0,1895.0,1790.0,1820.0,1202963.0,SUPV
2024-10-15,1810.0,1890.0,1790.0,1880.0,1330922.0,SUPV
2024-10-16,1885.0,1925.0,1820.0,1825.0,1665948.0,SUPV
2024-10-17,1870.0,1900.0,1835.0,1860.0,815523.0,SUPV
2024-10-18,1860.0,1915.0,1830.0,1905.0,604814.0,SUPV
2024-10-21,1905.0,1955.0,1880.0,1940.0,409053.0,SUPV
2024-10-22,1965.0,1970.0,1880.0,1900.0,262481.0,SUPV
2024-10-23,1895.0,1895.0,1830.0,1860.0,582258.0,SUPV
2024-10-24,1890.0,2010.0,1880.0,2005.0,721589.0,SUPV
2024-10-25,2005.0,2080.0,2000.0,2045.0,737059.0,SUPV
2024-10-28,2080.0,2140.0,2050.0,2060.0,1190981.0,SUPV
2024-10-29,2080.0,2165.0,2080.0,2095.0,1019924.0,SUPV
2024-10-30,2095.0,2140.0,2050.0,2055.0,540801.0,SUPV
2024-10-31,2060.0,2140.0,2015.0,2120.0,827582.0,SUPV
2024-11-01,2120.0,2185.0,2085.0,2095.0,710547.0,SUPV
2024-11-04,2095.0,2165.0,2050.0,2125.0,566793.0,SUPV
2024-11-05,2100.0,2160.0,2025.0,2100.0,793072.0,SUPV
2024-11-06,2100.0,2290.0,2100.0,2225.0,1111992.0,SUPV
2024-11-07,2250.0,2330.0,2230.0,2255.0,918677.0,SUPV
2024-11-08,2255.0,2315.0,2140.0,2245.0,596823.0,SUPV
2024-11-11,2245.0,2295.0,2165.0,2270.0,731851.0,SUPV
2024-11-12,2310.0,2340.0,2200.0,2305.0,764768.0,SUPV
2024-11-13,2300.0,2340.0,2270.0,2315.0,545326.0,SUPV
2024-11-14,2315.0,2420.0,2305.0,2410.0,1019508.0,SUPV
2024-11-15,2360.0,2475.0,2340.0,2390.0,1358614.0,SUPV
2024-11-19,2510.0,2615.0,2450.0,2480.0,1065244.0,SUPV
2024-11-20,2535.0,2550.0,2420.0,2530.0,948208.0,SUPV
2024-11-21,2550.0,2600.0,2390.0,2415.0,837037.0,SUPV
2024-11-22,2430.0,2450.0,2270.0,2385.0,1624362.0,SUPV
2024-11-25,2400.0,2450.0,2315.0,2420.0,829729.0,SUPV
2024-11-26,2390.0,2595.0,2340.0,2585.0,1335901.0,SUPV
2024-11-27,2605.0,2615.0,2490.0,2520.0,678051.0,SUPV
2024-11-28,2550.0,2550.0,2400.0,2525.0,277301.0,SUPV
2024-11-29,2550.0,2700.0,2490.0,2685.0,695137.0,SUPV
2024-12-02,2685.0,2755.0,2610.0,2730.0,1114500.0,SUPV
2024-12-03,2740.0,2760.0,2640.0,2715.0,551797.0,SUPV
2024-12-04,2745.0,2745.0,2580.0,2590.0,694281.0,SUPV
2024-12-05,2645.0,2745.0,2565.0,2665.0,881072.0,SUPV
2024-12-06,2725.0,2745.0,2605.0,2660.0,563165.0,SUPV
2024-12-09,2655.0,2730.0,2590.0,2685.0,406430.0,SUPV
2024-12-10,2690.0,2750.0,2570.0,2610.0,407328.0,SUPV
2024-12-11,2645.0,2755.0,2550.0,2745.0,546196.0,SUPV
2024-12-12,2820.0,2885.0,2775.0,2810.0,693907.0,SUPV
2024-12-13,2825.0,2915.0,2805.0,2895.0,815665.0,SUPV
2024-12-16,2990.0,3460.0,2975.0,3440.0,2130156.0,SUPV
2024-12-17,3440.0,3700.0,3400.0,3565.0,1659625.0,SUPV
2024-12-18,3665.0,3750.0,3470.0,3485.0,894297.0,SUPV
2024-12-19,3480.0,3650.0,3375.0,3410.0,1185470.0,SUPV
2024-12-20,3330.0,3680.0,3150.0,3630.0,1389488.0,SUPV
2024-12-23,3700.0,3745.0,3480.0,3635.0,849551.0,SUPV
2024-12-24,3660.0,3735.0,3610.0,3700.0,356155.0,SUPV
2024-12-26,3700.0,3780.0,3645.0,3765.0,615608.0,SUPV
2024-12-27,3775.0,3795.0,3610.0,3680.0,935550.0,SUPV
2024-12-30,3675.0,3705.0,3535.0,3575.0,819920.0,SUPV
2025-01-02,3635.0,3950.0,3580.0,3915.0,961747.0,SUPV
2025-01-03,3990.0,4050.0,3800.0,4000.0,1193424.0,SUPV
2025-01-06,4110.0,4320.0,4110.0,4285.0,1186178.0,SUPV
2025-01-07,4300.0,4575.0,4200.0,4335.0,1840353.0,SUPV
2025-01-08,4360.0,4560.0,4265.0,4430.0,1347517.0,SUPV
2025-01-09,4460.0,4900.0,4450.0,4600.0,1249193.0,SUPV
2025-01-10,4560.0,4740.0,4400.0,4640.0,1459004.0,SUPV
2025-01-13,4640.0,4850.0,4190.0,4340.0,1752800.0,SUPV
2025-01-14,4350.0,4630.0,4335.0,4565.0,1395229.0,SUPV
2025-01-15,4650.0,4740.0,4390.0,4440.0,1214663.0,SUPV
2025-01-16,4490.0,4490.0,4220.0,4280.0,1369656.0,SUPV
2025-01-17,4280.0,4330.0,3980.0,4000.0,1459240.0,SUPV
2025-01-20,4010.0,4145.0,4010.0,4110.0,333877.0,SUPV
2025-01-21,4110.0,4200.0,3995.0,4170.0,897823.0,SUPV
2025-01-22,4200.0,4255.0,4120.0,4250.0,743857.0,SUPV
2025-01-23,4290.0,4290.0,4075.0,4095.0,490565.0,SUPV
2025-01-24,4095.0,4115.0,3700.0,3945.0,931441.0,SUPV
2025-01-27,3920.0,3930.0,3655.0,3705.0,1511147.0,SUPV
2025-01-28,3735.0,3900.0,3655.0,3770.0,952479.0,SUPV
2025-01-29,3750.0,4010.0,3740.0,3985.0,1152009.0,SUPV
2025-01-30,4040.0,4120.0,3950.0,4025.0,863922.0,SUPV
2025-01-31,4105.0,4110.0,3890.0,3960.0,631949.0,SUPV
2025-02-03,3840.0,3840.0,3700.0,3760.0,792517.0,SUPV
2025-02-04,3790.0,3910.0,3750.0,3850.0,410782.0,SUPV
2025-02-05,3845.0,3915.0,3750.0,3765.0,398904.0,SUPV
2025-02-06,3800.0,3945.0,3740.0,3875.0,393939.0,SUPV
2025-02-07,3880.0,3960.0,3630.0,3670.0,718285.0,SUPV
2025-02-10,3700.0,3875.0,3595.0,3605.0,683741.0,SUPV
2025-02-11,3640.0,3640.0,3300.0,3365.0,1294714.0,SUPV
2025-02-12,3350.0,3480.0,3170.0,3370.0,993408.0,SUPV
2025-02-13,3400.0,3490.0,3370.0,3465.0,450702.0,SUPV
2025-02-14,3500.0,3535.0,3420.0,3520.0,561928.0,SUPV
2025-02-17,3450.0,3500.0,3200.0,3275.0,829340.0,SUPV
2025-02-18,3250.0,3550.0,3250.0,3540.0,968827.0,SUPV
2025-02-19,3550.0,3635.0,3450.0,3560.0,599768.0,SUPV
2025-02-20,3530.0,3615.0,3420.0,3560.0,683182.0,SUPV
2025-02-21,3605.0,3660.0,3405.0,3435.0,567178.0,SUPV
2025-02-24,3435.0,3530.0,3310.0,3420.0,356666.0,SUPV
2025-02-25,3345.0,3495.0,3205.0,3290.0,508200.0,SUPV
2025-02-26,3280.0,3455.0,3230.0,3320.0,449928.0,SUPV
2025-02-27,3320.0,3500.0,3120.0,3180.0,676784.0,SUPV
2025-02-28,3175.0,3300.0,3040.0,3215.0,787784.0,SUPV
2025-03-05,3250.0,3485.0,3185.0,3470.0,476400.0,SUPV
2025-03-06,3480.0,3515.0,3330.0,3390.0,560712.0,SUPV
2025-03-07,3405.0,3430.0,3190.0,3345.0,511773.0,SUPV
2025-03-10,3280.0,3300.0,3055.0,3110.0,508068.0,SUPV
2025-03-11,3110.0,3185.0,2995.0,3115.0,957266.0,SUPV
2025-03-12,3115.0,3400.0,3110.0,3380.0,1080068.0,SUPV
2025-03-13,3305.0,3355.0,3220.0,3235.0,507876.0,SUPV
2025-03-14,3295.0,3530.0,3295.0,3515.0,951858.0,SUPV
2025-03-17,3520.0,3540.0,3425.0,3450.0,703528.0,SUPV
2025-03-18,3400.0,3420.0,3310.0,3360.0,471444.0,SUPV
2025-03-19,3420.0,3590.0,3420.0,3570.0,537498.0,SUPV
2025-03-20,3560.0,3600.0,3495.0,3520.0,411506.0,SUPV
2025-03-21,3590.0,3760.0,3500.0,3735.0,631450.0,SUPV
2025-03-25,3735.0,3965.0,3715.0,3915.0,743535.0,SUPV
2025-03-26,3955.0,4010.0,3730.0,3805.0,1068038.0,SUPV
2025-03-27,3935.0,3955.0,3635.0,3650.0,1090806.0,SUPV
2025-03-28,3640.0,3640.0,3480.0,3555.0,559144.0,SUPV
2025-03-31,3470.0,3490.0,3380.0,3435.0,579741.0,SUPV
2025-04-01,3450.0,3530.0,3400.0,3435.0,903412.0,SUPV
2025-04-03,3340.0,3360.0,3265.0,3295.0,202421.0,SUPV
2025-04-04,3135.0,3135.0,2820.0,2945.0,2574129.0,SUPV
2025-04-07,2850.0,3040.0,2800.0,2865.0,864533.0,SUPV
2025-04-08,3065.0,3155.0,2910.0,2945.0,2405050.0,SUPV
2025-04-09,2960.0,3450.0,2775.0,3380.0,1977082.0,SUPV
2025-04-10,3350.0,3350.0,3015.0,3210.0,1361400.0,SUPV
2025-04-11,3300.0,3700.0,3300.0,3505.0,2301123.0,SUPV
2025-04-14,3995.0,4000.0,3590.0,3870.0,2079596.0,SUPV
2025-04-15,3900.0,3945.0,3650.0,3690.0,1788868.0,SUPV
2025-04-16,3710.0,3745.0,3490.0,3535.0,573142.0,SUPV
2025-04-21,3535.0,3570.0,3325.0,3415.0,621054.0,SUPV
2025-04-22,3420.0,3700.0,3420.0,3685.0,569401.0,SUPV
2025-04-23,3730.0,3940.0,3700.0,3805.0,942830.0,SUPV
2025-04-24,3800.0,4030.0,3745.0,3760.0,736339.0,SUPV
2025-04-25,3790.0,3865.0,3760.0,3785.0,804259.0,SUPV
2025-04-28,3800.0,3880.0,3615.0,3700.0,306473.0,SUPV
2025-04-29,3720.0,3750.0,3600.0,3620.0,600450.0,SUPV
2025-04-30,3590.0,3620.0,3440.0,3515.0,209723.0,SUPV
2025-05-05,3500.0,3550.0,3255.0,3325.0,617836.0,SUPV
2025-05-06,3370.0,3540.0,3340.0,3480.0,486931.0,SUPV
2025-05-07,3550.0,3550.0,3310.0,3340.0,352822.0,SUPV
2025-05-08,3360.0,3370.0,3200.0,3325.0,327297.0,SUPV
2025-05-09,3480.0,3480.0,3310.0,3375.0,275805.0,SUPV
2025-05-12,3480.0,3635.0,3385.0,3590.0,598456.0,SUPV
2025-05-13,3690.0,3705.0,3495.0,3625.0,717887.0,SUPV
2025-05-14,3600.0,3660.0,3490.0,3600.0,588528.0,SUPV
2025-05-15,3510.0,3595.0,3400.0,3520.0,336768.0,SUPV
2025-05-16,3555.0,3590.0,3460.0,3580.0,590831.0,SUPV
2025-05-19,3670.0,3895.0,3670.0,3790.0,899253.0,SUPV
2025-05-20,3800.0,3905.0,3750.0,3845.0,764208.0,SUPV
2025-05-21,3870.0,3885.0,3630.0,3670.0,1267829.0,SUPV
2025-05-22,3670.0,3820.0,3660.0,3715.0,1089986.0,SUPV
2025-05-23,3700.0,3700.0,3575.0,3660.0,834998.0,SUPV
2025-05-26,3660.0,3800.0,3660.0,3685.0,308507.0,SUPV
2025-05-27,3700.0,3700.0,3445.0,3475.0,2536463.0,SUPV
2025-05-28,3310.0,3435.0,3150.0,3345.0,3166345.0,SUPV
2025-05-29,3300.0,3300.0,3160.0,3170.0,2062473.0,SUPV
2025-05-30,3165.0,3190.0,3100.0,3135.0,1189906.0,SUPV
2025-06-02,3200.0,3200.0,3025.0,3045.0,575459.0,SUPV
2025-06-03,3070.0,3125.0,2995.0,3040.0,683178.0,SUPV
2025-06-04,3020.0,3020.0,2810.0,2830.0,2324036.0,SUPV
2025-06-05,2830.0,2885.0,2785.0,2840.0,914255.0,SUPV
2025-06-06,2800.0,2970.0,2790.0,2920.0,1157930.0,SUPV
2025-06-09,2900.0,2905.0,2830.0,2850.0,977910.0,SUPV
2025-06-10,2870.0,3055.0,2870.0,2990.0,1536737.0,SUPV
2025-06-11,2945.0,2975.0,2835.0,2845.0,2521533.0,SUPV
2025-06-12,2845.0,2910.0,2805.0,2860.0,2103797.0,SUPV
2025-06-13,2820.0,2835.0,2670.0,2705.0,1458978.0,SUPV
2025-06-17,2670.0,2725.0,2585.0,2605.0,1512287.0,SUPV
2025-06-18,2605.0,2650.0,2550.0,2555.0,1444095.0,SUPV
2025-06-19,2550.0,2585.0,2530.0,2560.0,200612.0,SUPV
2025-06-23,2515.0,2515.0,2415.0,2480.0,1274392.0,SUPV
2025-06-24,2530.0,2750.0,2505.0,2725.0,2016530.0,SUPV
2025-06-25,2650.0,2695.0,2625.0,2655.0,395908.0,SUPV
2025-06-26,2670.0,2745.0,2645.0,2665.0,349747.0,SUPV
2025-06-27,2660.0,2670.0,2600.0,2640.0,335166.0,SUPV
2025-06-30,2605.0,2700.0,2495.0,2560.0,881712.0,SUPV
2025-07-01,2560.0,2645.0,2535.0,2620.0,872725.0,SUPV
2025-07-02,2620.0,2700.0,2615.0,2635.0,470229.0,SUPV
2025-07-03,2660.0,2690.0,2620.0,2635.0,289696.0,SUPV
2025-07-04,2680.0,2680.0,2600.0,2640.0,162213.0,SUPV
2025-07-07,2630.0,2635.0,2560.0,2590.0,551064.0,SUPV
2025-07-08,2600.0,2765.0,2565.0,2755.0,1027627.0,SUPV
2025-07-10,2650.0,2700.0,2600.0,2645.0,795041.0,SUPV
2025-07-11,2610.0,2610.0,2510.0,2530.0,967956.0,SUPV
2025-07-14,2520.0,2605.0,2480.0,2580.0,383866.0,SUPV
2025-07-15,2590.0,2645.0,2530.0,2580.0,578252.0,SUPV
2025-07-16,2560.0,2580.0,2435.0,2470.0,1056388.0,SUPV
2025-07-17,2505.0,2575.0,2480.0,2555.0,750675.0,SUPV
2025-07-18,2610.0,2655.0,2510.0,2515.0,824359.0,SUPV
2025-07-21,2520.0,2565.0,2450.0,2465.0,699917.0,SUPV
2025-07-22,2470.0,2535.0,2430.0,2450.0,384238.0,SUPV
2025-07-23,2455.0,2540.0,2455.0,2525.0,582527.0,SUPV
2025-07-24,2515.0,2625.0,2475.0,2605.0,772286.0,SUPV
2025-07-25,2640.0,2715.0,2620.0,2660.0,1265190.0,SUPV
2025-07-28,2680.0,2710.0,2600.0,2605.0,2039812.0,SUPV
2025-07-29,2620.0,2900.0,2605.0,2860.0,2497822.0,SUPV
2025-07-30,2860.0,2880.0,2755.0,2830.0,1557364.0,SUPV
2025-07-31,2835.0,2880.0,2795.0,2825.0,985760.0,SUPV
2025-08-01,2810.0,2810.0,2710.0,2725.0,784154.0,SUPV
2025-08-04,2725.0,2860.0,2645.0,2820.0,957245.0,SUPV
2025-08-05,2835.0,3005.0,2800.0,2980.0,1419041.0,SUPV
2025-08-06,2980.0,3140.0,2980.0,3115.0,1327031.0,SUPV
2025-08-07,3115.0,3165.0,3000.0,3015.0,1324852.0,SUPV
2025-08-08,3015.0,3040.0,2860.0,2925.0,1028310.0,SUPV
2025-08-11,2925.0,2970.0,2855.0,2925.0,805905.0,SUPV
2025-08-12,2905.0,2990.0,2870.0,2910.0,1116566.0,SUPV
2025-08-13,2905.0,2980.0,2845.0,2875.0,666682.0,SUPV
2025-08-14,2890.0,2890.0,2490.0,2600.0,4331286.0,SUPV
2025-08-18,2640.0,2665.0,2505.0,2635.0,894922.0,SUPV
2025-08-19,2620.0,2655.0,2445.0,2475.0,2436431.0,SUPV
2025-08-20,2475.0,2525.0,2435.0,2440.0,1018652.0,SUPV
2025-08-21,2475.0,2500.0,2400.0,2440.0,529097.0,SUPV
2025-08-22,2410.0,2540.0,2410.0,2415.0,631320.0,SUPV
2025-08-25,2390.0,2395.0,2200.0,2210.0,1990522.0,SUPV
2025-08-26,2215.0,2295.0,2185.0,2250.0,999358.0,SUPV
2025-08-27,2210.0,2235.0,2130.0,2150.0,1417757.0,SUPV
2025-08-28,2155.0,2230.0,2125.0,2135.0,1233581.0,SUPV
2025-08-29,2140.0,2140.0,2085.0,2105.0,605892.0,SUPV
2025-09-01,2115.0,2115.0,2000.0,2085.0,799817.0,SUPV
2025-09-02,2095.0,2140.0,1995.0,2125.0,1865211.0,SUPV
2025-09-03,2150.0,2180.0,2030.0,2055.0,2145799.0,SUPV
2025-09-04,2055.0,2205.0,2045.0,2160.0,1525532.0,SUPV
2025-09-05,2200.0,2250.0,2085.0,2215.0,2238341.0,SUPV
2025-09-08,2000.0,2000.0,1740.0,1758.0,3478070.0,SUPV
2025-09-09,1780.0,1850.0,1660.0,1669.0,1777130.0,SUPV
2025-09-10,1700.0,1824.0,1700.0,1792.0,1935640.0,SUPV
2025-09-11,1820.0,1832.0,1694.0,1704.0,3547349.0,SUPV
2025-09-12,1750.0,1750.0,1571.0,1614.0,4689130.0,SUPV
2025-09-15,1628.0,1670.0,1574.0,1599.0,2515569.0,SUPV
2025-09-16,1650.0,1695.0,1596.0,1622.0,1065338.0,SUPV
2025-09-17,1630.0,1702.0,1630.0,1672.0,1274115.0,SUPV
2025-09-18,1670.0,1680.0,1520.0,1574.0,2256864.0,SUPV
2025-09-19,1550.0,1622.0,1496.0,1551.0,1381817.0,SUPV
2025-09-22,1690.0,1825.0,1661.0,1797.0,2793823.0,SUPV
2025-09-23,1850.0,1850.0,1713.0,1742.0,2614572.0,SUPV
2025-09-24,1805.0,1930.0,1759.0,1778.0,2388968.0,SUPV
2025-09-25,1750.0,1750.0,1631.0,1641.0,1612670.0,SUPV
2025-09-26,1633.0,1704.0,1570.0,1581.0,2105612.0,SUPV
2025-09-29,1600.0,1629.0,1554.0,1591.0,1513279.0,SUPV
2025-09-30,1600.0,1620.0,1502.0,1517.0,2038492.0,SUPV
2025-10-01,1520.0,1572.0,1461.0,1465.0,3617583.0,SUPV
2025-10-02,1464.0,1558.0,1431.0,1554.0,2519026.0,SUPV
2025-10-03,1544.0,1599.0,1490.0,1531.0,2337789.0,SUPV
2025-10-06,1531.0,1563.0,1477.0,1550.0,1828298.0,SUPV
2025-10-07,1595.0,1595.0,1507.0,1515.0,1239791.0,SUPV
2025-10-08,1520.0,1553.0,1485.0,1544.0,974509.0,SUPV
2025-10-09,1545.0,1890.0,1545.0,1795.0,4039163.0,SUPV
2025-10-13,1730.0,1920.0,1650.0,1898.0,3568721.0,SUPV
2025-10-14,1895.0,1950.0,1663.0,1751.0,5464748.0,SUPV
2025-10-15,1790.0,1900.0,1746.0,1830.0,1534623.0,SUPV
2025-10-16,1806.0,1890.0,1795.0,1843.0,573517.0,SUPV
2025-10-17,1875.0,2000.0,1845.0,1953.0,1695872.0,SUPV
2025-10-20,1968.0,2100.0,1889.0,1929.0,2482770.0,SUPV
2025-10-21,1925.0,2085.0,1898.0,2001.0,2221456.0,SUPV
2025-10-22,1935.0,2003.0,1890.0,1942.0,2764539.0,SUPV
2025-10-23,1950.0,2163.0,1905.0,2129.0,2377180.0,SUPV
2025-10-24,2130.0,2200.0,2046.0,2127.0,2809837.0,SUPV
2025-10-27,2450.0,2975.0,2450.0,2912.5,8746839.0,SUPV
2025-10-28,2900.0,3300.0,2815.0,3170.0,4053367.0,SUPV
2025-10-29,3180.0,3500.0,3102.5,3440.0,4314484.0,SUPV
2025-10-30,3465.0,3497.5,3200.0,3347.5,2506978.0,SUPV
2025-10-31,3265.0,3852.5,3265.0,3770.0,3471828.0,SUPV
2025-11-03,3820.0,4265.0,3695.0,3930.0,4713579.0,SUPV
2025-11-04,3900.0,3935.0,3620.0,3830.0,3274200.0,SUPV
2025-11-05,3850.0,3982.5,3727.5,3807.5,2080329.0,SUPV
2025-11-06,3800.0,3920.0,3580.0,3622.5,1043593.0,SUPV
2025-11-07,3620.0,3650.0,3347.5,3470.0,3570023.0,SUPV
2025-11-10,3470.0,3725.0,3400.0,3450.0,1739501.0,SUPV
2025-11-11,3450.0,3515.0,3360.0,3390.0,1218981.0,SUPV
2025-11-12,3400.0,3520.0,3400.0,3485.0,1766747.0,SUPV
2025-11-13,3490.0,3530.0,3160.0,3260.0,2066485.0,SUPV
2025-11-14,3270.0,3512.5,3010.0,3467.5,1685561.0,SUPV
2025-11-17,3440.0,3440.0,3260.0,3275.0,1129529.0,SUPV
2025-11-18,3280.0,3362.5,3100.0,3272.5,1353298.0,SUPV
2025-11-19,3275.0,3370.0,3105.0,3135.0,1173157.0,SUPV
2025-11-20,3142.5,3262.5,3070.0,3085.0,980364.0,SUPV
2025-11-21,3080.0,3080.0,2852.5,2892.5,756255.0,SUPV
2025-11-25,2910.0,3250.0,2872.5,3135.0,2022370.0,SUPV
2025-11-26,3005.0,3407.5,2950.0,3380.0,4142076.0,SUPV
2025-11-27,3400.0,3490.0,3365.0,3415.0,424112.0,SUPV
2025-11-28,3415.0,3495.0,3335.0,3402.5,1624090.0,SUPV
2025-12-01,3427.5,3480.0,3327.5,3462.5,1340972.0,SUPV
2025-12-02,3440.0,3492.5,3337.5,3385.0,1791946.0,SUPV
2025-12-03,3400.0,3607.5,3345.0,3600.0,2161786.0,SUPV
2025-12-04,3610.0,3700.0,3532.5,3545.0,1572423.0,SUPV
2025-12-05,3590.0,3700.0,3390.0,3397.5,1519756.0,SUPV
2025-12-09,3260.0,3440.0,3210.0,3245.0,1675040.0,SUPV
2025-12-10,3240.0,3320.0,3135.0,3245.0,1254730.0,SUPV
2025-12-11,3240.0,3370.0,3195.0,3277.5,895240.0,SUPV
2025-12-12,3282.5,3440.0,3237.5,3335.0,448377.0,SUPV
2025-12-15,3335.0,3490.0,3265.0,3447.5,553144.0,SUPV
2025-12-16,3465.0,3527.5,3325.0,3480.0,1617061.0,SUPV
2025-12-17,3485.0,3500.0,3380.0,3462.5,722151.0,SUPV
2025-12-18,3495.0,3760.0,3420.0,3747.5,1615550.0,SUPV
2025-12-19,3770.0,3825.0,3585.0,3670.0,1162857.0,SUPV
2025-12-22,3672.5,3747.5,3660.0,3712.5,842028.0,SUPV
2025-12-23,3682.5,3840.0,3672.5,3720.0,622623.0,SUPV
2025-12-24,3677.5,3795.0,3677.5,3700.0,106237.0,SUPV
2025-12-26,3730.0,3780.0,3662.5,3685.0,342477.0,SUPV
2025-12-29,3710.0,3795.0,3650.0,3670.0,827033.0,SUPV
2025-12-30,3670.0,3720.0,3562.5,3570.0,637892.0,SUPV
2026-01-02,3660.0,3675.0,3470.0,3595.0,618825.0,SUPV
2026-01-05,3590.0,3707.5,3470.0,3677.5,446001.0,SUPV
2026-01-06,3650.0,3817.5,3650.0,3705.0,551415.0,SUPV
2026-01-07,3690.0,3710.0,3425.0,3560.0,1195675.0,SUPV
2026-01-08,3572.5,3640.0,3427.5,3632.5,603136.0,SUPV
2026-01-09,3640.0,3715.0,3575.0,3652.5,856079.0,SUPV
2026-01-12,3640.0,3680.0,3570.0,3595.0,412584.0,SUPV
2026-01-13,3595.0,3615.0,3405.0,3450.0,1095956.0,SUPV
2026-01-14,3477.5,3530.0,3260.0,3307.5,939823.0,SUPV
2026-01-15,3352.5,3360.0,3157.5,3250.0,817701.0,SUPV
2026-01-16,3257.5,3300.0,3200.0,3240.0,463427.0,SUPV
2026-01-19,3240.0,3275.0,3192.5,3217.5,167086.0,SUPV
2026-01-20,3200.0,3295.0,3077.5,3225.0,601708.0,SUPV
2026-01-21,3225.0,3407.5,3172.5,3400.0,1489320.0,SUPV
2026-01-22,3400.0,3500.0,3370.0,3407.5,1092813.0,SUPV
2026-01-23,3415.0,3527.5,3380.0,3487.5,1258792.0,SUPV
2026-01-26,3470.0,3675.0,3400.0,3522.5,1103779.0,SUPV
2026-01-27,3525.0,3712.5,3525.0,3710.0,1910795.0,SUPV
2026-01-28,3710.0,3790.0,3605.0,3725.0,2120288.0,SUPV
2026-01-29,3725.0,3752.5,3550.0,3717.5,1060107.0,SUPV
2026-01-30,3730.0,3810.0,3650.0,3680.0,909284.0,SUPV
2026-02-02,3725.0,3725.0,3472.5,3490.0,848283.0,SUPV
2026-02-03,3540.0,3545.0,3300.0,3377.5,695936.0,SUPV
2026-02-04,3390.0,3475.0,3200.0,3317.5,994260.0,SUPV
2026-02-05,3217.5,3337.5,3100.0,3147.5,1089888.0,SUPV
2026-02-06,3145.0,3292.5,3145.0,3272.5,652152.0,SUPV
2026-02-09,3330.0,3450.0,3187.5,3435.0,804523.0,SUPV
2026-02-10,3445.0,3587.5,3310.0,3570.0,849200.0,SUPV
2026-02-11,3570.0,3570.0,3410.0,3460.0,562445.0,SUPV
2026-02-12,3457.5,3530.0,3170.0,3185.0,1379366.0,SUPV
2026-02-13,3185.0,3240.0,3065.0,3102.5,579977.0,SUPV
2026-02-18,3090.0,3140.0,2950.0,2970.0,635289.0,SUPV
2026-02-19,2970.0,3195.0,2910.0,3167.5,667393.0,SUPV
2026-02-20,3150.0,3235.0,3120.0,3200.0,684830.0,SUPV
2026-02-23,3102.5,3180.0,3000.0,3007.5,692095.0,SUPV
2026-02-24,2980.0,3115.0,2980.0,3100.0,773790.0,SUPV
2026-02-25,3090.0,3105.0,2980.0,3060.0,707163.0,SUPV
2026-02-26,3022.5,3140.0,2880.0,2952.5,909844.0,SUPV
2026-02-27,2955.0,3017.5,2700.0,2725.0,1602021.0,SUPV
2026-03-02,2725.0,2780.0,2525.0,2530.0,2500821.0,SUPV
2026-03-03,2510.0,2635.0,2359.0,2605.0,2406662.0,SUPV
2026-03-04,2635.0,2675.0,2492.0,2592.5,1265252.0,SUPV
2026-03-05,2600.0,2640.0,2430.0,2460.0,1620201.0,SUPV
2026-03-06,2480.0,2497.0,2420.0,2469.0,945624.0,SUPV
2026-03-09,2400.0,2560.0,2390.0,2552.5,556559.0,SUPV
2026-03-10,2547.5,2720.0,2502.5,2657.5,1224078.0,SUPV
2026-03-11,2660.0,2777.5,2632.5,2712.5,1059296.0,SUPV
2026-03-12,2745.0,2745.0,2570.0,2587.5,568421.0,SUPV
2026-03-13,2570.0,2635.0,2382.0,2421.0,1155731.0,SUPV
2026-03-16,2453.0,2471.0,2350.0,2371.0,819712.0,SUPV
2026-03-17,2395.0,2440.0,2359.0,2378.0,395149.0,SUPV
2026-03-18,2380.0,2425.0,2320.0,2396.0,196832.0,SUPV
2026-03-19,2350.0,2512.5,2331.0,2507.5,514732.0,SUPV
2026-03-20,2510.0,2515.0,2360.0,2385.0,529435.0,SUPV
2026-03-23,2430.0,2655.0,2380.0,2595.0,605551.0,SUPV
2026-03-25,2612.5,2735.0,2560.0,2665.0,1526519.0,SUPV
2026-03-26,2652.5,2680.0,2489.0,2547.5,430592.0,SUPV
2026-03-27,2520.0,2615.0,2400.0,2430.0,1092416.0,SUPV
2026-03-30,2440.0,2580.0,2437.0,2502.5,914175.0,SUPV
2026-03-31,2510.0,2810.0,2510.0,2795.0,1456443.0,SUPV
2026-04-01,2800.0,2925.0,2722.5,2847.5,2012502.0,SUPV
2026-04-06,2830.0,2895.0,2772.5,2805.0,601505.0,SUPV
2026-04-07,2757.5,2777.5,2685.0,2735.0,681751.0,SUPV
2026-04-08,2802.5,2950.0,2802.5,2910.0,1282026.0,SUPV
2026-04-09,2882.5,2977.5,2800.0,2865.0,1214815.0,SUPV
2026-04-10,2840.0,3000.0,2840.0,2867.5,648735.0,SUPV
2026-04-13,2885.0,2935.0,2700.0,2770.0,867013.0,SUPV
2026-04-14,2805.0,2920.0,2785.0,2802.5,482673.0,SUPV
2026-04-15,2840.0,2887.5,2772.5,2812.5,451399.0,SUPV
2026-04-16,2822.5,2890.0,2785.0,2870.0,499987.0,SUPV
2026-04-17,2890.0,2900.0,2805.0,2860.0,493760.0,SUPV
2026-04-20,2867.5,2930.0,2775.0,2902.5,495121.0,SUPV
2026-04-21,2902.5,2920.0,2850.0,2887.5,342312.0,SUPV
2026-04-22,2922.5,2925.0,2790.0,2810.0,329937.0,SUPV
2026-04-23,2770.0,2820.0,2630.0,2640.0,401295.0,SUPV
2026-04-24,2600.0,2760.0,2582.5,2682.5,532059.0,SUPV
2026-04-27,2740.0,2740.0,2657.5,2685.0,258713.0,SUPV
2026-04-28,2680.0,2710.0,2617.5,2682.5,163282.0,SUPV
2026-04-29,2682.5,2690.0,2540.0,2547.5,868315.0,SUPV
2026-04-30,2565.0,2585.0,2431.0,2476.0,858099.0,SUPV
2026-05-04,2465.0,2467.0,2372.0,2384.0,852397.0,SUPV
2026-05-05,2389.0,2468.0,2373.0,2419.0,298262.0,SUPV
2026-05-06,2480.0,2640.0,2465.0,2592.5,910084.0,SUPV
2026-05-07,2595.0,2622.5,2500.0,2547.5,255071.0,SUPV
2026-05-08,2520.0,2580.0,2372.0,2399.0,619827.0,SUPV
2026-05-11,2396.0,2460.0,2362.0,2443.0,600033.0,SUPV
2026-05-12,2441.0,2443.0,2301.0,2322.0,964924.0,SUPV
2026-05-13,2348.0,2348.0,2246.0,2276.0,623359.0,SUPV
2026-05-14,2280.0,2360.0,2255.0,2319.0,281959.0,SUPV
2026-05-15,2320.0,2326.0,2205.0,2244.0,764254.0,SUPV
2026-05-18,2240.0,2343.0,2201.0,2330.0,770467.0,SUPV
2026-05-19,2330.0,2330.0,2204.0,2211.0,753430.0,SUPV
2026-05-20,2230.0,2330.0,2208.0,2305.0,644008.0,SUPV
2026-05-21,2270.0,2450.0,2268.0,2443.0,796328.0,SUPV
2026-05-22,2445.0,2494.0,2344.0,2356.0,358447.0,SUPV
2026-05-26,2389.0,2525.0,2386.0,2499.0,540458.0,SUPV
2026-05-27,2500.0,2825.0,2500.0,2740.0,2518111.0,SUPV
2026-05-28,2800.0,2902.5,2680.0,2762.5,1304948.0,SUPV
2026-05-29,2765.0,2885.0,2712.5,2880.0,1178285.0,SUPV
2026-06-01,2880.0,2970.0,2840.0,2957.5,915733.0,SUPV
2026-06-02,2965.0,3030.0,2857.5,3012.5,982321.0,SUPV
2026-06-03,3015.0,3015.0,2865.0,2902.5,1022537.0,SUPV
2026-06-04,2895.0,2975.0,2855.0,2902.5,331742.0,SUPV
2026-06-05,2902.5,2910.0,2790.0,2845.0,299907.0,SUPV
2026-06-08,2870.0,2900.0,2787.5,2850.0,258414.0,SUPV
2026-06-09,2895.0,3020.0,2837.5,2965.0,688092.0,SUPV
2026-06-10,2945.0,3027.5,2900.0,2922.5,400623.0,SUPV
2026-06-11,2990.0,3270.0,2990.0,3242.5,2560273.0,SUPV
2026-06-12,3292.5,3325.0,3200.0,3267.5,1117826.0,SUPV
2026-06-16,3350.0,3420.0,3247.5,3267.5,1089055.0,SUPV
2026-06-17,3285.0,3535.0,3285.0,3355.0,2116342.0,SUPV
2026-06-18,3395.0,3532.5,3395.0,3457.5,1225874.0,SUPV
2026-06-19,3450.0,3450.0,3210.0,3332.5,352176.0,SUPV
2026-06-22,3392.5,3430.0,3140.0,3177.5,978090.0,SUPV
2026-06-23,3180.0,3180.0,3065.0,3142.5,607976.0,SUPV
2026-06-24,3100.0,3190.0,2907.5,2932.5,689793.0,SUPV
2026-06-25,2967.5,2987.5,2855.0,2917.5,533123.0,SUPV
2026-06-26,2917.5,3025.0,2855.0,2957.5,336176.0,SUPV
2026-06-29,2975.0,3112.5,2955.0,3045.0,494758.0,SUPV
2026-06-30,3020.0,3110.0,2985.0,3010.0,210220.0,SUPV
2026-07-01,3092.5,3110.0,2860.0,2930.0,385302.0,SUPV
2026-07-02,2930.0,3062.5,2930.0,3027.5,213098.0,SUPV
2026-07-03,3070.0,3070.0,3000.0,3050.0,55099.0,SUPV
2026-07-06,3075.0,3200.0,3020.0,3170.0,396587.0,SUPV
2026-07-07,3195.0,3240.0,3070.0,3085.0,227300.0,SUPV
2026-07-08,3110.0,3112.5,2970.0,3007.5,235578.0,SUPV
2026-07-10,3007.5,3145.0,2925.0,3085.0,105828.0,SUPV
2026-07-13,3092.5,3135.0,2987.5,3002.5,218375.0,SUPV
2026-07-14,3005.0,3125.0,3005.0,3017.5,368784.0,SUPV
2026-07-15,3020.0,3215.0,3010.0,3202.5,449799.0,SUPV
2026-07-16,3190.0,3210.0,3025.0,3032.5,299806.0,SUPV
2026-07-17,3040.0,3065.0,2930.0,3040.0,471375.0,SUPV
2026-07-20,3065.0,3090.0,2982.5,3025.0,496765.0,SUPV
2026-07-21,3037.5,3110.0,3035.0,3042.5,441045.0,SUPV
2026-07-22,3105.0,3225.0,3087.5,3185.0,710941.0,SUPV
2026-07-23,3197.5,3197.5,3060.0,3077.5,649043.0,SUPV
2026-07-24,3080.0,3177.5,3025.0,3072.5,755820.0,SUPV
2026-07-27,3075.0,3160.0,3075.0,3135.0,201051.0,SUPV
2026-07-28,3127.5,3142.5,2985.0,3060.0,540414.0,SUPV
2026-07-29,3050.0,3075.0,2975.0,2982.5,353531.0,SUPV
2026-07-30,3037.5,3135.0,2997.5,3117.5,503991.0,SUPV
2026-07-31,3135.0,3182.5,2972.5,2995.0,872810.0,SUPV
2026-08-03,3010.0,3050.0,2950.0,2967.5,497158.0,SUPV
2026-08-04,3000.0,3007.5,2832.5,2860.0,687614.0,SUPV
2026-08-05,2870.0,2932.5,2815.0,2825.0,273162.0,SUPV
2026-08-06,2830.0,2847.5,2712.5,2737.5,369573.0,SUPV
2026-08-07,2800.0,2800.0,2647.5,2692.5,610574.0,SUPV
2026-08-10,2695.0,2710.0,2627.5,2690.0,556662.0,SUPV
2026-08-11,2715.0,2942.5,2627.5,2660.0,930169.0,SUPV
2026-08-12,2770.0,2770.0,2617.5,2632.5,313840.0,SUPV
2026-08-13,2650.0,2697.5,2577.5,2677.5,938267.0,SUPV
2026-08-14,2682.5,2695.0,2550.0,2562.5,486089.0,SUPV
2026-08-18,2560.0,2560.0,2435.0,2451.0,574207.0,SUPV
2026-08-19,2499.0,2499.0,2398.0,2409.0,891133.0,SUPV
2026-08-20,2440.0,2530.0,2394.0,2429.0,876252.0,SUPV
2026-08-21,2480.0,2622.5,2450.0,2507.5,2061433.0,SUPV
2026-08-24,2515.0,2740.0,2500.0,2715.0,869468.0,SUPV
2026-08-25,2715.0,2815.0,2655.0,2800.0,865971.0,SUPV
