date,open,high,low,close,volume,ticker
2018-01-02,137.0,142.0,136.75,140.0,122012.0,TECO2
2018-01-03,140.0,143.0,137.6,139.25,59821.0,TECO2
2018-01-04,140.0,142.0,139.0,142.0,112756.0,TECO2
2018-01-05,141.85001,145.35,140.5,143.60001,124028.0,TECO2
2018-01-08,144.25,149.8,144.0,147.95,94317.0,TECO2
2018-01-09,147.5,149.5,147.0,147.0,48069.0,TECO2
2018-01-10,148.0,148.0,143.0,145.0,85034.0,TECO2
2018-01-11,145.60001,148.85,145.25,147.39999,73946.0,TECO2
2018-01-12,149.0,149.5,145.0,147.0,59707.0,TECO2
2018-01-15,147.0,149.0,143.6,146.39999,60875.0,TECO2
2018-01-16,146.0,148.7,142.5,148.0,151295.0,TECO2
2018-01-17,148.0,148.5,145.5,148.3,75337.0,TECO2
2018-01-18,148.5,150.5,146.25,150.0,79539.0,TECO2
2018-01-19,150.0,151.0,146.2,147.75,135059.0,TECO2
2018-01-22,149.0,152.0,147.0,151.10001,79316.0,TECO2
2018-01-23,153.0,154.0,151.0,154.0,141645.0,TECO2
2018-01-24,154.0,156.5,153.1,156.2,70244.0,TECO2
2018-01-25,164.0,164.0,151.5,152.0,57178.0,TECO2
2018-01-26,153.0,155.0,150.2,151.0,116168.0,TECO2
2018-01-29,151.10001,152.0,145.0,146.89999,171255.0,TECO2
2018-01-30,147.0,147.0,141.0,144.10001,109118.0,TECO2
2018-01-31,145.0,149.9,144.1,149.2,159616.0,TECO2
2018-02-01,149.0,151.5,147.1,148.5,101079.0,TECO2
2018-02-02,149.10001,150.5,140.0,142.39999,113594.0,TECO2
2018-02-05,142.5,143.35,135.0,138.3,120732.0,TECO2
2018-02-06,135.95,143.0,130.0,141.0,126633.0,TECO2
2018-02-07,142.0,148.5,137.5,138.89999,80969.0,TECO2
2018-02-08,140.5,144.5,137.0,138.25,113349.0,TECO2
2018-02-09,138.0,138.0,127.0,131.35001,262871.0,TECO2
2018-02-14,131.5,135.0,129.0,134.2,43766.0,TECO2
2018-02-15,134.2,136.0,131.0,132.85001,89959.0,TECO2
2018-02-16,135.0,137.0,131.0,136.05,92716.0,TECO2
2018-02-19,140.0,146.0,140.0,145.55,46183.0,TECO2
2018-02-20,145.60001,145.85,138.0,138.3,328431.0,TECO2
2018-02-21,140.0,140.0,134.0,137.3,103688.0,TECO2
2018-02-22,132.10001,138.0,131.5,133.3,114481.0,TECO2
2018-02-23,134.0,136.5,132.0,132.0,313209.0,TECO2
2018-02-26,133.0,137.5,132.8,136.75,184656.0,TECO2
2018-02-27,136.0,139.0,135.0,137.45,31580.0,TECO2
2018-02-28,136.0,137.6,133.0,134.45,51238.0,TECO2
2018-03-01,134.0,137.0,130.0,130.35001,68458.0,TECO2
2018-03-02,130.0,130.0,126.25,127.0,77940.0,TECO2
2018-03-05,127.0,129.0,126.0,126.55,31674.0,TECO2
2018-03-06,127.0,130.5,126.6,130.35001,195545.0,TECO2
2018-03-07,131.0,134.0,128.9,133.95,64857.0,TECO2
2018-03-08,136.05,140.0,136.05,139.2,190585.0,TECO2
2018-03-09,139.45,142.25,139.45,141.85001,79719.0,TECO2
2018-03-12,142.0,143.9,138.0,138.64999,78408.0,TECO2
2018-03-13,139.89999,140.0,134.05,134.8,44646.0,TECO2
2018-03-14,135.5,137.5,134.6,136.60001,55714.0,TECO2
2018-03-15,136.60001,138.75,136.0,136.95,68107.0,TECO2
2018-03-16,137.5,138.8,135.0,136.39999,92503.0,TECO2
2018-03-19,135.39999,135.4,130.5,131.55,55060.0,TECO2
2018-03-20,134.2,135.0,130.5,131.45,77115.0,TECO2
2018-03-21,131.45,132.05,129.0,129.75,214124.0,TECO2
2018-03-22,130.3,133.9,128.5,129.89999,98749.0,TECO2
2018-03-23,130.0,132.0,128.0,128.10001,81965.0,TECO2
2018-03-26,128.0,130.0,124.5,128.39999,109628.0,TECO2
2018-03-27,127.95,127.95,125.0,125.4,60936.0,TECO2
2018-03-28,125.4,126.8,123.5,124.85,200485.0,TECO2
2018-04-03,125.0,125.0,119.55,121.5,191315.0,TECO2
2018-04-04,120.5,123.0,120.0,121.55,130676.0,TECO2
2018-04-05,124.5,125.0,121.5,122.75,50850.0,TECO2
2018-04-06,122.75,126.9,122.75,125.85,49368.0,TECO2
2018-04-09,126.05,128.0,123.5,125.0,12549.0,TECO2
2018-04-10,128.85001,128.85,124.0,125.75,63843.0,TECO2
2018-04-11,124.1,127.0,123.5,126.9,95952.0,TECO2
2018-04-12,125.0,127.0,124.0,124.95,41731.0,TECO2
2018-04-13,125.0,125.5,122.25,124.45,93529.0,TECO2
2018-04-16,124.45,125.65,123.5,123.8,17252.0,TECO2
2018-04-17,123.0,124.5,123.0,123.6,49551.0,TECO2
2018-04-18,124.0,125.0,122.3,122.3,61812.0,TECO2
2018-04-19,122.05,125.0,121.0,123.9,58806.0,TECO2
2018-04-20,124.0,125.45,121.55,122.05,62614.0,TECO2
2018-04-23,122.0,124.0,122.0,122.85,48556.0,TECO2
2018-04-24,122.8,125.0,121.0,122.6,59271.0,TECO2
2018-04-25,122.75,124.0,118.0,121.4,46536.0,TECO2
2018-04-26,121.0,123.5,119.5,122.6,126660.0,TECO2
2018-04-27,123.0,124.6,121.5,123.0,116362.0,TECO2
2018-05-02,123.0,124.0,122.0,123.0,115578.0,TECO2
2018-05-03,123.0,125.0,121.0,124.55,293991.0,TECO2
2018-05-04,124.8,128.8,121.0,122.25,180122.0,TECO2
2018-05-07,122.0,126.0,118.0,118.95,128304.0,TECO2
2018-05-08,118.9,118.9,109.0,111.0,200871.0,TECO2
2018-05-09,110.0,115.0,109.9,112.3,142037.0,TECO2
2018-05-10,116.95,117.65,111.05,112.15,128481.0,TECO2
2018-05-11,112.15,112.15,106.0,107.05,152699.0,TECO2
2018-05-14,107.0,113.0,105.5,111.6,142076.0,TECO2
2018-05-15,111.7,115.0,107.1,115.0,334035.0,TECO2
2018-05-16,114.0,114.0,109.7,110.4,211907.0,TECO2
2018-05-17,110.4,114.45,107.0,113.05,231183.0,TECO2
2018-05-18,115.0,115.0,113.0,113.25,706496.0,TECO2
2018-05-21,113.95,114.95,112.0,114.5,172624.0,TECO2
2018-05-22,114.5,115.45,113.3,113.5,125459.0,TECO2
2018-05-23,113.4,115.0,111.0,111.35,62745.0,TECO2
2018-05-24,111.35,113.5,110.0,110.85,107051.0,TECO2
2018-05-28,110.5,110.5,103.0,105.1,51766.0,TECO2
2018-05-29,106.0,110.8,106.0,108.55,212515.0,TECO2
2018-05-30,110.0,110.0,107.5,108.65,205035.0,TECO2
2018-05-31,106.05,110.0,106.05,109.65,95847.0,TECO2
2018-06-01,110.0,112.5,108.5,110.5,56857.0,TECO2
2018-06-04,108.0,113.0,108.0,110.0,155567.0,TECO2
2018-06-05,110.0,116.0,110.0,113.6,109518.0,TECO2
2018-06-06,113.95,116.0,112.1,115.85,198816.0,TECO2
2018-06-07,113.0,115.5,111.0,114.95,59675.0,TECO2
2018-06-08,115.2,118.0,115.0,117.8,40569.0,TECO2
2018-06-11,116.55,119.9,116.55,119.25,59337.0,TECO2
2018-06-12,119.3,120.0,116.5,117.9,100236.0,TECO2
2018-06-13,117.0,118.5,115.0,116.65,35281.0,TECO2
2018-06-14,120.05,125.0,120.05,122.0,150006.0,TECO2
2018-06-15,120.0,124.8,118.0,124.0,184607.0,TECO2
2018-06-18,120.0,120.5,110.0,114.05,137388.0,TECO2
2018-06-19,114.0,121.0,112.05,120.95,284455.0,TECO2
2018-06-21,129.5,132.65,120.0,120.7,398740.0,TECO2
2018-06-22,121.0,121.0,114.0,115.9,283734.0,TECO2
2018-06-25,115.9,115.9,112.0,112.9,88851.0,TECO2
2018-06-26,115.0,117.0,112.0,112.0,75684.0,TECO2
2018-06-27,112.0,112.0,107.0,107.0,521734.0,TECO2
2018-06-28,108.5,112.5,108.0,110.35,57215.0,TECO2
2018-06-29,110.4,110.95,100.6,102.8,107904.0,TECO2
2018-07-02,105.0,105.0,95.6,97.7,147608.0,TECO2
2018-07-03,99.0,104.0,99.0,102.75,59478.0,TECO2
2018-07-04,103.0,107.0,101.0,104.0,71551.0,TECO2
2018-07-05,105.0,105.0,102.0,102.05,102250.0,TECO2
2018-07-06,103.0,104.0,101.1,101.2,32610.0,TECO2
2018-07-10,103.85,104.0,98.5,99.95,41338.0,TECO2
2018-07-11,100.0,102.45,98.8,100.0,81897.0,TECO2
2018-07-12,101.05,103.95,99.5,100.0,26889.0,TECO2
2018-07-13,101.9,102.0,100.05,101.05,38641.0,TECO2
2018-07-16,101.0,104.7,101.0,102.85,131091.0,TECO2
2018-07-17,102.9,106.5,102.85,106.4,121553.0,TECO2
2018-07-18,107.5,115.0,106.55,112.95,102642.0,TECO2
2018-07-19,112.9,113.8,108.0,110.0,24371.0,TECO2
2018-07-20,114.95,114.95,108.5,110.5,41137.0,TECO2
2018-07-23,110.0,110.8,109.0,109.5,74474.0,TECO2
2018-07-24,109.45,111.0,108.0,109.0,94408.0,TECO2
2018-07-25,108.05,111.0,108.05,110.0,144264.0,TECO2
2018-07-26,109.9,112.0,109.0,109.5,172666.0,TECO2
2018-07-27,110.2,111.0,108.5,109.3,57933.0,TECO2
2018-07-30,107.05,110.0,107.05,109.5,75151.0,TECO2
2018-07-31,109.05,112.0,109.0,111.0,36681.0,TECO2
2018-08-01,111.0,115.0,109.0,109.0,67585.0,TECO2
2018-08-02,111.0,112.0,109.0,109.5,56215.0,TECO2
2018-08-03,109.0,111.3,109.0,110.0,24202.0,TECO2
2018-08-06,110.25,113.0,109.0,109.1,26629.0,TECO2
2018-08-07,109.15,111.0,109.0,109.6,83798.0,TECO2
2018-08-08,109.0,110.85,105.05,107.0,98163.0,TECO2
2018-08-09,106.6,107.0,102.0,105.85,29862.0,TECO2
2018-08-10,100.0,103.0,99.0,102.0,47395.0,TECO2
2018-08-13,100.5,104.75,100.0,103.0,244605.0,TECO2
2018-08-14,103.0,106.5,100.05,105.6,108445.0,TECO2
2018-08-15,106.0,111.0,105.0,110.95,235406.0,TECO2
2018-08-16,111.5,111.75,109.6,110.3,215974.0,TECO2
2018-08-17,111.0,111.0,105.0,107.5,116550.0,TECO2
2018-08-21,107.0,110.0,107.0,109.0,23262.0,TECO2
2018-08-22,107.0,110.0,104.3,110.0,44536.0,TECO2
2018-08-23,110.0,112.0,109.0,111.0,155355.0,TECO2
2018-08-24,111.2,112.2,109.0,110.0,140727.0,TECO2
2018-08-27,110.0,112.0,106.0,109.0,81186.0,TECO2
2018-08-28,110.0,112.0,109.55,112.0,92473.0,TECO2
2018-08-29,111.7,117.5,111.0,115.95,163867.0,TECO2
2018-08-30,115.95,130.0,115.3,129.0,176129.0,TECO2
2018-08-31,125.9,129.8,121.0,124.05,81005.0,TECO2
2018-09-03,125.0,130.0,117.0,119.1,25661.0,TECO2
2018-09-04,116.0,126.45,115.9,123.5,109023.0,TECO2
2018-09-05,123.5,129.0,122.05,124.0,43602.0,TECO2
2018-09-06,125.05,132.0,124.15,132.0,114838.0,TECO2
2018-09-07,132.0,133.5,128.0,128.5,63396.0,TECO2
2018-09-10,131.0,131.0,125.7,126.25,35202.0,TECO2
2018-09-11,126.0,133.0,125.0,128.0,106953.0,TECO2
2018-09-12,128.0,133.95,128.0,133.95,18530.0,TECO2
2018-09-13,134.0,139.0,133.5,138.5,35273.0,TECO2
2018-09-14,138.0,140.05,135.6,140.0,290077.0,TECO2
2018-09-17,134.1,139.8,134.1,137.6,143901.0,TECO2
2018-09-18,137.05,142.5,137.05,139.9,37788.0,TECO2
2018-09-19,136.0,148.0,136.0,146.95,50766.0,TECO2
2018-09-20,146.9,150.0,142.0,147.1,155861.0,TECO2
2018-09-21,146.95,148.0,141.0,147.75,59154.0,TECO2
2018-09-24,146.95,146.95,136.0,142.0,25980.0,TECO2
2018-09-25,141.3,148.5,140.3,146.9,50769.0,TECO2
2018-09-26,146.9,147.0,142.0,142.0,282432.0,TECO2
2018-09-27,145.0,154.2,145.0,146.5,154564.0,TECO2
2018-09-28,145.5,146.45,142.0,145.95,155393.0,TECO2
2018-10-01,146.0,147.0,138.0,139.6,123272.0,TECO2
2018-10-02,139.5,145.9,137.4,139.0,86008.0,TECO2
2018-10-03,140.7,143.55,138.5,140.0,152267.0,TECO2
2018-10-04,140.0,142.95,137.8,140.0,126659.0,TECO2
2018-10-05,138.5,141.0,136.0,136.0,132150.0,TECO2
2018-10-08,136.05,143.0,136.05,139.5,73075.0,TECO2
2018-10-09,138.1,142.0,137.0,137.0,197575.0,TECO2
2018-10-10,136.1,140.0,132.0,134.2,59883.0,TECO2
2018-10-11,134.5,137.45,127.0,130.0,69897.0,TECO2
2018-10-12,130.0,132.0,125.0,132.0,75330.0,TECO2
2018-10-16,133.0,133.5,127.5,130.0,63475.0,TECO2
2018-10-17,127.65,129.5,127.65,129.3,112312.0,TECO2
2018-10-18,129.25,129.25,124.0,128.0,23029.0,TECO2
2018-10-19,126.6,128.0,124.0,126.5,58489.0,TECO2
2018-10-22,126.15,129.0,122.15,124.6,86536.0,TECO2
2018-10-23,124.4,124.4,122.0,124.0,33772.0,TECO2
2018-10-24,122.0,122.95,119.15,122.9,31873.0,TECO2
2018-10-25,123.0,126.95,120.5,123.5,94093.0,TECO2
2018-10-26,124.0,134.0,123.15,128.0,379087.0,TECO2
2018-10-29,128.6,131.4,127.0,127.5,194543.0,TECO2
2018-10-30,129.1,131.45,129.0,129.1,24634.0,TECO2
2018-10-31,129.1,132.0,127.6,129.9,57906.0,TECO2
2018-11-01,130.05,137.05,130.05,134.1,23555.0,TECO2
2018-11-02,134.0,135.85,132.0,132.5,23669.0,TECO2
2018-11-05,133.0,137.95,132.35,132.5,131846.0,TECO2
2018-11-06,132.5,136.0,132.5,132.5,5072.0,TECO2
2018-11-07,130.05,136.5,128.0,134.05,143038.0,TECO2
2018-11-08,135.0,135.5,131.0,132.0,62843.0,TECO2
2018-11-09,132.0,132.0,125.5,126.25,76483.0,TECO2
2018-11-12,125.95,125.95,118.05,121.5,17953.0,TECO2
2018-11-13,120.0,123.45,120.0,123.0,48021.0,TECO2
2018-11-14,122.5,126.0,119.0,126.0,31022.0,TECO2
2018-11-15,122.05,132.0,122.05,124.1,25486.0,TECO2
2018-11-16,124.0,130.45,123.8,126.0,25530.0,TECO2
2018-11-20,126.0,126.0,118.0,123.9,18357.0,TECO2
2018-11-21,123.9,128.0,123.0,123.4,50682.0,TECO2
2018-11-22,123.0,123.0,120.0,120.0,5200.0,TECO2
2018-11-23,120.5,126.4,120.0,120.0,70132.0,TECO2
2018-11-26,120.0,136.7,120.0,136.0,491187.0,TECO2
2018-11-27,134.9,136.4,133.0,135.0,60318.0,TECO2
2018-11-28,135.0,135.0,131.0,134.0,16106.0,TECO2
2018-11-29,135.0,136.9,129.0,129.9,3215.0,TECO2
2018-12-03,129.9,132.0,124.0,125.5,6923.0,TECO2
2018-12-04,125.0,127.3,123.55,125.0,15594.0,TECO2
2018-12-05,125.5,125.95,124.0,125.6,3635.0,TECO2
2018-12-06,128.0,132.8,124.05,130.8,45109.0,TECO2
2018-12-07,126.5,126.5,122.2,124.0,4090.0,TECO2
2018-12-10,124.2,124.5,121.5,123.95,10285.0,TECO2
2018-12-11,123.0,129.0,123.0,127.0,14766.0,TECO2
2018-12-12,129.4,129.4,123.0,125.0,23094.0,TECO2
2018-12-13,122.15,126.0,122.15,124.0,23841.0,TECO2
2018-12-14,120.1,125.95,120.0,124.05,65466.0,TECO2
2018-12-17,122.0,123.9,116.05,118.5,15599.0,TECO2
2018-12-18,119.0,123.8,118.65,121.0,14219.0,TECO2
2018-12-19,121.0,122.0,116.3,116.3,29585.0,TECO2
2018-12-20,117.5,117.5,111.0,112.0,13020.0,TECO2
2018-12-21,112.5,116.0,110.5,112.5,39330.0,TECO2
2018-12-26,112.0,112.0,104.1,107.9,11451.0,TECO2
2018-12-27,110.0,113.4,107.9,113.0,25407.0,TECO2
2018-12-28,115.0,119.0,110.55,119.0,31589.0,TECO2
2019-01-02,118.95,119.0,114.1,116.0,14634.0,TECO2
2019-01-03,116.0,116.0,111.0,111.6,12909.0,TECO2
2019-01-04,111.5,116.95,111.5,115.8,74901.0,TECO2
2019-01-07,115.0,115.0,110.25,110.5,38393.0,TECO2
2019-01-08,111.25,115.5,110.0,115.0,44329.0,TECO2
2019-01-09,116.0,119.5,115.0,117.0,56106.0,TECO2
2019-01-10,115.0,120.0,115.0,120.0,105557.0,TECO2
2019-01-11,119.9,122.25,115.0,119.0,70538.0,TECO2
2019-01-14,118.2,122.0,116.75,118.9,64803.0,TECO2
2019-01-15,117.5,120.95,117.5,119.5,63870.0,TECO2
2019-01-16,117.75,127.0,117.75,124.0,46144.0,TECO2
2019-01-17,125.0,127.0,122.5,125.5,54828.0,TECO2
2019-01-18,129.95,129.95,123.15,123.3,44333.0,TECO2
2019-01-21,123.0,123.3,121.0,122.6,9244.0,TECO2
2019-01-22,122.0,123.5,121.0,122.25,74380.0,TECO2
2019-01-23,122.0,125.0,119.05,121.5,144882.0,TECO2
2019-01-24,120.4,124.5,118.0,122.0,42643.0,TECO2
2019-01-25,122.0,123.95,119.1,121.0,28708.0,TECO2
2019-01-28,120.0,122.0,115.0,121.0,105151.0,TECO2
2019-01-29,122.0,124.0,117.0,120.5,125143.0,TECO2
2019-01-30,122.5,125.95,121.0,123.5,80112.0,TECO2
2019-01-31,123.0,124.0,121.0,124.0,46124.0,TECO2
2019-02-01,123.8,125.0,122.0,124.8,20095.0,TECO2
2019-02-04,124.35,124.9,122.5,123.4,19173.0,TECO2
2019-02-05,120.0,123.8,120.0,123.3,19913.0,TECO2
2019-02-06,123.2,124.0,118.0,118.6,10377.0,TECO2
2019-02-07,118.05,123.5,118.05,119.7,39471.0,TECO2
2019-02-08,119.65,122.9,119.5,122.9,39198.0,TECO2
2019-02-11,122.2,125.0,122.1,122.1,20865.0,TECO2
2019-02-12,122.0,124.5,121.05,124.5,38676.0,TECO2
2019-02-13,122.05,124.65,121.5,122.9,44722.0,TECO2
2019-02-14,122.9,125.0,122.0,124.5,28505.0,TECO2
2019-02-15,124.45,124.45,121.15,124.0,49193.0,TECO2
2019-02-18,122.9,125.0,122.0,125.0,5363.0,TECO2
2019-02-19,124.95,124.95,119.0,119.0,8475.0,TECO2
2019-02-20,119.0,124.0,119.0,119.0,44002.0,TECO2
2019-02-21,119.55,122.9,119.05,122.0,55830.0,TECO2
2019-02-22,122.0,123.45,120.0,121.5,17954.0,TECO2
2019-02-25,123.95,123.95,117.0,118.0,18329.0,TECO2
2019-02-26,118.4,119.0,117.55,118.9,21771.0,TECO2
2019-02-27,119.0,119.15,115.5,117.0,31697.0,TECO2
2019-02-28,117.0,119.0,115.0,117.0,207357.0,TECO2
2019-03-01,117.0,124.25,117.0,117.0,50185.0,TECO2
2019-03-06,119.0,123.8,118.0,118.0,110601.0,TECO2
2019-03-07,123.0,127.5,118.55,125.0,82868.0,TECO2
2019-03-08,125.9,125.9,121.0,122.0,22284.0,TECO2
2019-03-11,122.0,127.0,122.0,124.9,24530.0,TECO2
2019-03-12,125.2,127.0,124.5,127.0,26678.0,TECO2
2019-03-13,127.0,129.0,124.05,127.0,38866.0,TECO2
2019-03-14,126.0,126.0,122.2,123.9,5451.0,TECO2
2019-03-15,122.35,125.9,120.0,125.5,31451.0,TECO2
2019-03-18,121.05,125.0,121.05,124.15,46213.0,TECO2
2019-03-19,124.0,127.0,124.0,126.5,43432.0,TECO2
2019-03-20,126.0,128.0,126.0,126.5,77791.0,TECO2
2019-03-21,127.5,128.75,126.0,126.0,22194.0,TECO2
2019-03-22,126.0,128.0,122.35,125.0,38268.0,TECO2
2019-03-25,125.0,129.0,122.3,127.9,245414.0,TECO2
2019-03-26,127.3,129.3,125.5,126.7,75955.0,TECO2
2019-03-27,125.0,125.0,119.0,124.0,60001.0,TECO2
2019-03-28,122.25,127.0,122.25,127.0,10032.0,TECO2
2019-03-29,123.8,127.0,123.8,126.95,37795.0,TECO2
2019-04-01,126.8,127.0,125.0,126.0,16700.0,TECO2
2019-04-03,122.0,123.5,122.0,122.5,14226.0,TECO2
2019-04-04,122.0,123.5,120.0,123.0,23171.0,TECO2
2019-04-05,123.0,126.0,123.0,123.5,19601.0,TECO2
2019-04-08,123.0,125.3,123.0,125.0,28073.0,TECO2
2019-04-09,124.5,124.7,121.6,124.7,66968.0,TECO2
2019-04-10,123.6,124.2,121.7,123.0,26744.0,TECO2
2019-04-11,125.0,125.0,120.0,122.0,14317.0,TECO2
2019-04-12,120.0,122.2,118.5,121.0,32448.0,TECO2
2019-04-15,118.05,123.0,118.05,122.0,134864.0,TECO2
2019-04-16,121.2,126.5,121.2,126.5,41098.0,TECO2
2019-04-17,125.0,130.0,123.0,127.0,25112.0,TECO2
2019-04-22,126.95,126.95,119.9,122.0,7547.0,TECO2
2019-04-23,122.0,124.9,119.55,121.5,48987.0,TECO2
2019-04-24,121.5,125.8,119.5,125.0,133091.0,TECO2
2019-04-25,124.5,124.5,114.5,121.9,143322.0,TECO2
2019-04-26,122.0,124.0,120.0,124.0,18938.0,TECO2
2019-04-29,125.5,125.5,117.6,118.55,235305.0,TECO2
2019-04-30,118.55,120.0,116.0,118.6,127871.0,TECO2
2019-05-02,119.0,121.5,119.0,121.3,175259.0,TECO2
2019-05-03,118.3,122.5,118.3,122.5,55776.0,TECO2
2019-05-06,122.1,129.0,122.1,129.0,46440.0,TECO2
2019-05-07,129.0,135.0,126.65,135.0,76286.0,TECO2
2019-05-08,129.0,142.0,129.0,141.5,149075.0,TECO2
2019-05-09,140.0,146.0,140.0,141.45,62267.0,TECO2
2019-05-10,140.0,140.0,133.0,135.15,63527.0,TECO2
2019-05-13,135.0,135.0,129.5,132.0,49524.0,TECO2
2019-05-14,132.05,133.0,130.0,132.0,55276.0,TECO2
2019-05-15,131.0,135.1,131.0,132.6,57098.0,TECO2
2019-05-16,133.0,138.75,133.0,138.75,79795.0,TECO2
2019-05-17,139.0,140.5,134.0,136.9,91276.0,TECO2
2019-05-20,136.45,136.5,133.0,133.75,59617.0,TECO2
2019-05-21,134.15,138.5,134.15,138.0,94981.0,TECO2
2019-05-22,140.0,145.9,139.5,142.0,92763.0,TECO2
2019-05-23,135.6,142.0,135.55,140.9,39396.0,TECO2
2019-05-24,142.0,144.9,137.0,143.2,145354.0,TECO2
2019-05-27,143.05,144.8,138.0,144.8,17669.0,TECO2
2019-05-28,144.0,147.3,137.0,141.0,103532.0,TECO2
2019-05-29,134.0,138.75,132.0,133.0,52958.0,TECO2
2019-05-30,134.0,134.75,128.25,132.0,47769.0,TECO2
2019-05-31,131.05,139.1,131.05,132.6,49527.0,TECO2
2019-06-03,133.0,137.5,123.7,133.3,253171.0,TECO2
2019-06-04,133.55,134.0,127.5,132.55,149631.0,TECO2
2019-06-05,132.4,140.1,132.4,139.8,93182.0,TECO2
2019-06-06,141.0,141.0,138.0,138.0,54258.0,TECO2
2019-06-07,139.2,140.9,136.0,137.5,153151.0,TECO2
2019-06-10,141.0,142.5,137.55,141.0,23111.0,TECO2
2019-06-11,141.0,144.0,140.0,143.0,63150.0,TECO2
2019-06-12,145.0,155.0,145.0,153.0,153469.0,TECO2
2019-06-13,155.0,155.0,148.0,151.0,222124.0,TECO2
2019-06-14,149.6,153.0,148.5,152.5,114708.0,TECO2
2019-06-18,155.0,156.5,152.0,152.0,118579.0,TECO2
2019-06-19,153.6,157.5,151.0,151.2,122040.0,TECO2
2019-06-21,151.6,157.95,151.6,153.1,143447.0,TECO2
2019-06-24,153.65,153.65,147.0,148.5,126837.0,TECO2
2019-06-25,149.0,152.5,149.0,150.5,116264.0,TECO2
2019-06-26,150.95,152.0,147.05,147.05,164876.0,TECO2
2019-06-27,147.65,150.95,145.15,148.0,77478.0,TECO2
2019-06-28,150.05,153.9,147.0,152.0,188021.0,TECO2
2019-07-01,151.0,152.2,147.75,149.0,16009.0,TECO2
2019-07-02,150.75,152.0,149.0,150.1,17758.0,TECO2
2019-07-03,150.35,151.05,146.0,146.95,7250.0,TECO2
2019-07-04,149.0,149.0,143.0,143.55,8231.0,TECO2
2019-07-05,144.0,152.0,144.0,149.85,78629.0,TECO2
2019-07-10,146.1,151.9,146.1,149.5,96119.0,TECO2
2019-07-11,150.35,152.0,149.6,151.5,83943.0,TECO2
2019-07-12,150.0,152.0,148.35,150.5,38463.0,TECO2
2019-07-15,150.0,154.0,148.0,149.5,167045.0,TECO2
2019-07-16,153.85,153.85,150.0,151.05,129384.0,TECO2
2019-07-17,146.0,152.5,146.0,151.9,98245.0,TECO2
2019-07-18,151.7,151.7,146.95,149.1,138039.0,TECO2
2019-07-19,149.25,149.9,148.5,149.9,16901.0,TECO2
2019-07-22,149.5,151.2,144.95,146.0,116668.0,TECO2
2019-07-23,147.0,147.0,142.95,146.35,99246.0,TECO2
2019-07-24,146.45,150.95,146.0,147.85,35436.0,TECO2
2019-07-25,146.35,149.5,146.25,149.0,9448.0,TECO2
2019-07-26,148.5,154.9,148.1,152.2,44437.0,TECO2
2019-07-29,153.5,155.75,153.0,153.75,43526.0,TECO2
2019-07-30,153.45,153.5,150.1,152.5,25971.0,TECO2
2019-07-31,152.0,153.5,148.9,148.9,35115.0,TECO2
2019-08-01,152.5,152.5,146.05,149.0,35069.0,TECO2
2019-08-02,149.5,150.0,146.45,149.0,26559.0,TECO2
2019-08-05,149.0,149.0,144.9,145.4,7271.0,TECO2
2019-08-06,146.0,146.5,141.25,141.25,42580.0,TECO2
2019-08-07,141.5,141.5,133.4,137.15,90597.0,TECO2
2019-08-08,136.6,136.6,126.5,131.1,120100.0,TECO2
2019-08-09,131.1,143.45,131.1,142.0,64670.0,TECO2
2019-08-12,100.2,130.0,100.0,113.0,198372.0,TECO2
2019-08-13,116.0,136.0,116.0,135.5,312554.0,TECO2
2019-08-14,136.0,136.0,121.7,124.5,245115.0,TECO2
2019-08-15,125.45,137.45,123.4,134.65,196117.0,TECO2
2019-08-16,131.05,135.0,125.05,127.0,130169.0,TECO2
2019-08-20,124.9,124.9,115.0,115.0,166246.0,TECO2
2019-08-21,124.0,124.0,118.7,122.2,97264.0,TECO2
2019-08-22,124.0,124.0,118.45,118.55,27247.0,TECO2
2019-08-23,121.0,121.0,112.5,112.5,27744.0,TECO2
2019-08-26,114.9,118.65,112.2,112.55,75213.0,TECO2
2019-08-27,113.5,113.5,106.5,108.45,37058.0,TECO2
2019-08-28,111.4,114.15,110.0,113.75,63697.0,TECO2
2019-08-29,113.9,115.0,101.05,107.0,79291.0,TECO2
2019-08-30,107.0,117.65,107.0,108.1,44313.0,TECO2
2019-09-02,114.0,119.0,114.0,116.0,27516.0,TECO2
2019-09-03,120.0,120.0,103.0,109.15,50768.0,TECO2
2019-09-04,110.0,125.0,110.0,120.0,174847.0,TECO2
2019-09-05,120.0,128.0,117.5,122.95,63122.0,TECO2
2019-09-06,121.0,125.0,121.0,122.0,18522.0,TECO2
2019-09-09,127.0,127.0,122.0,123.0,11187.0,TECO2
2019-09-10,124.0,133.0,124.0,130.0,66802.0,TECO2
2019-09-11,130.0,134.0,128.5,130.5,19457.0,TECO2
2019-09-12,130.55,135.0,130.5,133.35,26962.0,TECO2
2019-09-16,138.0,143.3,136.0,140.25,24659.0,TECO2
2019-09-17,137.0,141.4,133.5,134.4,20551.0,TECO2
2019-09-18,137.4,138.0,131.05,136.5,9878.0,TECO2
2019-09-19,136.0,139.0,134.3,137.0,7666.0,TECO2
2019-09-20,137.25,137.25,134.8,136.95,3179.0,TECO2
2019-09-23,136.95,138.75,130.0,133.5,58677.0,TECO2
2019-09-24,134.0,134.0,120.5,121.5,58689.0,TECO2
2019-09-25,120.0,125.1,119.0,125.1,64854.0,TECO2
2019-09-26,126.0,126.0,120.5,123.2,78380.0,TECO2
2019-09-27,123.0,125.15,119.0,121.0,20779.0,TECO2
2019-09-30,121.05,127.0,119.9,127.0,21565.0,TECO2
2019-10-01,126.0,134.6,126.0,131.75,22343.0,TECO2
2019-10-02,132.0,138.5,132.0,135.65,33477.0,TECO2
2019-10-03,139.0,139.0,134.05,134.65,38807.0,TECO2
2019-10-04,132.15,140.3,132.15,139.0,13968.0,TECO2
2019-10-07,139.5,141.0,135.85,140.0,16205.0,TECO2
2019-10-08,138.0,138.0,133.95,138.0,27519.0,TECO2
2019-10-09,135.0,138.5,134.5,136.9,29210.0,TECO2
2019-10-10,136.0,143.0,133.1,142.1,45814.0,TECO2
2019-10-11,143.0,151.2,141.5,149.6,73703.0,TECO2
2019-10-15,146.95,148.5,143.95,146.0,12829.0,TECO2
2019-10-16,142.0,142.0,132.1,140.0,76670.0,TECO2
2019-10-17,141.1,145.0,141.1,142.0,25505.0,TECO2
2019-10-18,142.0,153.0,141.2,145.3,85006.0,TECO2
2019-10-21,145.05,151.0,145.05,150.0,33639.0,TECO2
2019-10-22,150.0,159.5,148.45,159.5,57180.0,TECO2
2019-10-23,153.0,161.0,146.5,153.0,35767.0,TECO2
2019-10-24,151.5,155.0,148.9,155.0,64479.0,TECO2
2019-10-25,152.0,163.0,152.0,158.5,98058.0,TECO2
2019-10-28,157.0,167.0,149.5,151.6,65750.0,TECO2
2019-10-29,151.0,151.25,138.0,142.85,34992.0,TECO2
2019-10-30,141.5,144.75,136.05,143.6,29588.0,TECO2
2019-10-31,150.0,150.0,141.8,143.5,29335.0,TECO2
2019-11-01,144.7,145.15,141.1,144.0,59556.0,TECO2
2019-11-04,149.0,150.0,144.4,149.0,20439.0,TECO2
2019-11-05,150.0,153.0,145.0,150.55,29964.0,TECO2
2019-11-06,150.55,150.55,146.0,146.05,7402.0,TECO2
2019-11-07,147.15,150.0,143.0,145.5,25849.0,TECO2
2019-11-08,150.0,150.0,138.0,141.15,132737.0,TECO2
2019-11-11,141.0,142.0,139.0,141.1,38387.0,TECO2
2019-11-12,138.0,140.5,133.0,139.3,28862.0,TECO2
2019-11-13,136.4,139.1,133.8,134.5,37111.0,TECO2
2019-11-14,130.5,137.2,129.0,131.0,50230.0,TECO2
2019-11-15,135.0,135.5,129.0,133.0,113204.0,TECO2
2019-11-19,133.0,137.0,132.0,137.0,13642.0,TECO2
2019-11-20,138.0,142.25,138.0,142.05,14795.0,TECO2
2019-11-21,142.1,143.0,138.6,140.0,11588.0,TECO2
2019-11-22,140.0,142.0,139.9,140.5,26208.0,TECO2
2019-11-26,143.0,143.0,134.0,135.0,16025.0,TECO2
2019-11-27,137.75,146.0,137.75,142.0,20463.0,TECO2
2019-11-28,147.75,147.75,140.0,145.0,5505.0,TECO2
2019-11-29,146.5,153.8,146.0,153.5,73340.0,TECO2
2019-12-02,155.0,156.9,149.0,151.5,29842.0,TECO2
2019-12-03,150.0,154.95,147.35,151.2,42953.0,TECO2
2019-12-04,152.0,159.9,151.2,159.5,33459.0,TECO2
2019-12-05,160.0,167.15,158.0,165.0,40872.0,TECO2
2019-12-06,164.85,164.85,155.0,164.0,48091.0,TECO2
2019-12-09,163.5,163.5,157.0,158.65,34192.0,TECO2
2019-12-10,159.0,160.0,151.5,151.5,13851.0,TECO2
2019-12-11,151.55,156.8,150.05,156.4,20523.0,TECO2
2019-12-12,159.0,159.0,149.0,153.0,9147.0,TECO2
2019-12-13,157.0,158.0,146.0,149.7,56098.0,TECO2
2019-12-16,155.0,155.0,149.2,149.5,83836.0,TECO2
2019-12-17,151.6,155.3,148.0,148.0,46455.0,TECO2
2019-12-18,155.0,155.0,150.3,153.0,109061.0,TECO2
2019-12-19,152.0,167.0,150.0,162.0,98515.0,TECO2
2019-12-20,165.7,168.9,158.2,163.0,58197.0,TECO2
2019-12-23,164.0,170.0,160.0,170.0,134685.0,TECO2
2019-12-26,168.0,174.1,167.8,169.0,56296.0,TECO2
2019-12-27,174.0,176.0,169.1,171.0,37964.0,TECO2
2019-12-30,171.5,172.9,167.0,169.0,64093.0,TECO2
2020-01-02,169.0,170.0,163.2,166.25,134760.0,TECO2
2020-01-03,162.0,168.0,161.0,163.1,90728.0,TECO2
2020-01-06,167.5,170.5,163.9,167.0,33840.0,TECO2
2020-01-07,168.0,172.0,164.0,169.0,13912.0,TECO2
2020-01-08,165.5,171.25,165.5,170.6,36679.0,TECO2
2020-01-09,170.0,172.95,167.4,170.0,52315.0,TECO2
2020-01-10,171.8,175.8,171.0,175.0,9914.0,TECO2
2020-01-13,172.0,179.4,172.0,179.0,30631.0,TECO2
2020-01-14,179.0,185.0,178.5,185.0,46697.0,TECO2
2020-01-15,184.2,185.0,177.95,179.3,15233.0,TECO2
2020-01-16,179.95,185.0,175.0,183.55,30938.0,TECO2
2020-01-17,182.5,192.3,182.2,190.0,40400.0,TECO2
2020-01-20,189.0,195.95,189.0,195.0,21079.0,TECO2
2020-01-21,197.0,199.75,190.0,194.75,67550.0,TECO2
2020-01-22,197.0,198.0,189.85,192.5,25639.0,TECO2
2020-01-23,196.3,197.8,189.65,191.0,38790.0,TECO2
2020-01-24,190.4,194.8,187.85,192.0,30677.0,TECO2
2020-01-27,191.95,193.25,182.0,189.05,30712.0,TECO2
2020-01-28,190.0,196.75,189.4,191.0,35123.0,TECO2
2020-01-29,191.0,196.0,187.55,187.55,60933.0,TECO2
2020-01-30,189.0,193.0,187.75,189.5,113674.0,TECO2
2020-01-31,191.5,193.0,188.0,190.0,5977.0,TECO2
2020-02-03,193.0,197.6,188.3,194.0,23095.0,TECO2
2020-02-04,197.0,200.5,194.0,196.0,30714.0,TECO2
2020-02-05,196.0,198.55,188.0,197.2,6603.0,TECO2
2020-02-06,197.0,201.75,194.1,199.0,22171.0,TECO2
2020-02-07,200.0,204.0,197.2,204.0,15216.0,TECO2
2020-02-10,201.7,203.95,193.4,200.0,44385.0,TECO2
2020-02-11,195.0,195.0,189.6,194.9,11707.0,TECO2
2020-02-12,193.75,197.75,190.0,197.75,13929.0,TECO2
2020-02-13,202.0,203.5,189.9,194.0,19288.0,TECO2
2020-02-14,194.0,195.0,185.75,188.0,65353.0,TECO2
2020-02-17,187.7,195.5,187.7,192.9,12676.0,TECO2
2020-02-18,193.0,193.0,183.6,190.7,13585.0,TECO2
2020-02-19,189.0,196.0,188.0,194.0,16919.0,TECO2
2020-02-20,194.0,195.5,191.1,192.1,30866.0,TECO2
2020-02-21,194.95,195.95,190.75,193.0,5236.0,TECO2
2020-02-26,187.0,193.0,180.0,192.0,12520.0,TECO2
2020-02-27,185.0,197.0,184.0,194.0,28991.0,TECO2
2020-02-28,194.0,194.4,186.0,192.0,71920.0,TECO2
2020-03-02,194.1,196.5,185.2,186.0,56871.0,TECO2
2020-03-03,190.0,192.55,184.0,186.2,67058.0,TECO2
2020-03-04,191.5,195.8,187.0,195.8,83248.0,TECO2
2020-03-05,195.2,198.0,186.0,189.0,19703.0,TECO2
2020-03-06,196.0,196.0,189.0,191.0,10189.0,TECO2
2020-03-09,188.9,188.9,178.0,187.5,34002.0,TECO2
2020-03-10,190.0,203.7,190.0,203.0,47316.0,TECO2
2020-03-11,202.0,218.55,200.2,213.55,42306.0,TECO2
2020-03-12,212.0,212.0,194.0,205.0,58188.0,TECO2
2020-03-13,200.8,210.0,179.05,192.0,49344.0,TECO2
2020-03-16,190.9,190.9,161.8,185.0,39987.0,TECO2
2020-03-17,189.0,189.0,155.0,165.0,53556.0,TECO2
2020-03-18,154.0,158.0,134.8,135.0,40159.0,TECO2
2020-03-19,132.6,143.25,132.0,142.0,41254.0,TECO2
2020-03-20,142.55,152.35,138.5,145.1,41775.0,TECO2
2020-03-25,152.0,154.0,145.0,154.0,26216.0,TECO2
2020-03-26,154.0,174.95,138.0,144.5,48530.0,TECO2
2020-03-27,143.1,148.0,138.0,141.0,43555.0,TECO2
2020-03-30,141.2,157.0,138.55,157.0,24946.0,TECO2
2020-04-01,159.0,159.0,145.0,157.0,98561.0,TECO2
2020-04-02,157.9,158.4,153.85,156.1,49802.0,TECO2
2020-04-03,157.5,159.0,153.05,155.0,64209.0,TECO2
2020-04-06,158.8,160.7,156.0,157.55,166729.0,TECO2
2020-04-07,162.7,165.0,155.0,157.0,86929.0,TECO2
2020-04-08,154.6,157.9,150.0,156.0,135945.0,TECO2
2020-04-13,158.0,166.4,154.1,165.05,50976.0,TECO2
2020-04-14,167.0,179.0,167.0,177.35,47863.0,TECO2
2020-04-15,177.35,182.25,169.0,181.7,39370.0,TECO2
2020-04-16,181.0,181.0,158.0,163.0,116296.0,TECO2
2020-04-17,163.0,169.0,156.5,160.5,51898.0,TECO2
2020-04-20,165.0,165.0,157.5,160.5,85740.0,TECO2
2020-04-21,162.0,168.0,159.0,167.7,88870.0,TECO2
2020-04-22,164.5,169.9,162.0,169.0,104102.0,TECO2
2020-04-23,167.05,171.8,159.45,160.9,120764.0,TECO2
2020-04-24,160.0,160.0,148.4,152.0,65478.0,TECO2
2020-04-27,152.0,159.7,152.0,156.7,27154.0,TECO2
2020-04-28,156.7,169.9,155.6,169.5,129614.0,TECO2
2020-04-29,173.5,174.0,160.3,163.55,147595.0,TECO2
2020-04-30,164.0,165.0,155.0,159.35,93191.0,TECO2
2020-05-04,158.7,158.7,153.5,157.0,66400.0,TECO2
2020-05-05,158.0,165.0,157.55,161.75,51728.0,TECO2
2020-05-06,163.0,166.0,159.4,162.7,78684.0,TECO2
2020-05-07,163.0,171.35,159.8,170.1,135697.0,TECO2
2020-05-08,171.1,175.0,167.65,169.6,137374.0,TECO2
2020-05-11,170.0,182.9,166.0,181.65,314167.0,TECO2
2020-05-12,181.8,191.5,180.0,181.5,158619.0,TECO2
2020-05-13,184.0,190.95,180.0,183.0,76584.0,TECO2
2020-05-14,179.0,184.95,177.0,183.5,159669.0,TECO2
2020-05-15,184.0,197.7,184.0,191.6,382921.0,TECO2
2020-05-18,192.1,199.4,186.8,194.0,99367.0,TECO2
2020-05-19,189.75,190.0,184.0,187.0,180857.0,TECO2
2020-05-20,185.7,190.0,185.7,187.95,37502.0,TECO2
2020-05-21,189.75,194.5,189.0,191.0,46042.0,TECO2
2020-05-22,192.1,192.1,183.5,188.0,121818.0,TECO2
2020-05-26,190.0,197.0,189.0,190.0,186659.0,TECO2
2020-05-27,191.0,195.0,172.0,189.0,101190.0,TECO2
2020-05-28,189.45,189.45,175.3,178.35,126548.0,TECO2
2020-05-29,173.7,187.45,169.75,184.9,159363.0,TECO2
2020-06-01,186.0,191.3,184.75,190.8,78092.0,TECO2
2020-06-02,190.5,195.75,187.0,195.7,48120.0,TECO2
2020-06-03,197.5,213.3,197.5,212.0,105490.0,TECO2
2020-06-04,211.9,223.0,205.0,222.0,119747.0,TECO2
2020-06-05,222.0,241.0,222.0,228.0,124226.0,TECO2
2020-06-08,228.0,265.0,228.0,265.0,111336.0,TECO2
2020-06-09,259.35,259.35,235.0,245.5,184475.0,TECO2
2020-06-10,240.0,249.0,231.7,239.0,115428.0,TECO2
2020-06-11,230.0,234.65,220.6,228.0,153088.0,TECO2
2020-06-12,231.0,234.7,215.3,223.2,113551.0,TECO2
2020-06-16,225.0,229.5,212.0,217.25,72878.0,TECO2
2020-06-17,216.0,219.0,205.0,206.5,49695.0,TECO2
2020-06-18,200.05,203.0,193.5,193.95,59640.0,TECO2
2020-06-19,194.1,216.3,194.1,209.4,136615.0,TECO2
2020-06-22,209.0,217.0,193.5,202.0,92241.0,TECO2
2020-06-23,197.5,202.85,197.5,198.3,223853.0,TECO2
2020-06-24,200.0,205.0,195.0,204.5,62851.0,TECO2
2020-06-25,205.0,212.0,205.0,207.5,61508.0,TECO2
2020-06-26,206.5,207.5,198.5,201.0,82788.0,TECO2
2020-06-29,203.0,204.0,193.2,196.0,55439.0,TECO2
2020-06-30,193.5,203.0,185.0,189.0,96637.0,TECO2
2020-07-01,189.5,195.5,189.0,194.0,33221.0,TECO2
2020-07-02,196.0,198.5,190.1,192.3,28478.0,TECO2
2020-07-03,197.5,197.5,190.0,195.95,6627.0,TECO2
2020-07-06,202.0,214.0,202.0,212.5,141098.0,TECO2
2020-07-07,214.0,215.0,201.0,208.0,99179.0,TECO2
2020-07-08,207.0,210.5,200.1,200.5,82756.0,TECO2
2020-07-13,205.0,210.0,205.0,205.7,57775.0,TECO2
2020-07-14,206.0,209.0,202.25,207.0,41205.0,TECO2
2020-07-15,207.1,211.0,207.1,210.0,37235.0,TECO2
2020-07-16,210.0,212.7,210.0,211.0,41986.0,TECO2
2020-07-17,211.1,219.5,211.1,216.45,173554.0,TECO2
2020-07-20,216.0,223.7,216.0,221.75,106936.0,TECO2
2020-07-21,223.7,231.5,223.7,226.0,106393.0,TECO2
2020-07-22,231.9,237.1,223.5,235.0,185624.0,TECO2
2020-07-23,240.0,245.2,232.0,235.0,142834.0,TECO2
2020-07-24,235.0,239.25,231.35,233.9,98912.0,TECO2
2020-07-27,234.5,240.0,225.65,227.0,94581.0,TECO2
2020-07-28,227.5,231.0,218.5,228.1,58294.0,TECO2
2020-07-29,235.0,236.0,224.0,226.9,35446.0,TECO2
2020-07-30,226.0,228.95,218.0,227.0,65987.0,TECO2
2020-07-31,227.0,227.0,218.0,220.5,55207.0,TECO2
2020-08-03,221.0,234.3,216.3,232.0,148371.0,TECO2
2020-08-04,238.0,244.2,222.0,225.0,257254.0,TECO2
2020-08-05,227.1,230.0,217.0,222.5,134496.0,TECO2
2020-08-06,223.0,225.0,216.85,221.8,52035.0,TECO2
2020-08-07,219.0,229.0,216.3,228.9,89463.0,TECO2
2020-08-10,229.5,233.0,219.0,224.2,78312.0,TECO2
2020-08-11,224.0,224.0,212.4,216.0,66914.0,TECO2
2020-08-12,216.0,216.6,204.0,208.3,121076.0,TECO2
2020-08-13,209.0,211.1,206.0,208.0,56032.0,TECO2
2020-08-14,210.0,215.0,203.0,210.0,51710.0,TECO2
2020-08-18,208.45,211.55,201.0,204.95,82484.0,TECO2
2020-08-19,203.0,209.8,197.0,205.0,80109.0,TECO2
2020-08-20,203.9,206.1,199.1,204.65,61294.0,TECO2
2020-08-21,206.9,209.5,201.0,204.3,104843.0,TECO2
2020-08-24,185.0,194.45,175.0,187.0,219421.0,TECO2
2020-08-25,188.7,191.6,181.0,188.0,136229.0,TECO2
2020-08-26,188.1,190.0,180.0,180.7,40706.0,TECO2
2020-08-27,180.75,182.5,170.1,175.5,125644.0,TECO2
2020-08-28,175.0,177.8,171.8,176.4,224131.0,TECO2
2020-08-31,178.0,178.1,171.2,174.0,44549.0,TECO2
2020-09-01,174.0,181.5,172.0,178.9,118171.0,TECO2
2020-09-02,181.0,181.6,171.75,172.8,44539.0,TECO2
2020-09-03,172.4,175.35,165.0,167.5,57358.0,TECO2
2020-09-04,173.0,173.0,160.15,166.8,38145.0,TECO2
2020-09-07,166.5,171.9,166.5,167.1,26581.0,TECO2
2020-09-08,167.75,169.4,164.0,168.6,32824.0,TECO2
2020-09-09,166.55,178.0,166.55,178.0,65294.0,TECO2
2020-09-10,178.2,189.9,178.2,187.3,104681.0,TECO2
2020-09-11,185.05,185.9,175.8,179.5,33397.0,TECO2
2020-09-14,190.0,193.25,177.0,181.0,124220.0,TECO2
2020-09-15,184.5,197.0,182.0,195.5,162664.0,TECO2
2020-09-16,195.5,195.5,181.25,191.4,88617.0,TECO2
2020-09-17,185.0,191.4,181.85,187.0,74708.0,TECO2
2020-09-18,190.0,197.0,186.0,197.0,93022.0,TECO2
2020-09-21,194.25,197.4,185.0,191.0,42719.0,TECO2
2020-09-22,194.25,196.0,188.5,194.5,127867.0,TECO2
2020-09-23,193.35,199.75,192.0,198.0,64440.0,TECO2
2020-09-24,198.0,198.5,190.0,194.15,80510.0,TECO2
2020-09-25,192.0,194.95,190.0,190.55,23694.0,TECO2
2020-09-28,190.7,194.0,188.05,192.5,45285.0,TECO2
2020-09-29,193.05,193.05,186.5,188.5,14879.0,TECO2
2020-09-30,188.3,193.2,180.2,181.0,64180.0,TECO2
2020-10-01,182.0,196.9,182.0,196.9,58684.0,TECO2
2020-10-02,193.0,203.0,188.45,200.0,35058.0,TECO2
2020-10-05,200.0,206.0,195.9,205.5,72275.0,TECO2
2020-10-06,205.0,213.8,205.0,209.9,65312.0,TECO2
2020-10-07,212.0,214.0,206.0,210.55,51320.0,TECO2
2020-10-08,214.0,223.75,213.0,221.0,78676.0,TECO2
2020-10-09,219.0,227.85,214.0,226.1,53980.0,TECO2
2020-10-13,223.75,232.0,220.0,231.75,87550.0,TECO2
2020-10-14,226.7,239.0,224.0,237.0,81257.0,TECO2
2020-10-15,233.6,243.0,228.0,236.0,65110.0,TECO2
2020-10-16,237.0,242.5,233.25,240.0,88865.0,TECO2
2020-10-19,241.0,248.5,238.0,242.8,81928.0,TECO2
2020-10-20,247.5,260.0,247.5,255.0,190070.0,TECO2
2020-10-21,256.9,269.0,255.0,265.0,147211.0,TECO2
2020-10-22,265.0,272.55,260.45,270.5,84791.0,TECO2
2020-10-23,269.95,271.9,255.7,264.55,88546.0,TECO2
2020-10-26,264.1,264.1,236.5,246.5,49546.0,TECO2
2020-10-27,239.6,240.3,220.0,225.0,41075.0,TECO2
2020-10-28,220.0,220.0,203.6,204.0,36794.0,TECO2
2020-10-29,205.0,217.6,202.0,210.0,57344.0,TECO2
2020-10-30,210.0,210.0,196.0,198.0,43261.0,TECO2
2020-11-02,198.0,212.0,197.0,211.0,70762.0,TECO2
2020-11-03,210.0,237.0,204.6,205.25,116083.0,TECO2
2020-11-04,209.05,214.5,200.0,202.25,29524.0,TECO2
2020-11-05,204.0,209.0,199.0,205.4,52719.0,TECO2
2020-11-06,209.5,209.5,201.2,206.0,15756.0,TECO2
2020-11-09,206.0,215.0,205.0,211.5,47734.0,TECO2
2020-11-10,212.0,226.0,210.2,225.6,61043.0,TECO2
2020-11-11,226.0,229.5,217.2,218.5,44990.0,TECO2
2020-11-12,219.0,219.0,202.4,203.5,200479.0,TECO2
2020-11-13,205.9,211.0,202.3,205.0,82233.0,TECO2
2020-11-16,201.0,208.9,201.0,207.75,66109.0,TECO2
2020-11-17,206.95,209.95,198.0,201.5,106733.0,TECO2
2020-11-18,205.0,212.0,202.1,206.9,64223.0,TECO2
2020-11-19,207.25,215.0,204.0,213.75,66962.0,TECO2
2020-11-20,215.0,217.95,212.5,216.0,78438.0,TECO2
2020-11-24,216.0,232.3,216.0,230.0,83709.0,TECO2
2020-11-25,234.0,242.2,231.5,238.75,119011.0,TECO2
2020-11-26,238.8,243.0,221.25,233.5,41643.0,TECO2
2020-11-27,234.45,249.4,234.0,239.3,81602.0,TECO2
2020-11-30,239.3,249.0,239.3,245.4,203263.0,TECO2
2020-12-01,245.4,253.9,242.5,243.0,76596.0,TECO2
2020-12-02,244.0,256.0,244.0,250.0,201665.0,TECO2
2020-12-03,252.95,271.5,250.5,261.1,116216.0,TECO2
2020-12-04,262.65,268.5,253.0,260.0,48110.0,TECO2
2020-12-09,257.0,257.0,240.0,240.5,58879.0,TECO2
2020-12-10,240.0,240.0,233.0,235.4,46457.0,TECO2
2020-12-11,233.5,247.0,233.0,246.3,51196.0,TECO2
2020-12-14,247.0,248.0,232.2,235.9,59356.0,TECO2
2020-12-15,235.0,236.5,228.0,234.8,49536.0,TECO2
2020-12-16,232.0,232.0,224.3,224.85,49488.0,TECO2
2020-12-17,227.35,229.95,216.0,217.0,66092.0,TECO2
2020-12-18,220.0,223.0,216.3,221.9,71352.0,TECO2
2020-12-21,210.0,219.0,202.0,204.0,93063.0,TECO2
2020-12-22,204.0,216.0,195.0,197.0,204175.0,TECO2
2020-12-23,200.0,200.6,192.0,193.9,212946.0,TECO2
2020-12-28,193.0,195.0,186.0,190.75,190520.0,TECO2
2020-12-29,192.5,202.0,189.0,197.25,207320.0,TECO2
2020-12-30,201.0,204.0,195.0,199.5,257757.0,TECO2
2021-01-04,196.9,201.9,185.0,187.55,264254.0,TECO2
2021-01-05,188.0,193.4,186.4,193.4,103203.0,TECO2
2021-01-06,195.0,198.0,193.0,195.0,100840.0,TECO2
2021-01-07,199.95,202.25,195.0,200.8,142717.0,TECO2
2021-01-08,202.0,204.45,196.1,200.0,102883.0,TECO2
2021-01-11,199.0,200.75,193.05,198.1,71436.0,TECO2
2021-01-12,198.0,200.0,197.0,199.25,44003.0,TECO2
2021-01-13,198.0,201.0,194.4,196.0,48686.0,TECO2
2021-01-14,195.05,200.8,195.05,200.7,68139.0,TECO2
2021-01-15,203.0,203.0,193.85,197.25,34389.0,TECO2
2021-01-18,193.5,197.0,191.0,195.0,25601.0,TECO2
2021-01-19,199.0,199.45,190.0,195.05,61749.0,TECO2
2021-01-20,196.0,198.0,190.75,195.0,44605.0,TECO2
2021-01-21,194.5,199.0,190.0,193.6,70415.0,TECO2
2021-01-22,190.0,196.5,186.7,195.5,80382.0,TECO2
2021-01-25,196.8,198.5,190.5,196.9,43716.0,TECO2
2021-01-26,195.0,200.2,192.0,196.0,55626.0,TECO2
2021-01-27,197.5,199.9,195.0,196.6,84330.0,TECO2
2021-01-28,198.0,201.0,196.5,200.5,48962.0,TECO2
2021-01-29,199.5,208.5,196.6,198.0,83877.0,TECO2
2021-02-01,204.5,204.5,197.5,201.5,21854.0,TECO2
2021-02-02,199.5,210.0,198.5,206.7,52096.0,TECO2
2021-02-03,208.0,210.0,202.0,203.8,63860.0,TECO2
2021-02-04,204.0,208.0,200.0,203.5,39417.0,TECO2
2021-02-05,202.5,206.0,200.6,203.95,22979.0,TECO2
2021-02-08,204.0,206.9,200.25,202.9,42149.0,TECO2
2021-02-09,201.5,206.5,199.6,202.8,59490.0,TECO2
2021-02-10,202.8,204.0,199.0,199.55,67586.0,TECO2
2021-02-11,199.0,202.5,194.5,194.55,36726.0,TECO2
2021-02-12,194.3,199.0,192.85,196.9,27463.0,TECO2
2021-02-17,195.0,197.0,188.8,192.3,101680.0,TECO2
2021-02-18,192.0,195.0,182.0,188.5,150743.0,TECO2
2021-02-19,190.0,190.0,177.5,179.5,217329.0,TECO2
2021-02-22,179.5,182.0,172.05,173.0,134143.0,TECO2
2021-02-23,169.5,176.3,167.0,172.95,78971.0,TECO2
2021-02-24,174.0,179.4,172.85,179.4,74029.0,TECO2
2021-02-25,179.4,184.5,172.65,176.6,103567.0,TECO2
2021-02-26,177.0,177.45,170.85,172.4,33676.0,TECO2
2021-03-01,173.8,180.0,169.1,172.0,97198.0,TECO2
2021-03-02,173.35,174.0,169.0,172.9,87600.0,TECO2
2021-03-03,170.0,173.0,165.1,168.0,69333.0,TECO2
2021-03-04,166.0,173.0,163.1,168.0,54909.0,TECO2
2021-03-05,168.0,171.0,164.0,166.0,19541.0,TECO2
2021-03-08,167.0,169.7,162.0,162.8,24112.0,TECO2
2021-03-09,163.0,167.0,161.4,165.5,44213.0,TECO2
2021-03-10,168.0,170.0,163.0,166.5,103572.0,TECO2
2021-03-11,168.25,173.6,167.7,171.85,86449.0,TECO2
2021-03-12,172.5,173.95,170.0,170.9,29894.0,TECO2
2021-03-15,172.0,176.5,170.0,175.4,88358.0,TECO2
2021-03-16,179.0,179.4,171.8,172.05,39735.0,TECO2
2021-03-17,176.0,177.0,170.8,176.1,48700.0,TECO2
2021-03-18,176.0,176.1,170.8,171.15,43839.0,TECO2
2021-03-19,172.9,175.85,169.5,174.2,35792.0,TECO2
2021-03-22,175.95,177.0,173.6,175.55,50331.0,TECO2
2021-03-23,174.95,175.0,167.0,168.8,83506.0,TECO2
2021-03-25,166.95,166.95,159.5,163.2,53066.0,TECO2
2021-03-26,166.5,166.5,156.0,157.0,53926.0,TECO2
2021-03-29,155.45,160.0,148.7,158.55,41897.0,TECO2
2021-03-30,158.0,158.0,155.0,157.45,18577.0,TECO2
2021-03-31,156.0,164.0,155.85,161.4,110370.0,TECO2
2021-04-05,161.5,166.95,160.6,162.0,111224.0,TECO2
2021-04-06,162.0,173.0,162.0,172.05,132543.0,TECO2
2021-04-07,172.05,175.6,170.3,175.1,319515.0,TECO2
2021-04-08,170.2,173.0,163.6,171.3,58819.0,TECO2
2021-04-09,173.35,173.35,162.1,162.9,140358.0,TECO2
2021-04-12,162.0,162.0,156.3,156.9,170920.0,TECO2
2021-04-13,157.0,157.55,152.7,153.5,79241.0,TECO2
2021-04-14,154.0,157.9,152.0,154.4,121614.0,TECO2
2021-04-15,155.0,155.0,152.4,152.65,219536.0,TECO2
2021-04-16,153.0,153.75,150.4,150.7,101154.0,TECO2
2021-04-19,152.0,152.0,150.0,150.0,39106.0,TECO2
2021-04-20,150.0,150.0,140.75,145.6,164230.0,TECO2
2021-04-21,145.5,145.5,140.8,144.6,286549.0,TECO2
2021-04-22,143.65,144.1,141.7,143.4,53467.0,TECO2
2021-04-23,142.45,142.45,138.0,139.65,196436.0,TECO2
2021-04-26,141.4,143.0,138.15,139.55,181893.0,TECO2
2021-04-27,140.4,143.15,138.7,140.2,186988.0,TECO2
2021-04-28,143.5,149.0,142.0,148.5,330545.0,TECO2
2021-04-29,150.0,150.0,145.6,147.35,80677.0,TECO2
2021-04-30,149.0,149.0,146.5,147.95,82228.0,TECO2
2021-05-03,151.0,151.0,146.0,147.35,101867.0,TECO2
2021-05-04,147.0,148.8,144.7,145.7,99538.0,TECO2
2021-05-05,145.55,146.45,144.0,144.8,49667.0,TECO2
2021-05-06,143.05,146.0,140.8,141.2,73485.0,TECO2
2021-05-07,146.35,147.65,143.0,147.15,68939.0,TECO2
2021-05-10,147.9,147.95,145.0,145.25,35194.0,TECO2
2021-05-11,147.45,151.0,145.9,148.95,123402.0,TECO2
2021-05-12,151.9,157.0,149.0,154.2,218361.0,TECO2
2021-05-13,156.0,159.5,154.25,158.0,102426.0,TECO2
2021-05-14,160.0,164.75,159.5,162.25,134925.0,TECO2
2021-05-17,162.0,164.5,158.35,162.95,91107.0,TECO2
2021-05-18,162.5,173.5,162.5,171.45,238272.0,TECO2
2021-05-19,168.0,173.8,166.0,172.05,222565.0,TECO2
2021-05-20,172.0,173.45,168.0,171.45,130917.0,TECO2
2021-05-21,173.3,174.5,168.0,171.5,127038.0,TECO2
2021-05-26,167.15,174.4,161.7,171.9,126714.0,TECO2
2021-05-27,177.0,198.75,177.0,183.95,1269900.0,TECO2
2021-05-28,185.5,193.1,184.5,187.35,143797.0,TECO2
2021-05-31,189.25,190.75,186.2,189.25,49527.0,TECO2
2021-06-01,190.5,193.8,188.0,189.8,112996.0,TECO2
2021-06-02,189.5,192.35,188.0,191.5,77122.0,TECO2
2021-06-03,187.4,190.0,183.65,189.9,105672.0,TECO2
2021-06-04,189.7,196.0,186.1,195.6,278347.0,TECO2
2021-06-07,197.0,208.7,197.0,208.15,421714.0,TECO2
2021-06-08,207.5,209.0,203.25,208.5,130053.0,TECO2
2021-06-09,211.6,217.7,211.45,215.95,129303.0,TECO2
2021-06-10,217.8,217.8,214.0,215.9,180396.0,TECO2
2021-06-11,212.0,212.0,200.95,204.7,131841.0,TECO2
2021-06-14,202.65,204.75,198.2,202.0,141273.0,TECO2
2021-06-15,203.0,203.1,199.05,201.85,58596.0,TECO2
2021-06-16,203.0,205.85,200.4,202.0,35875.0,TECO2
2021-06-17,201.15,203.0,194.5,197.7,207451.0,TECO2
2021-06-18,194.15,194.15,186.5,187.05,196712.0,TECO2
2021-06-22,184.9,187.75,181.9,185.95,154602.0,TECO2
2021-06-23,188.0,194.75,184.0,193.45,330467.0,TECO2
2021-06-24,193.45,194.45,190.5,191.45,172221.0,TECO2
2021-06-25,188.0,191.45,185.2,190.6,173507.0,TECO2
2021-06-28,190.0,190.0,184.2,184.5,109977.0,TECO2
2021-06-29,184.0,188.95,182.0,185.4,242137.0,TECO2
2021-06-30,184.85,185.2,181.7,182.25,37852.0,TECO2
2021-07-01,181.7,182.45,174.0,175.05,154109.0,TECO2
2021-07-02,176.0,179.1,175.75,177.45,133929.0,TECO2
2021-07-05,179.0,183.5,177.9,183.35,28977.0,TECO2
2021-07-06,181.0,181.0,173.9,175.7,364295.0,TECO2
2021-07-07,175.5,175.5,172.0,175.0,366268.0,TECO2
2021-07-08,174.45,175.0,170.05,173.75,56094.0,TECO2
2021-07-12,172.0,180.0,171.75,177.05,205345.0,TECO2
2021-07-13,176.65,177.65,173.5,174.45,307173.0,TECO2
2021-07-14,175.1,177.3,173.0,175.0,82333.0,TECO2
2021-07-15,176.0,176.35,172.2,176.05,114164.0,TECO2
2021-07-16,175.0,180.2,173.7,178.35,76606.0,TECO2
2021-07-19,174.0,176.75,168.75,176.1,25373.0,TECO2
2021-07-20,176.35,180.0,176.0,178.95,39425.0,TECO2
2021-07-21,180.25,185.0,178.0,184.5,86852.0,TECO2
2021-07-22,185.0,185.6,179.75,182.0,61665.0,TECO2
2021-07-23,182.0,187.9,177.0,178.9,53386.0,TECO2
2021-07-26,179.05,183.0,179.05,180.7,43176.0,TECO2
2021-07-27,178.9,183.0,178.4,181.4,30580.0,TECO2
2021-07-28,181.5,186.0,181.5,184.05,27657.0,TECO2
2021-07-29,184.4,185.0,180.55,184.0,21939.0,TECO2
2021-07-30,184.0,184.0,178.0,181.65,41667.0,TECO2
2021-08-02,185.7,185.7,179.5,181.0,43561.0,TECO2
2021-08-03,182.0,184.15,178.05,180.1,28280.0,TECO2
2021-08-04,180.0,181.5,178.5,180.0,47996.0,TECO2
2021-08-05,180.45,183.0,180.0,182.7,28805.0,TECO2
2021-08-06,183.0,186.9,182.6,186.15,54619.0,TECO2
2021-08-09,186.0,187.0,180.0,180.45,787456.0,TECO2
2021-08-10,180.2,181.45,177.1,180.25,70876.0,TECO2
2021-08-11,179.5,182.05,178.0,181.15,60768.0,TECO2
2021-08-12,172.0,180.0,172.0,178.8,211448.0,TECO2
2021-08-13,180.5,180.5,173.0,178.75,79705.0,TECO2
2021-08-17,178.75,179.9,174.1,177.55,82932.0,TECO2
2021-08-18,177.0,182.75,174.1,180.5,54716.0,TECO2
2021-08-19,181.1,181.1,174.2,177.75,46011.0,TECO2
2021-08-20,179.55,188.5,178.0,184.3,356800.0,TECO2
2021-08-23,186.0,190.8,183.7,189.05,59933.0,TECO2
2021-08-24,190.0,191.0,185.1,189.05,93218.0,TECO2
2021-08-25,191.1,194.7,185.5,186.2,241587.0,TECO2
2021-08-26,185.0,189.0,184.0,186.5,178358.0,TECO2
2021-08-27,187.0,192.0,187.0,189.05,192722.0,TECO2
2021-08-30,192.0,198.0,190.0,194.8,467671.0,TECO2
2021-08-31,196.0,198.5,189.0,192.05,225533.0,TECO2
2021-09-01,190.1,197.0,188.0,188.7,201788.0,TECO2
2021-09-02,184.9,192.8,183.2,190.05,141446.0,TECO2
2021-09-03,194.0,198.5,185.25,186.35,111844.0,TECO2
2021-09-06,188.0,193.1,185.5,192.85,56185.0,TECO2
2021-09-07,189.8,194.0,188.0,192.25,354819.0,TECO2
2021-09-08,190.8,191.8,185.9,188.1,339552.0,TECO2
2021-09-09,188.1,191.0,185.0,190.2,270816.0,TECO2
2021-09-10,189.1,192.0,185.1,187.7,283560.0,TECO2
2021-09-13,200.0,202.0,191.5,193.05,208443.0,TECO2
2021-09-14,194.2,194.2,188.55,193.05,167349.0,TECO2
2021-09-15,193.0,194.7,186.2,190.0,101647.0,TECO2
2021-09-16,185.7,195.0,181.4,194.15,99580.0,TECO2
2021-09-17,192.95,197.1,186.55,187.9,98004.0,TECO2
2021-09-20,187.0,187.0,181.9,183.55,239760.0,TECO2
2021-09-21,183.5,186.95,182.05,184.0,177373.0,TECO2
2021-09-22,185.85,189.0,183.25,186.3,201913.0,TECO2
2021-09-23,188.15,190.0,185.05,187.7,65584.0,TECO2
2021-09-24,188.55,189.0,184.2,188.35,23006.0,TECO2
2021-09-27,186.0,193.0,185.3,192.2,61859.0,TECO2
2021-09-28,192.0,192.2,186.85,189.75,46081.0,TECO2
2021-09-29,193.0,193.0,187.85,190.5,26113.0,TECO2
2021-09-30,190.5,198.0,190.5,196.45,65484.0,TECO2
2021-10-01,196.45,197.15,190.0,190.5,112268.0,TECO2
2021-10-04,190.5,195.0,187.0,192.9,30158.0,TECO2
2021-10-05,194.0,195.0,191.25,194.95,57540.0,TECO2
2021-10-06,191.05,193.95,190.5,193.0,40405.0,TECO2
2021-10-07,193.5,196.0,191.8,193.85,54849.0,TECO2
2021-10-12,194.0,197.8,192.0,195.05,45395.0,TECO2
2021-10-13,196.0,196.9,193.5,196.35,36706.0,TECO2
2021-10-14,197.0,205.0,195.0,204.4,81097.0,TECO2
2021-10-15,204.05,208.0,203.5,204.2,103278.0,TECO2
2021-10-18,202.45,204.2,201.0,201.9,140554.0,TECO2
2021-10-19,202.05,206.9,202.05,206.5,121328.0,TECO2
2021-10-20,206.0,214.7,205.05,213.9,231453.0,TECO2
2021-10-21,213.35,213.95,209.0,212.8,139023.0,TECO2
2021-10-22,213.8,217.6,211.0,212.55,120868.0,TECO2
2021-10-25,217.8,218.0,213.0,213.95,91264.0,TECO2
2021-10-26,217.95,218.5,214.0,217.55,104590.0,TECO2
2021-10-27,217.5,218.5,207.0,211.1,78799.0,TECO2
2021-10-28,211.9,211.9,204.75,209.7,68817.0,TECO2
2021-10-29,208.0,210.2,205.8,207.8,222060.0,TECO2
2021-11-01,208.35,218.0,208.35,217.55,73545.0,TECO2
2021-11-02,217.15,219.75,213.2,219.05,86581.0,TECO2
2021-11-03,219.0,223.2,216.25,218.95,63393.0,TECO2
2021-11-04,218.95,220.45,214.0,215.1,55139.0,TECO2
2021-11-05,218.5,218.5,210.0,218.0,141053.0,TECO2
2021-11-08,220.0,224.7,218.0,224.0,82615.0,TECO2
2021-11-09,224.7,230.0,222.5,225.8,128110.0,TECO2
2021-11-10,221.5,231.95,221.5,231.2,193555.0,TECO2
2021-11-11,232.0,238.95,232.0,236.25,123037.0,TECO2
2021-11-12,236.35,238.0,224.1,231.85,216017.0,TECO2
2021-11-15,234.15,241.0,223.0,226.5,167963.0,TECO2
2021-11-16,226.5,230.0,222.0,226.5,76656.0,TECO2
2021-11-17,226.5,229.0,220.0,225.5,64416.0,TECO2
2021-11-18,228.75,239.0,222.0,235.65,119401.0,TECO2
2021-11-19,235.75,239.0,222.0,223.7,78267.0,TECO2
2021-11-23,221.45,224.0,208.05,210.5,41395.0,TECO2
2021-11-24,210.5,218.5,206.5,214.3,101333.0,TECO2
2021-11-25,212.15,218.0,210.0,214.4,16094.0,TECO2
2021-11-26,216.55,216.55,206.0,206.6,97447.0,TECO2
2021-11-29,205.0,213.0,199.0,209.2,46200.0,TECO2
2021-11-30,210.0,219.65,208.0,214.1,80372.0,TECO2
2021-12-01,216.25,219.9,210.05,217.35,59709.0,TECO2
2021-12-02,218.0,221.7,214.0,218.5,131746.0,TECO2
2021-12-03,217.0,223.0,215.0,217.2,67038.0,TECO2
2021-12-06,220.0,220.0,215.0,217.75,40327.0,TECO2
2021-12-07,215.55,226.0,215.55,224.9,82520.0,TECO2
2021-12-09,231.5,231.5,214.5,218.25,39771.0,TECO2
2021-12-10,220.0,220.25,212.0,213.35,30760.0,TECO2
2021-12-13,215.5,217.0,202.7,203.1,36437.0,TECO2
2021-12-14,203.0,212.05,203.0,204.2,26897.0,TECO2
2021-12-15,205.0,208.25,193.5,196.15,52964.0,TECO2
2021-12-16,195.3,205.95,195.3,198.6,36401.0,TECO2
2021-12-17,198.6,207.75,198.6,203.75,51705.0,TECO2
2021-12-20,203.75,205.5,199.0,202.35,39199.0,TECO2
2021-12-21,206.0,211.85,202.0,207.1,21639.0,TECO2
2021-12-22,207.1,213.0,203.1,204.0,20662.0,TECO2
2021-12-23,206.05,211.5,204.0,211.0,25912.0,TECO2
2021-12-27,211.0,217.35,209.0,213.0,102795.0,TECO2
2021-12-28,213.5,217.25,205.25,206.75,48443.0,TECO2
2021-12-29,207.0,211.45,205.0,208.3,20616.0,TECO2
2021-12-30,211.0,214.1,201.45,202.3,118669.0,TECO2
2022-01-03,202.4,210.0,202.4,208.1,86630.0,TECO2
2022-01-04,209.5,212.0,208.75,211.9,22705.0,TECO2
2022-01-05,215.0,215.0,207.75,210.4,27019.0,TECO2
2022-01-06,212.5,212.5,204.1,208.1,60919.0,TECO2
2022-01-07,208.0,214.0,206.0,209.55,13203.0,TECO2
2022-01-10,208.0,211.6,206.0,210.2,26391.0,TECO2
2022-01-11,208.1,214.5,208.1,213.95,30456.0,TECO2
2022-01-12,211.0,216.0,210.0,213.0,34861.0,TECO2
2022-01-13,213.0,217.25,207.1,209.7,24641.0,TECO2
2022-01-14,209.7,214.15,206.15,211.35,19107.0,TECO2
2022-01-17,213.2,213.2,205.0,212.9,8171.0,TECO2
2022-01-18,210.0,213.0,207.0,210.75,15983.0,TECO2
2022-01-19,210.75,214.0,206.75,210.5,33591.0,TECO2
2022-01-20,210.5,222.0,207.75,222.0,82403.0,TECO2
2022-01-21,222.0,222.0,210.0,220.2,46587.0,TECO2
2022-01-24,222.0,222.0,213.0,217.9,75573.0,TECO2
2022-01-25,210.55,222.0,210.55,220.25,18998.0,TECO2
2022-01-26,220.0,232.75,216.1,225.15,101113.0,TECO2
2022-01-27,220.0,228.0,220.0,223.0,22238.0,TECO2
2022-01-28,227.5,236.0,223.0,230.0,86016.0,TECO2
2022-01-31,231.0,234.6,228.0,232.65,82019.0,TECO2
2022-02-01,233.0,235.0,228.0,232.5,141017.0,TECO2
2022-02-02,232.5,237.95,225.0,227.65,72711.0,TECO2
2022-02-03,223.2,229.45,223.0,228.1,87262.0,TECO2
2022-02-04,221.0,231.95,221.0,227.15,49895.0,TECO2
2022-02-07,230.0,231.95,223.0,226.95,24486.0,TECO2
2022-02-08,227.2,230.0,222.4,226.0,232998.0,TECO2
2022-02-09,226.25,229.0,221.0,222.0,20697.0,TECO2
2022-02-10,224.0,227.0,219.1,226.75,49410.0,TECO2
2022-02-11,224.0,240.35,224.0,235.05,113230.0,TECO2
2022-02-14,234.75,240.0,226.5,231.5,33514.0,TECO2
2022-02-15,232.0,237.0,227.35,233.35,28297.0,TECO2
2022-02-16,229.0,237.0,229.0,232.9,38298.0,TECO2
2022-02-17,232.9,240.0,220.0,228.15,41686.0,TECO2
2022-02-18,225.1,235.0,225.1,230.0,91996.0,TECO2
2022-02-21,230.0,230.0,223.0,227.5,10227.0,TECO2
2022-02-22,227.0,229.9,224.5,227.3,53829.0,TECO2
2022-02-23,230.0,231.1,224.5,226.9,60887.0,TECO2
2022-02-24,225.75,226.9,213.0,218.7,79166.0,TECO2
2022-02-25,218.0,230.0,215.0,218.15,121494.0,TECO2
2022-03-02,215.0,220.5,210.0,216.3,44824.0,TECO2
2022-03-03,219.5,220.0,208.45,213.75,64369.0,TECO2
2022-03-04,210.0,215.0,204.0,206.2,55004.0,TECO2
2022-03-07,205.0,205.0,194.1,197.3,78618.0,TECO2
2022-03-08,197.3,201.2,195.5,199.8,109527.0,TECO2
2022-03-09,200.0,203.8,194.5,199.1,61897.0,TECO2
2022-03-10,200.0,204.15,194.75,202.85,118173.0,TECO2
2022-03-11,204.0,207.0,200.0,202.1,32047.0,TECO2
2022-03-14,203.0,203.0,191.0,192.5,62833.0,TECO2
2022-03-15,190.0,198.5,186.6,195.8,19903.0,TECO2
2022-03-16,190.0,209.5,190.0,199.9,40458.0,TECO2
2022-03-17,196.0,205.0,195.15,202.5,30352.0,TECO2
2022-03-18,210.75,210.75,202.55,204.0,13519.0,TECO2
2022-03-21,205.0,207.95,203.4,205.35,28075.0,TECO2
2022-03-22,209.25,215.75,206.0,208.9,126631.0,TECO2
2022-03-23,213.0,217.0,208.9,214.35,35089.0,TECO2
2022-03-25,222.5,227.35,219.0,226.65,155741.0,TECO2
2022-03-28,229.25,229.25,221.0,223.0,60264.0,TECO2
2022-03-29,222.0,226.65,217.75,218.0,72352.0,TECO2
2022-03-30,222.35,229.75,216.55,227.25,80312.0,TECO2
2022-03-31,228.0,231.0,221.1,227.3,77642.0,TECO2
2022-04-01,228.0,232.5,225.75,229.2,68088.0,TECO2
2022-04-04,233.0,242.55,229.6,242.0,214483.0,TECO2
2022-04-05,243.95,249.0,232.0,234.25,175715.0,TECO2
2022-04-06,229.0,243.55,227.7,239.2,179213.0,TECO2
2022-04-07,242.0,244.0,235.6,240.35,139139.0,TECO2
2022-04-08,240.0,248.0,240.0,246.9,91096.0,TECO2
2022-04-11,244.0,249.8,238.0,240.05,30750.0,TECO2
2022-04-12,241.0,241.0,232.75,233.0,26599.0,TECO2
2022-04-13,232.9,240.5,232.0,240.4,59065.0,TECO2
2022-04-18,241.0,241.0,233.1,238.45,46845.0,TECO2
2022-04-19,238.8,246.0,238.8,244.9,116876.0,TECO2
2022-04-20,245.0,247.0,240.9,245.0,100458.0,TECO2
2022-04-21,244.35,249.9,239.75,241.5,87424.0,TECO2
2022-04-22,242.0,249.75,241.15,243.9,57153.0,TECO2
2022-04-25,242.0,242.0,228.0,236.75,52828.0,TECO2
2022-04-26,235.0,238.0,228.0,228.5,34768.0,TECO2
2022-04-27,226.3,240.0,226.3,234.95,62807.0,TECO2
2022-04-28,239.65,244.8,234.15,242.9,37084.0,TECO2
2022-04-29,247.75,247.75,225.0,226.0,94659.0,TECO2
2022-05-02,227.0,234.0,224.2,229.8,65602.0,TECO2
2022-05-03,229.8,236.5,229.05,235.9,33407.0,TECO2
2022-05-04,237.0,237.0,230.0,232.6,65019.0,TECO2
2022-05-05,234.0,234.0,220.25,221.9,14373.0,TECO2
2022-05-06,219.0,221.0,212.0,217.25,40144.0,TECO2
2022-05-09,217.25,217.25,205.0,205.6,49179.0,TECO2
2022-05-10,206.3,209.75,196.75,202.6,34144.0,TECO2
2022-05-11,200.0,214.5,200.0,213.85,26720.0,TECO2
2022-05-12,212.0,218.0,208.9,213.95,31698.0,TECO2
2022-05-13,215.5,224.0,215.5,221.2,19977.0,TECO2
2022-05-16,220.5,230.0,215.0,224.25,22501.0,TECO2
2022-05-17,226.0,232.95,221.75,230.7,31668.0,TECO2
2022-05-19,225.0,225.75,215.0,217.45,85105.0,TECO2
2022-05-20,217.25,220.0,212.1,215.35,38060.0,TECO2
2022-05-23,214.0,225.0,210.0,222.2,116955.0,TECO2
2022-05-24,222.55,223.7,218.0,222.5,26029.0,TECO2
2022-05-26,224.75,229.5,221.0,228.45,72190.0,TECO2
2022-05-27,230.0,234.0,223.9,232.0,105820.0,TECO2
2022-05-30,234.0,234.0,230.0,230.3,4638.0,TECO2
2022-05-31,231.0,234.9,218.25,222.35,31095.0,TECO2
2022-06-01,225.0,226.4,216.85,221.55,17003.0,TECO2
2022-06-02,222.0,227.15,222.0,223.3,30924.0,TECO2
2022-06-03,213.5,219.0,210.0,215.5,639559.0,TECO2
2022-06-06,217.65,223.0,211.5,215.05,90152.0,TECO2
2022-06-07,217.3,219.35,215.5,215.65,31679.0,TECO2
2022-06-08,217.8,219.0,206.0,210.25,230394.0,TECO2
2022-06-09,212.3,212.75,208.0,210.6,44983.0,TECO2
2022-06-10,212.75,218.0,208.8,217.05,94680.0,TECO2
2022-06-13,218.0,223.0,212.75,220.95,72850.0,TECO2
2022-06-14,223.15,223.8,218.5,220.75,13315.0,TECO2
2022-06-15,222.95,224.0,220.0,223.7,31748.0,TECO2
2022-06-16,223.0,230.0,221.25,225.05,88523.0,TECO2
2022-06-21,225.05,229.0,220.0,228.95,61560.0,TECO2
2022-06-22,228.5,230.0,220.25,221.5,23481.0,TECO2
2022-06-23,223.5,225.95,212.0,219.7,22809.0,TECO2
2022-06-24,221.9,224.1,212.0,216.05,28129.0,TECO2
2022-06-27,212.0,218.2,210.0,216.25,22349.0,TECO2
2022-06-28,219.9,230.05,216.5,226.6,40753.0,TECO2
2022-06-29,226.0,227.5,222.95,225.05,26364.0,TECO2
2022-06-30,225.9,229.55,218.0,226.5,40998.0,TECO2
2022-07-01,230.0,235.0,226.5,234.55,111850.0,TECO2
2022-07-04,232.0,238.0,221.15,236.35,61888.0,TECO2
2022-07-05,240.3,258.5,231.0,244.0,62143.0,TECO2
2022-07-06,245.85,250.0,239.15,246.7,55215.0,TECO2
2022-07-07,250.0,257.0,247.45,255.45,208974.0,TECO2
2022-07-08,255.0,263.0,249.5,258.8,174835.0,TECO2
2022-07-11,259.0,259.0,242.1,252.6,81046.0,TECO2
2022-07-12,252.0,255.05,246.35,247.25,126774.0,TECO2
2022-07-13,244.0,252.7,242.0,248.5,39039.0,TECO2
2022-07-14,244.5,244.5,232.45,237.5,147115.0,TECO2
2022-07-15,238.0,247.0,238.0,244.3,22467.0,TECO2
2022-07-18,246.75,249.0,243.0,247.0,61024.0,TECO2
2022-07-19,249.45,250.0,244.0,244.65,105309.0,TECO2
2022-07-20,247.0,247.0,238.1,241.9,146070.0,TECO2
2022-07-21,240.0,255.0,238.0,254.35,77585.0,TECO2
2022-07-22,253.0,254.9,241.65,253.3,163798.0,TECO2
2022-07-25,253.3,261.0,250.25,258.85,82412.0,TECO2
2022-07-26,259.0,270.0,256.7,265.8,39211.0,TECO2
2022-07-27,266.1,285.2,263.5,283.0,199847.0,TECO2
2022-07-28,289.0,289.0,268.05,274.0,319425.0,TECO2
2022-07-29,277.15,279.0,258.0,259.25,227664.0,TECO2
2022-08-01,259.95,269.6,240.3,247.0,248078.0,TECO2
2022-08-02,248.0,254.35,245.0,250.0,56653.0,TECO2
2022-08-03,261.0,261.0,245.0,256.55,71845.0,TECO2
2022-08-04,264.0,264.0,252.0,255.0,77330.0,TECO2
2022-08-05,260.0,260.1,251.0,252.9,90450.0,TECO2
2022-08-08,255.0,262.95,251.0,260.9,70568.0,TECO2
2022-08-09,260.0,266.1,255.0,258.0,78259.0,TECO2
2022-08-10,255.4,258.0,252.0,256.45,61553.0,TECO2
2022-08-11,255.0,260.0,253.9,255.55,74915.0,TECO2
2022-08-12,253.5,265.0,251.5,263.95,50270.0,TECO2
2022-08-16,266.4,269.5,254.5,255.9,117430.0,TECO2
2022-08-17,258.0,262.5,254.0,261.9,102641.0,TECO2
2022-08-18,265.0,271.5,261.0,270.55,86889.0,TECO2
2022-08-19,270.0,272.0,257.55,271.0,23023.0,TECO2
2022-08-22,273.7,273.7,262.85,265.7,135523.0,TECO2
2022-08-23,265.0,274.35,264.0,270.95,114686.0,TECO2
2022-08-24,271.5,279.35,266.0,278.45,204820.0,TECO2
2022-08-25,281.25,294.6,275.0,291.75,360814.0,TECO2
2022-08-26,292.0,292.85,283.0,291.0,307571.0,TECO2
2022-08-29,291.0,300.0,288.0,298.85,218046.0,TECO2
2022-08-30,297.0,297.5,289.0,291.65,127644.0,TECO2
2022-08-31,290.0,290.3,274.55,277.1,268855.0,TECO2
2022-09-01,277.1,278.5,266.0,268.5,116180.0,TECO2
2022-09-05,268.5,279.5,263.0,272.4,52512.0,TECO2
2022-09-06,272.0,272.0,260.0,265.0,153459.0,TECO2
2022-09-07,263.0,272.15,261.0,271.65,141335.0,TECO2
2022-09-08,272.0,273.7,268.0,269.05,194397.0,TECO2
2022-09-09,269.05,276.15,266.5,272.2,126625.0,TECO2
2022-09-12,273.4,287.0,273.4,278.0,109335.0,TECO2
2022-09-13,280.0,280.0,267.0,267.3,103559.0,TECO2
2022-09-14,268.5,278.65,264.75,276.1,30405.0,TECO2
2022-09-15,285.0,285.0,269.5,273.1,115747.0,TECO2
2022-09-16,269.0,272.5,264.0,265.65,116111.0,TECO2
2022-09-19,267.0,284.95,265.0,279.2,215026.0,TECO2
2022-09-20,278.2,279.5,269.5,272.05,128836.0,TECO2
2022-09-21,270.0,274.95,266.0,267.95,102289.0,TECO2
2022-09-22,265.5,281.5,265.5,279.15,116526.0,TECO2
2022-09-23,277.0,277.0,260.15,261.05,178247.0,TECO2
2022-09-26,261.0,261.0,242.9,245.0,184331.0,TECO2
2022-09-27,246.2,252.8,245.0,246.65,45575.0,TECO2
2022-09-28,249.0,256.9,243.5,252.8,34473.0,TECO2
2022-09-29,251.5,252.4,246.5,251.9,35707.0,TECO2
2022-09-30,252.0,256.0,248.75,252.2,18466.0,TECO2
2022-10-03,260.0,265.0,255.25,262.0,39298.0,TECO2
2022-10-04,269.0,269.0,261.0,262.85,34395.0,TECO2
2022-10-05,262.5,268.0,259.0,267.45,19060.0,TECO2
2022-10-06,269.0,269.9,262.15,266.15,63543.0,TECO2
2022-10-11,256.3,260.85,246.5,252.05,146130.0,TECO2
2022-10-12,254.85,254.85,245.0,246.8,20391.0,TECO2
2022-10-13,245.7,256.3,245.2,253.6,49517.0,TECO2
2022-10-14,255.0,257.0,242.55,243.4,55133.0,TECO2
2022-10-17,243.25,252.0,243.25,251.0,31195.0,TECO2
2022-10-18,250.0,252.0,244.0,246.55,36643.0,TECO2
2022-10-19,248.0,248.55,238.0,245.15,81131.0,TECO2
2022-10-20,245.15,250.0,232.0,241.05,92435.0,TECO2
2022-10-21,241.0,249.5,241.0,249.2,20013.0,TECO2
2022-10-24,255.0,255.0,240.0,248.9,74788.0,TECO2
2022-10-25,251.0,259.75,246.7,259.0,79180.0,TECO2
2022-10-26,260.0,263.9,255.35,259.05,81964.0,TECO2
2022-10-27,260.0,262.7,256.0,261.65,85224.0,TECO2
2022-10-28,262.0,265.05,254.75,258.0,90469.0,TECO2
2022-10-31,256.9,260.0,252.3,258.85,39008.0,TECO2
2022-11-01,258.9,267.55,258.0,262.8,198684.0,TECO2
2022-11-02,262.5,263.2,255.0,256.2,63025.0,TECO2
2022-11-03,255.0,263.0,254.5,261.5,42249.0,TECO2
2022-11-04,261.5,264.7,258.55,259.7,48680.0,TECO2
2022-11-07,259.75,265.2,251.0,254.25,33672.0,TECO2
2022-11-08,256.0,263.5,249.0,254.75,48516.0,TECO2
2022-11-09,250.0,254.0,245.0,246.5,116565.0,TECO2
2022-11-10,252.0,255.0,241.25,251.45,42827.0,TECO2
2022-11-11,250.0,253.0,244.0,246.75,120827.0,TECO2
2022-11-14,247.0,254.0,240.0,251.65,130690.0,TECO2
2022-11-15,253.0,263.95,251.0,257.45,92657.0,TECO2
2022-11-16,258.0,267.5,258.0,264.55,366393.0,TECO2
2022-11-17,265.5,270.0,263.0,263.15,189185.0,TECO2
2022-11-18,263.0,272.0,252.0,271.8,169668.0,TECO2
2022-11-22,271.9,282.0,267.8,278.65,359318.0,TECO2
2022-11-23,283.0,290.0,280.0,281.6,442219.0,TECO2
2022-11-24,284.0,289.9,283.0,288.95,133230.0,TECO2
2022-11-25,289.0,294.0,283.0,288.7,877235.0,TECO2
2022-11-28,289.0,293.0,278.0,281.45,581385.0,TECO2
2022-11-29,281.5,293.0,280.0,291.55,350901.0,TECO2
2022-11-30,291.2,296.0,283.0,289.9,203350.0,TECO2
2022-12-01,290.0,297.0,286.5,289.2,387118.0,TECO2
2022-12-02,294.5,311.0,287.0,303.0,638181.0,TECO2
2022-12-05,302.0,312.65,297.2,301.2,183627.0,TECO2
2022-12-06,296.5,310.0,296.5,307.1,126149.0,TECO2
2022-12-07,307.1,320.0,300.5,314.3,269998.0,TECO2
2022-12-12,310.0,314.0,291.5,312.95,115995.0,TECO2
2022-12-13,312.5,323.0,291.5,292.8,253020.0,TECO2
2022-12-14,305.0,308.0,283.9,292.2,264805.0,TECO2
2022-12-15,293.0,296.0,285.5,286.2,203566.0,TECO2
2022-12-16,287.45,295.0,273.0,285.85,171932.0,TECO2
2022-12-19,290.0,293.35,283.0,287.45,120252.0,TECO2
2022-12-20,290.0,293.5,283.0,287.5,9669.0,TECO2
2022-12-21,296.0,312.0,290.0,305.05,268573.0,TECO2
2022-12-22,309.0,318.5,302.5,317.85,121033.0,TECO2
2022-12-23,317.5,336.0,311.0,333.05,190046.0,TECO2
2022-12-26,333.0,350.0,329.0,343.65,79849.0,TECO2
2022-12-27,350.0,360.0,330.0,355.6,78047.0,TECO2
2022-12-28,357.0,374.0,354.0,368.8,270773.0,TECO2
2022-12-29,372.0,375.0,359.0,360.0,134284.0,TECO2
2022-12-30,360.0,378.45,351.0,366.5,211995.0,TECO2
2023-01-02,366.5,385.0,365.0,376.2,56019.0,TECO2
2023-01-03,375.0,384.5,355.05,361.55,162207.0,TECO2
2023-01-04,363.0,373.0,344.5,364.5,105540.0,TECO2
2023-01-05,364.5,378.0,360.0,372.8,153925.0,TECO2
2023-01-06,373.0,382.0,363.35,372.45,153703.0,TECO2
2023-01-09,362.0,379.0,362.0,372.55,129317.0,TECO2
2023-01-10,377.0,379.5,365.0,368.45,68629.0,TECO2
2023-01-11,369.0,398.2,368.45,395.45,147665.0,TECO2
2023-01-12,400.0,418.0,392.5,415.65,119480.0,TECO2
2023-01-13,420.0,433.2,400.05,427.7,208115.0,TECO2
2023-01-16,429.0,449.0,429.0,439.8,184691.0,TECO2
2023-01-17,440.0,474.0,430.0,472.75,291975.0,TECO2
2023-01-18,473.0,490.0,410.0,417.0,350213.0,TECO2
2023-01-19,417.0,420.0,391.0,416.6,257619.0,TECO2
2023-01-20,425.0,446.95,421.0,441.5,176551.0,TECO2
2023-01-23,446.0,462.8,437.0,459.45,135628.0,TECO2
2023-01-24,460.0,471.05,440.1,461.9,255829.0,TECO2
2023-01-25,461.5,500.0,447.0,492.8,121107.0,TECO2
2023-01-26,495.0,509.0,481.0,499.5,138599.0,TECO2
2023-01-27,498.0,498.0,470.0,483.05,84735.0,TECO2
2023-01-30,483.0,489.95,460.0,460.45,89283.0,TECO2
2023-01-31,461.0,480.95,456.95,476.0,142926.0,TECO2
2023-02-01,477.0,479.0,450.45,465.9,110215.0,TECO2
2023-02-02,472.0,475.0,450.25,458.8,54834.0,TECO2
2023-02-03,475.0,475.0,425.5,427.95,159296.0,TECO2
2023-02-06,429.0,439.0,414.95,425.0,49352.0,TECO2
2023-02-07,422.0,437.0,410.0,434.75,118910.0,TECO2
2023-02-08,435.0,457.5,433.0,455.9,154196.0,TECO2
2023-02-09,456.0,470.0,431.0,435.45,98127.0,TECO2
2023-02-10,445.0,445.0,431.0,433.95,50045.0,TECO2
2023-02-13,432.0,454.3,426.0,452.5,45304.0,TECO2
2023-02-14,454.0,459.55,437.5,437.6,120669.0,TECO2
2023-02-15,444.5,450.0,425.0,430.05,93903.0,TECO2
2023-02-16,432.0,449.5,430.0,443.0,72507.0,TECO2
2023-02-17,451.0,451.0,414.0,422.5,161208.0,TECO2
2023-02-22,423.0,425.0,405.0,409.15,111830.0,TECO2
2023-02-23,410.0,420.0,408.0,419.05,51782.0,TECO2
2023-02-24,422.0,422.0,405.3,409.35,57461.0,TECO2
2023-02-27,412.0,420.5,410.0,411.0,60048.0,TECO2
2023-02-28,406.1,418.0,406.1,411.5,63109.0,TECO2
2023-03-01,407.1,417.0,396.65,406.65,144855.0,TECO2
2023-03-02,408.0,408.0,385.05,387.25,102432.0,TECO2
2023-03-03,387.0,393.0,381.0,383.1,123676.0,TECO2
2023-03-06,385.0,393.0,380.0,382.0,92179.0,TECO2
2023-03-07,382.0,387.7,376.6,379.4,156579.0,TECO2
2023-03-08,385.0,392.0,376.0,385.7,287688.0,TECO2
2023-03-09,393.0,399.0,378.0,381.25,82135.0,TECO2
2023-03-10,381.25,384.95,365.1,381.4,130031.0,TECO2
2023-03-13,374.95,389.0,360.0,362.3,130944.0,TECO2
2023-03-14,362.0,380.2,352.05,353.35,218240.0,TECO2
2023-03-15,350.0,350.0,328.85,332.25,213180.0,TECO2
2023-03-16,332.5,355.45,331.95,352.45,115105.0,TECO2
2023-03-17,352.0,352.45,340.6,344.35,125613.0,TECO2
2023-03-20,345.5,354.25,337.0,342.55,115334.0,TECO2
2023-03-21,345.0,358.0,345.0,351.5,191216.0,TECO2
2023-03-22,345.25,357.95,340.0,348.35,83801.0,TECO2
2023-03-23,346.0,354.95,332.0,333.9,120886.0,TECO2
2023-03-27,340.0,358.0,340.0,357.05,85553.0,TECO2
2023-03-28,360.0,389.9,358.55,388.55,399013.0,TECO2
2023-03-29,399.5,409.0,395.05,400.45,163115.0,TECO2
2023-03-30,399.65,410.0,392.1,404.05,67661.0,TECO2
2023-03-31,404.0,416.0,396.9,406.4,119447.0,TECO2
2023-04-03,410.25,417.7,406.0,412.7,39383.0,TECO2
2023-04-04,412.5,421.75,397.6,400.85,72497.0,TECO2
2023-04-05,401.5,418.0,392.0,416.4,60086.0,TECO2
2023-04-10,425.0,433.0,418.8,432.45,195872.0,TECO2
2023-04-11,433.0,441.0,429.25,436.85,63795.0,TECO2
2023-04-12,444.0,447.0,434.7,444.3,93175.0,TECO2
2023-04-13,447.0,464.0,441.4,441.95,169252.0,TECO2
2023-04-14,445.0,462.5,442.0,459.75,69071.0,TECO2
2023-04-17,468.05,470.5,453.85,463.8,81474.0,TECO2
2023-04-18,478.0,478.0,463.1,463.9,81739.0,TECO2
2023-04-19,459.95,459.95,430.0,436.9,205120.0,TECO2
2023-04-20,432.0,449.1,425.0,444.2,59595.0,TECO2
2023-04-21,449.0,460.0,440.0,455.5,72752.0,TECO2
2023-04-24,451.0,465.0,441.85,461.1,76752.0,TECO2
2023-04-25,470.0,472.0,456.85,467.9,183658.0,TECO2
2023-04-26,462.0,487.0,442.85,485.25,78801.0,TECO2
2023-04-27,488.0,489.0,461.2,467.85,50150.0,TECO2
2023-04-28,460.9,479.95,453.2,470.3,80980.0,TECO2
2023-05-02,472.0,472.0,449.0,457.5,70495.0,TECO2
2023-05-03,457.0,470.0,452.35,460.9,130684.0,TECO2
2023-05-04,454.5,477.5,442.85,451.4,87199.0,TECO2
2023-05-05,440.0,474.55,440.0,464.6,63046.0,TECO2
2023-05-08,464.0,476.95,457.65,470.2,78020.0,TECO2
2023-05-09,470.0,473.0,459.0,469.85,29006.0,TECO2
2023-05-10,475.0,490.0,464.0,485.7,58045.0,TECO2
2023-05-11,494.8,494.8,470.0,477.45,52652.0,TECO2
2023-05-12,475.0,489.5,470.0,480.4,82831.0,TECO2
2023-05-15,490.8,490.8,450.0,479.15,63006.0,TECO2
2023-05-16,484.4,487.0,465.0,466.75,69499.0,TECO2
2023-05-17,466.0,485.0,466.0,478.75,58256.0,TECO2
2023-05-18,481.0,481.0,467.0,477.55,42787.0,TECO2
2023-05-19,479.35,490.0,472.0,479.8,120832.0,TECO2
2023-05-22,480.5,489.0,461.0,467.05,190490.0,TECO2
2023-05-23,475.9,481.0,468.0,475.1,139182.0,TECO2
2023-05-24,478.0,480.0,470.0,472.7,145847.0,TECO2
2023-05-29,473.0,481.9,470.0,479.9,33263.0,TECO2
2023-05-30,482.1,491.0,480.0,490.55,63582.0,TECO2
2023-05-31,491.0,499.0,474.0,475.85,139553.0,TECO2
2023-06-01,482.0,528.0,475.05,506.65,148043.0,TECO2
2023-06-02,510.0,518.1,491.0,513.0,83367.0,TECO2
2023-06-05,508.0,547.95,505.0,545.05,139338.0,TECO2
2023-06-06,560.5,601.0,560.5,592.2,320823.0,TECO2
2023-06-07,600.0,600.0,568.5,588.0,163958.0,TECO2
2023-06-08,575.5,628.0,575.5,581.9,154663.0,TECO2
2023-06-09,581.9,581.9,564.0,572.5,133753.0,TECO2
2023-06-12,564.0,594.0,555.5,593.2,86696.0,TECO2
2023-06-13,593.5,599.8,565.0,567.6,235264.0,TECO2
2023-06-14,570.0,584.9,569.0,576.25,72246.0,TECO2
2023-06-15,580.0,616.9,580.0,611.5,177284.0,TECO2
2023-06-16,615.0,629.0,596.0,618.95,209532.0,TECO2
2023-06-21,620.5,691.0,620.5,687.45,270509.0,TECO2
2023-06-22,688.0,700.0,649.7,661.05,191007.0,TECO2
2023-06-23,668.8,692.0,650.0,659.6,217626.0,TECO2
2023-06-26,685.5,700.0,615.0,646.25,389337.0,TECO2
2023-06-27,651.0,660.0,610.0,629.45,213595.0,TECO2
2023-06-28,625.0,654.0,620.0,629.7,90030.0,TECO2
2023-06-29,637.0,649.0,621.0,634.85,59572.0,TECO2
2023-06-30,627.0,635.0,612.0,627.15,199449.0,TECO2
2023-07-03,639.0,648.0,609.0,636.0,139885.0,TECO2
2023-07-04,636.0,652.0,620.0,621.6,125872.0,TECO2
2023-07-05,630.0,636.0,605.0,635.15,252766.0,TECO2
2023-07-06,624.0,636.0,616.0,624.8,90147.0,TECO2
2023-07-07,622.5,669.35,615.0,658.0,386171.0,TECO2
2023-07-10,661.2,672.5,644.5,647.4,192643.0,TECO2
2023-07-11,647.55,665.0,643.15,652.25,254684.0,TECO2
2023-07-12,659.5,674.55,659.5,664.25,211867.0,TECO2
2023-07-13,670.0,684.5,665.7,672.65,266307.0,TECO2
2023-07-14,674.0,675.0,647.0,651.85,202690.0,TECO2
2023-07-17,655.0,675.0,645.0,650.85,305530.0,TECO2
2023-07-18,652.0,657.0,635.3,636.35,125735.0,TECO2
2023-07-19,645.0,645.0,617.5,626.6,197325.0,TECO2
2023-07-20,638.0,638.0,621.05,625.3,225147.0,TECO2
2023-07-21,634.2,644.25,623.0,641.25,297092.0,TECO2
2023-07-24,649.0,659.95,623.0,643.6,212438.0,TECO2
2023-07-25,647.0,672.0,647.0,667.95,270204.0,TECO2
2023-07-26,667.95,689.5,657.0,687.9,180045.0,TECO2
2023-07-27,687.0,692.0,670.0,673.45,232893.0,TECO2
2023-07-28,671.5,699.0,660.5,696.05,170065.0,TECO2
2023-07-31,695.0,700.0,683.0,684.05,186448.0,TECO2
2023-08-01,684.0,700.0,664.1,674.6,277893.0,TECO2
2023-08-02,672.9,680.0,655.25,669.8,136743.0,TECO2
2023-08-03,674.0,674.0,661.0,668.25,85104.0,TECO2
2023-08-04,668.25,683.0,668.25,677.95,270794.0,TECO2
2023-08-07,671.95,685.0,650.0,670.9,314113.0,TECO2
2023-08-08,673.0,706.0,673.0,700.05,382455.0,TECO2
2023-08-09,700.05,700.05,674.0,675.7,219852.0,TECO2
2023-08-10,673.0,694.0,666.9,675.15,168383.0,TECO2
2023-08-11,680.0,697.0,657.0,662.0,375216.0,TECO2
2023-08-14,650.0,732.0,637.3,680.85,410107.0,TECO2
2023-08-15,680.0,742.0,680.0,712.85,707892.0,TECO2
2023-08-16,714.95,785.0,714.95,774.55,376809.0,TECO2
2023-08-17,774.55,833.0,774.55,827.7,73108.0,TECO2
2023-08-18,827.0,840.0,794.5,835.05,187352.0,TECO2
2023-08-22,833.0,833.0,807.0,822.5,89859.0,TECO2
2023-08-23,820.0,849.25,802.0,843.95,73452.0,TECO2
2023-08-24,843.95,862.65,820.0,860.0,113441.0,TECO2
2023-08-25,860.0,866.4,833.85,864.6,75494.0,TECO2
2023-08-28,868.0,935.0,848.0,931.8,143686.0,TECO2
2023-08-29,935.05,979.0,935.05,959.8,218682.0,TECO2
2023-08-30,968.0,988.0,920.0,928.3,91411.0,TECO2
2023-08-31,927.0,950.0,879.55,906.25,120942.0,TECO2
2023-09-01,930.55,930.55,870.05,884.5,75472.0,TECO2
2023-09-04,884.5,914.95,875.0,878.5,71684.0,TECO2
2023-09-05,877.35,877.35,825.5,836.1,90653.0,TECO2
2023-09-06,841.0,841.0,807.0,810.0,75904.0,TECO2
2023-09-07,802.0,817.6,775.0,777.1,107414.0,TECO2
2023-09-08,780.0,825.55,768.0,772.55,241968.0,TECO2
2023-09-12,773.0,798.0,751.95,779.65,83697.0,TECO2
2023-09-13,797.4,797.4,765.0,779.55,171410.0,TECO2
2023-09-14,776.0,802.95,770.0,795.6,155231.0,TECO2
2023-09-15,796.0,812.95,761.0,769.25,146183.0,TECO2
2023-09-18,769.5,799.0,761.5,786.95,150342.0,TECO2
2023-09-19,787.0,798.0,769.1,796.75,83369.0,TECO2
2023-09-20,796.0,812.0,779.3,796.15,121366.0,TECO2
2023-09-21,797.0,800.0,779.1,785.95,106809.0,TECO2
2023-09-22,786.0,800.0,781.7,786.6,70116.0,TECO2
2023-09-25,786.0,795.0,770.0,785.25,108100.0,TECO2
2023-09-26,780.0,788.0,757.8,762.25,105907.0,TECO2
2023-09-27,765.0,799.3,763.0,779.85,112922.0,TECO2
2023-09-28,779.85,823.9,779.55,815.9,133891.0,TECO2
2023-09-29,848.0,848.0,770.0,781.8,71512.0,TECO2
2023-10-02,800.0,800.0,771.0,773.3,155284.0,TECO2
2023-10-03,788.0,805.0,763.95,777.1,135689.0,TECO2
2023-10-04,777.1,838.9,774.5,836.5,189844.0,TECO2
2023-10-05,816.0,920.0,815.0,900.95,176335.0,TECO2
2023-10-06,900.0,905.0,870.1,894.05,152887.0,TECO2
2023-10-09,881.0,903.0,870.0,875.45,207002.0,TECO2
2023-10-10,884.0,982.4,884.0,940.5,179947.0,TECO2
2023-10-11,939.0,989.0,900.0,974.85,98634.0,TECO2
2023-10-12,989.0,1020.7,952.0,1001.0,177935.0,TECO2
2023-10-17,1000.0,1120.75,1000.0,1104.05,261223.0,TECO2
2023-10-18,1104.05,1200.0,1094.0,1183.6,309180.0,TECO2
2023-10-19,1200.0,1200.0,1089.05,1147.25,235255.0,TECO2
2023-10-20,1190.0,1240.0,1112.4,1200.65,128189.0,TECO2
2023-10-23,1161.85,1161.85,980.0,1143.15,508525.0,TECO2
2023-10-24,1143.0,1185.0,950.0,1013.5,84647.0,TECO2
2023-10-25,1040.0,1188.0,951.0,1101.4,55628.0,TECO2
2023-10-26,1105.05,1105.05,1002.0,1043.65,66542.0,TECO2
2023-10-27,1050.0,1054.0,970.0,999.95,45428.0,TECO2
2023-10-30,986.0,1013.75,900.0,914.55,42862.0,TECO2
2023-10-31,900.0,914.0,857.0,860.2,164687.0,TECO2
2023-11-01,870.0,938.5,860.2,936.95,38792.0,TECO2
2023-11-02,942.5,990.85,940.0,979.0,98749.0,TECO2
2023-11-03,985.0,1019.0,943.0,963.5,24120.0,TECO2
2023-11-07,960.0,960.0,897.0,921.35,21501.0,TECO2
2023-11-08,900.5,930.0,858.75,863.6,38229.0,TECO2
2023-11-09,885.0,935.75,850.0,923.2,59473.0,TECO2
2023-11-10,920.0,990.0,904.0,977.2,37462.0,TECO2
2023-11-13,991.0,998.0,930.0,932.65,32659.0,TECO2
2023-11-14,933.0,968.95,915.0,929.15,35960.0,TECO2
2023-11-15,929.95,950.0,905.0,927.0,68655.0,TECO2
2023-11-16,927.0,942.0,888.5,904.15,57961.0,TECO2
2023-11-17,928.0,948.8,860.0,941.25,159450.0,TECO2
2023-11-21,1150.0,1350.0,1150.0,1340.65,712697.0,TECO2
2023-11-22,1350.0,1580.0,1341.5,1472.55,332101.0,TECO2
2023-11-23,1472.55,1681.0,1450.0,1637.95,294604.0,TECO2
2023-11-24,1650.0,1650.0,1517.9,1568.0,566567.0,TECO2
2023-11-27,1545.0,1630.0,1511.65,1577.6,445629.0,TECO2
2023-11-28,1600.0,1619.95,1340.0,1371.4,358677.0,TECO2
2023-11-29,1320.0,1432.95,1320.0,1421.7,138742.0,TECO2
2023-11-30,1450.0,1516.8,1389.6,1499.85,151172.0,TECO2
2023-12-01,1520.0,1575.0,1451.0,1557.1,120689.0,TECO2
2023-12-04,1562.0,1610.0,1458.2,1536.5,91895.0,TECO2
2023-12-05,1538.0,1615.0,1483.0,1596.4,269211.0,TECO2
2023-12-06,1605.0,1662.2,1510.0,1596.05,134510.0,TECO2
2023-12-07,1650.0,1650.0,1550.0,1630.6,375413.0,TECO2
2023-12-11,1680.0,1704.0,1554.15,1698.05,270944.0,TECO2
2023-12-12,1700.0,1770.0,1601.0,1752.45,233521.0,TECO2
2023-12-13,1795.0,1845.0,1620.0,1683.9,135745.0,TECO2
2023-12-14,1690.0,1699.0,1575.0,1582.2,210310.0,TECO2
2023-12-15,1585.0,1605.0,1500.0,1520.1,134854.0,TECO2
2023-12-18,1480.0,1580.0,1450.0,1528.4,127481.0,TECO2
2023-12-19,1528.4,1589.5,1495.0,1520.8,126900.0,TECO2
2023-12-20,1525.0,1580.0,1480.05,1555.45,105155.0,TECO2
2023-12-21,1520.0,1590.0,1477.8,1551.9,156915.0,TECO2
2023-12-22,1551.9,1584.0,1477.25,1496.7,75218.0,TECO2
2023-12-26,1520.0,1537.0,1422.0,1432.85,201058.0,TECO2
2023-12-27,1445.0,1461.0,1299.35,1327.55,154861.0,TECO2
2023-12-28,1340.0,1419.05,1305.0,1338.2,386755.0,TECO2
2023-12-29,1369.0,1405.0,1335.0,1383.0,325184.0,TECO2
2024-01-02,1388.0,1415.0,1362.0,1411.9,86775.0,TECO2
2024-01-03,1411.9,1450.0,1380.0,1444.25,153673.0,TECO2
2024-01-04,1446.0,1527.0,1446.0,1521.8,261346.0,TECO2
2024-01-05,1522.0,1675.0,1488.0,1647.45,200517.0,TECO2
2024-01-08,1680.0,1711.0,1600.0,1703.2,249074.0,TECO2
2024-01-09,1714.0,1750.0,1600.0,1605.9,183240.0,TECO2
2024-01-10,1648.0,1648.0,1530.0,1579.6,52508.0,TECO2
2024-01-11,1600.0,1645.0,1490.0,1546.5,341681.0,TECO2
2024-01-12,1546.5,1554.0,1500.0,1519.15,88026.0,TECO2
2024-01-15,1500.0,1550.0,1500.0,1548.85,38027.0,TECO2
2024-01-16,1551.0,1638.0,1520.0,1627.05,143945.0,TECO2
2024-01-17,1627.05,1732.0,1627.05,1723.85,100983.0,TECO2
2024-01-18,1725.0,1786.0,1724.0,1735.35,80518.0,TECO2
2024-01-19,1753.0,1959.0,1740.0,1932.7,211707.0,TECO2
2024-01-22,1950.0,2106.25,1950.0,2064.35,159972.0,TECO2
2024-01-23,2075.0,2182.0,1880.0,1971.9,299818.0,TECO2
2024-01-24,1970.0,1993.0,1930.0,1970.5,87581.0,TECO2
2024-01-25,1970.0,2099.0,1930.0,2054.25,209945.0,TECO2
2024-01-26,2064.0,2135.5,1930.0,1974.85,124965.0,TECO2
2024-01-29,1974.5,2030.0,1930.0,1984.95,112784.0,TECO2
2024-01-30,2040.0,2055.5,1908.2,2037.55,169837.0,TECO2
2024-01-31,2020.0,2040.0,1950.5,1963.3,82975.0,TECO2
2024-02-01,1964.0,2040.0,1963.0,2039.55,111154.0,TECO2
2024-02-02,2040.0,2085.0,2000.0,2073.15,67574.0,TECO2
2024-02-05,2083.0,2153.8,1907.1,1959.2,125564.0,TECO2
2024-02-06,1970.0,2000.0,1892.1,1941.25,84350.0,TECO2
2024-02-07,1870.0,1935.0,1793.75,1813.3,140924.0,TECO2
2024-02-08,1815.0,1839.0,1714.8,1732.75,93139.0,TECO2
2024-02-09,1733.2,1820.0,1725.5,1799.25,292286.0,TECO2
2024-02-14,1750.0,1835.0,1741.0,1795.5,87654.0,TECO2
2024-02-15,1795.0,1849.0,1745.0,1805.15,53561.0,TECO2
2024-02-16,1806.0,1848.0,1699.8,1732.9,45442.0,TECO2
2024-02-19,1740.0,1818.0,1680.0,1726.35,48622.0,TECO2
2024-02-20,1726.0,1808.0,1685.0,1719.1,74455.0,TECO2
2024-02-21,1711.0,1739.0,1660.0,1688.1,46924.0,TECO2
2024-02-22,1670.0,1810.0,1670.0,1740.95,81167.0,TECO2
2024-02-23,1750.0,1830.0,1642.25,1818.95,220862.0,TECO2
2024-02-26,1830.0,1859.0,1689.0,1706.25,198480.0,TECO2
2024-02-27,1709.0,1738.0,1597.25,1614.4,86155.0,TECO2
2024-02-28,1615.0,1641.5,1530.55,1533.95,152897.0,TECO2
2024-02-29,1535.0,1630.0,1490.0,1564.45,83306.0,TECO2
2024-03-01,1535.0,1635.0,1535.0,1587.25,64626.0,TECO2
2024-03-04,1601.0,1688.0,1527.0,1565.6,222668.0,TECO2
2024-03-05,1560.0,1565.0,1462.3,1468.25,168399.0,TECO2
2024-03-06,1413.0,1534.0,1394.55,1428.7,89931.0,TECO2
2024-03-07,1439.0,1459.9,1320.85,1338.25,174583.0,TECO2
2024-03-08,1310.0,1470.6,1310.0,1446.4,259448.0,TECO2
2024-03-11,1456.3,1456.3,1315.6,1333.8,147092.0,TECO2
2024-03-12,1350.0,1464.0,1322.0,1457.6,234342.0,TECO2
2024-03-13,1471.2,1542.8,1445.0,1465.95,135988.0,TECO2
2024-03-14,1469.15,1533.8,1437.0,1496.2,95229.0,TECO2
2024-03-15,1450.0,1659.05,1450.0,1647.25,512410.0,TECO2
2024-03-18,1655.0,1694.95,1580.0,1670.55,116473.0,TECO2
2024-03-19,1683.95,1720.0,1635.55,1661.35,93756.0,TECO2
2024-03-20,1680.0,1770.0,1620.0,1756.4,107675.0,TECO2
2024-03-21,1800.0,1828.45,1715.75,1743.55,140025.0,TECO2
2024-03-22,1775.95,1775.95,1717.25,1727.3,117075.0,TECO2
2024-03-25,1739.9,1751.4,1663.85,1671.3,166902.0,TECO2
2024-03-26,1730.0,1730.0,1668.05,1685.15,59328.0,TECO2
2024-03-27,1700.0,1718.0,1625.0,1665.95,45540.0,TECO2
2024-04-03,1660.0,1718.3,1642.0,1706.75,92197.0,TECO2
2024-04-04,1730.0,1773.95,1668.45,1702.45,112362.0,TECO2
2024-04-05,1705.0,1717.35,1662.0,1664.35,163118.0,TECO2
2024-04-08,1700.0,1731.1,1650.0,1677.5,72663.0,TECO2
2024-04-09,1715.0,1750.0,1623.0,1684.95,172026.0,TECO2
2024-04-10,1692.3,1694.75,1648.45,1657.7,145663.0,TECO2
2024-04-11,1660.0,1672.0,1605.0,1640.75,123019.0,TECO2
2024-04-12,1638.5,1638.5,1561.0,1573.7,125348.0,TECO2
2024-04-15,1530.0,1594.0,1489.25,1500.0,232555.0,TECO2
2024-04-16,1500.0,1586.85,1449.5,1543.5,98957.0,TECO2
2024-04-17,1545.0,1555.2,1469.7,1498.7,61273.0,TECO2
2024-04-18,1495.0,1527.4,1455.85,1489.1,49230.0,TECO2
2024-04-19,1492.0,1532.0,1480.55,1522.2,76749.0,TECO2
2024-04-22,1514.35,1642.3,1514.35,1636.4,191124.0,TECO2
2024-04-23,1642.0,1679.0,1613.9,1629.2,113782.0,TECO2
2024-04-24,1625.0,1647.5,1575.5,1601.15,56758.0,TECO2
2024-04-25,1601.0,1640.0,1587.95,1639.0,35411.0,TECO2
2024-04-26,1620.55,1733.35,1620.55,1729.35,128496.0,TECO2
2024-04-29,1730.0,1745.0,1709.0,1721.5,127972.0,TECO2
2024-04-30,1722.0,1763.95,1677.3,1682.9,250906.0,TECO2
2024-05-02,1684.0,1790.05,1684.0,1769.35,140881.0,TECO2
2024-05-03,1763.2,1920.0,1763.2,1900.2,279081.0,TECO2
2024-05-06,1914.35,1989.9,1914.35,1959.05,254974.0,TECO2
2024-05-07,2001.0,2050.0,1982.0,2042.3,836484.0,TECO2
2024-05-08,2040.0,2133.7,2020.05,2072.2,432911.0,TECO2
2024-05-09,2075.0,2075.0,1991.0,2018.75,109051.0,TECO2
2024-05-10,2025.0,2094.7,1997.25,2041.95,137956.0,TECO2
2024-05-13,2048.7,2048.7,1920.0,1941.0,80578.0,TECO2
2024-05-14,1950.0,2047.7,1921.15,2043.85,336331.0,TECO2
2024-05-15,2045.0,2103.85,2021.0,2073.45,262027.0,TECO2
2024-05-16,2099.0,2099.0,1986.0,2015.9,169743.0,TECO2
2024-05-17,2020.0,2030.0,1970.5,1985.95,63339.0,TECO2
2024-05-20,1973.0,2079.65,1949.85,2069.1,356761.0,TECO2
2024-05-21,2089.0,2195.25,2056.9,2191.65,240431.0,TECO2
2024-05-22,2200.0,2213.55,2125.0,2159.25,90202.0,TECO2
2024-05-23,2165.0,2192.0,2055.55,2060.65,197714.0,TECO2
2024-05-24,2096.15,2178.8,2003.0,2041.05,150867.0,TECO2
2024-05-27,2042.0,2140.0,2010.05,2106.85,56573.0,TECO2
2024-05-28,2100.0,2123.55,2017.0,2054.6,135678.0,TECO2
2024-05-29,2075.0,2077.1,2020.0,2071.55,140032.0,TECO2
2024-05-30,2081.0,2180.0,2081.0,2169.05,264919.0,TECO2
2024-05-31,2185.0,2265.0,2101.0,2171.55,217329.0,TECO2
2024-06-03,2169.0,2200.0,2116.0,2150.0,122115.0,TECO2
2024-06-04,2090.0,2138.9,2055.0,2060.8,134234.0,TECO2
2024-06-05,2060.0,2093.4,2016.2,2025.6,98892.0,TECO2
2024-06-06,2008.0,2048.0,1930.5,1945.6,117712.0,TECO2
2024-06-07,1984.0,1984.95,1885.05,1900.0,113867.0,TECO2
2024-06-10,1890.0,1935.0,1866.0,1932.65,310509.0,TECO2
2024-06-11,1926.0,1926.0,1861.0,1874.65,176906.0,TECO2
2024-06-12,1930.5,1930.5,1853.55,1868.55,224348.0,TECO2
2024-06-13,1941.0,1980.0,1834.5,1897.9,319679.0,TECO2
2024-06-14,1898.0,1941.0,1871.5,1902.8,151038.0,TECO2
2024-06-18,1903.0,1930.0,1851.15,1873.6,77564.0,TECO2
2024-06-19,1873.6,1900.0,1841.0,1894.4,37662.0,TECO2
2024-06-24,1848.0,1875.0,1801.0,1858.2,65434.0,TECO2
2024-06-25,1870.0,1915.0,1857.0,1880.15,109439.0,TECO2
2024-06-26,1890.0,1903.9,1818.0,1833.1,747022.0,TECO2
2024-06-27,1850.0,2015.0,1850.0,2009.25,480211.0,TECO2
2024-06-28,2019.5,2020.0,1950.0,1960.65,206816.0,TECO2
2024-07-01,1990.0,2000.0,1915.0,1939.95,101473.0,TECO2
2024-07-02,1950.0,2005.0,1950.0,1993.95,157432.0,TECO2
2024-07-03,1982.0,2010.0,1940.05,1958.15,61650.0,TECO2
2024-07-04,1953.0,2004.5,1940.0,1984.3,39715.0,TECO2
2024-07-05,2008.0,2008.0,1925.0,1932.2,137417.0,TECO2
2024-07-08,1950.0,1954.95,1901.5,1945.75,118737.0,TECO2
2024-07-10,1985.0,2050.0,1980.0,2020.0,177606.0,TECO2
2024-07-11,2050.0,2070.0,2020.0,2070.0,210853.0,TECO2
2024-07-12,2065.0,2100.0,2040.0,2065.0,152179.0,TECO2
2024-07-15,2050.0,2050.0,1770.0,1775.0,534950.0,TECO2
2024-07-16,1845.0,1845.0,1675.0,1760.0,194747.0,TECO2
2024-07-17,1775.0,1800.0,1745.0,1755.0,235961.0,TECO2
2024-07-18,1755.0,1780.0,1715.0,1730.0,158444.0,TECO2
2024-07-19,1730.0,1780.0,1730.0,1770.0,158007.0,TECO2
2024-07-22,1780.0,1800.0,1760.0,1765.0,40548.0,TECO2
2024-07-23,1790.0,1820.0,1775.0,1795.0,158403.0,TECO2
2024-07-24,1785.0,1810.0,1740.0,1740.0,107599.0,TECO2
2024-07-25,1740.0,1770.0,1680.0,1690.0,127432.0,TECO2
2024-07-26,1730.0,1730.0,1665.0,1685.0,144339.0,TECO2
2024-07-29,1695.0,1700.0,1605.0,1610.0,120188.0,TECO2
2024-07-30,1630.0,1645.0,1550.0,1560.0,124159.0,TECO2
2024-07-31,1575.0,1675.0,1575.0,1655.0,129976.0,TECO2
2024-08-01,1630.0,1665.0,1605.0,1625.0,114461.0,TECO2
2024-08-02,1605.0,1610.0,1565.0,1585.0,59141.0,TECO2
2024-08-05,1535.0,1595.0,1500.0,1580.0,132162.0,TECO2
2024-08-06,1605.0,1645.0,1595.0,1640.0,98357.0,TECO2
2024-08-07,1665.0,1695.0,1650.0,1680.0,148676.0,TECO2
2024-08-08,1710.0,1795.0,1710.0,1780.0,172161.0,TECO2
2024-08-09,1780.0,1850.0,1760.0,1825.0,278038.0,TECO2
2024-08-12,1800.0,1860.0,1800.0,1810.0,161310.0,TECO2
2024-08-13,1810.0,1845.0,1770.0,1795.0,114834.0,TECO2
2024-08-14,1800.0,1850.0,1760.0,1800.0,198316.0,TECO2
2024-08-15,1760.0,1870.0,1760.0,1845.0,92433.0,TECO2
2024-08-16,1845.0,1870.0,1825.0,1855.0,89891.0,TECO2
2024-08-19,1860.0,2015.0,1835.0,1995.0,821299.0,TECO2
2024-08-20,2000.0,2010.0,1905.0,1955.0,106969.0,TECO2
2024-08-21,1955.0,1970.0,1890.0,1895.0,71114.0,TECO2
2024-08-22,1890.0,1890.0,1775.0,1795.0,163159.0,TECO2
2024-08-23,1800.0,1850.0,1795.0,1825.0,85140.0,TECO2
2024-08-26,1825.0,1870.0,1780.0,1800.0,81345.0,TECO2
2024-08-27,1795.0,1830.0,1775.0,1790.0,64920.0,TECO2
2024-08-28,1800.0,1800.0,1755.0,1770.0,289867.0,TECO2
2024-08-29,1780.0,1810.0,1760.0,1790.0,314606.0,TECO2
2024-08-30,1860.0,1900.0,1795.0,1810.0,419585.0,TECO2
2024-09-02,1765.0,1840.0,1765.0,1820.0,183673.0,TECO2
2024-09-03,1820.0,1845.0,1790.0,1815.0,170694.0,TECO2
2024-09-04,1820.0,1965.0,1815.0,1945.0,371709.0,TECO2
2024-09-05,1970.0,2020.0,1940.0,1985.0,376139.0,TECO2
2024-09-06,1985.0,2000.0,1860.0,1920.0,359156.0,TECO2
2024-09-09,1920.0,1985.0,1895.0,1955.0,163307.0,TECO2
2024-09-10,1900.0,1965.0,1855.0,1930.0,63507.0,TECO2
2024-09-11,1930.0,2050.0,1930.0,2005.0,242590.0,TECO2
2024-09-12,2000.0,2040.0,1975.0,2020.0,215782.0,TECO2
2024-09-13,2025.0,2040.0,1995.0,2015.0,107767.0,TECO2
2024-09-16,2040.0,2110.0,2020.0,2070.0,304178.0,TECO2
2024-09-17,2075.0,2080.0,2020.0,2030.0,105767.0,TECO2
2024-09-18,2085.0,2085.0,1910.0,1980.0,783089.0,TECO2
2024-09-19,1995.0,2095.0,1995.0,2090.0,370587.0,TECO2
2024-09-20,2080.0,2095.0,2035.0,2070.0,130236.0,TECO2
2024-09-23,2070.0,2110.0,1990.0,2025.0,115800.0,TECO2
2024-09-24,2045.0,2090.0,1990.0,1995.0,191386.0,TECO2
2024-09-25,1995.0,2035.0,1945.0,1970.0,161915.0,TECO2
2024-09-26,1945.0,1995.0,1905.0,1910.0,90566.0,TECO2
2024-09-27,1920.0,1965.0,1885.0,1905.0,154231.0,TECO2
2024-09-30,1900.0,1900.0,1825.0,1845.0,177414.0,TECO2
2024-10-01,1900.0,1970.0,1820.0,1965.0,236847.0,TECO2
2024-10-02,1980.0,1980.0,1880.0,1935.0,169510.0,TECO2
2024-10-03,1935.0,1970.0,1880.0,1945.0,65355.0,TECO2
2024-10-04,1945.0,1990.0,1920.0,1955.0,53022.0,TECO2
2024-10-07,1955.0,1955.0,1840.0,1870.0,167618.0,TECO2
2024-10-08,1875.0,1900.0,1835.0,1890.0,84411.0,TECO2
2024-10-09,1900.0,1935.0,1845.0,1905.0,119457.0,TECO2
2024-10-10,1905.0,1920.0,1840.0,1885.0,217483.0,TECO2
2024-10-14,1890.0,1890.0,1800.0,1855.0,238065.0,TECO2
2024-10-15,1850.0,1940.0,1820.0,1920.0,419360.0,TECO2
2024-10-16,1940.0,2065.0,1930.0,2030.0,649074.0,TECO2
2024-10-17,1940.0,2070.0,1940.0,2055.0,268377.0,TECO2
2024-10-18,2065.0,2085.0,1955.0,2020.0,352513.0,TECO2
2024-10-21,2020.0,2035.0,1940.0,1995.0,133185.0,TECO2
2024-10-22,1940.0,2005.0,1895.0,1935.0,166196.0,TECO2
2024-10-23,1935.0,1935.0,1840.0,1850.0,222955.0,TECO2
2024-10-24,1850.0,1935.0,1850.0,1930.0,193176.0,TECO2
2024-10-25,1930.0,2045.0,1915.0,2015.0,205971.0,TECO2
2024-10-28,2015.0,2070.0,1980.0,2020.0,148140.0,TECO2
2024-10-29,2040.0,2120.0,1990.0,2000.0,319925.0,TECO2
2024-10-30,2010.0,2130.0,1975.0,2085.0,243260.0,TECO2
2024-10-31,2085.0,2160.0,2065.0,2150.0,244167.0,TECO2
2024-11-01,2195.0,2265.0,2140.0,2195.0,266385.0,TECO2
2024-11-04,2220.0,2290.0,2100.0,2245.0,150301.0,TECO2
2024-11-05,2200.0,2380.0,2180.0,2375.0,515682.0,TECO2
2024-11-06,2370.0,2650.0,2370.0,2610.0,744585.0,TECO2
2024-11-07,2610.0,2810.0,2565.0,2790.0,538660.0,TECO2
2024-11-08,2870.0,2870.0,2530.0,2670.0,472914.0,TECO2
2024-11-11,2660.0,2720.0,2520.0,2605.0,250074.0,TECO2
2024-11-12,2570.0,2570.0,2455.0,2515.0,337426.0,TECO2
2024-11-13,2510.0,2670.0,2455.0,2655.0,299589.0,TECO2
2024-11-14,2690.0,3000.0,2670.0,2955.0,672592.0,TECO2
2024-11-15,3000.0,3065.0,2810.0,2895.0,340463.0,TECO2
2024-11-19,3050.0,3085.0,2855.0,2880.0,240022.0,TECO2
2024-11-20,2900.0,2955.0,2700.0,2925.0,193023.0,TECO2
2024-11-21,2920.0,2950.0,2815.0,2830.0,180111.0,TECO2
2024-11-22,2850.0,3000.0,2800.0,2980.0,189624.0,TECO2
2024-11-25,3050.0,3200.0,2885.0,2910.0,218378.0,TECO2
2024-11-26,2900.0,2990.0,2860.0,2955.0,206700.0,TECO2
2024-11-27,3010.0,3010.0,2825.0,2940.0,179668.0,TECO2
2024-11-28,2875.0,3040.0,2845.0,2990.0,83433.0,TECO2
2024-11-29,2985.0,3075.0,2900.0,3045.0,324096.0,TECO2
2024-12-02,3105.0,3110.0,2930.0,3010.0,332560.0,TECO2
2024-12-03,3050.0,3175.0,2925.0,3070.0,768474.0,TECO2
2024-12-04,3075.0,3100.0,2860.0,2935.0,386288.0,TECO2
2024-12-05,2900.0,3010.0,2840.0,2980.0,229423.0,TECO2
2024-12-06,3020.0,3075.0,2870.0,2930.0,242240.0,TECO2
2024-12-09,2935.0,3150.0,2860.0,3010.0,306864.0,TECO2
2024-12-10,3020.0,3050.0,2820.0,2885.0,166600.0,TECO2
2024-12-11,2890.0,3020.0,2860.0,2995.0,159478.0,TECO2
2024-12-12,2925.0,3085.0,2925.0,2980.0,320899.0,TECO2
2024-12-13,2980.0,3095.0,2910.0,2970.0,499960.0,TECO2
2024-12-16,2990.0,3230.0,2990.0,3175.0,355367.0,TECO2
2024-12-17,3290.0,3325.0,3040.0,3080.0,806411.0,TECO2
2024-12-18,3185.0,3185.0,2900.0,2925.0,402054.0,TECO2
2024-12-19,2930.0,3100.0,2730.0,2760.0,504140.0,TECO2
2024-12-20,2730.0,2820.0,2670.0,2810.0,297660.0,TECO2
2024-12-23,2820.0,2875.0,2740.0,2855.0,120145.0,TECO2
2024-12-24,2895.0,2920.0,2710.0,2860.0,195903.0,TECO2
2024-12-26,2850.0,3095.0,2835.0,3070.0,680279.0,TECO2
2024-12-27,3110.0,3190.0,2985.0,3135.0,277939.0,TECO2
2024-12-30,3155.0,3250.0,2985.0,3070.0,319028.0,TECO2
2025-01-02,3100.0,3265.0,3030.0,3170.0,627176.0,TECO2
2025-01-03,3230.0,3410.0,3100.0,3385.0,414489.0,TECO2
2025-01-06,3425.0,3575.0,3340.0,3355.0,1157434.0,TECO2
2025-01-07,3350.0,3700.0,3255.0,3400.0,653652.0,TECO2
2025-01-08,3420.0,3570.0,3165.0,3295.0,1564952.0,TECO2
2025-01-09,3295.0,3375.0,3220.0,3280.0,98966.0,TECO2
2025-01-10,3285.0,3320.0,3115.0,3240.0,248765.0,TECO2
2025-01-13,3240.0,3275.0,3020.0,3050.0,326887.0,TECO2
2025-01-14,3110.0,3215.0,3000.0,3185.0,381865.0,TECO2
2025-01-15,3195.0,3270.0,3045.0,3085.0,280466.0,TECO2
2025-01-16,3085.0,3150.0,2940.0,2965.0,170195.0,TECO2
2025-01-17,2960.0,3010.0,2840.0,2890.0,327101.0,TECO2
2025-01-20,2900.0,3000.0,2850.0,2995.0,99395.0,TECO2
2025-01-21,2990.0,3040.0,2850.0,2985.0,341932.0,TECO2
2025-01-22,3050.0,3090.0,2950.0,3075.0,245741.0,TECO2
2025-01-23,3120.0,3120.0,2950.0,3035.0,74544.0,TECO2
2025-01-24,3075.0,3090.0,2820.0,2915.0,220911.0,TECO2
2025-01-27,2920.0,2920.0,2790.0,2880.0,872130.0,TECO2
2025-01-28,2900.0,2965.0,2800.0,2945.0,516888.0,TECO2
2025-01-29,2875.0,2985.0,2870.0,2980.0,264221.0,TECO2
2025-01-30,3000.0,3075.0,2950.0,3035.0,226607.0,TECO2
2025-01-31,3100.0,3100.0,2880.0,2915.0,114775.0,TECO2
2025-02-03,2900.0,2915.0,2760.0,2840.0,113881.0,TECO2
2025-02-04,2850.0,2930.0,2850.0,2860.0,36146.0,TECO2
2025-02-05,2945.0,2950.0,2835.0,2865.0,306750.0,TECO2
2025-02-06,2860.0,2910.0,2815.0,2855.0,242438.0,TECO2
2025-02-07,2905.0,2920.0,2730.0,2800.0,175979.0,TECO2
2025-02-10,2810.0,2880.0,2720.0,2770.0,86828.0,TECO2
2025-02-11,2710.0,2765.0,2540.0,2555.0,348759.0,TECO2
2025-02-12,2580.0,2675.0,2465.0,2620.0,287838.0,TECO2
2025-02-13,2600.0,2700.0,2565.0,2680.0,171379.0,TECO2
2025-02-14,2680.0,2745.0,2610.0,2675.0,122297.0,TECO2
2025-02-17,2550.0,2635.0,2485.0,2515.0,236439.0,TECO2
2025-02-18,2520.0,2790.0,2520.0,2745.0,305861.0,TECO2
2025-02-19,2790.0,2930.0,2695.0,2905.0,158660.0,TECO2
2025-02-20,2900.0,2965.0,2825.0,2935.0,201169.0,TECO2
2025-02-21,2990.0,3020.0,2825.0,2835.0,144793.0,TECO2
2025-02-24,2850.0,3010.0,2800.0,2925.0,505336.0,TECO2
2025-02-25,3005.0,3110.0,2860.0,2900.0,1005919.0,TECO2
2025-02-26,2895.0,2950.0,2730.0,2760.0,517079.0,TECO2
2025-02-27,2750.0,2835.0,2600.0,2705.0,307008.0,TECO2
2025-02-28,2705.0,2800.0,2575.0,2705.0,307069.0,TECO2
2025-03-05,2695.0,2840.0,2585.0,2810.0,153431.0,TECO2
2025-03-06,2880.0,2880.0,2730.0,2775.0,98235.0,TECO2
2025-03-07,2740.0,2845.0,2625.0,2750.0,151999.0,TECO2
2025-03-10,2750.0,2750.0,2575.0,2645.0,79898.0,TECO2
2025-03-11,2610.0,2700.0,2595.0,2670.0,82484.0,TECO2
2025-03-12,2690.0,2795.0,2680.0,2720.0,124050.0,TECO2
2025-03-13,2715.0,2765.0,2625.0,2635.0,82850.0,TECO2
2025-03-14,2700.0,2750.0,2655.0,2740.0,97588.0,TECO2
2025-03-17,2790.0,2840.0,2745.0,2765.0,164018.0,TECO2
2025-03-18,2740.0,2760.0,2665.0,2680.0,80792.0,TECO2
2025-03-19,2730.0,2795.0,2680.0,2765.0,82525.0,TECO2
2025-03-20,2800.0,2830.0,2735.0,2795.0,64331.0,TECO2
2025-03-21,2735.0,2890.0,2735.0,2890.0,47085.0,TECO2
2025-03-25,2790.0,2850.0,2730.0,2775.0,335495.0,TECO2
2025-03-26,2730.0,2830.0,2715.0,2760.0,129418.0,TECO2
2025-03-27,2765.0,2830.0,2710.0,2740.0,145488.0,TECO2
2025-03-28,2745.0,2775.0,2675.0,2725.0,115360.0,TECO2
2025-03-31,2700.0,2700.0,2615.0,2670.0,138236.0,TECO2
2025-04-01,2645.0,2770.0,2640.0,2735.0,155742.0,TECO2
2025-04-03,2720.0,2750.0,2640.0,2740.0,219743.0,TECO2
2025-04-04,2680.0,2680.0,2510.0,2590.0,181507.0,TECO2
2025-04-07,2470.0,2780.0,2465.0,2560.0,449335.0,TECO2
2025-04-08,2640.0,2700.0,2545.0,2615.0,275458.0,TECO2
2025-04-09,2625.0,2850.0,2420.0,2845.0,186913.0,TECO2
2025-04-10,2760.0,2825.0,2600.0,2735.0,160211.0,TECO2
2025-04-11,2830.0,3015.0,2760.0,3000.0,673589.0,TECO2
2025-04-14,3100.0,3100.0,2650.0,2800.0,692222.0,TECO2
2025-04-15,2830.0,2830.0,2680.0,2690.0,128455.0,TECO2
2025-04-16,2710.0,2735.0,2505.0,2535.0,104671.0,TECO2
2025-04-21,2600.0,2600.0,2295.0,2330.0,64627.0,TECO2
2025-04-22,2330.0,2425.0,2330.0,2375.0,204609.0,TECO2
2025-04-23,2400.0,2515.0,2400.0,2480.0,202674.0,TECO2
2025-04-24,2500.0,2550.0,2410.0,2430.0,196781.0,TECO2
2025-04-25,2480.0,2480.0,2295.0,2305.0,841630.0,TECO2
2025-04-28,2300.0,2360.0,2260.0,2345.0,359444.0,TECO2
2025-04-29,2395.0,2410.0,2325.0,2335.0,78714.0,TECO2
2025-04-30,2335.0,2335.0,2260.0,2295.0,89109.0,TECO2
2025-05-05,2230.0,2300.0,2150.0,2265.0,236421.0,TECO2
2025-05-06,2280.0,2330.0,2220.0,2315.0,542920.0,TECO2
2025-05-07,2315.0,2345.0,2250.0,2330.0,205098.0,TECO2
2025-05-08,2350.0,2400.0,2270.0,2340.0,434281.0,TECO2
2025-05-09,2370.0,2460.0,2350.0,2410.0,235960.0,TECO2
2025-05-12,2415.0,2485.0,2370.0,2465.0,358100.0,TECO2
2025-05-13,2470.0,2555.0,2415.0,2545.0,251131.0,TECO2
2025-05-14,2550.0,2595.0,2450.0,2565.0,157067.0,TECO2
2025-05-15,2560.0,2595.0,2495.0,2585.0,118620.0,TECO2
2025-05-16,2640.0,2640.0,2500.0,2565.0,98027.0,TECO2
2025-05-19,2605.0,2725.0,2560.0,2660.0,150984.0,TECO2
2025-05-20,2620.0,2640.0,2565.0,2605.0,406787.0,TECO2
2025-05-21,2670.0,2670.0,2515.0,2520.0,259561.0,TECO2
2025-05-22,2520.0,2535.0,2405.0,2430.0,169244.0,TECO2
2025-05-23,2400.0,2480.0,2330.0,2455.0,114069.0,TECO2
2025-05-26,2455.0,2535.0,2360.0,2440.0,135643.0,TECO2
2025-05-27,2500.0,2500.0,2415.0,2430.0,134969.0,TECO2
2025-05-28,2385.0,2450.0,2350.0,2430.0,114612.0,TECO2
2025-05-29,2445.0,2460.0,2400.0,2410.0,132690.0,TECO2
2025-05-30,2430.0,2450.0,2345.0,2355.0,131388.0,TECO2
2025-06-02,2365.0,2405.0,2305.0,2315.0,146054.0,TECO2
2025-06-03,2300.0,2365.0,2270.0,2345.0,51773.0,TECO2
2025-06-04,2315.0,2330.0,2270.0,2300.0,202207.0,TECO2
2025-06-05,2315.0,2315.0,2240.0,2260.0,131059.0,TECO2
2025-06-06,2245.0,2400.0,2215.0,2360.0,236096.0,TECO2
2025-06-09,2360.0,2360.0,2250.0,2265.0,357795.0,TECO2
2025-06-10,2280.0,2460.0,2280.0,2415.0,272755.0,TECO2
2025-06-11,2415.0,2420.0,2290.0,2295.0,111545.0,TECO2
2025-06-12,2315.0,2390.0,2300.0,2320.0,59479.0,TECO2
2025-06-13,2315.0,2320.0,2190.0,2275.0,247786.0,TECO2
2025-06-17,2275.0,2295.0,2175.0,2205.0,115078.0,TECO2
2025-06-18,2215.0,2215.0,2150.0,2155.0,834392.0,TECO2
2025-06-19,2160.0,2190.0,2115.0,2150.0,22236.0,TECO2
2025-06-23,2145.0,2145.0,2050.0,2110.0,284648.0,TECO2
2025-06-24,2155.0,2225.0,2140.0,2180.0,104561.0,TECO2
2025-06-25,2200.0,2200.0,2100.0,2125.0,187272.0,TECO2
2025-06-26,2100.0,2170.0,2100.0,2115.0,112319.0,TECO2
2025-06-27,2095.0,2150.0,2095.0,2125.0,102962.0,TECO2
2025-06-30,2140.0,2200.0,2115.0,2130.0,217707.0,TECO2
2025-07-01,2145.0,2180.0,2120.0,2175.0,102600.0,TECO2
2025-07-02,2180.0,2230.0,2160.0,2220.0,146615.0,TECO2
2025-07-03,2230.0,2250.0,2145.0,2210.0,140038.0,TECO2
2025-07-04,2190.0,2225.0,2190.0,2200.0,23269.0,TECO2
2025-07-07,2215.0,2240.0,2170.0,2190.0,403920.0,TECO2
2025-07-08,2205.0,2285.0,2195.0,2260.0,144171.0,TECO2
2025-07-10,2230.0,2240.0,2170.0,2205.0,129521.0,TECO2
2025-07-11,2160.0,2195.0,2130.0,2145.0,185502.0,TECO2
2025-07-14,2145.0,2220.0,2145.0,2210.0,242514.0,TECO2
2025-07-15,2255.0,2330.0,2200.0,2315.0,397086.0,TECO2
2025-07-16,2330.0,2330.0,2240.0,2290.0,45337.0,TECO2
2025-07-17,2285.0,2375.0,2275.0,2320.0,331317.0,TECO2
2025-07-18,2350.0,2370.0,2315.0,2350.0,142934.0,TECO2
2025-07-21,2355.0,2375.0,2295.0,2320.0,136438.0,TECO2
2025-07-22,2305.0,2330.0,2210.0,2250.0,58469.0,TECO2
2025-07-23,2260.0,2335.0,2255.0,2315.0,79765.0,TECO2
2025-07-24,2350.0,2375.0,2295.0,2360.0,49232.0,TECO2
2025-07-25,2360.0,2475.0,2360.0,2445.0,146856.0,TECO2
2025-07-28,2450.0,2480.0,2400.0,2470.0,331161.0,TECO2
2025-07-29,2430.0,2560.0,2430.0,2520.0,190699.0,TECO2
2025-07-30,2515.0,2570.0,2455.0,2500.0,172701.0,TECO2
2025-07-31,2515.0,2580.0,2490.0,2505.0,86371.0,TECO2
2025-08-01,2560.0,2560.0,2410.0,2480.0,83043.0,TECO2
2025-08-04,2460.0,2570.0,2435.0,2520.0,113755.0,TECO2
2025-08-05,2500.0,2560.0,2480.0,2545.0,64143.0,TECO2
2025-08-06,2535.0,2650.0,2515.0,2610.0,249178.0,TECO2
2025-08-07,2645.0,2660.0,2575.0,2610.0,316450.0,TECO2
2025-08-08,2615.0,2710.0,2590.0,2690.0,139649.0,TECO2
2025-08-11,2690.0,2710.0,2630.0,2690.0,39052.0,TECO2
2025-08-12,2650.0,2760.0,2600.0,2745.0,93652.0,TECO2
2025-08-13,2785.0,2850.0,2710.0,2795.0,149926.0,TECO2
2025-08-14,2745.0,2810.0,2555.0,2565.0,225214.0,TECO2
2025-08-18,2565.0,2655.0,2535.0,2610.0,132592.0,TECO2
2025-08-19,2585.0,2620.0,2400.0,2420.0,110557.0,TECO2
2025-08-20,2405.0,2520.0,2375.0,2410.0,58459.0,TECO2
2025-08-21,2435.0,2480.0,2375.0,2475.0,318775.0,TECO2
2025-08-22,2500.0,2540.0,2420.0,2440.0,443050.0,TECO2
2025-08-25,2440.0,2470.0,2350.0,2360.0,235840.0,TECO2
2025-08-26,2360.0,2435.0,2360.0,2395.0,250805.0,TECO2
2025-08-27,2370.0,2400.0,2285.0,2290.0,72717.0,TECO2
2025-08-28,2285.0,2420.0,2285.0,2380.0,313350.0,TECO2
2025-08-29,2460.0,2460.0,2360.0,2435.0,203547.0,TECO2
2025-09-01,2460.0,2465.0,2320.0,2330.0,122898.0,TECO2
2025-09-02,2385.0,2410.0,2240.0,2330.0,880791.0,TECO2
2025-09-03,2350.0,2365.0,2250.0,2265.0,167504.0,TECO2
2025-09-04,2265.0,2335.0,2225.0,2285.0,245067.0,TECO2
2025-09-05,2285.0,2390.0,2275.0,2350.0,263374.0,TECO2
2025-09-08,2270.0,2270.0,2009.0,2057.0,265627.0,TECO2
2025-09-09,2055.0,2164.0,2055.0,2058.0,381212.0,TECO2
2025-09-10,2088.0,2197.0,2088.0,2144.0,183736.0,TECO2
2025-09-11,2154.0,2199.0,2096.0,2122.0,238264.0,TECO2
2025-09-12,2127.0,2185.0,2032.0,2088.0,403129.0,TECO2
2025-09-15,2100.0,2175.0,2056.0,2114.0,171748.0,TECO2
2025-09-16,2156.0,2202.0,2103.0,2143.0,88488.0,TECO2
2025-09-17,2121.0,2183.0,2100.0,2129.0,100380.0,TECO2
2025-09-18,2102.0,2149.0,2000.0,2021.0,234704.0,TECO2
2025-09-19,2025.0,2141.0,2018.0,2087.0,238682.0,TECO2
2025-09-22,2100.0,2182.0,2060.0,2135.0,345043.0,TECO2
2025-09-23,2200.0,2200.0,2026.0,2102.0,351261.0,TECO2
2025-09-24,2115.0,2233.0,2071.0,2111.0,282830.0,TECO2
2025-09-25,2110.0,2120.0,2038.0,2085.0,130895.0,TECO2
2025-09-26,2055.0,2218.0,2055.0,2159.0,111719.0,TECO2
2025-09-29,2107.0,2207.0,2107.0,2189.0,42413.0,TECO2
2025-09-30,2198.0,2300.0,2125.0,2235.0,89207.0,TECO2
2025-10-01,2250.0,2314.0,2250.0,2269.0,83886.0,TECO2
2025-10-02,2270.0,2313.0,2209.0,2306.0,236346.0,TECO2
2025-10-03,2272.0,2323.0,2250.0,2279.0,62157.0,TECO2
2025-10-06,2274.0,2310.0,2245.0,2293.0,302610.0,TECO2
2025-10-07,2279.0,2292.0,2212.0,2256.0,144970.0,TECO2
2025-10-08,2273.0,2282.0,2165.0,2238.0,201455.0,TECO2
2025-10-09,2248.0,2310.0,2245.0,2246.0,578448.0,TECO2
2025-10-13,2142.0,2278.0,2140.0,2259.0,118417.0,TECO2
2025-10-14,2250.0,2312.0,2156.0,2195.0,169354.0,TECO2
2025-10-15,2200.0,2300.0,2199.0,2212.0,67759.0,TECO2
2025-10-16,2199.0,2306.0,2161.0,2282.0,46767.0,TECO2
2025-10-17,2310.0,2440.0,2245.0,2431.0,74773.0,TECO2
2025-10-20,2410.0,2479.0,2384.0,2394.0,94909.0,TECO2
2025-10-21,2395.0,2478.0,2328.0,2356.0,171376.0,TECO2
2025-10-22,2400.0,2401.0,2278.0,2315.0,88529.0,TECO2
2025-10-23,2330.0,2420.0,2302.0,2361.0,460646.0,TECO2
2025-10-24,2445.0,2498.0,2390.0,2463.0,402926.0,TECO2
2025-10-27,2577.5,3200.0,2577.5,3170.0,588373.0,TECO2
2025-10-28,3100.0,3320.0,3080.0,3292.5,303685.0,TECO2
2025-10-29,3250.0,3425.0,3215.0,3242.5,282072.0,TECO2
2025-10-30,3200.0,3245.0,3100.0,3167.5,301781.0,TECO2
2025-10-31,3100.0,3467.5,3090.0,3380.0,285008.0,TECO2
2025-11-03,3400.0,3842.5,3400.0,3772.5,799083.0,TECO2
2025-11-04,3760.0,3760.0,3420.0,3652.5,216163.0,TECO2
2025-11-05,3600.0,3790.0,3600.0,3692.5,200269.0,TECO2
2025-11-06,3700.0,3800.0,3605.0,3660.0,44430.0,TECO2
2025-11-07,3682.5,3682.5,3450.0,3507.5,63917.0,TECO2
2025-11-10,3435.0,3700.0,3350.0,3650.0,130638.0,TECO2
2025-11-11,3590.0,3770.0,3510.0,3617.5,78370.0,TECO2
2025-11-12,3610.0,3790.0,3610.0,3737.5,93155.0,TECO2
2025-11-13,3752.5,3880.0,3520.0,3660.0,98218.0,TECO2
2025-11-14,3615.0,3832.5,3555.0,3702.5,31833.0,TECO2
2025-11-17,3720.0,3900.0,3702.5,3837.5,133302.0,TECO2
2025-11-18,3800.0,3850.0,3650.0,3752.5,40621.0,TECO2
2025-11-19,3700.0,3797.5,3567.5,3675.0,84129.0,TECO2
2025-11-20,3670.0,3800.0,3490.0,3555.0,113341.0,TECO2
2025-11-21,3540.0,3540.0,3370.0,3427.5,4591.0,TECO2
2025-11-25,3390.0,3580.0,3390.0,3557.5,333681.0,TECO2
2025-11-26,3500.0,3660.0,3440.0,3632.5,278282.0,TECO2
2025-11-27,3700.0,3707.5,3525.0,3667.5,36966.0,TECO2
2025-11-28,3667.5,3850.0,3510.0,3725.0,422984.0,TECO2
2025-12-01,3745.0,3820.0,3702.5,3812.5,237438.0,TECO2
2025-12-02,3815.0,3960.0,3777.5,3855.0,110945.0,TECO2
2025-12-03,3897.5,3900.0,3805.0,3875.0,134114.0,TECO2
2025-12-04,3905.0,4012.5,3842.5,3862.5,106051.0,TECO2
2025-12-05,3900.0,3985.0,3810.0,3817.5,302253.0,TECO2
2025-12-09,3840.0,3987.5,3600.0,3637.5,108263.0,TECO2
2025-12-10,3640.0,3690.0,3585.0,3647.5,73969.0,TECO2
2025-12-11,3637.5,3747.5,3545.0,3565.0,76737.0,TECO2
2025-12-12,3570.0,3672.5,3475.0,3557.5,243285.0,TECO2
2025-12-15,3640.0,3640.0,3460.0,3567.5,58467.0,TECO2
2025-12-16,3570.0,3685.0,3440.0,3507.5,203409.0,TECO2
2025-12-17,3517.5,3580.0,3505.0,3570.0,114006.0,TECO2
2025-12-18,3630.0,3630.0,3542.5,3610.0,218412.0,TECO2
2025-12-19,3600.0,3660.0,3517.5,3545.0,149083.0,TECO2
2025-12-22,3500.0,3612.5,3425.0,3522.5,148920.0,TECO2
2025-12-23,3522.5,3600.0,3470.0,3507.5,141666.0,TECO2
2025-12-24,3590.0,3590.0,3470.0,3472.5,33411.0,TECO2
2025-12-26,3470.0,3545.0,3415.0,3477.5,62314.0,TECO2
2025-12-29,3475.0,3560.0,3415.0,3500.0,230788.0,TECO2
2025-12-30,3500.0,3610.0,3500.0,3527.5,210929.0,TECO2
2026-01-02,3530.0,3625.0,3500.0,3595.0,152949.0,TECO2
2026-01-05,3640.0,3650.0,3540.0,3580.0,100241.0,TECO2
2026-01-06,3580.0,3640.0,3540.0,3605.0,677636.0,TECO2
2026-01-07,3575.0,3575.0,3390.0,3492.5,200266.0,TECO2
2026-01-08,3495.0,3527.5,3430.0,3510.0,220049.0,TECO2
2026-01-09,3510.0,3577.5,3452.5,3460.0,244147.0,TECO2
2026-01-12,3500.0,3600.0,3455.0,3590.0,412620.0,TECO2
2026-01-13,3540.0,3617.5,3440.0,3452.5,128272.0,TECO2
2026-01-14,3480.0,3500.0,3295.0,3315.0,281267.0,TECO2
2026-01-15,3320.0,3352.5,3235.0,3312.5,210715.0,TECO2
2026-01-16,3337.5,3390.0,3272.5,3287.5,35395.0,TECO2
2026-01-19,3400.0,3400.0,3195.0,3270.0,8229.0,TECO2
2026-01-20,3270.0,3400.0,3197.5,3327.5,82423.0,TECO2
2026-01-21,3292.5,3427.5,3290.0,3412.5,54166.0,TECO2
2026-01-22,3355.0,3837.5,3355.0,3787.5,503450.0,TECO2
2026-01-23,3835.0,3910.0,3730.0,3802.5,243521.0,TECO2
2026-01-26,3810.0,3970.0,3725.0,3807.5,432570.0,TECO2
2026-01-27,3825.0,4045.0,3825.0,3975.0,228978.0,TECO2
2026-01-28,3975.0,4080.0,3760.0,3922.5,156712.0,TECO2
2026-01-29,4050.0,4080.0,3880.0,4042.5,210118.0,TECO2
2026-01-30,4100.0,4177.5,4000.0,4047.5,188294.0,TECO2
2026-02-02,4160.0,4160.0,3840.0,3875.0,81372.0,TECO2
2026-02-03,3900.0,3935.0,3705.0,3765.0,112252.0,TECO2
2026-02-04,3745.0,3930.0,3567.5,3642.5,155395.0,TECO2
2026-02-05,3560.0,3660.0,3460.0,3482.5,150045.0,TECO2
2026-02-06,3605.0,3670.0,3470.0,3547.5,82047.0,TECO2
2026-02-09,3550.0,3740.0,3532.5,3715.0,87513.0,TECO2
2026-02-10,3800.0,3835.0,3610.0,3750.0,247558.0,TECO2
2026-02-11,3700.0,3700.0,3320.0,3405.0,1090502.0,TECO2
2026-02-12,3435.0,3475.0,3292.5,3397.5,320523.0,TECO2
2026-02-13,3400.0,3465.0,3320.0,3330.0,161263.0,TECO2
2026-02-18,3320.0,3397.5,3202.5,3222.5,175111.0,TECO2
2026-02-19,3220.0,3330.0,3140.0,3285.0,73138.0,TECO2
2026-02-20,3270.0,3350.0,3232.5,3297.5,154055.0,TECO2
2026-02-23,3202.5,3370.0,3145.0,3185.0,122845.0,TECO2
2026-02-24,3250.0,3270.0,3132.5,3250.0,101857.0,TECO2
2026-02-25,3270.0,3312.5,3175.0,3285.0,102211.0,TECO2
2026-02-26,3272.5,3342.5,3215.0,3300.0,82027.0,TECO2
2026-02-27,3320.0,3400.0,3272.5,3375.0,204076.0,TECO2
2026-03-02,3410.0,3450.0,3250.0,3307.5,138823.0,TECO2
2026-03-03,3287.5,3287.5,3090.0,3232.5,225266.0,TECO2
2026-03-04,3240.0,3382.5,3150.0,3342.5,59301.0,TECO2
2026-03-05,3360.0,3430.0,3170.0,3207.5,52894.0,TECO2
2026-03-06,3200.0,3275.0,3100.0,3247.5,44241.0,TECO2
2026-03-09,3242.5,3290.0,3110.0,3267.5,48633.0,TECO2
2026-03-10,3250.0,3500.0,3212.5,3410.0,242422.0,TECO2
2026-03-11,3537.5,3595.0,3400.0,3565.0,257770.0,TECO2
2026-03-12,3560.0,3600.0,3395.0,3400.0,101446.0,TECO2
2026-03-13,3372.5,3450.0,3302.5,3350.0,135039.0,TECO2
2026-03-16,3312.5,3360.0,3265.0,3307.5,594630.0,TECO2
2026-03-17,3300.0,3457.5,3250.0,3365.0,486234.0,TECO2
2026-03-18,3375.0,3477.5,3280.0,3327.5,207880.0,TECO2
2026-03-19,3305.0,3380.0,3200.0,3372.5,161860.0,TECO2
2026-03-20,3397.5,3397.5,3280.0,3302.5,141129.0,TECO2
2026-03-23,3325.0,3425.0,3260.0,3380.0,94399.0,TECO2
2026-03-25,3380.0,3485.0,3380.0,3460.0,566169.0,TECO2
2026-03-26,3445.0,3520.0,3325.0,3350.0,214087.0,TECO2
2026-03-27,3302.5,3370.0,3200.0,3270.0,393174.0,TECO2
2026-03-30,3270.0,3400.0,3235.0,3257.5,546317.0,TECO2
2026-03-31,3240.0,3480.0,3187.5,3430.0,238340.0,TECO2
2026-04-01,3350.0,3550.0,3350.0,3507.5,202626.0,TECO2
2026-04-06,3500.0,3505.0,3405.0,3425.0,106839.0,TECO2
2026-04-07,3425.0,3480.0,3330.0,3385.0,128131.0,TECO2
2026-04-08,3315.0,3535.0,3315.0,3447.5,247136.0,TECO2
2026-04-09,3460.0,3487.5,3355.0,3400.0,394276.0,TECO2
2026-04-10,3405.0,3510.0,3375.0,3385.0,128133.0,TECO2
2026-04-13,3415.0,3415.0,3325.0,3382.5,114205.0,TECO2
2026-04-14,3380.0,3450.0,3380.0,3435.0,88958.0,TECO2
2026-04-15,3435.0,3450.0,3357.5,3412.5,74143.0,TECO2
2026-04-16,3410.0,3455.0,3365.0,3445.0,22674.0,TECO2
2026-04-17,3470.0,3495.0,3312.5,3487.5,222845.0,TECO2
2026-04-20,3450.0,3625.0,3400.0,3605.0,251696.0,TECO2
2026-04-21,3590.0,3650.0,3512.5,3552.5,375213.0,TECO2
2026-04-22,3600.0,3640.0,3510.0,3560.0,116998.0,TECO2
2026-04-23,3460.0,3597.5,3402.5,3425.0,726344.0,TECO2
2026-04-24,3425.0,3460.0,3370.0,3385.0,105238.0,TECO2
2026-04-27,3385.0,3492.5,3385.0,3422.5,579498.0,TECO2
2026-04-28,3392.5,3440.0,3340.0,3350.0,50399.0,TECO2
2026-04-29,3350.0,3712.5,3350.0,3622.5,455221.0,TECO2
2026-04-30,3630.0,3700.0,3540.0,3595.0,110677.0,TECO2
2026-05-04,3540.0,3655.0,3510.0,3510.0,62467.0,TECO2
2026-05-05,3552.5,3625.0,3445.0,3447.5,159448.0,TECO2
2026-05-06,3442.5,3700.0,3442.5,3667.5,95461.0,TECO2
2026-05-07,3660.0,3685.0,3530.0,3555.0,86643.0,TECO2
2026-05-08,3540.0,3645.0,3490.0,3507.5,132248.0,TECO2
2026-05-11,3540.0,3630.0,3415.0,3427.5,89050.0,TECO2
2026-05-12,3552.5,3552.5,3397.5,3440.0,124582.0,TECO2
2026-05-13,3472.5,3607.5,3355.0,3517.5,141130.0,TECO2
2026-05-14,3560.0,3775.0,3532.5,3660.0,218174.0,TECO2
2026-05-15,3675.0,3697.5,3495.0,3505.0,145349.0,TECO2
2026-05-18,3495.0,3632.5,3490.0,3550.0,77268.0,TECO2
2026-05-19,3560.0,3577.5,3445.0,3462.5,110053.0,TECO2
2026-05-20,3455.0,3590.0,3450.0,3490.0,170432.0,TECO2
2026-05-21,3452.5,3580.0,3442.5,3530.0,101579.0,TECO2
2026-05-22,3580.0,3645.0,3490.0,3492.5,13134.0,TECO2
2026-05-26,3577.5,3800.0,3520.0,3790.0,174264.0,TECO2
2026-05-27,3790.0,4195.0,3740.0,4155.0,918019.0,TECO2
2026-05-28,4155.0,4225.0,4040.0,4100.0,660531.0,TECO2
2026-05-29,4250.0,4465.0,4125.0,4327.5,389007.0,TECO2
2026-06-01,4350.0,4460.0,4302.5,4335.0,120452.0,TECO2
2026-06-02,4345.0,4345.0,4150.0,4172.5,86611.0,TECO2
2026-06-03,4170.0,4170.0,4010.0,4052.5,55180.0,TECO2
2026-06-04,4002.5,4097.5,3942.5,4015.0,55418.0,TECO2
2026-06-05,4050.0,4105.0,3965.0,3990.0,71097.0,TECO2
2026-06-08,3980.0,4140.0,3937.5,4042.5,133644.0,TECO2
2026-06-09,4102.5,4300.0,4102.5,4285.0,403798.0,TECO2
2026-06-10,4252.5,4370.0,4180.0,4280.0,95673.0,TECO2
2026-06-11,4290.0,4865.0,4290.0,4755.0,1968785.0,TECO2
2026-06-12,4755.0,4845.0,4512.5,4555.0,207637.0,TECO2
2026-06-16,4597.5,4597.5,4312.5,4397.5,82215.0,TECO2
2026-06-17,4432.5,4530.0,4352.5,4375.0,66762.0,TECO2
2026-06-18,4372.5,4435.0,4110.0,4197.5,597808.0,TECO2
2026-06-19,4200.0,4397.5,4150.0,4165.0,25771.0,TECO2
2026-06-22,4147.5,4260.0,3952.5,4057.5,580623.0,TECO2
2026-06-23,4057.5,4080.0,3935.0,4025.0,249351.0,TECO2
2026-06-24,4100.0,4205.0,3935.0,3952.5,285706.0,TECO2
2026-06-25,4007.5,4017.5,3905.0,3950.0,456209.0,TECO2
2026-06-26,3935.0,4047.5,3900.0,3957.5,134302.0,TECO2
2026-06-29,4032.5,4110.0,3965.0,4052.5,271721.0,TECO2
2026-06-30,3972.5,4067.5,3940.0,4045.0,330709.0,TECO2
2026-07-01,4047.5,4185.0,3907.5,3967.5,125100.0,TECO2
2026-07-02,3982.5,4065.0,3957.5,3970.0,25780.0,TECO2
2026-07-03,4000.0,4097.5,3950.0,3990.0,15369.0,TECO2
2026-07-06,3995.0,4120.0,3927.5,4097.5,75571.0,TECO2
2026-07-07,4140.0,4310.0,4065.0,4080.0,50445.0,TECO2
2026-07-08,4032.5,4150.0,4032.5,4120.0,120177.0,TECO2
2026-07-10,4182.5,4247.5,4047.5,4245.0,24793.0,TECO2
2026-07-13,4172.5,4300.0,4160.0,4250.0,327932.0,TECO2
2026-07-14,4302.5,4347.5,4180.0,4332.5,294621.0,TECO2
2026-07-15,4350.0,4387.5,4292.5,4315.0,51290.0,TECO2
2026-07-16,4237.5,4345.0,4137.5,4180.0,40454.0,TECO2
2026-07-17,4182.5,4237.5,4087.5,4150.0,128024.0,TECO2
2026-07-20,4147.5,4172.5,4050.0,4145.0,80837.0,TECO2
2026-07-21,4092.5,4270.0,4092.5,4255.0,65941.0,TECO2
2026-07-22,4280.0,4437.5,4220.0,4420.0,79483.0,TECO2
2026-07-23,4400.0,4400.0,4207.5,4325.0,106625.0,TECO2
2026-07-24,4325.0,4400.0,4277.5,4380.0,120979.0,TECO2
2026-07-27,4290.0,4495.0,4270.0,4490.0,105413.0,TECO2
2026-07-28,4480.0,4482.5,4305.0,4335.0,122251.0,TECO2
2026-07-29,4350.0,4410.0,4287.5,4290.0,23256.0,TECO2
2026-07-30,4360.0,4410.0,4292.5,4315.0,117237.0,TECO2
2026-07-31,4290.0,4435.0,4282.5,4407.5,108228.0,TECO2
2026-08-03,4482.5,4487.5,4337.5,4385.0,23744.0,TECO2
2026-08-04,4385.0,4460.0,4230.0,4335.0,109976.0,TECO2
2026-08-05,4332.5,4380.0,4265.0,4335.0,18655.0,TECO2
2026-08-06,4302.5,4390.0,4237.5,4342.5,84636.0,TECO2
2026-08-07,4395.0,4470.0,4325.0,4380.0,136523.0,TECO2
2026-08-10,4367.5,4620.0,4367.5,4520.0,130073.0,TECO2
2026-08-11,4650.0,4650.0,4180.0,4262.5,134425.0,TECO2
2026-08-12,4315.0,4335.0,4160.0,4270.0,146242.0,TECO2
2026-08-13,4222.5,4380.0,4212.5,4255.0,94591.0,TECO2
2026-08-14,4187.5,4300.0,4160.0,4187.5,66021.0,TECO2
2026-08-18,4152.5,4262.5,4067.5,4100.0,163293.0,TECO2
2026-08-19,4097.5,4257.5,4052.5,4185.0,105224.0,TECO2
2026-08-20,4287.5,4290.0,4050.0,4160.0,334549.0,TECO2
2026-08-21,4132.5,4300.0,4132.5,4185.0,61729.0,TECO2
2026-08-24,4100.0,4342.5,4100.0,4327.5,67629.0,TECO2
2026-08-25,4300.0,4352.5,4190.0,4307.5,88362.0,TECO2
