date,open,high,low,close,volume,ticker
2018-01-02,75.9,77.0,74.25,76.9,408600.0,TGNO4
2018-01-03,76.55,77.25,72.0,77.1,320726.0,TGNO4
2018-01-04,76.85,78.8,76.85,78.8,239812.0,TGNO4
2018-01-05,77.9,78.5,77.3,78.0,136637.0,TGNO4
2018-01-08,78.0,79.9,76.0,79.0,244190.0,TGNO4
2018-01-09,79.0,80.5,77.0,79.3,151719.0,TGNO4
2018-01-10,79.2,79.8,75.0,78.0,222320.0,TGNO4
2018-01-11,79.0,79.5,77.3,77.3,326051.0,TGNO4
2018-01-12,78.1,78.9,77.2,77.2,620836.0,TGNO4
2018-01-15,77.3,82.5,75.0,79.0,611204.0,TGNO4
2018-01-16,79.5,81.9,78.0,78.15,404688.0,TGNO4
2018-01-17,78.35,80.0,76.75,79.85,460441.0,TGNO4
2018-01-18,78.2,79.0,78.2,78.75,207175.0,TGNO4
2018-01-19,78.65,78.65,75.15,77.8,163990.0,TGNO4
2018-01-22,78.0,78.0,76.1,77.3,528026.0,TGNO4
2018-01-23,77.3,78.0,77.0,78.0,369766.0,TGNO4
2018-01-24,77.95,78.0,77.4,77.85,334939.0,TGNO4
2018-01-25,78.0,78.0,76.2,77.3,401125.0,TGNO4
2018-01-26,78.5,79.0,77.65,77.75,801119.0,TGNO4
2018-01-29,77.9,78.9,75.0,78.2,257045.0,TGNO4
2018-01-30,78.0,78.0,76.05,77.0,105476.0,TGNO4
2018-01-31,77.15,78.2,77.15,77.65,245500.0,TGNO4
2018-02-01,79.0,80.3,77.7,78.2,349209.0,TGNO4
2018-02-02,78.0,78.0,71.5,72.55,235146.0,TGNO4
2018-02-05,72.8,72.8,69.0,70.6,542290.0,TGNO4
2018-02-06,69.0,74.9,66.0,74.9,750820.0,TGNO4
2018-02-07,75.0,76.5,73.0,75.4,440170.0,TGNO4
2018-02-08,76.5,76.7,71.6,72.0,96479.0,TGNO4
2018-02-09,71.0,72.1,66.4,68.85,527806.0,TGNO4
2018-02-14,69.9,73.15,68.0,72.0,289939.0,TGNO4
2018-02-15,72.1,73.5,70.5,70.45,157456.0,TGNO4
2018-02-16,71.0,72.3,69.5,71.7,290148.0,TGNO4
2018-02-19,72.0,74.0,71.7,72.0,450013.0,TGNO4
2018-02-20,72.5,72.5,71.0,71.35,92396.0,TGNO4
2018-02-21,72.0,72.1,68.0,71.15,111988.0,TGNO4
2018-02-22,71.3,72.0,69.6,71.95,319515.0,TGNO4
2018-02-23,72.2,73.5,68.0,69.5,149834.0,TGNO4
2018-02-26,71.0,71.0,68.55,69.5,80415.0,TGNO4
2018-02-27,70.1,70.9,66.0,69.0,298211.0,TGNO4
2018-02-28,69.45,73.5,68.0,72.85,529001.0,TGNO4
2018-03-01,73.0,74.85,68.0,69.2,379833.0,TGNO4
2018-03-02,67.95,69.0,66.55,68.0,186348.0,TGNO4
2018-03-05,68.0,70.0,67.0,67.1,113042.0,TGNO4
2018-03-06,67.55,70.0,67.55,68.65,68681.0,TGNO4
2018-03-07,68.6,70.0,67.3,68.95,81814.0,TGNO4
2018-03-08,68.95,71.5,66.6,67.2,175574.0,TGNO4
2018-03-09,68.0,69.35,68.0,68.35,139178.0,TGNO4
2018-03-12,69.95,72.0,69.0,71.2,221859.0,TGNO4
2018-03-13,72.1,72.6,68.4,70.85,208328.0,TGNO4
2018-03-14,71.0,71.0,69.4,70.4,111470.0,TGNO4
2018-03-15,70.5,70.5,68.55,69.5,132145.0,TGNO4
2018-03-16,69.5,70.45,66.8,70.05,158275.0,TGNO4
2018-03-19,70.5,70.5,67.3,68.1,61482.0,TGNO4
2018-03-20,68.1,68.95,67.0,67.0,140851.0,TGNO4
2018-03-21,67.65,68.95,67.0,67.5,104358.0,TGNO4
2018-03-22,68.0,68.0,64.0,66.3,163856.0,TGNO4
2018-03-23,66.4,67.0,64.3,66.05,163120.0,TGNO4
2018-03-26,66.25,67.0,65.0,66.15,96969.0,TGNO4
2018-03-27,66.15,67.0,65.3,65.5,126130.0,TGNO4
2018-03-28,65.0,65.9,64.05,65.5,177371.0,TGNO4
2018-04-03,64.2,69.5,64.0,67.3,151167.0,TGNO4
2018-04-04,67.15,69.0,65.65,67.95,67243.0,TGNO4
2018-04-05,68.0,68.5,67.2,67.95,124327.0,TGNO4
2018-04-06,68.0,68.1,66.65,67.65,37888.0,TGNO4
2018-04-09,67.5,69.0,66.5,67.6,52308.0,TGNO4
2018-04-10,68.0,68.8,67.6,68.0,65563.0,TGNO4
2018-04-11,68.3,68.5,66.9,67.65,206351.0,TGNO4
2018-04-12,67.2,67.55,66.5,67.35,46817.0,TGNO4
2018-04-13,67.35,67.6,65.5,66.85,104551.0,TGNO4
2018-04-16,65.55,67.0,65.0,65.15,142051.0,TGNO4
2018-04-17,65.15,66.5,64.0,65.05,95953.0,TGNO4
2018-04-18,65.1,66.0,64.5,65.3,96039.0,TGNO4
2018-04-19,64.85,67.0,60.4,65.65,121892.0,TGNO4
2018-04-20,66.0,66.0,64.1,64.5,58284.0,TGNO4
2018-04-23,64.7,64.7,61.5,62.9,90589.0,TGNO4
2018-04-24,62.9,62.9,60.0,60.35,257930.0,TGNO4
2018-04-25,59.95,59.95,57.5,58.85,221877.0,TGNO4
2018-04-26,58.0,58.8,54.7,55.2,718042.0,TGNO4
2018-04-27,55.2,59.7,54.5,56.9,243542.0,TGNO4
2018-05-02,57.3,59.5,55.55,56.15,147179.0,TGNO4
2018-05-03,56.2,58.2,52.0,57.95,334490.0,TGNO4
2018-05-04,58.0,60.5,52.2,55.6,215934.0,TGNO4
2018-05-07,57.5,57.5,51.0,53.4,243578.0,TGNO4
2018-05-08,53.0,53.0,47.75,50.4,609507.0,TGNO4
2018-05-09,50.4,53.0,49.55,52.3,229613.0,TGNO4
2018-05-10,53.95,58.5,52.4,58.05,240565.0,TGNO4
2018-05-11,59.0,60.0,53.5,57.9,332029.0,TGNO4
2018-05-14,56.0,61.0,55.0,60.05,446466.0,TGNO4
2018-05-15,59.95,64.0,58.5,62.5,280057.0,TGNO4
2018-05-16,62.5,66.0,60.0,65.7,165917.0,TGNO4
2018-05-17,66.0,67.9,64.5,67.0,277695.0,TGNO4
2018-05-18,67.1,69.0,65.5,67.95,223209.0,TGNO4
2018-05-21,68.0,68.05,65.6,66.6,100793.0,TGNO4
2018-05-22,66.5,66.85,63.0,63.45,151628.0,TGNO4
2018-05-23,62.0,62.8,59.5,62.75,118177.0,TGNO4
2018-05-24,62.95,64.5,60.05,63.85,162479.0,TGNO4
2018-05-28,64.0,64.5,59.7,62.5,161939.0,TGNO4
2018-05-29,62.0,62.25,58.0,59.35,130049.0,TGNO4
2018-05-30,59.15,59.95,58.0,58.3,107923.0,TGNO4
2018-05-31,59.0,61.8,55.1,59.25,703030.0,TGNO4
2018-06-01,58.55,61.0,57.0,58.0,103203.0,TGNO4
2018-06-04,58.6,62.5,56.75,60.3,114929.0,TGNO4
2018-06-05,60.0,65.9,58.2,65.0,1115177.0,TGNO4
2018-06-06,66.0,68.9,63.0,64.5,99538.0,TGNO4
2018-06-07,65.5,66.0,62.6,64.0,129437.0,TGNO4
2018-06-08,66.65,67.5,65.4,65.5,183113.0,TGNO4
2018-06-11,64.9,66.95,62.35,63.2,66017.0,TGNO4
2018-06-12,62.0,65.0,60.7,62.2,177514.0,TGNO4
2018-06-13,62.5,62.5,60.0,60.6,71934.0,TGNO4
2018-06-14,60.1,61.0,56.9,57.25,71295.0,TGNO4
2018-06-15,57.5,59.0,55.0,55.75,26117.0,TGNO4
2018-06-18,49.0,51.8,47.3,48.05,715256.0,TGNO4
2018-06-19,50.0,51.7,49.0,49.95,353640.0,TGNO4
2018-06-21,54.95,55.75,53.05,53.6,524731.0,TGNO4
2018-06-22,54.5,55.7,53.0,54.5,204159.0,TGNO4
2018-06-25,54.0,54.0,51.0,52.45,233530.0,TGNO4
2018-06-26,52.5,54.0,50.2,50.6,245310.0,TGNO4
2018-06-27,51.2,51.2,41.5,44.0,222115.0,TGNO4
2018-06-28,44.25,46.0,40.95,45.0,498468.0,TGNO4
2018-06-29,45.5,45.5,40.0,44.0,466983.0,TGNO4
2018-07-02,45.0,45.0,38.6,41.85,308741.0,TGNO4
2018-07-03,41.9,47.0,41.05,46.8,265693.0,TGNO4
2018-07-04,47.0,48.5,44.05,48.35,87942.0,TGNO4
2018-07-05,48.3,49.5,47.0,48.1,72433.0,TGNO4
2018-07-06,47.4,49.25,45.0,47.0,232151.0,TGNO4
2018-07-10,48.55,49.0,45.35,46.4,63634.0,TGNO4
2018-07-11,45.0,46.95,42.05,44.3,135587.0,TGNO4
2018-07-12,44.5,46.9,44.0,45.75,54245.0,TGNO4
2018-07-13,45.75,51.0,42.3,48.85,130386.0,TGNO4
2018-07-16,49.0,49.85,46.2,48.95,62232.0,TGNO4
2018-07-17,48.9,49.9,46.55,49.3,122991.0,TGNO4
2018-07-18,49.1,50.5,48.05,50.5,49707.0,TGNO4
2018-07-19,50.5,52.4,48.95,52.0,86718.0,TGNO4
2018-07-20,51.5,53.5,51.0,53.2,1681146.0,TGNO4
2018-07-23,53.0,55.5,52.5,54.1,225939.0,TGNO4
2018-07-24,54.0,55.85,54.0,55.8,86730.0,TGNO4
2018-07-25,55.8,59.5,55.8,59.5,393267.0,TGNO4
2018-07-26,59.3,60.0,57.0,59.9,110702.0,TGNO4
2018-07-27,60.25,61.5,58.5,58.8,103460.0,TGNO4
2018-07-30,59.5,62.8,57.05,62.35,564325.0,TGNO4
2018-07-31,62.0,63.0,60.4,62.3,411912.0,TGNO4
2018-08-01,63.0,63.1,60.0,61.1,492679.0,TGNO4
2018-08-02,61.2,61.2,57.1,59.0,359971.0,TGNO4
2018-08-03,58.0,60.75,58.0,58.5,131632.0,TGNO4
2018-08-06,60.0,60.0,56.4,57.0,65297.0,TGNO4
2018-08-07,57.25,57.25,52.0,54.75,187160.0,TGNO4
2018-08-08,53.9,53.9,51.0,51.5,67929.0,TGNO4
2018-08-09,52.0,52.8,50.5,52.0,43678.0,TGNO4
2018-08-10,51.0,53.0,47.0,52.8,54756.0,TGNO4
2018-08-13,49.5,50.15,47.05,49.2,92051.0,TGNO4
2018-08-14,49.25,50.5,49.0,49.95,80110.0,TGNO4
2018-08-15,49.3,50.5,47.0,50.3,75295.0,TGNO4
2018-08-16,50.45,51.0,49.35,50.0,153327.0,TGNO4
2018-08-17,50.0,50.25,48.0,50.2,228098.0,TGNO4
2018-08-21,50.1,52.0,48.8,48.85,368618.0,TGNO4
2018-08-22,50.0,50.5,48.4,50.5,160740.0,TGNO4
2018-08-23,50.6,51.9,49.0,49.1,71869.0,TGNO4
2018-08-24,49.3,49.3,45.5,47.2,162863.0,TGNO4
2018-08-27,46.0,49.3,46.0,48.0,137891.0,TGNO4
2018-08-28,47.9,47.9,43.0,46.7,234986.0,TGNO4
2018-08-29,44.2,47.5,44.0,46.2,174458.0,TGNO4
2018-08-30,43.75,46.5,42.0,43.5,459528.0,TGNO4
2018-08-31,43.7,50.95,43.65,49.0,749805.0,TGNO4
2018-09-03,49.0,51.8,47.0,49.2,716614.0,TGNO4
2018-09-04,47.5,49.0,45.5,47.0,130563.0,TGNO4
2018-09-05,48.0,49.1,47.85,48.5,924512.0,TGNO4
2018-09-06,50.0,53.0,49.0,53.0,577569.0,TGNO4
2018-09-07,53.0,54.5,52.25,53.0,273411.0,TGNO4
2018-09-10,53.0,55.0,52.5,53.0,124060.0,TGNO4
2018-09-11,51.9,53.0,50.0,52.7,86839.0,TGNO4
2018-09-12,52.95,53.7,51.5,53.35,242502.0,TGNO4
2018-09-13,53.0,54.6,51.8,52.5,179077.0,TGNO4
2018-09-14,53.7,53.75,51.0,53.0,65367.0,TGNO4
2018-09-17,53.0,55.85,53.0,54.9,214743.0,TGNO4
2018-09-18,56.0,59.45,56.0,58.0,530129.0,TGNO4
2018-09-19,58.0,62.9,58.0,62.75,1213647.0,TGNO4
2018-09-20,63.55,69.0,62.15,65.5,824630.0,TGNO4
2018-09-21,66.9,68.0,61.5,66.75,568183.0,TGNO4
2018-09-24,67.0,68.5,63.4,66.7,259728.0,TGNO4
2018-09-25,63.9,68.0,62.35,67.0,488820.0,TGNO4
2018-09-26,67.15,68.0,66.0,67.0,215137.0,TGNO4
2018-09-27,67.7,68.5,64.0,66.2,130949.0,TGNO4
2018-09-28,63.1,66.9,62.5,66.0,174771.0,TGNO4
2018-10-01,65.5,66.8,63.25,66.0,315208.0,TGNO4
2018-10-02,66.2,67.95,63.7,64.3,138957.0,TGNO4
2018-10-03,64.0,66.0,60.0,62.9,158424.0,TGNO4
2018-10-04,62.0,62.25,58.0,58.4,104394.0,TGNO4
2018-10-05,58.25,60.9,57.0,57.8,226205.0,TGNO4
2018-10-08,58.0,60.9,55.1,55.8,144574.0,TGNO4
2018-10-09,55.4,55.4,52.25,52.95,89359.0,TGNO4
2018-10-10,52.6,52.6,49.0,49.0,129798.0,TGNO4
2018-10-11,50.1,50.1,46.05,47.95,401256.0,TGNO4
2018-10-12,48.8,54.0,48.8,53.9,107100.0,TGNO4
2018-10-16,54.9,56.9,54.6,54.9,93490.0,TGNO4
2018-10-17,54.8,54.8,53.0,53.7,30248.0,TGNO4
2018-10-18,53.0,53.0,51.1,53.0,26094.0,TGNO4
2018-10-19,53.2,54.0,51.0,53.9,70596.0,TGNO4
2018-10-22,54.85,54.85,51.55,52.4,30804.0,TGNO4
2018-10-23,51.0,51.85,49.5,50.5,37804.0,TGNO4
2018-10-24,51.4,51.8,47.7,47.7,124010.0,TGNO4
2018-10-25,48.0,50.8,48.0,50.7,144486.0,TGNO4
2018-10-26,50.6,50.9,47.8,49.45,101675.0,TGNO4
2018-10-29,49.7,51.0,48.3,48.6,130901.0,TGNO4
2018-10-30,48.9,50.5,48.6,50.5,18776.0,TGNO4
2018-10-31,50.2,52.0,48.3,49.5,45388.0,TGNO4
2018-11-01,51.95,53.2,51.9,53.0,61039.0,TGNO4
2018-11-02,54.5,54.5,51.2,52.0,44182.0,TGNO4
2018-11-05,53.2,54.0,51.1,52.0,25357.0,TGNO4
2018-11-06,53.2,53.2,51.1,51.5,13457.0,TGNO4
2018-11-07,50.0,53.5,50.0,52.5,94710.0,TGNO4
2018-11-08,52.5,55.0,50.5,51.5,178713.0,TGNO4
2018-11-09,52.0,52.0,48.55,49.0,306958.0,TGNO4
2018-11-12,49.2,50.5,47.3,50.5,36212.0,TGNO4
2018-11-13,50.5,50.5,47.0,47.0,92686.0,TGNO4
2018-11-14,48.0,50.45,47.0,49.75,1428411.0,TGNO4
2018-11-15,50.5,52.35,50.5,50.5,274943.0,TGNO4
2018-11-16,51.5,52.0,50.7,50.85,55885.0,TGNO4
2018-11-20,50.45,50.5,47.5,50.5,114991.0,TGNO4
2018-11-21,49.65,52.0,49.0,49.7,128275.0,TGNO4
2018-11-22,51.2,51.2,49.15,49.8,9033.0,TGNO4
2018-11-23,51.0,51.0,48.5,50.0,18793.0,TGNO4
2018-11-26,51.5,51.95,49.4,49.6,53010.0,TGNO4
2018-11-27,49.7,50.7,46.6,49.7,150719.0,TGNO4
2018-11-28,49.5,52.0,48.0,50.25,116624.0,TGNO4
2018-11-29,51.7,52.0,50.0,51.6,40476.0,TGNO4
2018-12-03,51.95,53.3,51.4,52.0,35133.0,TGNO4
2018-12-04,53.0,53.3,51.4,53.0,197805.0,TGNO4
2018-12-05,54.0,54.0,52.2,53.25,43866.0,TGNO4
2018-12-06,52.9,56.0,51.7,54.6,179910.0,TGNO4
2018-12-07,55.0,58.0,54.5,55.9,172434.0,TGNO4
2018-12-10,56.0,56.1,52.1,55.0,169488.0,TGNO4
2018-12-11,55.5,57.4,54.5,55.0,73734.0,TGNO4
2018-12-12,56.4,56.4,55.1,56.25,75655.0,TGNO4
2018-12-13,56.5,57.2,55.75,56.8,67414.0,TGNO4
2018-12-14,56.8,58.15,56.0,58.05,114053.0,TGNO4
2018-12-17,58.5,59.0,57.0,57.7,185762.0,TGNO4
2018-12-18,57.85,58.5,57.3,57.75,73477.0,TGNO4
2018-12-19,57.4,58.5,55.35,57.0,136320.0,TGNO4
2018-12-20,56.8,56.95,54.5,56.7,179677.0,TGNO4
2018-12-21,56.3,56.3,52.2,55.7,110771.0,TGNO4
2018-12-26,55.8,55.8,51.9,55.0,158249.0,TGNO4
2018-12-27,54.0,57.4,53.5,57.35,91093.0,TGNO4
2018-12-28,57.05,59.0,55.0,57.45,55532.0,TGNO4
2019-01-02,56.0,57.85,53.2,56.45,186755.0,TGNO4
2019-01-03,56.45,56.45,54.6,55.0,78940.0,TGNO4
2019-01-04,55.3,59.1,55.3,59.0,215692.0,TGNO4
2019-01-07,58.2,62.0,58.2,61.9,114891.0,TGNO4
2019-01-08,62.0,62.3,59.0,61.2,148658.0,TGNO4
2019-01-09,61.2,63.2,60.3,63.0,214428.0,TGNO4
2019-01-10,62.4,63.3,60.5,63.0,133109.0,TGNO4
2019-01-11,63.0,63.9,61.0,63.9,75954.0,TGNO4
2019-01-14,63.9,65.5,63.2,65.0,73926.0,TGNO4
2019-01-15,65.2,66.0,64.0,65.0,73935.0,TGNO4
2019-01-16,64.9,66.1,64.0,66.1,101984.0,TGNO4
2019-01-17,64.7,66.1,63.8,66.0,55244.0,TGNO4
2019-01-18,66.0,67.4,65.1,65.1,183086.0,TGNO4
2019-01-21,65.2,66.5,65.0,66.4,324067.0,TGNO4
2019-01-22,66.3,66.9,63.5,64.1,90335.0,TGNO4
2019-01-23,64.5,66.0,64.2,65.4,172357.0,TGNO4
2019-01-24,65.0,65.9,64.8,65.4,78153.0,TGNO4
2019-01-25,65.2,66.0,63.2,63.2,46195.0,TGNO4
2019-01-28,64.3,64.3,60.6,62.5,89010.0,TGNO4
2019-01-29,63.0,64.8,62.5,64.8,58976.0,TGNO4
2019-01-30,64.9,67.0,63.0,66.2,104498.0,TGNO4
2019-01-31,65.8,67.2,65.0,66.5,444331.0,TGNO4
2019-02-01,67.0,69.5,67.0,69.5,1447850.0,TGNO4
2019-02-04,69.6,71.7,69.4,71.2,652089.0,TGNO4
2019-02-05,71.3,72.9,69.2,70.0,236700.0,TGNO4
2019-02-06,70.0,70.0,67.8,69.5,150655.0,TGNO4
2019-02-07,68.4,69.0,66.3,67.0,147211.0,TGNO4
2019-02-08,66.7,68.5,66.7,68.3,157403.0,TGNO4
2019-02-11,68.4,71.0,68.1,68.8,40846.0,TGNO4
2019-02-12,70.0,70.0,68.2,69.9,81741.0,TGNO4
2019-02-13,70.0,70.0,68.1,69.3,43532.0,TGNO4
2019-02-14,69.3,69.8,68.2,69.8,37682.0,TGNO4
2019-02-15,68.8,69.9,68.8,69.5,80239.0,TGNO4
2019-02-18,69.4,69.4,68.0,69.2,41310.0,TGNO4
2019-02-19,69.1,69.1,66.2,67.0,115701.0,TGNO4
2019-02-20,66.0,70.0,65.3,68.5,266407.0,TGNO4
2019-02-21,67.2,68.0,65.0,68.0,102379.0,TGNO4
2019-02-22,68.7,71.7,66.5,71.7,113201.0,TGNO4
2019-02-25,71.0,72.5,70.2,71.9,128067.0,TGNO4
2019-02-26,71.7,72.5,69.8,72.0,51830.0,TGNO4
2019-02-27,71.8,72.5,70.3,72.3,175168.0,TGNO4
2019-02-28,70.1,72.0,69.2,70.6,149988.0,TGNO4
2019-03-01,70.8,71.4,67.6,69.9,110154.0,TGNO4
2019-03-06,68.0,68.0,63.5,66.0,133844.0,TGNO4
2019-03-07,65.5,70.0,64.0,69.5,173130.0,TGNO4
2019-03-08,69.4,70.8,68.0,68.1,99623.0,TGNO4
2019-03-11,70.5,70.5,68.0,69.5,278473.0,TGNO4
2019-03-12,70.0,70.7,67.3,69.0,317313.0,TGNO4
2019-03-13,69.4,70.3,67.5,70.3,116316.0,TGNO4
2019-03-14,70.1,70.1,67.7,69.8,61882.0,TGNO4
2019-03-15,69.6,70.5,69.0,69.9,443357.0,TGNO4
2019-03-18,71.0,71.0,68.3,70.9,149416.0,TGNO4
2019-03-19,71.0,71.0,68.0,68.5,164251.0,TGNO4
2019-03-20,68.5,68.8,66.5,67.2,149125.0,TGNO4
2019-03-21,66.5,70.0,64.0,70.0,104789.0,TGNO4
2019-03-22,64.5,70.0,62.5,70.0,126871.0,TGNO4
2019-03-25,67.0,68.2,66.4,66.4,198698.0,TGNO4
2019-03-26,67.0,67.7,63.3,63.3,108077.0,TGNO4
2019-03-27,63.0,65.8,59.3,65.0,383256.0,TGNO4
2019-03-28,64.0,65.9,62.1,65.8,79226.0,TGNO4
2019-03-29,65.0,66.4,64.2,65.3,194230.0,TGNO4
2019-04-01,65.0,66.4,62.1,62.1,146307.0,TGNO4
2019-04-03,61.0,62.0,60.0,60.0,123587.0,TGNO4
2019-04-04,60.9,60.9,58.0,60.0,77330.0,TGNO4
2019-04-05,59.9,60.5,58.0,58.9,37360.0,TGNO4
2019-04-08,59.0,60.0,57.2,57.5,66714.0,TGNO4
2019-04-09,57.8,58.8,53.1,53.1,213444.0,TGNO4
2019-04-10,53.5,56.0,52.9,54.5,189502.0,TGNO4
2019-04-11,54.0,57.8,52.9,56.9,897423.0,TGNO4
2019-04-12,55.4,58.0,54.7,56.5,515918.0,TGNO4
2019-04-15,56.5,58.0,56.0,56.1,123900.0,TGNO4
2019-04-16,53.0,54.5,50.7,51.2,724718.0,TGNO4
2019-04-17,51.8,51.8,48.1,51.2,367618.0,TGNO4
2019-04-22,50.9,53.4,47.0,53.4,280502.0,TGNO4
2019-04-23,52.8,54.8,51.7,51.7,367888.0,TGNO4
2019-04-24,50.0,51.1,49.2,51.1,376189.0,TGNO4
2019-04-25,49.95,53.5,47.0,49.9,466176.0,TGNO4
2019-04-26,52.0,53.0,50.0,50.1,161659.0,TGNO4
2019-04-29,50.6,52.3,50.0,51.5,103440.0,TGNO4
2019-04-30,51.0,53.4,50.9,53.3,987830.0,TGNO4
2019-05-02,55.0,55.0,53.5,54.5,501020.0,TGNO4
2019-05-03,55.0,58.4,55.0,58.4,910432.0,TGNO4
2019-05-06,57.5,60.4,55.1,60.0,173558.0,TGNO4
2019-05-07,59.6,60.4,57.0,60.3,119685.0,TGNO4
2019-05-08,60.0,63.4,59.6,63.0,222477.0,TGNO4
2019-05-09,63.0,66.0,61.3,65.8,117838.0,TGNO4
2019-05-10,65.6,67.0,64.0,66.0,191745.0,TGNO4
2019-05-13,65.4,67.5,63.2,67.0,131001.0,TGNO4
2019-05-14,66.5,67.0,65.6,66.7,83780.0,TGNO4
2019-05-15,66.8,67.0,66.0,66.9,14909.0,TGNO4
2019-05-16,68.0,68.5,66.7,68.5,76936.0,TGNO4
2019-05-17,68.0,68.8,66.5,68.8,83253.0,TGNO4
2019-05-20,67.7,69.5,66.2,68.0,246856.0,TGNO4
2019-05-21,68.0,70.5,68.0,70.0,204312.0,TGNO4
2019-05-22,69.1,71.0,68.2,70.0,69829.0,TGNO4
2019-05-23,70.0,70.0,68.0,69.9,26691.0,TGNO4
2019-05-24,69.9,70.0,68.3,69.3,240776.0,TGNO4
2019-05-27,70.0,70.0,68.1,69.8,49280.0,TGNO4
2019-05-28,69.7,69.7,66.0,69.3,91511.0,TGNO4
2019-05-29,68.7,70.0,67.0,70.0,46413.0,TGNO4
2019-05-30,70.0,70.3,68.4,70.0,332582.0,TGNO4
2019-05-31,69.2,69.2,68.0,69.0,59292.0,TGNO4
2019-06-03,69.0,69.0,67.0,67.9,78163.0,TGNO4
2019-06-04,67.6,68.5,66.6,68.0,94251.0,TGNO4
2019-06-05,68.0,69.0,66.9,68.0,110302.0,TGNO4
2019-06-06,68.0,69.0,67.2,67.2,60246.0,TGNO4
2019-06-07,67.4,69.3,67.0,68.0,72072.0,TGNO4
2019-06-10,67.8,69.5,67.1,69.4,372476.0,TGNO4
2019-06-11,69.0,72.0,68.5,70.7,552652.0,TGNO4
2019-06-12,70.1,76.0,68.1,70.9,471162.0,TGNO4
2019-06-13,71.6,71.6,68.0,70.1,1083540.0,TGNO4
2019-06-14,69.7,71.8,69.5,71.0,162502.0,TGNO4
2019-06-18,70.8,72.5,70.8,71.3,728729.0,TGNO4
2019-06-19,71.9,71.9,70.0,70.3,444048.0,TGNO4
2019-06-21,69.0,71.5,69.0,71.0,363270.0,TGNO4
2019-06-24,71.0,71.0,69.5,70.0,220763.0,TGNO4
2019-06-25,70.0,70.0,67.0,69.5,805207.0,TGNO4
2019-06-26,69.0,70.7,66.5,70.0,178865.0,TGNO4
2019-06-27,70.0,70.0,68.2,68.5,475618.0,TGNO4
2019-06-28,69.3,69.5,68.1,68.7,241056.0,TGNO4
2019-07-01,68.5,69.6,66.3,67.5,364442.0,TGNO4
2019-07-02,68.0,68.6,67.0,68.0,145129.0,TGNO4
2019-07-03,68.0,68.7,67.2,68.1,111307.0,TGNO4
2019-07-04,68.0,70.0,67.2,69.8,93115.0,TGNO4
2019-07-05,69.7,70.5,69.0,70.4,178821.0,TGNO4
2019-07-10,71.0,72.0,69.0,71.2,308717.0,TGNO4
2019-07-11,71.9,71.9,69.1,70.9,450042.0,TGNO4
2019-07-12,71.2,71.5,70.5,71.1,808935.0,TGNO4
2019-07-15,70.8,73.3,69.0,70.0,162099.0,TGNO4
2019-07-16,71.8,71.8,68.7,69.0,147988.0,TGNO4
2019-07-17,68.5,71.0,68.5,69.5,510177.0,TGNO4
2019-07-18,68.7,70.3,67.1,70.0,166246.0,TGNO4
2019-07-19,70.0,70.6,68.1,69.9,162652.0,TGNO4
2019-07-22,68.3,69.0,66.1,68.9,240976.0,TGNO4
2019-07-23,68.0,69.5,67.5,68.0,72776.0,TGNO4
2019-07-24,68.1,69.9,68.1,68.3,117676.0,TGNO4
2019-07-25,69.0,69.9,68.0,69.7,88915.0,TGNO4
2019-07-26,70.0,74.1,70.0,74.1,217520.0,TGNO4
2019-07-29,73.8,78.5,72.0,78.5,1657568.0,TGNO4
2019-07-30,78.5,79.0,76.1,77.0,293747.0,TGNO4
2019-07-31,77.1,78.0,75.5,76.5,100222.0,TGNO4
2019-08-01,77.0,77.9,72.7,76.9,138804.0,TGNO4
2019-08-02,77.0,77.0,74.0,76.7,304563.0,TGNO4
2019-08-05,76.5,76.5,74.0,74.8,45101.0,TGNO4
2019-08-06,74.8,76.1,74.0,74.0,85335.0,TGNO4
2019-08-07,74.0,74.4,72.2,72.9,288467.0,TGNO4
2019-08-08,73.0,73.9,70.1,73.0,624756.0,TGNO4
2019-08-09,72.7,78.5,72.1,77.9,446083.0,TGNO4
2019-08-12,58.0,60.0,38.8,55.0,404385.0,TGNO4
2019-08-13,51.0,57.0,48.0,50.0,408364.0,TGNO4
2019-08-14,51.0,51.0,42.0,42.75,833123.0,TGNO4
2019-08-15,44.8,47.4,44.0,46.5,886016.0,TGNO4
2019-08-16,47.0,49.5,46.5,46.75,201408.0,TGNO4
2019-08-20,46.5,46.5,41.3,41.5,187417.0,TGNO4
2019-08-21,42.0,44.0,40.0,41.0,167601.0,TGNO4
2019-08-22,42.0,43.0,40.8,41.2,67038.0,TGNO4
2019-08-23,41.15,41.15,39.05,39.6,42680.0,TGNO4
2019-08-26,38.0,39.5,37.05,37.6,60160.0,TGNO4
2019-08-27,37.6,37.6,32.0,32.5,113618.0,TGNO4
2019-08-28,32.5,33.0,29.15,29.5,410956.0,TGNO4
2019-08-29,29.2,29.2,24.5,26.65,480339.0,TGNO4
2019-08-30,26.0,28.0,23.9,24.8,489803.0,TGNO4
2019-09-02,24.75,26.6,24.6,26.0,161995.0,TGNO4
2019-09-03,26.5,27.0,23.0,27.0,213665.0,TGNO4
2019-09-04,27.0,29.25,25.5,26.65,230249.0,TGNO4
2019-09-05,27.0,29.5,26.9,29.1,226864.0,TGNO4
2019-09-06,31.5,32.0,30.1,31.3,218078.0,TGNO4
2019-09-09,33.8,33.8,30.7,32.7,137740.0,TGNO4
2019-09-10,32.6,35.9,32.3,35.9,185083.0,TGNO4
2019-09-11,36.0,39.2,35.5,39.0,155805.0,TGNO4
2019-09-12,40.0,44.8,40.0,44.75,339586.0,TGNO4
2019-09-16,46.3,49.8,45.0,48.45,384294.0,TGNO4
2019-09-17,48.55,49.2,46.0,49.2,142815.0,TGNO4
2019-09-18,48.6,49.75,47.1,49.0,145571.0,TGNO4
2019-09-19,49.0,49.25,47.3,48.45,98308.0,TGNO4
2019-09-20,48.9,49.0,48.0,48.4,22206.0,TGNO4
2019-09-23,48.15,49.0,43.15,43.75,233090.0,TGNO4
2019-09-24,43.6,43.85,40.65,40.9,177326.0,TGNO4
2019-09-25,40.0,43.0,37.65,41.0,184693.0,TGNO4
2019-09-26,42.3,43.2,41.2,41.7,50013.0,TGNO4
2019-09-27,42.5,43.45,41.5,42.7,87103.0,TGNO4
2019-09-30,42.9,45.75,42.5,45.5,187322.0,TGNO4
2019-10-01,46.9,49.6,46.0,49.3,254687.0,TGNO4
2019-10-02,49.1,53.2,48.5,53.2,341863.0,TGNO4
2019-10-03,53.1,54.0,50.0,53.4,267425.0,TGNO4
2019-10-04,53.3,55.0,53.0,53.3,342187.0,TGNO4
2019-10-07,54.0,55.5,50.4,51.0,263857.0,TGNO4
2019-10-08,51.0,51.0,49.0,50.0,307643.0,TGNO4
2019-10-09,49.7,50.5,47.6,50.4,232404.0,TGNO4
2019-10-10,50.2,51.7,50.0,50.1,291231.0,TGNO4
2019-10-11,50.0,51.5,48.6,51.3,148388.0,TGNO4
2019-10-15,50.8,50.8,49.0,49.8,65219.0,TGNO4
2019-10-16,49.85,49.85,46.5,47.0,272083.0,TGNO4
2019-10-17,47.0,48.9,46.0,47.35,115628.0,TGNO4
2019-10-18,47.0,47.0,44.0,45.1,317171.0,TGNO4
2019-10-21,45.95,46.65,43.3,43.8,191015.0,TGNO4
2019-10-22,43.2,45.0,42.9,43.0,175993.0,TGNO4
2019-10-23,42.9,44.0,38.5,40.6,217351.0,TGNO4
2019-10-24,40.4,40.6,38.8,39.65,150029.0,TGNO4
2019-10-25,40.0,41.9,37.65,38.0,250540.0,TGNO4
2019-10-28,39.0,43.0,37.5,38.9,285939.0,TGNO4
2019-10-29,39.0,41.4,38.6,41.0,150624.0,TGNO4
2019-10-30,41.8,46.5,41.8,45.5,249511.0,TGNO4
2019-10-31,46.2,47.8,46.15,46.3,255525.0,TGNO4
2019-11-01,46.25,47.5,43.8,43.9,239223.0,TGNO4
2019-11-04,44.0,45.1,44.0,44.3,199690.0,TGNO4
2019-11-05,44.25,45.25,43.55,44.4,148842.0,TGNO4
2019-11-06,45.0,45.45,42.8,45.4,55041.0,TGNO4
2019-11-07,45.4,46.9,45.4,46.5,158127.0,TGNO4
2019-11-08,46.7,47.35,42.9,43.5,231442.0,TGNO4
2019-11-11,43.0,44.6,41.6,42.1,103042.0,TGNO4
2019-11-12,42.1,42.3,39.5,39.65,168184.0,TGNO4
2019-11-13,39.8,42.0,38.35,38.5,149034.0,TGNO4
2019-11-14,38.2,40.0,34.55,35.85,195182.0,TGNO4
2019-11-15,36.0,37.0,33.0,37.0,81780.0,TGNO4
2019-11-19,37.0,38.2,35.0,38.2,51913.0,TGNO4
2019-11-20,38.2,41.1,38.2,40.7,113945.0,TGNO4
2019-11-21,41.7,42.0,38.7,39.0,261477.0,TGNO4
2019-11-22,39.95,39.95,38.6,39.0,67486.0,TGNO4
2019-11-26,38.3,39.2,36.55,36.7,41751.0,TGNO4
2019-11-27,36.8,38.0,36.5,38.0,137898.0,TGNO4
2019-11-28,38.1,38.9,35.95,36.3,434742.0,TGNO4
2019-11-29,36.6,36.7,35.8,35.9,126640.0,TGNO4
2019-12-02,36.0,36.6,33.8,35.3,221077.0,TGNO4
2019-12-03,35.4,35.4,33.2,35.3,91514.0,TGNO4
2019-12-04,35.35,35.4,33.8,34.2,1399184.0,TGNO4
2019-12-05,34.8,35.75,34.0,35.0,617817.0,TGNO4
2019-12-06,35.7,36.2,34.8,35.45,1119655.0,TGNO4
2019-12-09,36.0,36.6,35.3,35.4,849018.0,TGNO4
2019-12-10,35.5,35.85,33.15,34.0,257472.0,TGNO4
2019-12-11,34.0,34.9,32.2,32.7,482891.0,TGNO4
2019-12-12,32.9,33.95,32.9,33.95,210518.0,TGNO4
2019-12-13,34.0,37.1,34.0,36.75,579281.0,TGNO4
2019-12-16,37.5,39.0,37.0,38.3,705589.0,TGNO4
2019-12-17,38.0,38.0,36.0,36.5,509650.0,TGNO4
2019-12-18,36.2,37.5,36.1,37.4,283748.0,TGNO4
2019-12-19,37.9,38.3,37.0,37.4,336385.0,TGNO4
2019-12-20,37.9,37.9,36.3,36.8,187732.0,TGNO4
2019-12-23,36.75,37.95,36.35,37.85,153454.0,TGNO4
2019-12-26,38.0,41.0,37.9,40.0,871075.0,TGNO4
2019-12-27,40.5,42.0,38.2,40.3,546645.0,TGNO4
2019-12-30,40.2,41.7,38.4,40.0,261700.0,TGNO4
2020-01-02,40.55,41.95,40.45,40.5,376438.0,TGNO4
2020-01-03,40.6,41.0,38.6,39.9,291811.0,TGNO4
2020-01-06,39.85,41.85,38.6,40.75,340619.0,TGNO4
2020-01-07,42.0,42.0,39.9,41.7,279408.0,TGNO4
2020-01-08,42.0,42.1,40.3,41.85,145671.0,TGNO4
2020-01-09,42.0,42.2,41.1,41.8,271690.0,TGNO4
2020-01-10,41.95,43.5,41.8,43.45,363044.0,TGNO4
2020-01-13,43.55,44.7,43.45,44.5,358678.0,TGNO4
2020-01-14,44.8,44.8,42.0,43.8,175541.0,TGNO4
2020-01-15,43.4,44.0,42.3,43.7,186903.0,TGNO4
2020-01-16,43.8,44.2,42.6,43.25,210760.0,TGNO4
2020-01-17,43.95,46.3,43.05,44.8,504362.0,TGNO4
2020-01-20,45.25,45.75,44.7,44.95,148690.0,TGNO4
2020-01-21,45.75,45.8,42.5,43.0,233873.0,TGNO4
2020-01-22,42.7,44.5,42.2,44.0,128316.0,TGNO4
2020-01-23,44.0,44.9,43.15,43.6,58093.0,TGNO4
2020-01-24,44.0,44.0,40.25,40.95,290516.0,TGNO4
2020-01-27,40.6,40.6,38.0,39.4,206061.0,TGNO4
2020-01-28,39.1,40.9,39.0,40.15,169640.0,TGNO4
2020-01-29,40.2,41.45,39.2,40.0,117600.0,TGNO4
2020-01-30,39.55,40.6,38.7,40.2,59086.0,TGNO4
2020-01-31,40.6,40.65,39.25,39.4,40652.0,TGNO4
2020-02-03,40.0,41.1,39.4,40.6,133250.0,TGNO4
2020-02-04,41.0,41.8,39.15,40.0,82992.0,TGNO4
2020-02-05,40.0,40.0,38.1,38.5,77883.0,TGNO4
2020-02-06,38.6,39.6,37.5,37.85,131663.0,TGNO4
2020-02-07,38.9,39.0,37.15,37.8,105301.0,TGNO4
2020-02-10,37.8,38.9,37.5,37.85,141368.0,TGNO4
2020-02-11,37.85,37.85,34.65,36.2,107993.0,TGNO4
2020-02-12,35.0,37.0,35.0,36.35,40700.0,TGNO4
2020-02-13,35.9,35.9,33.5,33.5,519310.0,TGNO4
2020-02-14,34.6,34.95,33.2,33.8,202243.0,TGNO4
2020-02-17,33.8,34.1,33.4,34.0,95942.0,TGNO4
2020-02-18,34.8,36.2,33.85,35.85,356591.0,TGNO4
2020-02-19,35.95,37.0,35.95,36.3,249761.0,TGNO4
2020-02-20,36.5,37.05,35.9,36.7,112007.0,TGNO4
2020-02-21,36.5,37.5,35.65,35.95,95352.0,TGNO4
2020-02-26,34.5,34.5,32.5,34.2,118056.0,TGNO4
2020-02-27,34.5,34.9,31.6,32.9,215031.0,TGNO4
2020-02-28,31.85,33.0,31.1,32.9,100062.0,TGNO4
2020-03-02,33.0,35.8,33.0,35.6,186369.0,TGNO4
2020-03-03,36.0,37.1,34.6,34.85,313652.0,TGNO4
2020-03-04,34.8,37.1,34.8,37.1,153661.0,TGNO4
2020-03-05,37.0,37.0,35.7,37.0,67820.0,TGNO4
2020-03-06,36.7,36.8,35.1,36.2,95486.0,TGNO4
2020-03-09,33.4,33.45,30.0,30.3,271503.0,TGNO4
2020-03-10,31.6,33.9,31.0,32.9,239194.0,TGNO4
2020-03-11,32.8,32.8,29.6,30.4,377896.0,TGNO4
2020-03-12,29.2,29.2,26.3,26.5,426368.0,TGNO4
2020-03-13,27.0,28.3,25.1,26.2,161340.0,TGNO4
2020-03-16,25.0,25.0,22.6,23.85,198715.0,TGNO4
2020-03-17,25.0,25.0,23.15,24.4,114934.0,TGNO4
2020-03-18,24.85,24.85,19.5,20.0,220660.0,TGNO4
2020-03-19,20.0,21.35,19.1,21.2,414835.0,TGNO4
2020-03-20,21.2,23.0,21.05,21.45,153043.0,TGNO4
2020-03-25,23.2,23.2,21.9,22.9,222675.0,TGNO4
2020-03-26,23.1,24.5,21.5,21.5,292659.0,TGNO4
2020-03-27,21.0,21.8,20.5,21.5,101203.0,TGNO4
2020-03-30,21.4,22.4,21.0,22.15,51261.0,TGNO4
2020-04-01,23.0,23.0,22.15,22.85,49985.0,TGNO4
2020-04-02,23.0,23.9,22.8,23.2,162889.0,TGNO4
2020-04-03,23.85,24.0,23.0,23.5,112735.0,TGNO4
2020-04-06,23.4,24.8,23.3,24.75,204179.0,TGNO4
2020-04-07,25.6,26.0,24.0,25.4,265576.0,TGNO4
2020-04-08,25.5,26.55,24.5,26.1,218443.0,TGNO4
2020-04-13,25.9,26.45,24.65,25.9,163437.0,TGNO4
2020-04-14,26.1,26.9,25.9,26.4,330567.0,TGNO4
2020-04-15,26.45,26.45,25.4,26.35,137946.0,TGNO4
2020-04-16,26.7,26.95,24.0,24.8,225534.0,TGNO4
2020-04-17,25.0,25.0,24.35,24.65,116698.0,TGNO4
2020-04-20,25.2,25.4,24.1,24.15,273198.0,TGNO4
2020-04-21,23.95,24.3,23.55,23.9,116104.0,TGNO4
2020-04-22,24.65,24.75,22.9,23.0,428874.0,TGNO4
2020-04-23,23.3,23.8,22.1,22.25,495228.0,TGNO4
2020-04-24,22.6,22.9,21.5,22.3,244176.0,TGNO4
2020-04-27,22.8,22.9,21.65,21.9,643669.0,TGNO4
2020-04-28,22.4,25.0,22.4,24.8,1286702.0,TGNO4
2020-04-29,25.6,26.5,23.5,24.4,769152.0,TGNO4
2020-04-30,24.5,25.2,23.8,25.1,604656.0,TGNO4
2020-05-04,25.0,25.25,23.5,25.1,298512.0,TGNO4
2020-05-05,25.55,27.95,25.1,27.85,764610.0,TGNO4
2020-05-06,28.0,30.95,27.9,29.8,1586674.0,TGNO4
2020-05-07,30.3,31.0,29.15,29.7,752836.0,TGNO4
2020-05-08,30.0,30.7,28.5,29.8,645587.0,TGNO4
2020-05-11,30.0,33.0,29.0,31.75,851773.0,TGNO4
2020-05-12,32.0,33.8,31.0,31.6,651336.0,TGNO4
2020-05-13,31.5,31.55,28.75,29.7,497399.0,TGNO4
2020-05-14,29.45,31.2,29.0,30.3,507255.0,TGNO4
2020-05-15,31.0,31.5,30.6,30.65,504226.0,TGNO4
2020-05-18,32.0,32.4,30.3,31.7,328105.0,TGNO4
2020-05-19,31.0,31.9,30.3,31.15,260915.0,TGNO4
2020-05-20,31.15,31.85,30.35,30.6,442853.0,TGNO4
2020-05-21,30.45,31.2,30.45,30.5,349019.0,TGNO4
2020-05-22,31.2,31.3,30.25,30.4,388677.0,TGNO4
2020-05-26,30.5,32.6,30.5,32.55,589117.0,TGNO4
2020-05-27,33.0,34.75,32.7,33.75,1060215.0,TGNO4
2020-05-28,34.6,34.6,30.5,31.0,657667.0,TGNO4
2020-05-29,31.5,31.55,29.9,30.4,313571.0,TGNO4
2020-06-01,30.5,32.3,30.5,31.85,309270.0,TGNO4
2020-06-02,32.5,34.15,32.5,34.0,374141.0,TGNO4
2020-06-03,34.2,37.9,34.2,36.15,1038038.0,TGNO4
2020-06-04,36.5,37.3,34.2,35.5,464525.0,TGNO4
2020-06-05,36.2,37.0,35.5,35.9,778968.0,TGNO4
2020-06-08,36.5,39.9,36.5,39.0,702920.0,TGNO4
2020-06-09,38.75,39.55,36.75,37.5,717162.0,TGNO4
2020-06-10,37.25,38.1,36.2,37.3,397752.0,TGNO4
2020-06-11,37.9,37.9,35.05,35.7,498445.0,TGNO4
2020-06-12,36.4,37.5,34.2,37.0,699275.0,TGNO4
2020-06-16,37.9,37.95,36.25,37.2,322272.0,TGNO4
2020-06-17,37.2,37.2,35.05,35.1,265233.0,TGNO4
2020-06-18,33.85,33.85,32.0,32.95,547203.0,TGNO4
2020-06-19,33.15,35.0,33.0,35.0,346277.0,TGNO4
2020-06-22,35.0,35.95,32.2,33.0,434357.0,TGNO4
2020-06-23,33.5,34.05,32.3,32.3,387701.0,TGNO4
2020-06-24,32.9,32.9,30.75,31.95,187756.0,TGNO4
2020-06-25,31.9,33.85,31.9,33.85,151190.0,TGNO4
2020-06-26,33.95,33.95,32.3,32.9,77612.0,TGNO4
2020-06-29,32.6,34.0,32.6,33.4,108366.0,TGNO4
2020-06-30,33.0,33.65,31.1,32.4,115696.0,TGNO4
2020-07-01,32.4,32.85,31.4,32.35,187345.0,TGNO4
2020-07-02,33.6,33.9,32.6,33.2,274388.0,TGNO4
2020-07-03,34.0,35.0,33.4,34.9,300462.0,TGNO4
2020-07-06,37.0,38.4,36.5,38.0,694018.0,TGNO4
2020-07-07,38.0,38.9,37.0,38.7,578525.0,TGNO4
2020-07-08,38.8,41.0,38.1,40.7,656635.0,TGNO4
2020-07-13,41.5,42.3,40.9,41.5,394884.0,TGNO4
2020-07-14,41.4,41.8,36.0,41.2,528215.0,TGNO4
2020-07-15,41.5,41.75,40.05,40.75,340376.0,TGNO4
2020-07-16,40.7,40.75,39.5,40.0,171561.0,TGNO4
2020-07-17,40.0,40.5,38.7,39.5,365447.0,TGNO4
2020-07-20,39.5,39.5,38.5,38.5,214599.0,TGNO4
2020-07-21,38.5,39.9,38.0,39.8,451936.0,TGNO4
2020-07-22,40.1,42.0,39.75,41.85,515165.0,TGNO4
2020-07-23,42.5,42.9,39.6,40.15,842108.0,TGNO4
2020-07-24,39.75,40.1,38.7,39.5,333675.0,TGNO4
2020-07-27,40.0,40.6,38.75,39.1,318493.0,TGNO4
2020-07-28,39.0,39.4,37.3,37.65,457384.0,TGNO4
2020-07-29,37.65,38.3,36.0,36.75,777944.0,TGNO4
2020-07-30,36.95,37.3,35.4,37.2,588988.0,TGNO4
2020-07-31,37.5,38.7,37.0,38.35,364600.0,TGNO4
2020-08-03,38.5,40.9,37.5,40.65,935363.0,TGNO4
2020-08-04,44.0,44.0,40.5,41.3,1123405.0,TGNO4
2020-08-05,42.0,43.1,40.3,40.9,374432.0,TGNO4
2020-08-06,40.8,41.9,40.8,41.5,162176.0,TGNO4
2020-08-07,41.85,42.0,41.25,41.9,484606.0,TGNO4
2020-08-10,42.0,42.75,40.7,41.3,342745.0,TGNO4
2020-08-11,42.0,43.0,41.55,42.0,990941.0,TGNO4
2020-08-12,42.4,42.5,40.15,41.45,516453.0,TGNO4
2020-08-13,41.35,45.5,41.35,45.2,1541230.0,TGNO4
2020-08-14,45.1,47.2,43.1,45.85,1149617.0,TGNO4
2020-08-18,45.5,45.5,42.1,44.2,401800.0,TGNO4
2020-08-19,44.5,46.25,44.5,45.4,451232.0,TGNO4
2020-08-20,45.5,45.5,44.0,44.75,227408.0,TGNO4
2020-08-21,45.25,46.2,44.7,45.1,402682.0,TGNO4
2020-08-24,46.0,46.0,42.5,44.7,295027.0,TGNO4
2020-08-25,45.0,45.0,41.75,43.3,253903.0,TGNO4
2020-08-26,43.05,44.2,42.4,43.05,191205.0,TGNO4
2020-08-27,42.8,43.6,41.3,41.8,145294.0,TGNO4
2020-08-28,41.7,43.2,41.3,42.85,460201.0,TGNO4
2020-08-31,43.5,44.15,41.5,43.0,192512.0,TGNO4
2020-09-01,44.1,44.1,41.8,42.35,115663.0,TGNO4
2020-09-02,42.0,42.0,38.75,40.4,161413.0,TGNO4
2020-09-03,39.0,41.2,39.0,39.8,129867.0,TGNO4
2020-09-04,40.3,42.2,39.25,41.8,202707.0,TGNO4
2020-09-07,42.95,43.0,42.5,42.6,119911.0,TGNO4
2020-09-08,42.0,42.0,40.0,40.9,87185.0,TGNO4
2020-09-09,41.95,41.95,41.3,41.4,91714.0,TGNO4
2020-09-10,42.0,42.15,41.15,41.55,143555.0,TGNO4
2020-09-11,41.5,42.05,41.25,41.9,138524.0,TGNO4
2020-09-14,42.15,42.5,38.15,40.2,108619.0,TGNO4
2020-09-15,40.45,40.45,38.5,39.5,145537.0,TGNO4
2020-09-16,39.0,39.0,36.0,36.5,564003.0,TGNO4
2020-09-17,36.1,36.55,33.5,33.9,401940.0,TGNO4
2020-09-18,33.5,36.3,33.5,35.2,331853.0,TGNO4
2020-09-21,34.2,34.8,33.6,34.45,313036.0,TGNO4
2020-09-22,33.75,34.4,32.5,32.9,369780.0,TGNO4
2020-09-23,33.0,35.0,32.7,35.0,185950.0,TGNO4
2020-09-24,35.9,37.05,35.0,36.5,339275.0,TGNO4
2020-09-25,37.45,38.4,36.2,38.3,200301.0,TGNO4
2020-09-28,38.0,38.8,36.5,37.2,161544.0,TGNO4
2020-09-29,38.0,38.0,37.1,37.25,92152.0,TGNO4
2020-09-30,37.55,38.05,36.15,36.2,110627.0,TGNO4
2020-10-01,36.7,37.95,36.45,37.9,170291.0,TGNO4
2020-10-02,38.0,38.65,36.55,38.65,116044.0,TGNO4
2020-10-05,38.6,39.25,38.2,38.5,110404.0,TGNO4
2020-10-06,39.2,39.2,37.2,37.9,209477.0,TGNO4
2020-10-07,38.0,38.65,36.7,38.4,375292.0,TGNO4
2020-10-08,38.2,39.2,38.0,39.0,134034.0,TGNO4
2020-10-09,39.0,40.05,38.1,39.35,251338.0,TGNO4
2020-10-13,40.0,41.45,38.6,41.35,379107.0,TGNO4
2020-10-14,41.0,42.5,41.0,42.3,331061.0,TGNO4
2020-10-15,42.3,42.95,41.4,42.25,263815.0,TGNO4
2020-10-16,43.0,43.8,41.75,43.4,274770.0,TGNO4
2020-10-19,43.4,48.0,43.4,46.45,918867.0,TGNO4
2020-10-20,46.6,48.6,45.5,48.4,508697.0,TGNO4
2020-10-21,48.3,49.9,48.0,49.85,586094.0,TGNO4
2020-10-22,49.6,50.1,47.6,49.3,363069.0,TGNO4
2020-10-23,49.6,49.6,47.0,49.2,345792.0,TGNO4
2020-10-26,49.5,49.5,43.0,45.5,290202.0,TGNO4
2020-10-27,45.05,45.6,42.0,43.0,415743.0,TGNO4
2020-10-28,42.7,43.1,39.35,40.5,230569.0,TGNO4
2020-10-29,40.3,42.85,39.6,42.5,197948.0,TGNO4
2020-10-30,42.0,43.2,41.05,41.7,99202.0,TGNO4
2020-11-02,41.4,43.6,41.4,43.55,202329.0,TGNO4
2020-11-03,44.0,45.9,43.6,43.95,155691.0,TGNO4
2020-11-04,44.95,45.25,42.7,44.2,169573.0,TGNO4
2020-11-05,44.3,44.8,43.6,44.0,162857.0,TGNO4
2020-11-06,44.8,44.8,42.0,44.2,99256.0,TGNO4
2020-11-09,45.3,47.0,44.8,45.4,483621.0,TGNO4
2020-11-10,45.9,46.0,44.8,45.85,549407.0,TGNO4
2020-11-11,46.15,46.5,45.2,45.7,271482.0,TGNO4
2020-11-12,46.0,46.0,43.6,43.9,97871.0,TGNO4
2020-11-13,44.7,44.7,42.5,42.5,291816.0,TGNO4
2020-11-16,43.45,43.95,42.5,42.7,295499.0,TGNO4
2020-11-17,42.8,42.9,42.05,42.7,280585.0,TGNO4
2020-11-18,43.0,43.3,42.05,43.2,557809.0,TGNO4
2020-11-19,43.2,43.3,42.1,42.5,122802.0,TGNO4
2020-11-20,42.8,42.8,42.0,42.45,160295.0,TGNO4
2020-11-24,42.95,44.6,42.75,43.4,263657.0,TGNO4
2020-11-25,43.15,46.35,43.1,45.9,410785.0,TGNO4
2020-11-26,46.4,46.8,45.5,46.45,243169.0,TGNO4
2020-11-27,47.0,47.0,45.5,46.75,173527.0,TGNO4
2020-11-30,46.85,46.85,44.5,45.2,132107.0,TGNO4
2020-12-01,45.5,46.5,45.2,46.0,125621.0,TGNO4
2020-12-02,46.45,46.45,45.4,45.7,139635.0,TGNO4
2020-12-03,46.4,46.4,45.75,45.8,147716.0,TGNO4
2020-12-04,46.5,46.5,43.0,44.35,165421.0,TGNO4
2020-12-09,44.3,44.3,42.5,43.1,320275.0,TGNO4
2020-12-10,42.5,44.3,42.4,43.2,219365.0,TGNO4
2020-12-11,43.35,45.45,43.35,44.8,186764.0,TGNO4
2020-12-14,45.5,45.5,44.5,44.85,237794.0,TGNO4
2020-12-15,44.5,45.5,43.25,44.0,142223.0,TGNO4
2020-12-16,44.7,44.7,43.55,43.6,101158.0,TGNO4
2020-12-17,43.4,44.0,43.0,43.1,214818.0,TGNO4
2020-12-18,43.0,44.0,42.6,42.6,265822.0,TGNO4
2020-12-21,42.45,42.45,40.0,41.6,141459.0,TGNO4
2020-12-22,40.5,42.0,40.15,41.85,260713.0,TGNO4
2020-12-23,42.0,43.0,40.6,42.3,319253.0,TGNO4
2020-12-28,42.8,42.95,41.2,41.65,77824.0,TGNO4
2020-12-29,42.0,43.5,41.8,43.0,210471.0,TGNO4
2020-12-30,43.6,43.6,41.8,41.8,385375.0,TGNO4
2021-01-04,41.8,42.0,40.8,41.0,122627.0,TGNO4
2021-01-05,41.0,43.0,41.0,43.0,104936.0,TGNO4
2021-01-06,43.4,43.4,41.5,42.5,113300.0,TGNO4
2021-01-07,42.95,42.95,41.75,42.35,67955.0,TGNO4
2021-01-08,42.4,42.65,41.3,41.35,83155.0,TGNO4
2021-01-11,41.0,41.5,40.4,41.0,213065.0,TGNO4
2021-01-12,40.1,42.15,40.1,41.45,218716.0,TGNO4
2021-01-13,40.5,41.7,40.4,40.5,99339.0,TGNO4
2021-01-14,40.9,40.9,40.1,40.5,143067.0,TGNO4
2021-01-15,40.5,40.7,39.05,39.7,168347.0,TGNO4
2021-01-18,40.3,40.55,38.7,39.1,100938.0,TGNO4
2021-01-19,39.2,39.6,38.9,39.1,70455.0,TGNO4
2021-01-20,39.1,39.75,37.3,38.6,284629.0,TGNO4
2021-01-21,38.5,38.5,36.45,36.8,372987.0,TGNO4
2021-01-22,36.7,38.3,35.7,37.7,157781.0,TGNO4
2021-01-25,37.75,38.5,36.45,37.65,141154.0,TGNO4
2021-01-26,37.6,38.05,37.05,37.9,113204.0,TGNO4
2021-01-27,38.8,39.95,37.7,39.95,198447.0,TGNO4
2021-01-28,40.0,41.6,39.0,40.7,179669.0,TGNO4
2021-01-29,41.5,42.0,40.05,41.75,271323.0,TGNO4
2021-02-01,42.0,42.5,41.2,41.6,51785.0,TGNO4
2021-02-02,41.45,42.1,40.6,42.05,96514.0,TGNO4
2021-02-03,42.0,42.2,41.5,42.2,155439.0,TGNO4
2021-02-04,42.25,42.35,41.05,41.5,124522.0,TGNO4
2021-02-05,41.4,42.25,41.0,41.5,63056.0,TGNO4
2021-02-08,41.3,43.15,41.3,42.85,189734.0,TGNO4
2021-02-09,42.8,43.9,42.5,43.05,92321.0,TGNO4
2021-02-10,42.5,43.1,41.5,43.0,51521.0,TGNO4
2021-02-11,43.0,43.5,41.0,42.6,73182.0,TGNO4
2021-02-12,41.6,43.25,41.0,42.6,111474.0,TGNO4
2021-02-17,42.3,44.0,42.3,44.0,217304.0,TGNO4
2021-02-18,43.95,44.6,42.1,44.6,217112.0,TGNO4
2021-02-19,44.5,44.8,43.1,44.6,216877.0,TGNO4
2021-02-22,44.9,44.9,42.6,42.6,55096.0,TGNO4
2021-02-23,43.9,43.9,41.0,41.9,101336.0,TGNO4
2021-02-24,41.9,43.0,41.8,42.95,162762.0,TGNO4
2021-02-25,41.1,43.85,41.1,42.1,40878.0,TGNO4
2021-02-26,41.0,42.05,41.0,41.3,93723.0,TGNO4
2021-03-01,41.4,41.8,40.0,41.4,123819.0,TGNO4
2021-03-02,41.8,41.8,40.15,40.3,100720.0,TGNO4
2021-03-03,40.3,41.15,39.7,40.5,126967.0,TGNO4
2021-03-04,40.3,40.3,38.7,40.0,175302.0,TGNO4
2021-03-05,38.4,40.0,38.05,39.05,272564.0,TGNO4
2021-03-08,39.0,39.8,38.0,38.0,86357.0,TGNO4
2021-03-09,37.55,38.0,36.6,36.8,228002.0,TGNO4
2021-03-10,37.1,38.5,34.0,36.5,469883.0,TGNO4
2021-03-11,36.8,37.5,36.2,37.1,180483.0,TGNO4
2021-03-12,37.9,37.9,35.9,37.4,418675.0,TGNO4
2021-03-15,37.7,39.4,37.4,39.35,276567.0,TGNO4
2021-03-16,39.85,39.85,38.0,38.7,53489.0,TGNO4
2021-03-17,38.0,38.5,37.7,37.85,149905.0,TGNO4
2021-03-18,37.85,37.85,35.9,36.15,185581.0,TGNO4
2021-03-19,36.5,37.25,36.3,36.65,120161.0,TGNO4
2021-03-22,36.0,36.95,35.3,36.45,146384.0,TGNO4
2021-03-23,37.0,37.0,35.6,35.7,63861.0,TGNO4
2021-03-25,35.5,36.0,33.7,33.75,194487.0,TGNO4
2021-03-26,34.1,35.0,32.2,33.0,129082.0,TGNO4
2021-03-29,33.0,34.4,32.95,33.9,99268.0,TGNO4
2021-03-30,34.0,34.75,33.9,34.15,56361.0,TGNO4
2021-03-31,34.9,34.9,33.1,33.4,209353.0,TGNO4
2021-04-05,33.4,34.2,32.55,33.05,223625.0,TGNO4
2021-04-06,33.5,35.0,33.1,34.9,343570.0,TGNO4
2021-04-07,35.5,35.5,33.6,34.3,410481.0,TGNO4
2021-04-08,34.3,34.65,34.05,34.25,133324.0,TGNO4
2021-04-09,33.8,34.3,33.6,34.15,52356.0,TGNO4
2021-04-12,34.45,34.5,32.55,33.5,134118.0,TGNO4
2021-04-13,33.15,34.3,32.8,33.2,58714.0,TGNO4
2021-04-14,33.5,34.3,32.9,33.0,74639.0,TGNO4
2021-04-15,33.0,33.9,30.65,32.45,220864.0,TGNO4
2021-04-16,32.0,32.9,31.35,32.45,112094.0,TGNO4
2021-04-19,33.2,33.2,32.0,32.45,90246.0,TGNO4
2021-04-20,32.1,32.45,31.0,31.7,201906.0,TGNO4
2021-04-21,32.35,35.0,31.05,34.35,538919.0,TGNO4
2021-04-22,34.6,35.75,33.1,35.4,491236.0,TGNO4
2021-04-23,35.4,37.85,34.6,36.65,336103.0,TGNO4
2021-04-26,36.65,37.6,35.5,37.1,216003.0,TGNO4
2021-04-27,36.5,37.05,36.0,37.0,168218.0,TGNO4
2021-04-28,36.95,37.0,35.65,36.95,278665.0,TGNO4
2021-04-29,36.5,37.75,36.05,36.95,104353.0,TGNO4
2021-04-30,36.05,37.45,36.05,36.35,98650.0,TGNO4
2021-05-03,35.05,36.95,35.05,35.5,58363.0,TGNO4
2021-05-04,35.5,37.5,33.8,36.6,927140.0,TGNO4
2021-05-05,36.6,37.15,36.5,36.55,136168.0,TGNO4
2021-05-06,37.1,37.1,35.9,36.05,54225.0,TGNO4
2021-05-07,36.5,36.9,36.2,36.7,92426.0,TGNO4
2021-05-10,36.5,37.55,36.2,37.25,190661.0,TGNO4
2021-05-11,37.0,37.0,36.2,36.65,44201.0,TGNO4
2021-05-12,36.95,37.6,35.6,37.2,177292.0,TGNO4
2021-05-13,37.1,37.55,35.8,37.2,152444.0,TGNO4
2021-05-14,37.2,38.5,37.0,38.15,307346.0,TGNO4
2021-05-17,38.0,38.35,36.15,38.0,223497.0,TGNO4
2021-05-18,38.25,38.25,36.6,36.95,219949.0,TGNO4
2021-05-19,36.5,37.7,36.0,36.5,55285.0,TGNO4
2021-05-20,36.65,37.4,36.0,36.6,351823.0,TGNO4
2021-05-21,36.8,36.95,35.9,36.4,173703.0,TGNO4
2021-05-26,36.25,37.3,35.7,37.2,206572.0,TGNO4
2021-05-27,37.45,38.85,37.3,38.5,361065.0,TGNO4
2021-05-28,39.0,39.65,38.5,38.7,183506.0,TGNO4
2021-05-31,39.2,40.4,38.5,40.15,342636.0,TGNO4
2021-06-01,41.05,43.1,41.05,42.8,1105401.0,TGNO4
2021-06-02,43.0,47.0,42.6,45.9,943683.0,TGNO4
2021-06-03,45.9,47.9,44.5,47.1,629137.0,TGNO4
2021-06-04,47.0,49.8,46.5,49.5,911401.0,TGNO4
2021-06-07,49.1,52.0,48.5,50.3,2423391.0,TGNO4
2021-06-08,50.3,52.0,49.35,51.2,1163477.0,TGNO4
2021-06-09,51.0,54.8,51.0,53.0,1598049.0,TGNO4
2021-06-10,53.0,54.8,50.1,50.3,1162418.0,TGNO4
2021-06-11,49.0,51.5,48.0,50.5,448465.0,TGNO4
2021-06-14,50.6,52.9,50.5,51.1,1166291.0,TGNO4
2021-06-15,52.9,54.3,51.2,54.0,576851.0,TGNO4
2021-06-16,54.0,56.5,54.0,56.1,1247227.0,TGNO4
2021-06-17,56.5,59.5,54.7,57.3,734421.0,TGNO4
2021-06-18,56.8,58.5,54.8,58.1,754599.0,TGNO4
2021-06-22,58.5,58.5,56.0,56.5,548068.0,TGNO4
2021-06-23,56.7,57.5,55.5,57.3,704862.0,TGNO4
2021-06-24,56.1,59.8,56.0,59.2,498922.0,TGNO4
2021-06-25,57.2,61.0,55.1,60.7,1020290.0,TGNO4
2021-06-28,60.7,60.7,58.8,59.1,826462.0,TGNO4
2021-06-29,59.0,59.3,56.5,56.9,512595.0,TGNO4
2021-06-30,57.0,57.9,55.5,57.0,308000.0,TGNO4
2021-07-01,57.7,57.7,54.2,55.0,405741.0,TGNO4
2021-07-02,56.3,56.3,54.1,55.5,557571.0,TGNO4
2021-07-05,56.0,56.9,55.2,56.5,362226.0,TGNO4
2021-07-06,56.5,56.5,55.7,56.1,214140.0,TGNO4
2021-07-07,56.0,57.2,55.8,56.1,126108.0,TGNO4
2021-07-08,55.9,55.9,53.7,54.1,273100.0,TGNO4
2021-07-12,53.5,56.9,52.6,56.0,145948.0,TGNO4
2021-07-13,56.1,57.0,55.1,56.4,148010.0,TGNO4
2021-07-14,57.0,57.4,55.7,55.8,297162.0,TGNO4
2021-07-15,55.5,57.0,54.6,55.1,125187.0,TGNO4
2021-07-16,55.1,55.7,54.2,54.9,178607.0,TGNO4
2021-07-19,54.0,55.2,52.3,54.7,136930.0,TGNO4
2021-07-20,55.1,55.5,54.0,55.3,120580.0,TGNO4
2021-07-21,55.9,56.5,55.6,56.2,240377.0,TGNO4
2021-07-22,56.7,57.6,56.0,56.4,187346.0,TGNO4
2021-07-23,56.4,56.8,55.0,55.5,149935.0,TGNO4
2021-07-26,55.5,56.5,53.8,54.1,180536.0,TGNO4
2021-07-27,54.1,54.6,53.5,53.9,120458.0,TGNO4
2021-07-28,54.0,54.7,52.6,52.8,138617.0,TGNO4
2021-07-29,53.1,53.5,52.6,53.0,264719.0,TGNO4
2021-07-30,53.0,53.3,51.2,51.7,202461.0,TGNO4
2021-08-02,53.6,53.6,51.2,51.3,151965.0,TGNO4
2021-08-03,51.3,53.7,50.5,53.4,194843.0,TGNO4
2021-08-04,52.5,54.1,52.0,52.0,96855.0,TGNO4
2021-08-05,52.8,53.2,52.1,53.2,157056.0,TGNO4
2021-08-06,53.2,53.9,51.6,53.1,80888.0,TGNO4
2021-08-09,53.5,56.0,52.4,54.9,273381.0,TGNO4
2021-08-10,55.0,59.7,55.0,59.3,601817.0,TGNO4
2021-08-11,59.1,62.0,58.2,60.3,657508.0,TGNO4
2021-08-12,60.9,62.4,59.3,61.9,418789.0,TGNO4
2021-08-13,61.7,62.2,59.0,59.3,191134.0,TGNO4
2021-08-17,59.5,59.8,57.2,58.2,154589.0,TGNO4
2021-08-18,57.5,60.1,57.2,59.0,196320.0,TGNO4
2021-08-19,59.0,59.0,56.2,58.3,270850.0,TGNO4
2021-08-20,58.3,60.9,58.3,60.3,200745.0,TGNO4
2021-08-23,61.1,66.4,61.1,65.8,565473.0,TGNO4
2021-08-24,65.7,70.2,65.7,69.4,804435.0,TGNO4
2021-08-25,69.9,71.5,67.5,69.1,879687.0,TGNO4
2021-08-26,69.5,71.0,67.5,69.9,586373.0,TGNO4
2021-08-27,71.5,72.5,69.7,71.1,465056.0,TGNO4
2021-08-30,72.0,76.7,72.0,75.1,745895.0,TGNO4
2021-08-31,74.8,75.2,71.0,73.9,974792.0,TGNO4
2021-09-01,73.9,75.2,70.5,71.8,442041.0,TGNO4
2021-09-02,72.2,73.5,68.7,69.9,242376.0,TGNO4
2021-09-03,71.5,71.5,69.0,70.3,201420.0,TGNO4
2021-09-06,70.0,74.6,70.0,74.4,469640.0,TGNO4
2021-09-07,75.0,79.8,75.0,78.5,793117.0,TGNO4
2021-09-08,79.0,79.7,75.0,78.3,369322.0,TGNO4
2021-09-09,79.2,80.0,74.0,74.3,370093.0,TGNO4
2021-09-10,75.0,75.4,72.6,73.5,564317.0,TGNO4
2021-09-13,81.8,85.0,76.0,78.5,1455926.0,TGNO4
2021-09-14,79.1,79.8,75.8,77.7,422001.0,TGNO4
2021-09-15,79.0,79.9,74.0,79.3,1231864.0,TGNO4
2021-09-16,78.9,86.0,76.3,85.5,505349.0,TGNO4
2021-09-17,86.6,91.0,85.5,88.8,938532.0,TGNO4
2021-09-20,87.5,87.5,80.5,81.6,506773.0,TGNO4
2021-09-21,83.0,84.5,82.1,82.4,129681.0,TGNO4
2021-09-22,85.0,87.4,83.5,84.2,356161.0,TGNO4
2021-09-23,88.0,88.0,82.0,84.2,377556.0,TGNO4
2021-09-24,85.9,85.9,81.2,81.8,224328.0,TGNO4
2021-09-27,82.0,85.0,81.5,84.4,187323.0,TGNO4
2021-09-28,84.2,84.2,81.8,83.7,110315.0,TGNO4
2021-09-29,84.3,85.9,82.2,85.5,107282.0,TGNO4
2021-09-30,85.0,87.9,85.0,87.4,102850.0,TGNO4
2021-10-01,88.0,89.3,87.0,88.7,114452.0,TGNO4
2021-10-04,89.0,90.8,88.8,89.9,213536.0,TGNO4
2021-10-05,88.1,90.7,88.1,90.0,79123.0,TGNO4
2021-10-06,90.1,90.2,88.0,89.0,84749.0,TGNO4
2021-10-07,90.0,91.0,89.0,90.2,86428.0,TGNO4
2021-10-12,91.8,96.0,91.8,94.7,143218.0,TGNO4
2021-10-13,96.0,100.0,94.1,94.9,114476.0,TGNO4
2021-10-14,95.5,95.5,93.1,93.2,113016.0,TGNO4
2021-10-15,93.0,95.3,92.5,94.8,229143.0,TGNO4
2021-10-18,94.4,96.2,93.1,94.1,276767.0,TGNO4
2021-10-19,94.9,97.9,94.9,97.0,156963.0,TGNO4
2021-10-20,97.5,102.0,97.5,98.7,586472.0,TGNO4
2021-10-21,99.0,101.0,93.0,99.3,815446.0,TGNO4
2021-10-22,101.75,104.0,99.1,103.25,540122.0,TGNO4
2021-10-25,105.0,109.75,103.75,107.5,363285.0,TGNO4
2021-10-26,108.0,109.5,105.0,108.25,328852.0,TGNO4
2021-10-27,109.0,112.0,100.0,101.25,397662.0,TGNO4
2021-10-28,100.5,105.0,99.0,102.0,248549.0,TGNO4
2021-10-29,102.0,103.25,97.0,97.4,182533.0,TGNO4
2021-11-01,100.0,100.0,94.5,98.4,310087.0,TGNO4
2021-11-02,98.9,102.0,98.0,99.8,184542.0,TGNO4
2021-11-03,101.5,102.5,97.9,102.0,180537.0,TGNO4
2021-11-04,103.0,103.0,98.9,101.75,108545.0,TGNO4
2021-11-05,102.0,102.75,99.0,99.2,201417.0,TGNO4
2021-11-08,102.25,102.25,97.7,101.5,332260.0,TGNO4
2021-11-09,102.5,103.0,97.0,99.7,196083.0,TGNO4
2021-11-10,100.0,102.0,96.0,96.7,228552.0,TGNO4
2021-11-11,97.5,97.5,92.0,93.0,689370.0,TGNO4
2021-11-12,94.5,95.0,92.0,93.4,690431.0,TGNO4
2021-11-15,94.2,96.5,90.0,92.5,273366.0,TGNO4
2021-11-16,93.9,93.9,85.1,85.6,539531.0,TGNO4
2021-11-17,85.7,88.0,81.2,85.1,413595.0,TGNO4
2021-11-18,87.5,90.0,82.6,88.2,275543.0,TGNO4
2021-11-19,89.8,90.0,84.0,86.9,252610.0,TGNO4
2021-11-23,86.9,87.5,81.5,86.3,132957.0,TGNO4
2021-11-24,86.3,88.0,85.1,87.5,70267.0,TGNO4
2021-11-25,88.0,88.5,86.1,88.2,48494.0,TGNO4
2021-11-26,86.0,87.0,79.0,83.1,90869.0,TGNO4
2021-11-29,83.5,86.0,82.6,83.2,51278.0,TGNO4
2021-11-30,83.2,87.0,82.5,86.8,109936.0,TGNO4
2021-12-01,87.0,95.0,87.0,93.3,433599.0,TGNO4
2021-12-02,95.0,99.7,94.2,97.0,354407.0,TGNO4
2021-12-03,98.0,99.8,95.6,97.1,234256.0,TGNO4
2021-12-06,98.0,101.0,97.5,99.5,175584.0,TGNO4
2021-12-07,101.0,102.5,98.1,99.2,244620.0,TGNO4
2021-12-09,99.3,100.25,93.6,94.0,212928.0,TGNO4
2021-12-10,94.5,96.7,90.1,96.3,152252.0,TGNO4
2021-12-13,99.2,99.2,90.0,91.9,105971.0,TGNO4
2021-12-14,92.8,96.0,88.2,93.4,110684.0,TGNO4
2021-12-15,94.0,95.4,89.9,93.4,127493.0,TGNO4
2021-12-16,94.0,99.0,93.5,98.8,142250.0,TGNO4
2021-12-17,99.0,99.0,95.2,98.7,168119.0,TGNO4
2021-12-20,98.5,100.5,93.8,99.9,184848.0,TGNO4
2021-12-21,99.8,99.8,96.6,97.1,135125.0,TGNO4
2021-12-22,98.6,98.7,94.0,95.1,71827.0,TGNO4
2021-12-23,95.5,96.5,92.5,93.0,80544.0,TGNO4
2021-12-27,95.0,95.4,90.0,93.5,148931.0,TGNO4
2021-12-28,94.0,95.0,90.0,91.1,79170.0,TGNO4
2021-12-29,90.0,93.8,90.0,93.6,61962.0,TGNO4
2021-12-30,93.6,96.0,91.0,94.0,123564.0,TGNO4
2022-01-03,95.0,96.8,93.1,96.5,87273.0,TGNO4
2022-01-04,94.5,98.8,93.0,96.8,164497.0,TGNO4
2022-01-05,97.1,98.0,95.0,95.1,54784.0,TGNO4
2022-01-06,97.0,97.0,93.3,93.4,39461.0,TGNO4
2022-01-07,93.2,93.2,90.8,91.6,49630.0,TGNO4
2022-01-10,91.5,92.6,89.5,90.3,65528.0,TGNO4
2022-01-11,91.5,91.9,90.1,90.9,57052.0,TGNO4
2022-01-12,90.9,91.0,90.0,90.1,71201.0,TGNO4
2022-01-13,90.1,91.5,88.5,90.0,110095.0,TGNO4
2022-01-14,91.0,91.2,88.6,88.8,46578.0,TGNO4
2022-01-17,88.8,92.4,87.1,87.7,81932.0,TGNO4
2022-01-18,87.7,88.0,83.5,84.0,113086.0,TGNO4
2022-01-19,86.9,86.9,83.5,86.2,76641.0,TGNO4
2022-01-20,86.2,87.3,84.7,86.0,101143.0,TGNO4
2022-01-21,83.5,86.0,82.5,82.7,165336.0,TGNO4
2022-01-24,82.9,82.9,76.0,76.8,202345.0,TGNO4
2022-01-25,77.5,81.0,76.9,80.8,174265.0,TGNO4
2022-01-26,81.0,83.0,79.5,79.9,186594.0,TGNO4
2022-01-27,80.0,82.3,78.2,79.6,74554.0,TGNO4
2022-01-28,83.5,85.7,81.7,85.4,409873.0,TGNO4
2022-01-31,87.5,95.0,87.5,93.8,264461.0,TGNO4
2022-02-01,92.9,101.0,87.0,99.0,573641.0,TGNO4
2022-02-02,103.25,103.25,98.1,99.8,479844.0,TGNO4
2022-02-03,99.6,99.8,95.2,97.0,150062.0,TGNO4
2022-02-04,97.5,97.5,93.4,95.3,183482.0,TGNO4
2022-02-07,96.0,101.0,92.0,100.5,300718.0,TGNO4
2022-02-08,102.0,103.25,100.0,102.0,297746.0,TGNO4
2022-02-09,101.0,104.0,98.0,98.2,120421.0,TGNO4
2022-02-10,98.5,101.5,93.5,95.8,111973.0,TGNO4
2022-02-11,94.0,99.1,93.5,98.9,109401.0,TGNO4
2022-02-14,100.0,101.0,96.0,97.6,53194.0,TGNO4
2022-02-15,97.0,98.5,96.0,97.7,58284.0,TGNO4
2022-02-16,98.5,109.0,95.1,108.25,293620.0,TGNO4
2022-02-17,108.5,109.5,104.25,106.25,355693.0,TGNO4
2022-02-18,108.0,115.25,102.0,115.0,861448.0,TGNO4
2022-02-21,115.0,119.5,112.25,117.5,471777.0,TGNO4
2022-02-22,117.5,119.25,112.25,115.75,235319.0,TGNO4
2022-02-23,117.25,117.5,111.25,116.0,350311.0,TGNO4
2022-02-24,113.75,113.75,104.0,110.0,241992.0,TGNO4
2022-02-25,112.0,112.0,107.5,109.25,170538.0,TGNO4
2022-03-02,108.0,112.0,106.0,111.0,178661.0,TGNO4
2022-03-03,113.0,113.0,107.5,111.25,262941.0,TGNO4
2022-03-04,111.25,114.25,108.5,113.75,146198.0,TGNO4
2022-03-07,115.0,116.25,110.0,114.0,166087.0,TGNO4
2022-03-08,115.0,116.25,113.0,114.25,128064.0,TGNO4
2022-03-09,115.75,115.75,105.25,107.75,186972.0,TGNO4
2022-03-10,110.0,112.0,106.0,110.5,104154.0,TGNO4
2022-03-11,114.0,118.0,106.75,107.75,227192.0,TGNO4
2022-03-14,108.0,110.0,99.7,100.5,181462.0,TGNO4
2022-03-15,99.0,103.0,96.0,100.0,183683.0,TGNO4
2022-03-16,100.0,104.5,98.5,103.5,186799.0,TGNO4
2022-03-17,105.0,105.0,101.0,103.75,108780.0,TGNO4
2022-03-18,104.5,106.25,99.0,101.5,100847.0,TGNO4
2022-03-21,101.5,104.75,101.5,102.0,60731.0,TGNO4
2022-03-22,102.75,103.25,100.0,100.25,109727.0,TGNO4
2022-03-23,101.0,103.0,100.0,101.5,100159.0,TGNO4
2022-03-25,103.0,112.0,102.75,111.25,311456.0,TGNO4
2022-03-28,112.0,112.0,108.0,109.25,249041.0,TGNO4
2022-03-29,110.0,111.5,104.75,105.5,216254.0,TGNO4
2022-03-30,105.5,108.0,104.0,106.25,115908.0,TGNO4
2022-03-31,105.0,108.0,104.25,106.0,85610.0,TGNO4
2022-04-01,105.5,111.75,105.5,111.5,232044.0,TGNO4
2022-04-04,111.75,113.25,111.0,112.5,255674.0,TGNO4
2022-04-05,110.0,114.0,110.0,110.5,79383.0,TGNO4
2022-04-06,110.0,111.5,105.0,110.0,113669.0,TGNO4
2022-04-07,112.75,112.75,110.0,111.5,119953.0,TGNO4
2022-04-08,114.0,114.0,111.0,113.5,229872.0,TGNO4
2022-04-11,113.5,114.5,110.75,112.5,96781.0,TGNO4
2022-04-12,110.5,113.75,110.5,111.25,35018.0,TGNO4
2022-04-13,112.75,112.75,109.0,112.0,82296.0,TGNO4
2022-04-18,112.0,113.5,110.0,111.5,114392.0,TGNO4
2022-04-19,110.0,111.5,109.0,110.0,40882.0,TGNO4
2022-04-20,111.75,111.75,105.0,106.25,159055.0,TGNO4
2022-04-21,106.25,107.75,101.25,102.0,206408.0,TGNO4
2022-04-22,103.0,105.0,101.0,103.25,175680.0,TGNO4
2022-04-25,100.0,103.0,99.0,101.75,118431.0,TGNO4
2022-04-26,100.0,102.0,99.0,99.4,173490.0,TGNO4
2022-04-27,99.4,104.0,98.1,100.75,161105.0,TGNO4
2022-04-28,101.0,104.0,99.6,101.75,163554.0,TGNO4
2022-04-29,103.75,104.0,98.5,98.6,45077.0,TGNO4
2022-05-02,98.6,101.75,95.3,96.2,76458.0,TGNO4
2022-05-03,96.2,100.0,95.6,98.2,281728.0,TGNO4
2022-05-04,97.0,100.0,96.1,98.1,253816.0,TGNO4
2022-05-05,98.9,98.9,95.1,95.5,191105.0,TGNO4
2022-05-06,94.9,97.1,93.5,96.3,118382.0,TGNO4
2022-05-09,93.5,95.9,88.5,92.1,76523.0,TGNO4
2022-05-10,92.0,95.0,90.6,91.5,24882.0,TGNO4
2022-05-11,92.0,94.6,92.0,92.2,96834.0,TGNO4
2022-05-12,93.0,93.4,90.0,91.4,101074.0,TGNO4
2022-05-13,91.4,94.1,91.0,92.2,120672.0,TGNO4
2022-05-16,93.1,94.5,91.2,92.0,192492.0,TGNO4
2022-05-17,93.4,94.6,91.0,91.4,171429.0,TGNO4
2022-05-19,90.6,92.8,88.7,89.9,164288.0,TGNO4
2022-05-20,90.7,91.5,87.0,88.0,88851.0,TGNO4
2022-05-23,88.4,90.5,87.5,88.5,169219.0,TGNO4
2022-05-24,89.1,92.4,87.5,91.9,152102.0,TGNO4
2022-05-26,93.1,100.0,93.1,98.3,781332.0,TGNO4
2022-05-27,99.7,101.25,99.0,100.25,205913.0,TGNO4
2022-05-30,100.25,101.25,99.2,100.0,134788.0,TGNO4
2022-05-31,99.5,100.5,96.0,96.3,190274.0,TGNO4
2022-06-01,97.0,97.9,93.5,96.2,119972.0,TGNO4
2022-06-02,93.6,98.9,93.6,98.1,43051.0,TGNO4
2022-06-03,98.0,102.25,97.0,101.0,374552.0,TGNO4
2022-06-06,103.0,104.0,95.9,96.9,546426.0,TGNO4
2022-06-07,96.8,97.7,95.2,95.9,36602.0,TGNO4
2022-06-08,95.9,98.8,91.1,92.4,176686.0,TGNO4
2022-06-09,92.3,92.9,89.5,89.9,344146.0,TGNO4
2022-06-10,89.8,91.6,88.0,91.2,75075.0,TGNO4
2022-06-13,91.7,91.7,83.7,85.1,318793.0,TGNO4
2022-06-14,87.9,88.0,85.5,86.5,379241.0,TGNO4
2022-06-15,86.5,89.0,86.5,87.6,135927.0,TGNO4
2022-06-16,87.5,87.7,80.0,81.1,298273.0,TGNO4
2022-06-21,82.5,85.0,82.2,83.8,78139.0,TGNO4
2022-06-22,84.0,84.6,79.5,79.8,350186.0,TGNO4
2022-06-23,81.8,81.8,74.4,75.0,512547.0,TGNO4
2022-06-24,75.9,76.6,73.1,74.1,547725.0,TGNO4
2022-06-27,74.0,78.0,74.0,77.4,335894.0,TGNO4
2022-06-28,75.1,80.0,75.1,80.0,238044.0,TGNO4
2022-06-29,81.0,82.5,79.1,82.4,255604.0,TGNO4
2022-06-30,82.3,83.6,81.1,82.5,289868.0,TGNO4
2022-07-01,83.5,84.5,82.7,84.1,169072.0,TGNO4
2022-07-04,81.9,82.8,76.0,80.6,461861.0,TGNO4
2022-07-05,80.4,84.0,80.0,80.4,382968.0,TGNO4
2022-07-06,82.0,82.0,78.5,81.4,525894.0,TGNO4
2022-07-07,82.2,87.9,82.2,86.7,649324.0,TGNO4
2022-07-08,87.2,92.0,86.6,91.0,476392.0,TGNO4
2022-07-11,91.9,92.0,82.5,88.7,350131.0,TGNO4
2022-07-12,89.9,91.0,87.3,89.0,211479.0,TGNO4
2022-07-13,90.9,91.0,87.4,87.7,255903.0,TGNO4
2022-07-14,87.9,88.0,85.3,86.9,174078.0,TGNO4
2022-07-15,88.7,89.9,86.6,89.5,143043.0,TGNO4
2022-07-18,90.9,92.0,89.6,90.6,184534.0,TGNO4
2022-07-19,92.0,98.0,88.7,95.2,472550.0,TGNO4
2022-07-20,95.2,98.0,92.7,97.8,329146.0,TGNO4
2022-07-21,97.3,103.0,93.5,100.5,426018.0,TGNO4
2022-07-22,101.5,105.0,98.1,104.0,347765.0,TGNO4
2022-07-25,104.0,109.75,103.25,108.25,290874.0,TGNO4
2022-07-26,108.5,110.5,104.0,106.25,304359.0,TGNO4
2022-07-27,108.25,115.0,103.0,113.5,316804.0,TGNO4
2022-07-28,115.0,119.0,110.0,117.5,461357.0,TGNO4
2022-07-29,118.0,119.5,110.25,113.25,496171.0,TGNO4
2022-08-01,113.0,115.0,109.75,113.0,512804.0,TGNO4
2022-08-02,112.0,115.0,111.0,112.25,123572.0,TGNO4
2022-08-03,113.25,113.5,110.5,113.0,178904.0,TGNO4
2022-08-04,113.5,116.5,111.0,116.5,281270.0,TGNO4
2022-08-05,118.0,130.5,116.75,129.5,1160350.0,TGNO4
2022-08-08,129.5,139.0,129.5,135.0,608203.0,TGNO4
2022-08-09,134.75,134.75,128.0,129.0,319007.0,TGNO4
2022-08-10,131.0,132.0,125.0,129.5,256829.0,TGNO4
2022-08-11,130.5,134.5,127.0,132.0,292988.0,TGNO4
2022-08-12,133.25,133.5,128.5,130.75,240157.0,TGNO4
2022-08-16,130.0,132.0,125.75,128.25,116792.0,TGNO4
2022-08-17,128.0,133.0,124.25,132.25,294714.0,TGNO4
2022-08-18,134.0,143.0,130.0,142.0,356259.0,TGNO4
2022-08-19,141.75,145.0,136.75,141.5,356315.0,TGNO4
2022-08-22,138.0,141.0,136.5,139.0,190611.0,TGNO4
2022-08-23,141.0,146.5,139.0,146.25,281970.0,TGNO4
2022-08-24,145.0,160.0,144.0,154.5,452305.0,TGNO4
2022-08-25,154.0,163.0,151.0,159.0,273586.0,TGNO4
2022-08-26,160.25,162.75,151.0,160.0,173787.0,TGNO4
2022-08-29,160.5,170.0,157.0,163.25,299052.0,TGNO4
2022-08-30,163.0,163.0,157.5,158.0,163093.0,TGNO4
2022-08-31,156.75,159.75,150.0,150.5,160236.0,TGNO4
2022-09-01,150.0,154.0,143.25,149.0,146253.0,TGNO4
2022-09-05,151.0,155.5,145.0,155.0,111503.0,TGNO4
2022-09-06,155.25,156.75,151.5,156.5,93813.0,TGNO4
2022-09-07,157.5,168.25,154.0,167.75,233078.0,TGNO4
2022-09-08,170.0,171.75,162.25,165.75,283772.0,TGNO4
2022-09-09,169.75,170.0,165.75,169.25,207032.0,TGNO4
2022-09-12,169.25,173.0,166.0,169.25,237030.0,TGNO4
2022-09-13,170.75,171.75,166.25,168.0,87551.0,TGNO4
2022-09-14,168.0,173.5,165.0,172.25,202792.0,TGNO4
2022-09-15,175.75,177.0,166.5,174.25,179003.0,TGNO4
2022-09-16,174.0,177.0,171.0,173.75,55635.0,TGNO4
2022-09-19,174.5,177.0,168.0,176.75,116311.0,TGNO4
2022-09-20,178.0,178.0,168.0,172.25,56229.0,TGNO4
2022-09-21,171.0,172.75,165.5,166.0,104676.0,TGNO4
2022-09-22,169.5,171.75,165.0,166.0,74466.0,TGNO4
2022-09-23,164.0,165.0,155.5,159.5,235052.0,TGNO4
2022-09-26,159.25,160.5,148.0,149.5,146003.0,TGNO4
2022-09-27,149.25,155.0,144.0,150.25,129667.0,TGNO4
2022-09-28,150.0,153.75,148.0,152.5,121752.0,TGNO4
2022-09-29,151.0,156.0,145.5,153.0,66206.0,TGNO4
2022-09-30,153.0,157.75,151.5,152.25,46365.0,TGNO4
2022-10-03,158.0,158.0,152.0,155.0,102869.0,TGNO4
2022-10-04,159.5,160.0,146.0,154.5,207283.0,TGNO4
2022-10-05,154.75,160.0,152.0,158.0,88756.0,TGNO4
2022-10-06,160.75,162.75,155.25,159.75,163614.0,TGNO4
2022-10-11,160.0,160.0,148.0,149.0,45531.0,TGNO4
2022-10-12,149.0,155.0,139.25,145.75,126668.0,TGNO4
2022-10-13,145.0,150.5,143.25,147.75,145421.0,TGNO4
2022-10-14,148.0,148.0,141.25,143.0,30992.0,TGNO4
2022-10-17,144.0,144.75,141.25,142.0,43085.0,TGNO4
2022-10-18,143.25,146.0,134.5,139.0,209642.0,TGNO4
2022-10-19,137.5,140.5,133.0,134.0,156382.0,TGNO4
2022-10-20,133.0,139.0,131.0,132.25,114684.0,TGNO4
2022-10-21,131.25,135.25,131.0,132.5,129371.0,TGNO4
2022-10-24,134.0,139.0,130.0,138.5,319847.0,TGNO4
2022-10-25,143.0,149.0,140.0,148.5,268755.0,TGNO4
2022-10-26,150.5,155.0,150.0,153.5,293083.0,TGNO4
2022-10-27,153.5,166.25,150.25,162.25,333199.0,TGNO4
2022-10-28,168.5,168.5,159.0,166.5,210432.0,TGNO4
2022-10-31,167.75,173.0,160.5,171.25,289156.0,TGNO4
2022-11-01,175.0,175.0,171.25,174.0,132831.0,TGNO4
2022-11-02,173.0,174.75,165.0,168.75,83562.0,TGNO4
2022-11-03,168.75,170.0,165.0,168.75,51552.0,TGNO4
2022-11-04,172.0,177.0,169.0,176.5,168231.0,TGNO4
2022-11-07,178.0,183.0,163.25,166.25,213768.0,TGNO4
2022-11-08,170.0,174.0,166.0,168.25,51363.0,TGNO4
2022-11-09,170.0,172.0,160.0,162.0,71574.0,TGNO4
2022-11-10,163.0,168.25,161.0,163.25,88326.0,TGNO4
2022-11-11,168.5,173.0,163.0,172.5,45692.0,TGNO4
2022-11-14,176.0,182.5,172.0,178.5,210540.0,TGNO4
2022-11-15,178.5,194.0,176.25,194.0,419276.0,TGNO4
2022-11-16,194.0,202.75,188.0,201.5,274417.0,TGNO4
2022-11-17,203.0,204.0,197.0,198.5,174710.0,TGNO4
2022-11-18,201.75,214.0,198.5,207.5,160695.0,TGNO4
2022-11-22,207.5,219.0,205.0,216.25,369588.0,TGNO4
2022-11-23,219.75,229.5,213.5,214.5,610602.0,TGNO4
2022-11-24,215.0,219.5,212.5,213.25,191086.0,TGNO4
2022-11-25,218.0,223.0,213.0,222.75,304148.0,TGNO4
2022-11-28,223.0,230.25,219.0,229.0,206899.0,TGNO4
2022-11-29,233.0,242.75,230.0,241.5,242877.0,TGNO4
2022-11-30,244.0,251.0,242.0,250.0,206959.0,TGNO4
2022-12-01,255.0,269.0,245.0,266.5,425945.0,TGNO4
2022-12-02,267.0,273.0,257.0,262.5,239582.0,TGNO4
2022-12-05,265.0,266.0,235.0,246.0,254114.0,TGNO4
2022-12-06,246.0,255.0,242.5,254.5,197979.0,TGNO4
2022-12-07,254.0,270.0,245.5,270.0,165261.0,TGNO4
2022-12-12,265.0,276.5,255.5,274.5,115055.0,TGNO4
2022-12-13,276.0,285.0,274.0,280.0,144958.0,TGNO4
2022-12-14,280.0,284.0,274.0,278.0,117989.0,TGNO4
2022-12-15,280.0,283.5,261.0,274.5,217385.0,TGNO4
2022-12-16,274.5,278.5,269.5,274.0,162499.0,TGNO4
2022-12-19,276.0,282.0,271.5,280.5,154823.0,TGNO4
2022-12-20,280.5,290.0,275.0,288.5,35543.0,TGNO4
2022-12-21,291.0,310.0,291.0,308.5,217541.0,TGNO4
2022-12-22,314.0,320.0,305.0,310.0,219463.0,TGNO4
2022-12-23,309.0,320.5,309.0,320.0,155665.0,TGNO4
2022-12-26,315.0,339.0,315.0,327.0,233020.0,TGNO4
2022-12-27,327.0,346.0,327.0,344.0,166352.0,TGNO4
2022-12-28,344.0,357.0,333.0,344.0,343996.0,TGNO4
2022-12-29,348.5,352.5,340.5,345.5,246108.0,TGNO4
2022-12-30,346.0,362.0,343.0,359.5,158666.0,TGNO4
2023-01-02,363.0,389.5,363.0,383.0,454462.0,TGNO4
2023-01-03,382.0,395.0,367.0,385.0,450625.0,TGNO4
2023-01-04,385.0,415.0,381.0,412.0,295379.0,TGNO4
2023-01-05,415.0,425.0,405.5,416.0,410618.0,TGNO4
2023-01-06,429.0,429.0,380.0,400.0,436940.0,TGNO4
2023-01-09,412.0,412.0,392.0,394.5,248244.0,TGNO4
2023-01-10,396.0,408.0,385.0,405.0,138164.0,TGNO4
2023-01-11,405.0,412.5,394.0,400.5,138714.0,TGNO4
2023-01-12,403.0,408.0,388.5,402.0,195688.0,TGNO4
2023-01-13,405.0,406.5,390.0,397.5,229533.0,TGNO4
2023-01-16,401.0,403.5,392.0,395.5,252741.0,TGNO4
2023-01-17,397.0,401.0,385.5,392.0,282199.0,TGNO4
2023-01-18,394.5,399.0,353.0,363.5,316841.0,TGNO4
2023-01-19,364.0,365.0,331.0,355.0,523618.0,TGNO4
2023-01-20,359.5,394.0,357.0,392.5,315468.0,TGNO4
2023-01-23,399.0,405.0,375.0,400.0,251408.0,TGNO4
2023-01-24,408.0,408.0,384.0,400.0,238085.0,TGNO4
2023-01-25,404.0,420.0,392.0,419.0,230888.0,TGNO4
2023-01-26,420.0,443.5,420.0,432.0,347002.0,TGNO4
2023-01-27,439.5,439.5,422.0,436.0,208528.0,TGNO4
2023-01-30,436.0,441.5,422.0,424.5,90240.0,TGNO4
2023-01-31,435.0,449.0,418.0,440.5,156661.0,TGNO4
2023-02-01,445.0,447.0,430.0,442.0,73515.0,TGNO4
2023-02-02,442.0,452.0,423.0,426.0,302652.0,TGNO4
2023-02-03,427.0,430.0,403.0,406.5,114003.0,TGNO4
2023-02-06,410.0,437.5,408.5,432.0,241794.0,TGNO4
2023-02-07,447.0,474.0,435.0,471.0,365725.0,TGNO4
2023-02-08,475.5,518.0,475.5,511.5,482901.0,TGNO4
2023-02-09,517.0,538.0,501.5,524.5,374352.0,TGNO4
2023-02-10,529.0,529.0,501.0,519.5,228646.0,TGNO4
2023-02-13,523.0,534.0,504.0,509.0,227329.0,TGNO4
2023-02-14,512.0,520.0,501.0,512.0,169759.0,TGNO4
2023-02-15,522.0,522.0,505.0,514.0,143946.0,TGNO4
2023-02-16,520.0,521.5,505.0,509.0,114043.0,TGNO4
2023-02-17,518.5,518.5,473.0,492.0,181441.0,TGNO4
2023-02-22,500.0,510.0,478.5,498.5,94935.0,TGNO4
2023-02-23,501.0,501.0,471.5,476.0,340733.0,TGNO4
2023-02-24,475.0,485.5,455.0,482.5,187025.0,TGNO4
2023-02-27,485.0,500.0,470.5,475.0,93871.0,TGNO4
2023-02-28,472.0,479.5,460.0,463.0,106880.0,TGNO4
2023-03-01,465.0,485.0,452.0,455.5,119687.0,TGNO4
2023-03-02,462.5,462.5,420.0,430.5,279927.0,TGNO4
2023-03-03,430.0,443.0,420.0,427.0,225378.0,TGNO4
2023-03-06,427.0,431.5,420.0,426.5,326788.0,TGNO4
2023-03-07,425.0,437.0,419.0,424.0,163597.0,TGNO4
2023-03-08,425.0,428.0,410.0,414.5,167617.0,TGNO4
2023-03-09,415.0,418.0,392.0,394.5,488394.0,TGNO4
2023-03-10,395.0,400.0,365.0,367.0,426061.0,TGNO4
2023-03-13,352.0,366.0,336.5,340.5,567141.0,TGNO4
2023-03-14,345.0,360.0,315.0,319.0,428045.0,TGNO4
2023-03-15,315.0,315.0,297.5,300.5,579652.0,TGNO4
2023-03-16,303.0,329.0,303.0,324.0,581421.0,TGNO4
2023-03-17,323.0,364.0,321.0,355.5,456211.0,TGNO4
2023-03-20,360.0,378.0,360.0,363.0,306527.0,TGNO4
2023-03-21,372.0,375.0,362.5,368.0,158164.0,TGNO4
2023-03-22,370.0,374.0,359.0,371.0,117650.0,TGNO4
2023-03-23,376.5,384.5,361.0,370.0,144612.0,TGNO4
2023-03-27,374.5,400.0,367.0,392.5,191954.0,TGNO4
2023-03-28,393.0,423.5,393.0,421.0,328843.0,TGNO4
2023-03-29,423.0,445.0,423.0,433.0,304733.0,TGNO4
2023-03-30,431.0,444.0,409.0,412.5,306996.0,TGNO4
2023-03-31,420.0,422.0,379.0,388.0,489180.0,TGNO4
2023-04-03,394.0,429.0,390.0,412.5,403158.0,TGNO4
2023-04-04,415.0,424.5,396.0,400.0,284303.0,TGNO4
2023-04-05,398.0,415.0,388.0,409.0,147446.0,TGNO4
2023-04-10,409.0,432.0,409.0,431.0,274183.0,TGNO4
2023-04-11,432.0,464.5,432.0,444.0,414756.0,TGNO4
2023-04-12,456.5,459.0,443.0,449.0,269108.0,TGNO4
2023-04-13,450.0,460.0,441.0,445.5,321251.0,TGNO4
2023-04-14,447.0,475.0,445.0,461.5,395831.0,TGNO4
2023-04-17,468.0,483.0,462.0,482.5,266388.0,TGNO4
2023-04-18,483.5,509.0,483.0,487.5,336920.0,TGNO4
2023-04-19,486.0,500.0,462.0,464.0,252793.0,TGNO4
2023-04-20,468.5,498.5,457.0,494.0,281340.0,TGNO4
2023-04-21,509.0,513.0,496.0,510.5,222148.0,TGNO4
2023-04-24,513.0,550.0,505.0,538.0,338543.0,TGNO4
2023-04-25,539.0,554.0,530.0,536.5,291216.0,TGNO4
2023-04-26,535.0,548.0,510.0,540.5,189812.0,TGNO4
2023-04-27,540.0,549.0,516.0,540.5,231623.0,TGNO4
2023-04-28,543.0,575.0,535.0,573.5,192460.0,TGNO4
2023-05-02,580.0,580.0,555.0,561.5,116895.0,TGNO4
2023-05-03,561.5,578.0,526.0,530.5,242535.0,TGNO4
2023-05-04,533.0,543.0,509.0,521.0,109025.0,TGNO4
2023-05-05,537.0,556.0,520.0,547.5,113151.0,TGNO4
2023-05-08,559.0,584.0,559.0,580.0,170879.0,TGNO4
2023-05-09,580.0,619.5,578.0,598.5,305860.0,TGNO4
2023-05-10,600.0,618.0,560.0,603.0,208091.0,TGNO4
2023-05-11,605.0,620.0,595.0,602.0,174878.0,TGNO4
2023-05-12,613.5,630.0,604.0,626.5,184044.0,TGNO4
2023-05-15,626.5,643.0,608.0,640.5,192654.0,TGNO4
2023-05-16,641.0,700.5,635.0,667.0,279646.0,TGNO4
2023-05-17,670.0,690.0,661.0,685.5,306656.0,TGNO4
2023-05-18,686.0,698.0,686.0,690.5,182051.0,TGNO4
2023-05-19,694.5,745.0,694.5,738.0,283643.0,TGNO4
2023-05-22,740.0,770.0,718.0,766.5,271610.0,TGNO4
2023-05-23,777.0,777.0,710.0,714.5,603709.0,TGNO4
2023-05-24,728.0,728.0,668.5,711.5,488549.0,TGNO4
2023-05-29,715.0,740.0,690.0,738.5,197697.0,TGNO4
2023-05-30,745.0,746.0,707.0,716.5,196484.0,TGNO4
2023-05-31,720.0,725.0,697.0,707.5,105527.0,TGNO4
2023-06-01,709.0,739.5,690.0,734.0,193473.0,TGNO4
2023-06-02,736.0,750.0,705.0,721.0,189200.0,TGNO4
2023-06-05,731.0,739.0,718.5,729.5,167795.0,TGNO4
2023-06-06,736.0,746.0,703.0,732.5,371413.0,TGNO4
2023-06-07,734.0,743.0,713.0,715.0,242320.0,TGNO4
2023-06-08,723.0,729.0,694.0,698.0,304377.0,TGNO4
2023-06-09,695.0,699.0,677.0,692.0,358232.0,TGNO4
2023-06-12,695.0,704.0,678.0,689.5,190524.0,TGNO4
2023-06-13,689.5,699.5,671.0,673.5,148331.0,TGNO4
2023-06-14,675.0,685.0,645.0,653.5,251398.0,TGNO4
2023-06-15,655.0,663.0,645.0,650.0,369252.0,TGNO4
2023-06-16,650.0,674.0,636.0,668.0,689395.0,TGNO4
2023-06-21,680.0,729.0,678.0,721.0,446954.0,TGNO4
2023-06-22,729.0,730.0,690.0,695.0,207773.0,TGNO4
2023-06-23,694.0,720.0,691.0,719.5,231219.0,TGNO4
2023-06-26,745.0,750.0,711.5,716.5,294447.0,TGNO4
2023-06-27,719.5,719.5,670.0,674.5,227808.0,TGNO4
2023-06-28,677.0,705.0,651.0,671.0,200963.0,TGNO4
2023-06-29,680.0,681.5,660.0,677.5,234553.0,TGNO4
2023-06-30,693.0,700.0,675.0,698.5,134237.0,TGNO4
2023-07-03,700.0,710.0,660.0,697.0,359620.0,TGNO4
2023-07-04,698.5,714.5,693.0,712.0,162753.0,TGNO4
2023-07-05,712.0,720.0,695.0,700.5,338865.0,TGNO4
2023-07-06,699.5,700.0,670.0,674.0,166642.0,TGNO4
2023-07-07,685.0,685.0,656.0,668.0,577349.0,TGNO4
2023-07-10,670.5,680.0,660.0,670.0,192587.0,TGNO4
2023-07-11,684.0,684.0,650.0,658.5,179852.0,TGNO4
2023-07-12,660.0,671.5,657.0,658.0,138167.0,TGNO4
2023-07-13,668.0,669.5,655.0,668.0,422763.0,TGNO4
2023-07-14,668.0,668.5,640.5,650.0,511858.0,TGNO4
2023-07-17,655.0,668.0,645.5,653.5,363207.0,TGNO4
2023-07-18,653.0,660.0,650.0,659.0,173813.0,TGNO4
2023-07-19,660.0,681.0,651.5,676.0,137569.0,TGNO4
2023-07-20,676.0,691.5,676.0,689.5,423953.0,TGNO4
2023-07-21,689.5,737.0,689.5,729.5,652325.0,TGNO4
2023-07-24,735.0,760.0,729.0,731.0,527281.0,TGNO4
2023-07-25,742.0,753.0,715.0,731.5,248200.0,TGNO4
2023-07-26,731.0,739.5,715.0,725.5,89170.0,TGNO4
2023-07-27,723.0,723.0,690.0,696.0,284892.0,TGNO4
2023-07-28,722.0,745.0,697.0,710.0,129376.0,TGNO4
2023-07-31,710.0,719.5,685.0,707.0,167357.0,TGNO4
2023-08-01,710.0,710.0,676.5,684.5,185412.0,TGNO4
2023-08-02,688.5,688.5,643.0,657.0,244862.0,TGNO4
2023-08-03,665.0,667.0,640.0,652.5,187515.0,TGNO4
2023-08-04,654.0,676.0,644.0,672.0,163703.0,TGNO4
2023-08-07,680.0,685.0,645.0,647.5,236484.0,TGNO4
2023-08-08,648.0,675.0,633.0,645.0,264763.0,TGNO4
2023-08-09,655.0,660.0,644.0,645.5,157078.0,TGNO4
2023-08-10,645.0,662.5,643.0,651.5,270524.0,TGNO4
2023-08-11,651.5,668.0,641.5,658.5,301066.0,TGNO4
2023-08-14,650.0,693.0,599.0,680.0,277296.0,TGNO4
2023-08-15,684.0,750.0,681.0,744.5,362720.0,TGNO4
2023-08-16,749.0,820.0,749.0,815.0,520888.0,TGNO4
2023-08-17,834.0,880.0,815.0,877.5,390534.0,TGNO4
2023-08-18,875.0,875.0,820.0,862.0,354727.0,TGNO4
2023-08-22,860.0,860.0,825.0,842.5,231084.0,TGNO4
2023-08-23,842.0,860.0,825.0,839.5,207426.0,TGNO4
2023-08-24,840.0,849.0,820.0,830.5,158840.0,TGNO4
2023-08-25,833.0,878.5,827.0,874.0,213268.0,TGNO4
2023-08-28,875.0,942.5,875.0,934.5,317107.0,TGNO4
2023-08-29,950.0,995.0,930.5,933.0,328121.0,TGNO4
2023-08-30,950.0,950.5,891.0,905.5,234893.0,TGNO4
2023-08-31,900.5,911.0,860.0,867.5,213787.0,TGNO4
2023-09-01,869.5,886.0,835.0,842.0,161186.0,TGNO4
2023-09-04,851.0,860.0,837.0,843.0,147641.0,TGNO4
2023-09-05,852.0,852.0,784.0,822.0,186945.0,TGNO4
2023-09-06,842.0,842.0,800.0,804.0,178619.0,TGNO4
2023-09-07,802.0,809.5,750.5,755.5,246325.0,TGNO4
2023-09-08,760.0,799.0,703.0,715.5,298735.0,TGNO4
2023-09-12,695.0,725.0,690.0,717.5,581820.0,TGNO4
2023-09-13,718.5,769.5,718.5,766.0,439053.0,TGNO4
2023-09-14,775.0,818.5,762.5,811.0,378604.0,TGNO4
2023-09-15,806.5,827.0,773.0,803.0,345323.0,TGNO4
2023-09-18,803.0,850.0,791.0,839.0,331101.0,TGNO4
2023-09-19,850.0,850.0,785.0,799.0,476760.0,TGNO4
2023-09-20,800.0,809.5,745.0,750.5,551254.0,TGNO4
2023-09-21,751.0,759.0,705.0,721.5,410367.0,TGNO4
2023-09-22,721.5,748.0,711.0,736.0,257059.0,TGNO4
2023-09-25,737.0,756.0,707.0,750.0,347264.0,TGNO4
2023-09-26,749.0,758.0,722.0,745.5,158617.0,TGNO4
2023-09-27,755.0,789.0,720.0,747.5,320950.0,TGNO4
2023-09-28,747.5,786.0,747.5,779.0,303026.0,TGNO4
2023-09-29,794.0,794.0,746.0,760.5,237322.0,TGNO4
2023-10-02,763.0,775.0,740.5,763.0,148940.0,TGNO4
2023-10-03,760.0,786.0,733.0,749.0,249864.0,TGNO4
2023-10-04,748.5,780.0,725.0,770.0,330380.0,TGNO4
2023-10-05,770.0,799.0,770.0,792.0,215174.0,TGNO4
2023-10-06,792.0,859.0,792.0,856.0,354843.0,TGNO4
2023-10-09,853.0,900.0,850.0,863.5,380601.0,TGNO4
2023-10-10,867.0,955.0,857.0,933.5,744520.0,TGNO4
2023-10-11,955.0,969.0,870.0,919.0,446292.0,TGNO4
2023-10-12,920.0,979.5,898.0,970.0,854439.0,TGNO4
2023-10-17,981.0,1025.0,981.0,1013.0,536292.0,TGNO4
2023-10-18,1013.0,1046.0,961.0,996.0,745409.0,TGNO4
2023-10-19,999.0,999.0,910.0,930.5,575406.0,TGNO4
2023-10-20,930.0,984.0,924.0,956.5,708646.0,TGNO4
2023-10-23,925.0,928.0,837.0,879.5,377636.0,TGNO4
2023-10-24,880.5,924.0,795.0,823.5,364205.0,TGNO4
2023-10-25,828.0,880.0,781.0,877.0,271585.0,TGNO4
2023-10-26,877.0,910.0,852.5,887.0,155881.0,TGNO4
2023-10-27,905.0,905.0,857.0,876.0,57874.0,TGNO4
2023-10-30,876.0,876.0,815.0,815.5,177490.0,TGNO4
2023-10-31,840.0,840.0,771.0,796.5,201565.0,TGNO4
2023-11-01,803.0,855.0,803.0,845.0,120271.0,TGNO4
2023-11-02,856.0,885.0,850.0,862.0,205715.0,TGNO4
2023-11-03,870.0,891.0,830.5,841.5,70863.0,TGNO4
2023-11-07,841.5,841.5,800.0,834.0,131924.0,TGNO4
2023-11-08,850.0,889.0,785.0,815.5,105667.0,TGNO4
2023-11-09,824.0,849.0,775.0,842.5,156811.0,TGNO4
2023-11-10,833.0,882.5,826.5,873.5,199333.0,TGNO4
2023-11-13,873.0,890.0,825.0,835.5,133083.0,TGNO4
2023-11-14,842.5,865.0,800.0,813.5,155971.0,TGNO4
2023-11-15,813.5,823.0,790.0,808.0,134022.0,TGNO4
2023-11-16,812.0,824.0,751.0,775.5,232476.0,TGNO4
2023-11-17,775.5,787.5,750.0,777.5,144495.0,TGNO4
2023-11-21,900.0,1146.5,873.0,1083.5,868161.0,TGNO4
2023-11-22,1083.5,1198.0,1045.0,1097.0,914083.0,TGNO4
2023-11-23,1090.0,1180.0,1050.0,1165.5,469385.0,TGNO4
2023-11-24,1200.0,1260.0,1167.5,1241.5,434853.0,TGNO4
2023-11-27,1250.0,1285.0,1130.0,1143.5,530701.0,TGNO4
2023-11-28,1143.0,1187.0,1015.0,1076.0,218112.0,TGNO4
2023-11-29,1099.0,1175.0,1030.0,1135.0,240800.0,TGNO4
2023-11-30,1140.0,1185.0,1050.0,1146.0,170902.0,TGNO4
2023-12-01,1160.0,1250.0,1111.0,1208.5,163802.0,TGNO4
2023-12-04,1208.5,1250.0,1140.0,1241.0,233530.0,TGNO4
2023-12-05,1240.0,1409.0,1200.0,1385.0,400320.0,TGNO4
2023-12-06,1420.0,1500.0,1310.5,1474.5,547517.0,TGNO4
2023-12-07,1500.0,1527.5,1450.0,1487.0,476460.0,TGNO4
2023-12-11,1560.0,1560.0,1416.5,1524.5,454493.0,TGNO4
2023-12-12,1545.0,1730.0,1491.5,1707.5,400239.0,TGNO4
2023-12-13,1800.0,1890.0,1616.0,1860.5,371105.0,TGNO4
2023-12-14,1860.0,1980.0,1800.0,1854.0,552812.0,TGNO4
2023-12-15,1870.0,1880.0,1651.5,1698.5,301894.0,TGNO4
2023-12-18,1740.0,1774.5,1605.0,1704.0,294092.0,TGNO4
2023-12-19,1710.0,1765.0,1658.0,1733.0,186584.0,TGNO4
2023-12-20,1733.0,1782.0,1700.0,1731.0,220366.0,TGNO4
2023-12-21,1785.0,1850.0,1619.5,1675.0,409121.0,TGNO4
2023-12-22,1690.0,1710.0,1580.0,1698.5,382146.0,TGNO4
2023-12-26,1710.0,1760.0,1605.0,1691.5,250060.0,TGNO4
2023-12-27,1710.0,1711.0,1565.0,1614.0,132245.0,TGNO4
2023-12-28,1658.5,1725.0,1560.0,1715.5,399492.0,TGNO4
2023-12-29,1730.0,1816.5,1730.0,1804.0,179827.0,TGNO4
2024-01-02,1814.0,1970.0,1805.0,1949.5,429402.0,TGNO4
2024-01-03,1980.0,2015.0,1930.0,2013.0,474665.0,TGNO4
2024-01-04,2018.0,2124.5,2000.0,2096.0,240763.0,TGNO4
2024-01-05,2135.0,2198.0,2060.0,2126.0,214563.0,TGNO4
2024-01-08,2126.0,2279.0,2115.0,2185.5,207553.0,TGNO4
2024-01-09,2200.0,2320.0,2110.0,2187.0,318429.0,TGNO4
2024-01-10,2225.0,2280.0,2107.0,2130.5,382453.0,TGNO4
2024-01-11,2195.0,2240.0,2001.5,2127.0,165944.0,TGNO4
2024-01-12,2164.5,2166.0,2050.0,2091.0,195761.0,TGNO4
2024-01-15,2135.0,2163.0,2085.0,2144.0,114203.0,TGNO4
2024-01-16,2200.0,2230.0,2156.0,2216.5,238475.0,TGNO4
2024-01-17,2250.0,2340.0,2230.0,2300.0,164274.0,TGNO4
2024-01-18,2360.0,2399.0,2220.0,2327.0,160929.0,TGNO4
2024-01-19,2380.0,2400.0,2275.0,2388.5,230834.0,TGNO4
2024-01-22,2395.0,2508.0,2395.0,2499.0,145761.0,TGNO4
2024-01-23,2523.0,2560.0,2390.0,2501.0,170866.0,TGNO4
2024-01-24,2550.0,2574.0,2440.0,2504.5,141918.0,TGNO4
2024-01-25,2534.0,2550.0,2491.0,2528.0,199491.0,TGNO4
2024-01-26,2542.0,2574.0,2400.0,2434.5,183824.0,TGNO4
2024-01-29,2450.0,2472.0,2260.0,2420.0,154153.0,TGNO4
2024-01-30,2454.0,2470.0,2395.0,2402.5,99307.0,TGNO4
2024-01-31,2424.0,2498.0,2294.0,2376.5,132812.0,TGNO4
2024-02-01,2400.0,2449.0,2330.0,2417.5,158215.0,TGNO4
2024-02-02,2440.0,2489.0,2410.0,2484.5,202144.0,TGNO4
2024-02-05,2484.5,2575.0,2340.0,2386.0,163750.0,TGNO4
2024-02-06,2390.0,2437.0,2311.5,2383.5,171183.0,TGNO4
2024-02-07,2300.0,2379.5,2065.0,2150.5,318552.0,TGNO4
2024-02-08,2155.0,2180.0,2040.0,2072.0,176941.0,TGNO4
2024-02-09,2070.0,2250.0,2005.0,2099.0,160099.0,TGNO4
2024-02-14,2105.0,2182.0,1910.0,2000.5,141474.0,TGNO4
2024-02-15,2050.0,2065.0,1880.0,1999.5,146741.0,TGNO4
2024-02-16,2012.0,2075.0,1852.0,1965.0,147491.0,TGNO4
2024-02-19,1970.0,2014.0,1926.0,1948.0,152242.0,TGNO4
2024-02-20,1959.0,1967.0,1835.5,1875.0,119531.0,TGNO4
2024-02-21,1878.0,1943.0,1801.0,1804.0,224519.0,TGNO4
2024-02-22,1826.0,1920.0,1775.0,1805.0,348916.0,TGNO4
2024-02-23,1865.0,1865.0,1749.5,1822.0,218882.0,TGNO4
2024-02-26,1820.0,1820.0,1729.5,1749.5,212645.0,TGNO4
2024-02-27,1710.0,1749.5,1610.0,1634.0,562478.0,TGNO4
2024-02-28,1634.0,1685.0,1561.0,1606.5,273540.0,TGNO4
2024-02-29,1612.0,1693.0,1565.0,1584.5,486749.0,TGNO4
2024-03-01,1620.0,1732.0,1611.0,1712.5,987659.0,TGNO4
2024-03-04,1782.0,1869.0,1721.0,1773.0,512122.0,TGNO4
2024-03-05,1774.0,1785.0,1631.0,1653.5,286600.0,TGNO4
2024-03-06,1704.0,1704.0,1561.0,1605.0,349354.0,TGNO4
2024-03-07,1630.0,1640.0,1500.0,1551.5,409673.0,TGNO4
2024-03-08,1560.0,1594.5,1503.0,1560.5,311708.0,TGNO4
2024-03-11,1599.5,1599.5,1486.0,1497.0,246133.0,TGNO4
2024-03-12,1517.0,1630.0,1517.0,1580.5,666631.0,TGNO4
2024-03-13,1593.0,1687.0,1592.0,1670.5,1160156.0,TGNO4
2024-03-14,1698.0,1780.0,1614.0,1768.5,463364.0,TGNO4
2024-03-15,1780.0,1914.0,1747.5,1874.5,549295.0,TGNO4
2024-03-18,1940.0,2050.0,1900.0,1989.0,350918.0,TGNO4
2024-03-19,2014.0,2040.0,1930.0,1944.0,542700.0,TGNO4
2024-03-20,1944.0,2030.0,1921.0,1969.0,360824.0,TGNO4
2024-03-21,1963.0,2032.5,1914.5,1995.0,213691.0,TGNO4
2024-03-22,2019.0,2059.0,1964.0,2054.0,186398.0,TGNO4
2024-03-25,2057.0,2140.0,2001.0,2073.0,223278.0,TGNO4
2024-03-26,2071.0,2120.0,2010.0,2060.5,137979.0,TGNO4
2024-03-27,2030.0,2165.0,1992.5,2117.0,338011.0,TGNO4
2024-04-03,2201.0,2293.0,2148.0,2290.0,523755.0,TGNO4
2024-04-04,2320.0,2456.0,2320.0,2367.5,509056.0,TGNO4
2024-04-05,2410.0,2525.0,2410.0,2459.0,961763.0,TGNO4
2024-04-08,2470.0,2505.0,2402.0,2426.5,355780.0,TGNO4
2024-04-09,2450.0,2490.0,2218.0,2330.5,654318.0,TGNO4
2024-04-10,2325.0,2325.0,2213.0,2263.0,270461.0,TGNO4
2024-04-11,2310.0,2310.0,2181.0,2241.5,369742.0,TGNO4
2024-04-12,2242.0,2300.0,2181.0,2249.5,149460.0,TGNO4
2024-04-15,2240.0,2278.0,2050.0,2074.0,307018.0,TGNO4
2024-04-16,2031.0,2115.0,1985.0,2106.5,308866.0,TGNO4
2024-04-17,2100.0,2155.0,2018.0,2022.5,276780.0,TGNO4
2024-04-18,2030.0,2097.5,1960.0,1970.0,415420.0,TGNO4
2024-04-19,2000.0,2040.5,1967.0,1999.0,437263.0,TGNO4
2024-04-22,2050.0,2285.0,2015.0,2272.5,285229.0,TGNO4
2024-04-23,2290.0,2330.0,2190.0,2200.0,208095.0,TGNO4
2024-04-24,2200.0,2235.5,2090.0,2100.5,208359.0,TGNO4
2024-04-25,2120.0,2199.0,2051.0,2191.0,236883.0,TGNO4
2024-04-26,2250.0,2350.0,2164.0,2285.5,197929.0,TGNO4
2024-04-29,2300.0,2390.0,2200.0,2349.5,139445.0,TGNO4
2024-04-30,2410.0,2439.0,2345.0,2395.0,224342.0,TGNO4
2024-05-02,2415.0,2525.0,2351.0,2507.0,226892.0,TGNO4
2024-05-03,2540.0,2700.0,2532.5,2671.0,363538.0,TGNO4
2024-05-06,2680.0,2735.0,2551.0,2606.0,634256.0,TGNO4
2024-05-07,2670.0,2693.5,2500.0,2631.0,414658.0,TGNO4
2024-05-08,2720.0,2725.0,2510.0,2534.0,298364.0,TGNO4
2024-05-09,2520.0,2550.0,2419.0,2488.0,360332.0,TGNO4
2024-05-10,2479.5,2498.5,2365.0,2447.0,319318.0,TGNO4
2024-05-13,2469.0,2490.0,2331.0,2379.0,247048.0,TGNO4
2024-05-14,2400.0,2498.0,2351.5,2454.5,183679.0,TGNO4
2024-05-15,2500.0,2670.0,2470.0,2663.0,282542.0,TGNO4
2024-05-16,2690.0,2800.5,2560.0,2790.5,440505.0,TGNO4
2024-05-17,2800.5,2849.0,2680.0,2720.0,504607.0,TGNO4
2024-05-20,2680.0,2785.0,2630.0,2774.0,200918.0,TGNO4
2024-05-21,2720.0,2846.0,2700.0,2749.5,256966.0,TGNO4
2024-05-22,2760.0,2785.0,2607.0,2670.5,256187.0,TGNO4
2024-05-23,2666.0,2699.0,2610.0,2651.5,144380.0,TGNO4
2024-05-24,2650.0,2736.0,2610.0,2700.5,120396.0,TGNO4
2024-05-27,2775.0,2844.5,2720.0,2832.0,136835.0,TGNO4
2024-05-28,2830.0,2934.0,2730.0,2908.0,222459.0,TGNO4
2024-05-29,2909.0,2950.0,2871.0,2920.0,152071.0,TGNO4
2024-05-30,2932.0,3100.0,2931.0,3065.0,299981.0,TGNO4
2024-05-31,3065.0,3116.0,2932.0,3091.0,189706.0,TGNO4
2024-06-03,3080.0,3093.0,3000.0,3072.0,116981.0,TGNO4
2024-06-04,3069.0,3069.0,2840.0,2848.5,287641.0,TGNO4
2024-06-05,2850.0,2919.0,2671.0,2821.5,395391.0,TGNO4
2024-06-06,2775.0,2888.5,2598.5,2663.5,495149.0,TGNO4
2024-06-07,2666.0,2800.0,2620.0,2787.0,158528.0,TGNO4
2024-06-10,2787.0,2862.0,2731.0,2860.5,204089.0,TGNO4
2024-06-11,2860.0,2899.0,2773.0,2805.5,119736.0,TGNO4
2024-06-12,2805.0,2898.0,2789.0,2843.0,174493.0,TGNO4
2024-06-13,2887.0,3132.0,2887.0,2997.5,300662.0,TGNO4
2024-06-14,3005.0,3050.0,2941.0,3013.0,183646.0,TGNO4
2024-06-18,3007.5,3015.0,2901.0,2956.5,91145.0,TGNO4
2024-06-19,2984.0,3039.5,2885.0,2999.0,97461.0,TGNO4
2024-06-24,2978.5,2978.5,2850.0,2933.0,157778.0,TGNO4
2024-06-25,2950.0,3035.0,2874.5,2908.5,148973.0,TGNO4
2024-06-26,2910.0,2978.0,2850.5,2873.0,103163.0,TGNO4
2024-06-27,2890.0,3049.0,2833.0,3034.5,210508.0,TGNO4
2024-06-28,3050.0,3080.0,2940.0,3032.5,141764.0,TGNO4
2024-07-01,3031.5,3140.0,2900.0,2963.5,143324.0,TGNO4
2024-07-02,2950.0,3090.0,2932.0,3018.5,101408.0,TGNO4
2024-07-03,3015.5,3073.0,2943.5,2988.0,101387.0,TGNO4
2024-07-04,2995.5,3017.5,2945.0,2989.5,100008.0,TGNO4
2024-07-05,3075.0,3079.5,2970.0,3053.5,114859.0,TGNO4
2024-07-08,3070.0,3119.0,3042.0,3100.5,98405.0,TGNO4
2024-07-10,3150.0,3310.0,3115.0,3305.0,183360.0,TGNO4
2024-07-11,3315.0,3520.0,3315.0,3365.0,243278.0,TGNO4
2024-07-12,3365.0,3450.0,3260.0,3435.0,187209.0,TGNO4
2024-07-15,3350.0,3450.0,2850.0,3025.0,212194.0,TGNO4
2024-07-16,3010.0,3145.0,2800.0,3130.0,284943.0,TGNO4
2024-07-17,3155.0,3230.0,3000.0,3155.0,137738.0,TGNO4
2024-07-18,3230.0,3230.0,3160.0,3185.0,93410.0,TGNO4
2024-07-19,3195.0,3270.0,3160.0,3175.0,89330.0,TGNO4
2024-07-22,3175.0,3250.0,3140.0,3185.0,85419.0,TGNO4
2024-07-23,3190.0,3210.0,3150.0,3190.0,174011.0,TGNO4
2024-07-24,3190.0,3295.0,3050.0,3105.0,178036.0,TGNO4
2024-07-25,3140.0,3140.0,2955.0,3000.0,252137.0,TGNO4
2024-07-26,3005.0,3065.0,2900.0,2925.0,247776.0,TGNO4
2024-07-29,2930.0,2955.0,2745.0,2800.0,208814.0,TGNO4
2024-07-30,2800.0,2850.0,2665.0,2665.0,319329.0,TGNO4
2024-07-31,2705.0,2835.0,2680.0,2795.0,221788.0,TGNO4
2024-08-01,2840.0,2930.0,2700.0,2870.0,128210.0,TGNO4
2024-08-02,2800.0,2890.0,2680.0,2755.0,139424.0,TGNO4
2024-08-05,2650.0,2790.0,2505.0,2770.0,270753.0,TGNO4
2024-08-06,2880.0,2900.0,2805.0,2885.0,118624.0,TGNO4
2024-08-07,2910.0,2980.0,2810.0,2830.0,133468.0,TGNO4
2024-08-08,2850.0,2945.0,2840.0,2875.0,194352.0,TGNO4
2024-08-09,2885.0,2960.0,2815.0,2950.0,107203.0,TGNO4
2024-08-12,2955.0,3060.0,2830.0,2915.0,145627.0,TGNO4
2024-08-13,2985.0,2995.0,2865.0,2895.0,338179.0,TGNO4
2024-08-14,2965.0,2975.0,2880.0,2890.0,211643.0,TGNO4
2024-08-15,2890.0,2985.0,2890.0,2920.0,216160.0,TGNO4
2024-08-16,2920.0,3020.0,2900.0,3000.0,306602.0,TGNO4
2024-08-19,3020.0,3030.0,2940.0,2970.0,320831.0,TGNO4
2024-08-20,2975.0,3015.0,2920.0,2950.0,167386.0,TGNO4
2024-08-21,2935.0,2970.0,2840.0,2870.0,118151.0,TGNO4
2024-08-22,2930.0,2930.0,2740.0,2890.0,256775.0,TGNO4
2024-08-23,2890.0,2990.0,2855.0,2870.0,156813.0,TGNO4
2024-08-26,2950.0,2950.0,2800.0,2875.0,205804.0,TGNO4
2024-08-27,2900.0,2925.0,2840.0,2910.0,83115.0,TGNO4
2024-08-28,2915.0,2915.0,2865.0,2890.0,174603.0,TGNO4
2024-08-29,2890.0,3030.0,2885.0,2930.0,159831.0,TGNO4
2024-08-30,2980.0,3160.0,2980.0,3015.0,311783.0,TGNO4
2024-09-02,3020.0,3090.0,3010.0,3070.0,215256.0,TGNO4
2024-09-03,3070.0,3225.0,3000.0,3135.0,407809.0,TGNO4
2024-09-04,3165.0,3260.0,3040.0,3200.0,348363.0,TGNO4
2024-09-05,3200.0,3300.0,3175.0,3195.0,230685.0,TGNO4
2024-09-06,3200.0,3265.0,3030.0,3110.0,138746.0,TGNO4
2024-09-09,3110.0,3200.0,3085.0,3130.0,104328.0,TGNO4
2024-09-10,3155.0,3165.0,3010.0,3155.0,274466.0,TGNO4
2024-09-11,3160.0,3355.0,3140.0,3320.0,298957.0,TGNO4
2024-09-12,3325.0,3390.0,3225.0,3285.0,220213.0,TGNO4
2024-09-13,3300.0,3340.0,3220.0,3260.0,207160.0,TGNO4
2024-09-16,3300.0,3340.0,3200.0,3235.0,214347.0,TGNO4
2024-09-17,3235.0,3310.0,3200.0,3260.0,166937.0,TGNO4
2024-09-18,3280.0,3330.0,3200.0,3235.0,83609.0,TGNO4
2024-09-19,3255.0,3340.0,3210.0,3285.0,130450.0,TGNO4
2024-09-20,3330.0,3345.0,3175.0,3200.0,165727.0,TGNO4
2024-09-23,3200.0,3235.0,3085.0,3165.0,190297.0,TGNO4
2024-09-24,3180.0,3335.0,3175.0,3320.0,353092.0,TGNO4
2024-09-25,3350.0,3450.0,3255.0,3335.0,674751.0,TGNO4
2024-09-26,3340.0,3430.0,3310.0,3350.0,332073.0,TGNO4
2024-09-27,3350.0,3430.0,3305.0,3415.0,317758.0,TGNO4
2024-09-30,3295.0,3350.0,3085.0,3180.0,193930.0,TGNO4
2024-10-01,3180.0,3210.0,3095.0,3165.0,270781.0,TGNO4
2024-10-02,3225.0,3235.0,3065.0,3075.0,184736.0,TGNO4
2024-10-03,3050.0,3170.0,3000.0,3145.0,166367.0,TGNO4
2024-10-04,3150.0,3195.0,3110.0,3120.0,178007.0,TGNO4
2024-10-07,3120.0,3130.0,3010.0,3075.0,118125.0,TGNO4
2024-10-08,3070.0,3100.0,3015.0,3085.0,124319.0,TGNO4
2024-10-09,3080.0,3190.0,3035.0,3105.0,337595.0,TGNO4
2024-10-10,3100.0,3170.0,3055.0,3065.0,188694.0,TGNO4
2024-10-14,3065.0,3165.0,3005.0,3070.0,114763.0,TGNO4
2024-10-15,3070.0,3120.0,3020.0,3095.0,254949.0,TGNO4
2024-10-16,3070.0,3140.0,2950.0,2985.0,121545.0,TGNO4
2024-10-17,3000.0,3065.0,2990.0,3045.0,134142.0,TGNO4
2024-10-18,3045.0,3100.0,2920.0,3080.0,312353.0,TGNO4
2024-10-21,3130.0,3130.0,3025.0,3045.0,152029.0,TGNO4
2024-10-22,3090.0,3090.0,3000.0,3005.0,112298.0,TGNO4
2024-10-23,3000.0,3030.0,2900.0,2960.0,75275.0,TGNO4
2024-10-24,2990.0,3055.0,2920.0,3025.0,173482.0,TGNO4
2024-10-25,3030.0,3080.0,2905.0,3005.0,309991.0,TGNO4
2024-10-28,3005.0,3060.0,2930.0,3010.0,321747.0,TGNO4
2024-10-29,3010.0,3335.0,2975.0,3285.0,1079413.0,TGNO4
2024-10-30,3300.0,3350.0,3230.0,3290.0,213653.0,TGNO4
2024-10-31,3360.0,3360.0,3200.0,3225.0,187395.0,TGNO4
2024-11-01,3280.0,3350.0,3100.0,3275.0,208125.0,TGNO4
2024-11-04,3200.0,3385.0,3200.0,3360.0,310509.0,TGNO4
2024-11-05,3375.0,3495.0,3350.0,3460.0,417266.0,TGNO4
2024-11-06,3500.0,3650.0,3350.0,3380.0,257371.0,TGNO4
2024-11-07,3370.0,3535.0,3335.0,3485.0,242106.0,TGNO4
2024-11-08,3570.0,3575.0,3250.0,3360.0,396453.0,TGNO4
2024-11-11,3290.0,3450.0,3255.0,3380.0,176768.0,TGNO4
2024-11-12,3380.0,3500.0,3340.0,3495.0,267495.0,TGNO4
2024-11-13,3505.0,3590.0,3500.0,3560.0,329902.0,TGNO4
2024-11-14,3560.0,3760.0,3550.0,3740.0,399523.0,TGNO4
2024-11-15,3720.0,3875.0,3660.0,3690.0,478815.0,TGNO4
2024-11-19,3820.0,3950.0,3780.0,3815.0,499960.0,TGNO4
2024-11-20,3825.0,3895.0,3700.0,3835.0,293392.0,TGNO4
2024-11-21,3850.0,4260.0,3825.0,4025.0,573675.0,TGNO4
2024-11-22,4090.0,4200.0,3965.0,4115.0,466084.0,TGNO4
2024-11-25,4175.0,4325.0,4100.0,4225.0,636854.0,TGNO4
2024-11-26,4260.0,4340.0,4135.0,4170.0,715963.0,TGNO4
2024-11-27,4180.0,4230.0,4010.0,4105.0,402923.0,TGNO4
2024-11-28,4105.0,4160.0,4010.0,4155.0,272800.0,TGNO4
2024-11-29,4210.0,4210.0,4085.0,4155.0,309545.0,TGNO4
2024-12-02,4160.0,4280.0,4110.0,4140.0,684998.0,TGNO4
2024-12-03,4200.0,4310.0,4105.0,4145.0,434018.0,TGNO4
2024-12-04,4170.0,4200.0,3875.0,3960.0,303894.0,TGNO4
2024-12-05,3900.0,3995.0,3800.0,3850.0,439196.0,TGNO4
2024-12-06,3870.0,3920.0,3705.0,3895.0,306866.0,TGNO4
2024-12-09,3820.0,3940.0,3820.0,3905.0,335657.0,TGNO4
2024-12-10,3920.0,3980.0,3850.0,3945.0,1395168.0,TGNO4
2024-12-11,3950.0,4050.0,3890.0,4040.0,1385932.0,TGNO4
2024-12-12,4060.0,4145.0,3920.0,3955.0,560501.0,TGNO4
2024-12-13,3970.0,4075.0,3925.0,4050.0,620544.0,TGNO4
2024-12-16,4100.0,4235.0,4075.0,4180.0,794109.0,TGNO4
2024-12-17,4200.0,4385.0,4130.0,4370.0,703064.0,TGNO4
2024-12-18,4390.0,4480.0,4140.0,4175.0,613312.0,TGNO4
2024-12-19,4175.0,4275.0,3985.0,4055.0,427916.0,TGNO4
2024-12-20,4095.0,4185.0,3905.0,4145.0,282331.0,TGNO4
2024-12-23,4145.0,4280.0,4100.0,4165.0,196062.0,TGNO4
2024-12-24,4125.0,4210.0,4125.0,4200.0,115982.0,TGNO4
2024-12-26,4250.0,4285.0,4170.0,4225.0,310269.0,TGNO4
2024-12-27,4200.0,4220.0,3970.0,4125.0,273323.0,TGNO4
2024-12-30,4115.0,4115.0,3940.0,3950.0,284588.0,TGNO4
2025-01-02,3950.0,4240.0,3940.0,4200.0,385487.0,TGNO4
2025-01-03,4210.0,4420.0,4110.0,4390.0,515870.0,TGNO4
2025-01-06,4430.0,4500.0,4310.0,4450.0,313775.0,TGNO4
2025-01-07,4490.0,4520.0,4400.0,4490.0,410756.0,TGNO4
2025-01-08,4540.0,4540.0,4300.0,4375.0,382110.0,TGNO4
2025-01-09,4395.0,4455.0,4265.0,4315.0,295692.0,TGNO4
2025-01-10,4380.0,4380.0,4025.0,4095.0,594771.0,TGNO4
2025-01-13,4110.0,4125.0,3880.0,3960.0,354688.0,TGNO4
2025-01-14,3965.0,4170.0,3910.0,4085.0,273106.0,TGNO4
2025-01-15,4150.0,4240.0,3950.0,4155.0,330067.0,TGNO4
2025-01-16,4150.0,4155.0,4000.0,4095.0,218099.0,TGNO4
2025-01-17,4040.0,4175.0,3720.0,3755.0,442622.0,TGNO4
2025-01-20,3800.0,3845.0,3720.0,3795.0,560637.0,TGNO4
2025-01-21,3810.0,3895.0,3740.0,3865.0,282324.0,TGNO4
2025-01-22,3865.0,3945.0,3750.0,3925.0,362135.0,TGNO4
2025-01-23,3950.0,3980.0,3810.0,3855.0,169542.0,TGNO4
2025-01-24,3860.0,3910.0,3565.0,3865.0,217313.0,TGNO4
2025-01-27,3880.0,3880.0,3610.0,3640.0,350947.0,TGNO4
2025-01-28,3640.0,3760.0,3510.0,3610.0,221562.0,TGNO4
2025-01-29,3630.0,3800.0,3570.0,3790.0,181139.0,TGNO4
2025-01-30,3855.0,4000.0,3800.0,3990.0,331317.0,TGNO4
2025-01-31,4050.0,4190.0,3900.0,3915.0,115531.0,TGNO4
2025-02-03,3750.0,3825.0,3610.0,3740.0,175098.0,TGNO4
2025-02-04,3800.0,3900.0,3750.0,3795.0,91769.0,TGNO4
2025-02-05,3800.0,3800.0,3690.0,3745.0,84422.0,TGNO4
2025-02-06,3745.0,3865.0,3650.0,3685.0,142883.0,TGNO4
2025-02-07,3695.0,3770.0,3405.0,3490.0,321740.0,TGNO4
2025-02-10,3515.0,3570.0,3395.0,3435.0,224587.0,TGNO4
2025-02-11,3465.0,3465.0,3150.0,3320.0,894391.0,TGNO4
2025-02-12,3290.0,3500.0,3210.0,3370.0,513013.0,TGNO4
2025-02-13,3430.0,3700.0,3390.0,3645.0,280806.0,TGNO4
2025-02-14,3690.0,3800.0,3540.0,3695.0,453002.0,TGNO4
2025-02-17,3570.0,3605.0,3400.0,3520.0,462980.0,TGNO4
2025-02-18,3520.0,3785.0,3460.0,3725.0,340144.0,TGNO4
2025-02-19,3805.0,3805.0,3655.0,3720.0,294745.0,TGNO4
2025-02-20,3670.0,3800.0,3635.0,3745.0,155693.0,TGNO4
2025-02-21,3805.0,3835.0,3715.0,3770.0,138499.0,TGNO4
2025-02-24,3850.0,3850.0,3725.0,3780.0,122578.0,TGNO4
2025-02-25,3820.0,3820.0,3530.0,3680.0,224381.0,TGNO4
2025-02-26,3720.0,3745.0,3560.0,3595.0,159913.0,TGNO4
2025-02-27,3590.0,3620.0,3360.0,3415.0,201259.0,TGNO4
2025-02-28,3500.0,3540.0,3210.0,3390.0,305530.0,TGNO4
2025-03-05,3390.0,3520.0,3330.0,3500.0,254099.0,TGNO4
2025-03-06,3530.0,3550.0,3380.0,3455.0,173366.0,TGNO4
2025-03-07,3485.0,3600.0,3370.0,3525.0,178538.0,TGNO4
2025-03-10,3515.0,3515.0,3130.0,3330.0,319846.0,TGNO4
2025-03-11,3350.0,3430.0,3200.0,3275.0,377124.0,TGNO4
2025-03-12,3310.0,3550.0,3245.0,3515.0,406383.0,TGNO4
2025-03-13,3590.0,3600.0,3410.0,3510.0,138221.0,TGNO4
2025-03-14,3550.0,3660.0,3520.0,3635.0,198585.0,TGNO4
2025-03-17,3635.0,3710.0,3590.0,3675.0,112809.0,TGNO4
2025-03-18,3665.0,3665.0,3430.0,3510.0,319722.0,TGNO4
2025-03-19,3450.0,3860.0,3380.0,3730.0,281034.0,TGNO4
2025-03-20,3800.0,3830.0,3600.0,3670.0,206422.0,TGNO4
2025-03-21,3670.0,3715.0,3560.0,3690.0,241481.0,TGNO4
2025-03-25,3705.0,3745.0,3660.0,3690.0,580843.0,TGNO4
2025-03-26,3685.0,3700.0,3555.0,3570.0,236148.0,TGNO4
2025-03-27,3600.0,3675.0,3500.0,3595.0,490453.0,TGNO4
2025-03-28,3590.0,3590.0,3440.0,3505.0,153836.0,TGNO4
2025-03-31,3485.0,3505.0,3320.0,3445.0,227528.0,TGNO4
2025-04-01,3525.0,3525.0,3355.0,3405.0,194530.0,TGNO4
2025-04-03,3300.0,3345.0,3205.0,3275.0,191520.0,TGNO4
2025-04-04,3160.0,3185.0,2855.0,3080.0,599124.0,TGNO4
2025-04-07,3000.0,3070.0,2850.0,2860.0,366645.0,TGNO4
2025-04-08,2920.0,3025.0,2475.0,2515.0,729830.0,TGNO4
2025-04-09,2540.0,2800.0,2300.0,2730.0,774019.0,TGNO4
2025-04-10,2730.0,2900.0,2560.0,2740.0,322117.0,TGNO4
2025-04-11,2850.0,2960.0,2780.0,2890.0,555636.0,TGNO4
2025-04-14,3085.0,3260.0,3000.0,3195.0,358691.0,TGNO4
2025-04-15,3260.0,3270.0,3005.0,3185.0,320927.0,TGNO4
2025-04-16,3230.0,3290.0,3020.0,3055.0,270774.0,TGNO4
2025-04-21,3055.0,3090.0,2800.0,2990.0,402459.0,TGNO4
2025-04-22,3030.0,3260.0,3030.0,3230.0,255722.0,TGNO4
2025-04-23,3280.0,3550.0,3280.0,3405.0,440876.0,TGNO4
2025-04-24,3420.0,3600.0,3265.0,3335.0,263945.0,TGNO4
2025-04-25,3390.0,3390.0,3190.0,3245.0,263977.0,TGNO4
2025-04-28,3245.0,3290.0,3140.0,3185.0,92472.0,TGNO4
2025-04-29,3115.0,3270.0,3015.0,3155.0,285731.0,TGNO4
2025-04-30,3100.0,3160.0,3035.0,3075.0,197975.0,TGNO4
2025-05-05,3060.0,3090.0,2960.0,3000.0,271601.0,TGNO4
2025-05-06,2975.0,3095.0,2970.0,3030.0,193168.0,TGNO4
2025-05-07,3020.0,3235.0,3020.0,3165.0,427115.0,TGNO4
2025-05-08,3175.0,3350.0,3165.0,3285.0,241731.0,TGNO4
2025-05-09,3305.0,3450.0,3215.0,3365.0,259681.0,TGNO4
2025-05-12,3440.0,3725.0,3400.0,3710.0,346765.0,TGNO4
2025-05-13,3790.0,3890.0,3650.0,3855.0,457028.0,TGNO4
2025-05-14,3450.0,3630.0,3305.0,3480.0,530097.0,TGNO4
2025-05-15,3390.0,3820.0,3250.0,3680.0,735725.0,TGNO4
2025-05-16,3750.0,3785.0,3555.0,3585.0,465035.0,TGNO4
2025-05-19,3700.0,3705.0,3575.0,3605.0,398561.0,TGNO4
2025-05-20,3630.0,3650.0,3450.0,3565.0,337185.0,TGNO4
2025-05-21,3580.0,3650.0,3380.0,3475.0,338276.0,TGNO4
2025-05-22,3590.0,3620.0,3420.0,3555.0,180330.0,TGNO4
2025-05-23,3580.0,3580.0,3470.0,3500.0,131885.0,TGNO4
2025-05-26,3525.0,3580.0,3510.0,3550.0,103482.0,TGNO4
2025-05-27,3590.0,3605.0,3510.0,3520.0,145485.0,TGNO4
2025-05-28,3505.0,3615.0,3310.0,3575.0,167174.0,TGNO4
2025-05-29,3600.0,3650.0,3505.0,3550.0,197551.0,TGNO4
2025-05-30,3530.0,3550.0,3380.0,3505.0,273229.0,TGNO4
2025-06-02,3505.0,3505.0,3340.0,3395.0,88351.0,TGNO4
2025-06-03,3420.0,3505.0,3355.0,3500.0,218239.0,TGNO4
2025-06-04,3490.0,3500.0,3315.0,3395.0,149676.0,TGNO4
2025-06-05,3450.0,3450.0,3200.0,3225.0,179819.0,TGNO4
2025-06-06,3280.0,3280.0,3155.0,3245.0,172059.0,TGNO4
2025-06-09,3250.0,3375.0,3110.0,3160.0,116443.0,TGNO4
2025-06-10,3235.0,3390.0,3175.0,3345.0,331362.0,TGNO4
2025-06-11,3400.0,3400.0,3200.0,3265.0,173134.0,TGNO4
2025-06-12,3270.0,3340.0,3215.0,3235.0,198564.0,TGNO4
2025-06-13,3280.0,3280.0,3060.0,3095.0,110646.0,TGNO4
2025-06-17,3095.0,3150.0,2940.0,3010.0,337928.0,TGNO4
2025-06-18,3000.0,3080.0,2935.0,3010.0,129217.0,TGNO4
2025-06-19,3010.0,3060.0,2950.0,3010.0,63634.0,TGNO4
2025-06-23,2995.0,2995.0,2800.0,2850.0,159542.0,TGNO4
2025-06-24,2880.0,3060.0,2855.0,3025.0,229710.0,TGNO4
2025-06-25,3020.0,3070.0,2920.0,2980.0,129998.0,TGNO4
2025-06-26,2990.0,3050.0,2880.0,2910.0,110679.0,TGNO4
2025-06-27,2950.0,2950.0,2800.0,2915.0,247727.0,TGNO4
2025-06-30,2930.0,2990.0,2750.0,2805.0,266328.0,TGNO4
2025-07-01,2830.0,2875.0,2740.0,2795.0,459699.0,TGNO4
2025-07-02,2800.0,2895.0,2800.0,2845.0,208770.0,TGNO4
2025-07-03,2900.0,2965.0,2855.0,2960.0,353639.0,TGNO4
2025-07-04,2995.0,2995.0,2945.0,2970.0,77440.0,TGNO4
2025-07-07,2970.0,2970.0,2835.0,2845.0,291419.0,TGNO4
2025-07-08,2850.0,2990.0,2830.0,2980.0,167057.0,TGNO4
2025-07-10,2935.0,2970.0,2820.0,2825.0,320122.0,TGNO4
2025-07-11,2800.0,2830.0,2740.0,2745.0,194656.0,TGNO4
2025-07-14,2745.0,2845.0,2690.0,2800.0,145606.0,TGNO4
2025-07-15,2800.0,2950.0,2800.0,2915.0,201305.0,TGNO4
2025-07-16,2910.0,2910.0,2845.0,2880.0,98171.0,TGNO4
2025-07-17,2950.0,3020.0,2885.0,2960.0,274756.0,TGNO4
2025-07-18,2940.0,3095.0,2940.0,2990.0,124099.0,TGNO4
2025-07-21,2995.0,3065.0,2915.0,2950.0,108248.0,TGNO4
2025-07-22,2955.0,3025.0,2805.0,2835.0,274786.0,TGNO4
2025-07-23,2845.0,3010.0,2845.0,2950.0,312948.0,TGNO4
2025-07-24,2945.0,3010.0,2945.0,2990.0,192307.0,TGNO4
2025-07-25,3050.0,3295.0,3015.0,3280.0,663125.0,TGNO4
2025-07-28,3295.0,3470.0,3265.0,3450.0,728662.0,TGNO4
2025-07-29,3460.0,3590.0,3405.0,3455.0,502959.0,TGNO4
2025-07-30,3455.0,3475.0,3355.0,3375.0,532971.0,TGNO4
2025-07-31,3375.0,3600.0,3300.0,3335.0,463650.0,TGNO4
2025-08-01,3260.0,3390.0,3205.0,3275.0,204324.0,TGNO4
2025-08-04,3275.0,3420.0,3275.0,3350.0,391839.0,TGNO4
2025-08-05,3350.0,3420.0,3290.0,3390.0,625578.0,TGNO4
2025-08-06,3395.0,3620.0,3390.0,3585.0,1185073.0,TGNO4
2025-08-07,3590.0,3630.0,3515.0,3545.0,377548.0,TGNO4
2025-08-08,3550.0,3555.0,3405.0,3460.0,244522.0,TGNO4
2025-08-11,3520.0,3545.0,3405.0,3465.0,131642.0,TGNO4
2025-08-12,3460.0,3585.0,3420.0,3505.0,387518.0,TGNO4
2025-08-13,3495.0,3570.0,3420.0,3510.0,187950.0,TGNO4
2025-08-14,3540.0,3540.0,3385.0,3490.0,352442.0,TGNO4
2025-08-18,3480.0,3550.0,3385.0,3520.0,298092.0,TGNO4
2025-08-19,3515.0,3540.0,3385.0,3410.0,176359.0,TGNO4
2025-08-20,3390.0,3575.0,3300.0,3350.0,277631.0,TGNO4
2025-08-21,3315.0,3490.0,3270.0,3410.0,115432.0,TGNO4
2025-08-22,3460.0,3540.0,3405.0,3460.0,216486.0,TGNO4
2025-08-25,3450.0,3450.0,3100.0,3115.0,1046354.0,TGNO4
2025-08-26,3115.0,3250.0,3035.0,3240.0,465757.0,TGNO4
2025-08-27,3240.0,3265.0,3100.0,3115.0,234016.0,TGNO4
2025-08-28,3110.0,3300.0,3020.0,3185.0,297999.0,TGNO4
2025-08-29,3200.0,3310.0,3105.0,3190.0,143026.0,TGNO4
2025-09-01,3190.0,3290.0,3020.0,3085.0,154527.0,TGNO4
2025-09-02,3065.0,3085.0,2955.0,3035.0,774206.0,TGNO4
2025-09-03,3020.0,3080.0,2880.0,2955.0,378636.0,TGNO4
2025-09-04,2975.0,3030.0,2910.0,2975.0,547936.0,TGNO4
2025-09-05,2990.0,3030.0,2925.0,2980.0,236513.0,TGNO4
2025-09-08,2700.0,2850.0,2560.0,2717.5,491240.0,TGNO4
2025-09-09,2720.0,2845.0,2637.5,2720.0,653615.0,TGNO4
2025-09-10,2795.0,2950.0,2700.0,2870.0,315251.0,TGNO4
2025-09-11,2875.0,2940.0,2730.0,2805.0,1240212.0,TGNO4
2025-09-12,2755.0,2810.0,2615.0,2705.0,333206.0,TGNO4
2025-09-15,2705.0,2790.0,2575.0,2582.5,529315.0,TGNO4
2025-09-16,2620.0,2750.0,2600.0,2652.5,505005.0,TGNO4
2025-09-17,2737.5,2737.5,2465.0,2552.5,450109.0,TGNO4
2025-09-18,2600.0,2600.0,2140.0,2175.0,1227080.0,TGNO4
2025-09-19,2198.0,2250.0,1985.0,2063.0,1060933.0,TGNO4
2025-09-22,2155.0,2500.0,2135.0,2481.0,799328.0,TGNO4
2025-09-23,2550.0,2717.5,2500.0,2635.0,840112.0,TGNO4
2025-09-24,2800.0,2890.0,2685.0,2715.0,1030511.0,TGNO4
2025-09-25,2700.0,2700.0,2430.0,2485.0,783523.0,TGNO4
2025-09-26,2525.0,2580.0,2310.0,2408.0,416946.0,TGNO4
2025-09-29,2410.0,2448.0,2319.0,2371.0,187031.0,TGNO4
2025-09-30,2360.0,2396.0,2197.0,2245.0,499058.0,TGNO4
2025-10-01,2200.0,2340.0,2155.0,2241.0,269859.0,TGNO4
2025-10-02,2240.0,2450.0,2190.0,2432.0,362434.0,TGNO4
2025-10-03,2400.0,2535.0,2358.0,2464.0,313413.0,TGNO4
2025-10-06,2470.0,2490.0,2395.0,2426.0,338156.0,TGNO4
2025-10-07,2430.0,2477.0,2351.0,2359.0,132111.0,TGNO4
2025-10-08,2370.0,2415.0,2285.0,2361.0,147913.0,TGNO4
2025-10-09,2320.0,2650.0,2320.0,2585.0,730568.0,TGNO4
2025-10-13,2590.0,2747.5,2440.0,2690.0,1289734.0,TGNO4
2025-10-14,2692.5,2795.0,2383.0,2496.0,676257.0,TGNO4
2025-10-15,2507.5,2592.5,2410.0,2473.0,381511.0,TGNO4
2025-10-16,2500.0,2560.0,2435.0,2472.0,167374.0,TGNO4
2025-10-17,2450.0,2520.0,2435.0,2489.0,182069.0,TGNO4
2025-10-20,2490.0,2590.0,2400.0,2455.0,365429.0,TGNO4
2025-10-21,2500.0,2507.5,2375.0,2410.0,433426.0,TGNO4
2025-10-22,2410.0,2455.0,2381.0,2415.0,470897.0,TGNO4
2025-10-23,2410.0,2570.0,2410.0,2459.0,914538.0,TGNO4
2025-10-24,2515.0,2580.0,2450.0,2560.0,589688.0,TGNO4
2025-10-27,3070.0,3500.0,3030.0,3462.5,2108248.0,TGNO4
2025-10-28,3457.5,3880.0,3275.0,3702.5,957848.0,TGNO4
2025-10-29,3750.0,4305.0,3750.0,4127.5,1300488.0,TGNO4
2025-10-30,4200.0,4300.0,3905.0,4145.0,637921.0,TGNO4
2025-10-31,4145.0,4415.0,4000.0,4390.0,779263.0,TGNO4
2025-11-03,4350.0,4790.0,4205.0,4547.5,1089398.0,TGNO4
2025-11-04,4560.0,4707.5,4302.5,4595.0,1130053.0,TGNO4
2025-11-05,4595.0,4770.0,4435.0,4577.5,920045.0,TGNO4
2025-11-06,4560.0,4700.0,4350.0,4400.0,103702.0,TGNO4
2025-11-07,4420.0,4420.0,4150.0,4232.5,402945.0,TGNO4
2025-11-10,4300.0,4600.0,4300.0,4495.0,291515.0,TGNO4
2025-11-11,4570.0,4570.0,4495.0,4555.0,215060.0,TGNO4
2025-11-12,4555.0,4685.0,4450.0,4527.5,225512.0,TGNO4
2025-11-13,4525.0,4525.0,4192.5,4270.0,256179.0,TGNO4
2025-11-14,4300.0,4450.0,4195.0,4377.5,314334.0,TGNO4
2025-11-17,4460.0,4570.0,4312.5,4490.0,184579.0,TGNO4
2025-11-18,4462.5,4600.0,4370.0,4582.5,198283.0,TGNO4
2025-11-19,4600.0,4642.5,4495.0,4562.5,524945.0,TGNO4
2025-11-20,4620.0,4660.0,4360.0,4392.5,368667.0,TGNO4
2025-11-21,4470.0,4477.5,4220.0,4307.5,38330.0,TGNO4
2025-11-25,4350.0,4440.0,4202.5,4412.5,213499.0,TGNO4
2025-11-26,4400.0,4520.0,4330.0,4485.0,305014.0,TGNO4
2025-11-27,4535.0,4547.5,4420.0,4500.0,219637.0,TGNO4
2025-11-28,4460.0,4600.0,4410.0,4512.5,203430.0,TGNO4
2025-12-01,4590.0,4590.0,4435.0,4497.5,537256.0,TGNO4
2025-12-02,4500.0,4590.0,4462.5,4495.0,305784.0,TGNO4
2025-12-03,4500.0,4750.0,4490.0,4722.5,501414.0,TGNO4
2025-12-04,4730.0,4850.0,4730.0,4747.5,457672.0,TGNO4
2025-12-05,4870.0,4900.0,4775.0,4810.0,305623.0,TGNO4
2025-12-09,4800.0,4895.0,4680.0,4732.5,185918.0,TGNO4
2025-12-10,4880.0,4990.0,4747.5,4900.0,320810.0,TGNO4
2025-12-11,4905.0,5000.0,4812.5,4945.0,178177.0,TGNO4
2025-12-12,4990.0,5020.0,4750.0,4887.5,155343.0,TGNO4
2025-12-15,4890.0,5000.0,4800.0,4840.0,217992.0,TGNO4
2025-12-16,4900.0,4980.0,4842.5,4935.0,479016.0,TGNO4
2025-12-17,4950.0,5120.0,4950.0,5000.0,539273.0,TGNO4
2025-12-18,5100.0,5190.0,5015.0,5160.0,382570.0,TGNO4
2025-12-19,5190.0,5235.0,5100.0,5170.0,173039.0,TGNO4
2025-12-22,5100.0,5140.0,4930.0,5030.0,123434.0,TGNO4
2025-12-23,5090.0,5120.0,4850.0,4960.0,377208.0,TGNO4
2025-12-24,5080.0,5080.0,4925.0,4947.5,17038.0,TGNO4
2025-12-26,5045.0,5045.0,4785.0,4867.5,214298.0,TGNO4
2025-12-29,4870.0,4995.0,4662.5,4687.5,212935.0,TGNO4
2025-12-30,4690.0,4930.0,4540.0,4802.5,249199.0,TGNO4
2026-01-02,4850.0,4860.0,4605.0,4745.0,159885.0,TGNO4
2026-01-05,4790.0,4800.0,4505.0,4667.5,122571.0,TGNO4
2026-01-06,4670.0,4715.0,4575.0,4672.5,224707.0,TGNO4
2026-01-07,4675.0,4725.0,4305.0,4435.0,226236.0,TGNO4
2026-01-08,4455.0,4545.0,4305.0,4500.0,353183.0,TGNO4
2026-01-09,4510.0,4677.5,4425.0,4457.5,303035.0,TGNO4
2026-01-12,4460.0,4510.0,4280.0,4300.0,311897.0,TGNO4
2026-01-13,4300.0,4380.0,4245.0,4357.5,270659.0,TGNO4
2026-01-14,4397.5,4397.5,4120.0,4155.0,126565.0,TGNO4
2026-01-15,4190.0,4335.0,4030.0,4312.5,183668.0,TGNO4
2026-01-16,4310.0,4470.0,4250.0,4320.0,157885.0,TGNO4
2026-01-19,4315.0,4400.0,4210.0,4277.5,56626.0,TGNO4
2026-01-20,4270.0,4325.0,4105.0,4292.5,141736.0,TGNO4
2026-01-21,4345.0,4420.0,4240.0,4397.5,200573.0,TGNO4
2026-01-22,4407.5,4460.0,4235.0,4270.0,337971.0,TGNO4
2026-01-23,4300.0,4355.0,4250.0,4342.5,199119.0,TGNO4
2026-01-26,4305.0,4732.5,4305.0,4630.0,350896.0,TGNO4
2026-01-27,4660.0,4760.0,4630.0,4740.0,303936.0,TGNO4
2026-01-28,4750.0,4850.0,4600.0,4772.5,248279.0,TGNO4
2026-01-29,4775.0,4877.5,4620.0,4637.5,220390.0,TGNO4
2026-01-30,4620.0,4670.0,4472.5,4502.5,240276.0,TGNO4
2026-02-02,4505.0,4527.5,4375.0,4395.0,173133.0,TGNO4
2026-02-03,4345.0,4500.0,4100.0,4200.0,230879.0,TGNO4
2026-02-04,4400.0,4400.0,4115.0,4127.5,216791.0,TGNO4
2026-02-05,4100.0,4195.0,3912.5,3975.0,361711.0,TGNO4
2026-02-06,4090.0,4182.5,4007.5,4130.0,217481.0,TGNO4
2026-02-09,4130.0,4230.0,4070.0,4160.0,238429.0,TGNO4
2026-02-10,4160.0,4400.0,4115.0,4395.0,145231.0,TGNO4
2026-02-11,4390.0,4542.5,4210.0,4530.0,173457.0,TGNO4
2026-02-12,4567.5,4570.0,4350.0,4362.5,189704.0,TGNO4
2026-02-13,4347.5,4470.0,4302.5,4367.5,49375.0,TGNO4
2026-02-18,4392.5,4497.5,4105.0,4205.0,105257.0,TGNO4
2026-02-19,4210.0,4392.5,4050.0,4330.0,88008.0,TGNO4
2026-02-20,4285.0,4452.5,4270.0,4310.0,117633.0,TGNO4
2026-02-23,4275.0,4445.0,4120.0,4150.0,117787.0,TGNO4
2026-02-24,4150.0,4195.0,4047.5,4112.5,175610.0,TGNO4
2026-02-25,4120.0,4195.0,3970.0,4012.5,242742.0,TGNO4
2026-02-26,4012.5,4075.0,3940.0,3997.5,144660.0,TGNO4
2026-02-27,4000.0,4060.0,3770.0,3822.5,121366.0,TGNO4
2026-03-02,3775.0,4000.0,3652.5,3707.5,241065.0,TGNO4
2026-03-03,3740.0,3870.0,3620.0,3810.0,146348.0,TGNO4
2026-03-04,3850.0,3970.0,3790.0,3817.5,136892.0,TGNO4
2026-03-05,3815.0,4012.5,3647.5,3732.5,175384.0,TGNO4
2026-03-06,3712.5,3940.0,3712.5,3922.5,134664.0,TGNO4
2026-03-09,3952.5,4190.0,3910.0,4120.0,170854.0,TGNO4
2026-03-10,4200.0,4500.0,4080.0,4392.5,197653.0,TGNO4
2026-03-11,4395.0,4600.0,4330.0,4407.5,396539.0,TGNO4
2026-03-12,4500.0,4500.0,4350.0,4407.5,271342.0,TGNO4
2026-03-13,4405.0,4510.0,4330.0,4497.5,177447.0,TGNO4
2026-03-16,4505.0,4600.0,4420.0,4505.0,223425.0,TGNO4
2026-03-17,4500.0,4560.0,4340.0,4460.0,224140.0,TGNO4
2026-03-18,4470.0,4500.0,4350.0,4410.0,149445.0,TGNO4
2026-03-19,4410.0,4480.0,4302.5,4385.0,237031.0,TGNO4
2026-03-20,4440.0,4500.0,4190.0,4227.5,297831.0,TGNO4
2026-03-23,4220.0,4400.0,4200.0,4387.5,34173.0,TGNO4
2026-03-25,4387.5,4470.0,4302.5,4442.5,106386.0,TGNO4
2026-03-26,4500.0,4515.0,4370.0,4425.0,200855.0,TGNO4
2026-03-27,4425.0,4527.5,4355.0,4485.0,125649.0,TGNO4
2026-03-30,4520.0,4637.5,4482.5,4552.5,387790.0,TGNO4
2026-03-31,4595.0,4675.0,4530.0,4602.5,375780.0,TGNO4
2026-04-01,4570.0,4650.0,4457.5,4485.0,401569.0,TGNO4
2026-04-06,4510.0,4575.0,4490.0,4555.0,177644.0,TGNO4
2026-04-07,4595.0,4840.0,4460.0,4830.0,669147.0,TGNO4
2026-04-08,4750.0,4767.5,4525.0,4697.5,395685.0,TGNO4
2026-04-09,4690.0,4747.5,4485.0,4510.0,351050.0,TGNO4
2026-04-10,4510.0,4542.5,4380.0,4432.5,196567.0,TGNO4
2026-04-13,4407.5,4517.5,4395.0,4410.0,111754.0,TGNO4
2026-04-14,4410.0,4490.0,4200.0,4252.5,420509.0,TGNO4
2026-04-15,4250.0,4297.5,4100.0,4250.0,285204.0,TGNO4
2026-04-16,4250.0,4335.0,4190.0,4290.0,146643.0,TGNO4
2026-04-17,4297.5,4297.5,4142.5,4245.0,120805.0,TGNO4
2026-04-20,4230.0,4365.0,4140.0,4332.5,88600.0,TGNO4
2026-04-21,4372.5,4400.0,4260.0,4375.0,69540.0,TGNO4
2026-04-22,4400.0,4400.0,4312.5,4347.5,84781.0,TGNO4
2026-04-23,4360.0,4380.0,4202.5,4262.5,80050.0,TGNO4
2026-04-24,4345.0,4345.0,4200.0,4222.5,69960.0,TGNO4
2026-04-27,4245.0,4327.5,4115.0,4220.0,84641.0,TGNO4
2026-04-28,4200.0,4257.5,4030.0,4042.5,282667.0,TGNO4
2026-04-29,4055.0,4095.0,3990.0,4032.5,116060.0,TGNO4
2026-04-30,4097.5,4097.5,3882.5,3987.5,94606.0,TGNO4
2026-05-04,3975.0,4060.0,3810.0,3825.0,121662.0,TGNO4
2026-05-05,3845.0,4090.0,3812.5,3992.5,180983.0,TGNO4
