date,open,high,low,close,volume,ticker
2018-01-02,83.5,86.5,83.1,86.0,143546.0,TGSU2
2018-01-03,85.2,87.0,84.95,85.25,110759.0,TGSU2
2018-01-04,85.1,87.5,85.1,86.15,92481.0,TGSU2
2018-01-05,86.15,87.2,85.0,86.6,134693.0,TGSU2
2018-01-08,86.7,87.2,84.0,84.7,441738.0,TGSU2
2018-01-09,85.15,85.5,83.0,83.35,251731.0,TGSU2
2018-01-10,83.35,84.5,81.1,84.0,192153.0,TGSU2
2018-01-11,83.0,85.6,82.9,85.0,121232.0,TGSU2
2018-01-12,86.0,88.0,85.5,87.2,234707.0,TGSU2
2018-01-15,88.0,94.0,88.0,93.0,197715.0,TGSU2
2018-01-16,92.7,92.7,88.85,89.65,1209637.0,TGSU2
2018-01-17,90.5,90.75,89.55,89.75,258781.0,TGSU2
2018-01-18,91.5,92.6,90.0,90.5,304473.0,TGSU2
2018-01-19,90.4,91.5,87.5,88.9,176417.0,TGSU2
2018-01-22,88.5,90.9,86.5,90.5,176230.0,TGSU2
2018-01-23,90.15,92.0,90.05,91.2,284640.0,TGSU2
2018-01-24,91.5,94.0,91.05,93.4,156312.0,TGSU2
2018-01-25,93.95,93.95,90.5,92.95,216746.0,TGSU2
2018-01-26,92.95,93.25,91.2,92.6,155042.0,TGSU2
2018-01-29,93.5,93.8,90.0,93.25,296659.0,TGSU2
2018-01-30,93.35,93.35,88.55,88.75,525681.0,TGSU2
2018-01-31,89.0,92.85,88.5,90.05,826471.0,TGSU2
2018-02-01,91.0,92.2,88.0,88.15,264571.0,TGSU2
2018-02-02,88.0,88.15,83.0,83.55,257365.0,TGSU2
2018-02-05,83.95,84.4,79.5,80.2,315389.0,TGSU2
2018-02-06,77.0,86.5,76.25,86.5,826696.0,TGSU2
2018-02-07,87.0,89.9,84.5,86.25,257554.0,TGSU2
2018-02-08,86.75,88.9,82.0,83.0,492374.0,TGSU2
2018-02-09,81.25,85.25,78.75,81.55,380878.0,TGSU2
2018-02-14,81.55,87.8,80.0,86.35,279469.0,TGSU2
2018-02-15,87.5,87.5,84.5,85.5,310518.0,TGSU2
2018-02-16,85.75,89.0,85.6,87.45,437971.0,TGSU2
2018-02-19,87.6,89.7,87.55,88.15,136102.0,TGSU2
2018-02-20,88.2,88.6,86.1,87.55,196079.0,TGSU2
2018-02-21,87.5,87.5,82.2,85.55,226775.0,TGSU2
2018-02-22,86.0,86.9,84.0,85.2,91996.0,TGSU2
2018-02-23,85.2,86.25,83.55,84.0,112142.0,TGSU2
2018-02-26,86.0,86.0,83.0,84.3,190677.0,TGSU2
2018-02-27,84.2,84.2,82.0,83.0,177247.0,TGSU2
2018-02-28,86.0,86.0,81.5,83.5,556175.0,TGSU2
2018-03-01,84.0,84.0,80.0,81.5,358293.0,TGSU2
2018-03-02,81.0,81.0,78.0,79.6,291691.0,TGSU2
2018-03-05,80.0,81.0,79.3,80.0,411125.0,TGSU2
2018-03-06,80.5,83.25,80.5,82.35,67180.0,TGSU2
2018-03-07,82.0,83.4,80.25,83.2,131086.0,TGSU2
2018-03-08,84.0,88.0,84.0,85.2,183915.0,TGSU2
2018-03-09,85.5,88.0,85.5,87.2,333473.0,TGSU2
2018-03-12,87.0,88.35,86.35,87.8,72595.0,TGSU2
2018-03-13,87.45,87.45,85.1,85.85,197082.0,TGSU2
2018-03-14,86.0,87.4,85.25,86.05,51201.0,TGSU2
2018-03-15,86.1,88.0,84.7,85.4,73455.0,TGSU2
2018-03-16,86.0,86.9,85.5,86.0,128808.0,TGSU2
2018-03-19,86.0,86.1,82.0,83.85,147339.0,TGSU2
2018-03-20,83.9,84.85,82.0,82.5,139228.0,TGSU2
2018-03-21,82.5,84.95,82.5,82.85,149009.0,TGSU2
2018-03-22,82.5,82.5,78.2,79.3,193204.0,TGSU2
2018-03-23,79.0,80.0,77.1,78.0,228200.0,TGSU2
2018-03-26,80.0,82.0,78.4,80.25,198922.0,TGSU2
2018-03-27,81.0,82.45,80.1,82.0,411691.0,TGSU2
2018-03-28,82.5,84.0,81.55,81.75,515999.0,TGSU2
2018-04-03,82.0,85.55,81.7,85.5,263613.0,TGSU2
2018-04-04,84.5,87.0,82.8,86.15,252329.0,TGSU2
2018-04-05,86.8,86.8,85.05,85.55,183156.0,TGSU2
2018-04-06,86.9,86.9,82.15,84.6,182157.0,TGSU2
2018-04-09,84.65,85.5,82.0,82.85,72500.0,TGSU2
2018-04-10,83.0,84.5,82.9,84.2,112118.0,TGSU2
2018-04-11,84.4,85.95,82.2,85.5,164370.0,TGSU2
2018-04-12,85.55,85.55,83.3,83.85,81662.0,TGSU2
2018-04-13,84.0,84.0,82.0,82.2,88349.0,TGSU2
2018-04-16,81.8,82.5,80.6,81.8,88623.0,TGSU2
2018-04-17,81.3,83.7,81.3,83.05,99819.0,TGSU2
2018-04-18,83.05,84.5,82.1,82.1,112944.0,TGSU2
2018-04-19,81.3,81.35,79.25,80.85,209861.0,TGSU2
2018-04-20,80.85,80.85,78.0,78.45,170989.0,TGSU2
2018-04-23,79.0,79.85,77.0,77.65,74003.0,TGSU2
2018-04-24,77.85,79.0,76.5,77.0,121871.0,TGSU2
2018-04-25,76.2,77.7,74.0,76.9,175780.0,TGSU2
2018-04-26,76.85,77.0,73.6,75.9,206701.0,TGSU2
2018-04-27,76.15,79.0,76.0,78.05,463144.0,TGSU2
2018-05-02,79.0,79.0,77.0,78.05,170260.0,TGSU2
2018-05-03,77.0,82.0,77.0,80.0,336917.0,TGSU2
2018-05-04,78.5,81.0,72.75,74.7,282571.0,TGSU2
2018-05-07,74.5,75.25,72.1,73.0,234976.0,TGSU2
2018-05-08,71.8,75.5,67.0,73.45,733915.0,TGSU2
2018-05-09,72.0,77.1,72.0,73.6,402748.0,TGSU2
2018-05-10,77.1,83.5,77.1,82.55,352346.0,TGSU2
2018-05-11,84.0,84.5,79.0,82.95,306765.0,TGSU2
2018-05-14,81.7,85.25,78.55,85.05,382471.0,TGSU2
2018-05-15,85.0,90.0,82.05,83.5,325600.0,TGSU2
2018-05-16,86.0,88.45,84.0,88.05,308732.0,TGSU2
2018-05-17,88.5,88.5,87.0,87.95,299949.0,TGSU2
2018-05-18,87.95,88.5,87.0,88.15,313358.0,TGSU2
2018-05-21,87.95,87.95,84.5,87.05,81642.0,TGSU2
2018-05-22,86.8,87.75,85.5,86.15,189485.0,TGSU2
2018-05-23,85.0,88.0,82.5,85.75,175872.0,TGSU2
2018-05-24,85.75,87.5,85.4,86.75,130828.0,TGSU2
2018-05-28,85.4,87.0,82.5,86.1,61183.0,TGSU2
2018-05-29,86.2,86.2,80.0,83.9,154228.0,TGSU2
2018-05-30,83.0,86.0,82.5,83.65,215297.0,TGSU2
2018-05-31,83.9,85.25,82.4,84.3,187405.0,TGSU2
2018-06-01,86.0,86.5,82.0,85.4,123050.0,TGSU2
2018-06-04,85.4,86.3,83.5,84.05,70460.0,TGSU2
2018-06-05,84.0,89.5,84.0,88.6,296664.0,TGSU2
2018-06-06,88.9,89.8,86.0,86.2,728719.0,TGSU2
2018-06-07,88.0,88.7,84.6,85.05,169306.0,TGSU2
2018-06-08,89.0,89.5,86.0,89.25,213788.0,TGSU2
2018-06-11,88.95,89.7,87.9,88.9,68791.0,TGSU2
2018-06-12,89.0,89.0,84.7,85.8,63033.0,TGSU2
2018-06-13,87.55,87.6,83.5,85.6,85178.0,TGSU2
2018-06-14,85.6,88.5,85.0,86.15,227438.0,TGSU2
2018-06-15,86.3,86.3,83.5,84.5,116469.0,TGSU2
2018-06-18,82.45,82.45,77.3,78.0,222903.0,TGSU2
2018-06-19,76.9,85.0,75.05,84.75,252507.0,TGSU2
2018-06-21,91.0,94.35,88.0,88.1,832303.0,TGSU2
2018-06-22,90.0,90.0,85.0,86.15,183437.0,TGSU2
2018-06-25,83.95,85.0,81.55,83.45,75979.0,TGSU2
2018-06-26,84.0,87.85,80.0,80.55,42719.0,TGSU2
2018-06-27,80.5,80.5,71.0,71.5,515416.0,TGSU2
2018-06-28,73.0,75.0,71.5,74.0,243827.0,TGSU2
2018-06-29,76.0,76.45,68.0,68.0,593374.0,TGSU2
2018-07-02,69.85,69.85,66.0,68.9,599147.0,TGSU2
2018-07-03,69.1,75.0,69.1,73.95,162269.0,TGSU2
2018-07-04,75.7,75.7,71.75,73.75,67771.0,TGSU2
2018-07-05,74.85,81.0,73.8,79.9,444452.0,TGSU2
2018-07-06,78.5,81.85,77.0,77.95,261580.0,TGSU2
2018-07-10,81.2,83.9,76.5,76.9,65891.0,TGSU2
2018-07-11,77.0,81.2,75.6,79.45,94600.0,TGSU2
2018-07-12,80.65,80.65,78.0,78.7,139416.0,TGSU2
2018-07-13,78.0,78.8,76.0,76.4,95022.0,TGSU2
2018-07-16,76.85,77.0,74.5,74.55,115920.0,TGSU2
2018-07-17,74.7,76.4,74.5,75.5,134292.0,TGSU2
2018-07-18,72.65,77.95,72.65,77.9,57214.0,TGSU2
2018-07-19,77.2,78.2,76.5,77.5,119276.0,TGSU2
2018-07-20,76.05,80.0,76.05,79.8,184086.0,TGSU2
2018-07-23,82.0,82.0,78.05,80.0,117996.0,TGSU2
2018-07-24,80.4,81.35,80.0,80.9,46752.0,TGSU2
2018-07-25,81.5,87.65,81.3,87.2,262094.0,TGSU2
2018-07-26,86.0,91.4,85.5,90.9,432895.0,TGSU2
2018-07-27,90.25,92.75,89.65,90.3,221949.0,TGSU2
2018-07-30,91.0,91.25,89.0,90.8,262543.0,TGSU2
2018-07-31,90.3,92.5,89.0,90.95,981380.0,TGSU2
2018-08-01,91.75,91.75,90.0,91.0,300371.0,TGSU2
2018-08-02,91.0,91.85,87.5,88.7,114160.0,TGSU2
2018-08-03,89.5,91.4,88.3,89.0,76172.0,TGSU2
2018-08-06,88.0,90.45,88.0,88.9,77904.0,TGSU2
2018-08-07,88.45,89.0,86.05,86.5,86624.0,TGSU2
2018-08-08,88.05,88.15,80.05,83.55,114623.0,TGSU2
2018-08-09,84.0,85.75,83.75,83.95,126909.0,TGSU2
2018-08-10,83.6,89.95,81.1,88.0,179293.0,TGSU2
2018-08-13,85.0,85.95,80.1,82.5,142850.0,TGSU2
2018-08-14,84.95,87.0,81.45,82.4,490960.0,TGSU2
2018-08-15,82.15,85.5,81.0,85.0,345548.0,TGSU2
2018-08-16,85.95,86.45,82.45,84.0,138156.0,TGSU2
2018-08-17,84.95,86.45,80.05,82.35,125679.0,TGSU2
2018-08-21,82.0,83.5,79.05,79.15,607944.0,TGSU2
2018-08-22,79.65,83.0,79.6,83.0,127848.0,TGSU2
2018-08-23,82.0,83.9,80.5,81.0,261447.0,TGSU2
2018-08-24,82.0,82.0,78.0,79.75,528767.0,TGSU2
2018-08-27,79.8,86.9,79.8,85.55,488759.0,TGSU2
2018-08-28,85.15,87.4,83.0,84.9,304991.0,TGSU2
2018-08-29,84.0,87.7,82.2,86.1,270078.0,TGSU2
2018-08-30,86.5,90.0,85.9,89.0,409570.0,TGSU2
2018-08-31,90.0,98.5,89.95,98.35,356530.0,TGSU2
2018-09-03,98.0,98.0,94.0,95.7,173710.0,TGSU2
2018-09-04,94.9,96.65,91.5,95.8,212769.0,TGSU2
2018-09-05,96.0,102.9,96.0,102.05,187001.0,TGSU2
2018-09-06,105.2,112.7,105.1,111.0,251059.0,TGSU2
2018-09-07,111.0,113.95,109.0,112.15,564077.0,TGSU2
2018-09-10,114.0,115.3,108.25,109.0,79878.0,TGSU2
2018-09-11,105.0,108.95,105.0,106.3,147950.0,TGSU2
2018-09-12,107.1,111.0,107.1,110.3,181953.0,TGSU2
2018-09-13,112.05,118.0,112.05,116.25,183833.0,TGSU2
2018-09-14,116.0,120.0,113.0,116.3,176348.0,TGSU2
2018-09-17,117.0,128.0,117.0,127.25,474703.0,TGSU2
2018-09-18,130.0,130.8,126.25,129.5,401292.0,TGSU2
2018-09-19,131.95,132.75,127.5,128.5,651433.0,TGSU2
2018-09-20,129.25,135.5,129.0,130.95,432425.0,TGSU2
2018-09-21,130.15,132.0,105.0,126.5,881343.0,TGSU2
2018-09-24,126.25,126.75,114.1,120.8,335392.0,TGSU2
2018-09-25,116.0,130.0,116.0,123.0,515092.0,TGSU2
2018-09-26,126.35,127.5,124.0,125.85,342570.0,TGSU2
2018-09-27,127.0,132.0,120.0,121.25,321816.0,TGSU2
2018-09-28,122.5,122.8,116.5,120.5,348022.0,TGSU2
2018-10-01,120.0,122.45,115.0,117.0,254137.0,TGSU2
2018-10-02,119.75,119.75,111.0,111.5,259741.0,TGSU2
2018-10-03,113.0,116.85,110.0,110.0,340429.0,TGSU2
2018-10-04,111.55,114.45,104.0,105.0,548248.0,TGSU2
2018-10-05,105.15,108.8,100.05,105.0,360997.0,TGSU2
2018-10-08,108.0,109.5,104.0,108.0,207845.0,TGSU2
2018-10-09,108.0,108.1,101.6,101.75,119384.0,TGSU2
2018-10-10,101.9,102.95,99.0,101.0,306327.0,TGSU2
2018-10-11,99.1,102.5,96.0,96.5,351005.0,TGSU2
2018-10-12,98.1,102.0,98.1,101.5,185606.0,TGSU2
2018-10-16,105.5,108.75,103.2,105.95,247669.0,TGSU2
2018-10-17,104.9,104.9,102.0,104.15,59025.0,TGSU2
2018-10-18,103.5,104.5,99.1,104.2,335711.0,TGSU2
2018-10-19,105.1,105.1,102.1,102.6,171571.0,TGSU2
2018-10-22,103.0,103.0,100.5,100.5,47495.0,TGSU2
2018-10-23,101.0,101.0,97.5,100.4,188552.0,TGSU2
2018-10-24,99.15,101.5,97.1,99.45,69060.0,TGSU2
2018-10-25,98.2,102.4,97.0,101.0,282064.0,TGSU2
2018-10-26,100.45,104.0,97.45,100.85,200087.0,TGSU2
2018-10-29,100.85,102.0,98.1,98.9,95344.0,TGSU2
2018-10-30,98.25,101.95,98.25,101.0,160277.0,TGSU2
2018-10-31,102.0,104.8,102.0,103.0,451838.0,TGSU2
2018-11-01,106.8,111.5,104.5,108.5,200340.0,TGSU2
2018-11-02,110.2,113.65,108.5,109.9,228623.0,TGSU2
2018-11-05,109.9,112.25,107.7,111.0,229122.0,TGSU2
2018-11-06,107.0,112.0,107.0,111.2,22176.0,TGSU2
2018-11-07,109.0,112.85,109.0,112.0,116435.0,TGSU2
2018-11-08,112.3,115.0,109.4,110.2,258018.0,TGSU2
2018-11-09,111.7,111.7,106.6,107.4,161019.0,TGSU2
2018-11-12,108.0,110.9,107.0,108.3,132063.0,TGSU2
2018-11-13,108.9,110.95,103.3,103.5,236309.0,TGSU2
2018-11-14,106.0,108.0,103.65,107.9,561278.0,TGSU2
2018-11-15,108.0,113.9,108.0,111.1,249034.0,TGSU2
2018-11-16,111.1,116.9,111.1,114.5,228405.0,TGSU2
2018-11-20,117.0,119.0,109.5,109.5,164146.0,TGSU2
2018-11-21,112.0,114.0,109.8,111.0,103084.0,TGSU2
2018-11-22,110.7,112.0,108.9,111.25,27800.0,TGSU2
2018-11-23,110.9,112.0,108.05,111.85,82129.0,TGSU2
2018-11-26,115.0,116.8,111.9,114.6,880515.0,TGSU2
2018-11-27,115.0,116.0,110.0,111.0,116695.0,TGSU2
2018-11-28,110.65,114.3,109.55,113.0,84282.0,TGSU2
2018-11-29,114.95,116.5,112.05,115.45,94288.0,TGSU2
2018-12-03,119.0,119.5,116.3,117.0,181217.0,TGSU2
2018-12-04,118.0,120.9,116.9,120.3,483152.0,TGSU2
2018-12-05,120.0,122.0,119.0,121.0,101962.0,TGSU2
2018-12-06,121.0,127.5,116.5,125.65,158900.0,TGSU2
2018-12-07,125.5,126.9,120.1,123.25,308290.0,TGSU2
2018-12-10,122.0,123.5,117.5,118.0,109006.0,TGSU2
2018-12-11,117.0,121.0,117.0,119.4,114520.0,TGSU2
2018-12-12,120.0,122.9,119.35,120.0,195549.0,TGSU2
2018-12-13,121.5,121.9,118.0,119.0,71018.0,TGSU2
2018-12-14,118.0,119.5,115.4,119.5,90373.0,TGSU2
2018-12-17,119.0,119.0,114.0,115.8,110992.0,TGSU2
2018-12-18,117.0,117.0,113.0,114.0,185933.0,TGSU2
2018-12-19,115.0,117.95,113.0,113.6,120978.0,TGSU2
2018-12-20,110.0,112.5,106.8,110.0,157837.0,TGSU2
2018-12-21,109.0,110.0,103.5,105.65,193997.0,TGSU2
2018-12-26,103.0,108.0,100.0,106.0,148951.0,TGSU2
2018-12-27,104.0,107.3,104.0,106.25,73311.0,TGSU2
2018-12-28,108.0,110.25,106.5,110.0,122770.0,TGSU2
2019-01-02,111.0,113.25,109.65,111.0,63004.0,TGSU2
2019-01-03,112.0,112.0,106.9,109.0,37580.0,TGSU2
2019-01-04,108.5,117.75,108.5,116.7,207199.0,TGSU2
2019-01-07,119.0,120.0,116.0,117.0,155203.0,TGSU2
2019-01-08,118.0,118.0,113.25,113.25,88127.0,TGSU2
2019-01-09,114.5,120.0,114.5,118.25,181654.0,TGSU2
2019-01-10,119.75,119.75,116.5,118.95,240138.0,TGSU2
2019-01-11,118.0,120.5,116.25,118.0,148774.0,TGSU2
2019-01-14,118.0,122.9,117.9,119.2,101400.0,TGSU2
2019-01-15,119.0,122.0,119.0,120.0,195943.0,TGSU2
2019-01-16,121.0,124.45,121.0,123.0,99373.0,TGSU2
2019-01-17,121.5,125.3,121.45,124.5,114743.0,TGSU2
2019-01-18,125.5,127.0,123.0,125.0,155673.0,TGSU2
2019-01-21,124.8,125.8,123.0,123.5,36087.0,TGSU2
2019-01-22,123.4,123.4,116.8,122.45,115218.0,TGSU2
2019-01-23,121.0,126.0,121.0,123.3,70243.0,TGSU2
2019-01-24,124.0,124.8,121.0,123.7,58547.0,TGSU2
2019-01-25,124.4,125.0,121.0,122.9,145068.0,TGSU2
2019-01-28,121.15,123.0,119.7,122.0,143948.0,TGSU2
2019-01-29,120.0,124.4,120.0,124.3,88418.0,TGSU2
2019-01-30,124.1,126.7,124.1,125.4,115018.0,TGSU2
2019-01-31,125.5,126.5,122.75,126.5,207759.0,TGSU2
2019-02-01,125.8,126.5,123.05,124.5,91962.0,TGSU2
2019-02-04,125.0,125.75,122.0,124.0,159590.0,TGSU2
2019-02-05,123.45,126.6,122.0,125.5,157271.0,TGSU2
2019-02-06,125.45,126.2,121.0,122.0,142479.0,TGSU2
2019-02-07,122.25,122.25,117.75,118.5,154825.0,TGSU2
2019-02-08,117.5,121.0,117.0,119.4,106871.0,TGSU2
2019-02-11,119.5,125.95,119.5,125.45,202684.0,TGSU2
2019-02-12,125.45,128.0,125.45,126.9,99265.0,TGSU2
2019-02-13,126.0,127.0,122.8,123.45,75433.0,TGSU2
2019-02-14,122.5,124.4,121.5,124.0,78048.0,TGSU2
2019-02-15,123.95,124.0,121.0,122.0,102302.0,TGSU2
2019-02-18,123.0,123.0,119.5,121.0,30930.0,TGSU2
2019-02-19,121.0,121.0,114.2,114.9,270280.0,TGSU2
2019-02-20,115.5,122.5,115.5,116.1,367679.0,TGSU2
2019-02-21,117.0,117.45,113.55,113.9,142515.0,TGSU2
2019-02-22,114.2,119.8,114.2,119.7,251432.0,TGSU2
2019-02-25,120.25,122.5,118.5,122.5,160647.0,TGSU2
2019-02-26,122.6,123.9,117.2,119.85,247759.0,TGSU2
2019-02-27,119.5,121.0,116.0,116.5,120944.0,TGSU2
2019-02-28,116.6,118.0,113.5,115.0,129869.0,TGSU2
2019-03-01,115.0,117.5,110.0,111.5,85873.0,TGSU2
2019-03-06,111.0,113.0,106.0,106.5,365521.0,TGSU2
2019-03-07,106.0,113.95,106.0,112.0,270057.0,TGSU2
2019-03-08,112.0,116.95,112.0,116.9,147818.0,TGSU2
2019-03-11,117.9,120.4,117.9,120.0,124519.0,TGSU2
2019-03-12,120.5,120.5,116.75,116.75,86013.0,TGSU2
2019-03-13,118.0,120.0,117.0,117.5,117307.0,TGSU2
2019-03-14,117.0,117.3,114.0,115.5,84393.0,TGSU2
2019-03-15,117.0,119.6,115.6,116.5,126741.0,TGSU2
2019-03-18,117.3,121.5,117.3,121.1,455409.0,TGSU2
2019-03-19,121.05,123.0,117.25,117.95,484554.0,TGSU2
2019-03-20,118.0,119.5,117.75,118.75,269158.0,TGSU2
2019-03-21,118.7,118.75,114.5,117.0,48960.0,TGSU2
2019-03-22,115.0,117.5,113.0,113.0,193558.0,TGSU2
2019-03-25,113.0,115.5,109.0,112.5,167242.0,TGSU2
2019-03-26,113.1,115.5,109.5,111.0,358115.0,TGSU2
2019-03-27,111.05,111.5,107.5,110.0,591131.0,TGSU2
2019-03-28,111.0,114.0,110.0,113.0,283222.0,TGSU2
2019-03-29,113.2,115.5,113.1,114.4,139750.0,TGSU2
2019-04-01,115.0,120.0,113.0,115.35,167314.0,TGSU2
2019-04-03,110.0,111.5,107.1,107.8,311163.0,TGSU2
2019-04-04,107.5,108.9,106.5,107.0,244573.0,TGSU2
2019-04-05,107.0,109.0,104.9,107.35,140243.0,TGSU2
2019-04-08,108.5,110.0,106.5,110.0,114596.0,TGSU2
2019-04-09,109.0,109.0,101.5,102.2,175293.0,TGSU2
2019-04-10,102.3,104.4,102.2,103.35,102160.0,TGSU2
2019-04-11,103.7,104.5,101.2,104.0,146317.0,TGSU2
2019-04-12,103.0,103.95,101.7,102.0,241612.0,TGSU2
2019-04-15,101.75,106.0,101.0,105.45,161824.0,TGSU2
2019-04-16,108.45,108.45,106.0,106.5,102030.0,TGSU2
2019-04-17,101.0,104.0,92.0,92.9,482138.0,TGSU2
2019-04-22,92.9,95.0,91.5,93.85,187338.0,TGSU2
2019-04-23,93.5,98.4,93.5,95.45,224289.0,TGSU2
2019-04-24,95.5,96.45,90.0,92.0,420595.0,TGSU2
2019-04-25,88.9,94.1,83.7,91.0,498260.0,TGSU2
2019-04-26,91.95,94.0,88.5,93.0,271035.0,TGSU2
2019-04-29,92.85,92.85,87.5,87.5,230306.0,TGSU2
2019-04-30,88.25,91.0,88.0,90.8,179250.0,TGSU2
2019-05-02,92.1,96.0,92.1,95.7,72259.0,TGSU2
2019-05-03,98.0,99.55,96.75,98.0,362389.0,TGSU2
2019-05-06,97.0,103.7,96.5,103.0,173845.0,TGSU2
2019-05-07,102.5,104.0,100.0,102.95,262401.0,TGSU2
2019-05-08,103.25,108.5,103.25,105.7,308212.0,TGSU2
2019-05-09,105.95,109.0,103.0,103.8,286965.0,TGSU2
2019-05-10,104.0,107.35,102.0,103.0,165427.0,TGSU2
2019-05-13,103.0,103.0,99.5,100.8,157865.0,TGSU2
2019-05-14,101.5,103.0,100.0,101.95,275977.0,TGSU2
2019-05-15,103.0,104.5,102.0,103.9,16543.0,TGSU2
2019-05-16,105.0,105.95,102.0,104.25,86448.0,TGSU2
2019-05-17,103.15,107.3,103.15,105.5,122212.0,TGSU2
2019-05-20,103.0,108.0,103.0,106.3,187311.0,TGSU2
2019-05-21,109.0,110.0,107.5,108.3,202664.0,TGSU2
2019-05-22,109.15,112.6,109.0,112.4,327859.0,TGSU2
2019-05-23,109.5,113.0,109.5,112.9,90695.0,TGSU2
2019-05-24,113.5,115.8,112.55,115.5,121332.0,TGSU2
2019-05-27,116.9,116.9,115.0,116.8,41804.0,TGSU2
2019-05-28,116.0,117.65,112.0,114.9,82807.0,TGSU2
2019-05-29,113.75,115.0,110.0,113.7,89319.0,TGSU2
2019-05-30,116.0,118.0,115.0,117.6,237863.0,TGSU2
2019-05-31,116.0,119.4,116.0,116.9,90893.0,TGSU2
2019-06-03,115.0,119.15,115.0,118.0,228268.0,TGSU2
2019-06-04,117.0,118.95,112.5,118.95,444550.0,TGSU2
2019-06-05,119.55,122.95,118.8,119.8,436659.0,TGSU2
2019-06-06,119.75,120.15,117.95,119.0,129052.0,TGSU2
2019-06-07,118.7,121.0,117.25,118.1,162463.0,TGSU2
2019-06-10,119.75,121.75,118.0,119.35,388387.0,TGSU2
2019-06-11,120.25,125.5,119.0,125.0,384647.0,TGSU2
2019-06-12,131.0,137.0,128.0,128.5,682253.0,TGSU2
2019-06-13,129.2,130.4,125.1,128.2,211904.0,TGSU2
2019-06-14,128.5,130.9,126.5,130.9,202424.0,TGSU2
2019-06-18,130.05,132.95,128.6,129.0,202673.0,TGSU2
2019-06-19,130.0,131.0,127.0,128.2,120888.0,TGSU2
2019-06-21,128.15,128.6,125.3,125.8,414074.0,TGSU2
2019-06-24,125.8,125.8,122.55,123.4,97588.0,TGSU2
2019-06-25,125.0,126.0,124.0,125.3,142679.0,TGSU2
2019-06-26,126.0,126.0,121.35,122.0,99027.0,TGSU2
2019-06-27,121.9,124.25,120.7,120.85,332268.0,TGSU2
2019-06-28,121.0,124.5,120.85,124.5,118975.0,TGSU2
2019-07-01,123.2,125.7,122.25,124.15,122403.0,TGSU2
2019-07-02,125.0,125.8,123.9,124.65,93227.0,TGSU2
2019-07-03,127.2,127.7,122.0,123.5,164575.0,TGSU2
2019-07-04,123.05,124.0,122.95,123.3,30336.0,TGSU2
2019-07-05,123.05,126.5,123.05,123.9,125518.0,TGSU2
2019-07-10,127.0,129.95,125.8,129.0,215287.0,TGSU2
2019-07-11,130.6,136.3,130.5,136.2,392028.0,TGSU2
2019-07-12,136.25,139.6,135.7,135.75,389571.0,TGSU2
2019-07-15,134.75,136.05,130.55,132.3,202466.0,TGSU2
2019-07-16,134.5,135.0,131.15,133.5,164316.0,TGSU2
2019-07-17,134.0,135.0,133.2,134.35,201121.0,TGSU2
2019-07-18,132.0,133.55,128.9,129.6,400772.0,TGSU2
2019-07-19,132.0,132.0,128.0,129.0,94230.0,TGSU2
2019-07-22,127.0,127.0,122.0,123.0,183170.0,TGSU2
2019-07-23,122.45,124.0,119.0,123.5,176626.0,TGSU2
2019-07-24,125.0,130.0,125.0,129.4,206319.0,TGSU2
2019-07-25,129.8,131.0,126.15,130.0,128440.0,TGSU2
2019-07-26,129.8,134.95,129.8,134.1,212896.0,TGSU2
2019-07-29,135.0,136.0,131.9,135.6,136397.0,TGSU2
2019-07-30,136.0,140.5,136.0,139.7,394344.0,TGSU2
2019-07-31,141.0,141.0,133.0,137.15,207772.0,TGSU2
2019-08-01,138.0,140.45,134.05,136.55,159247.0,TGSU2
2019-08-02,134.9,135.75,132.5,133.25,172123.0,TGSU2
2019-08-05,133.7,135.5,132.0,133.5,214000.0,TGSU2
2019-08-06,134.0,136.5,133.0,136.5,86828.0,TGSU2
2019-08-07,134.0,138.05,130.05,136.4,146702.0,TGSU2
2019-08-08,136.95,139.5,135.0,135.5,162976.0,TGSU2
2019-08-09,139.95,144.0,135.0,143.75,252603.0,TGSU2
2019-08-12,100.0,116.95,90.0,92.0,658211.0,TGSU2
2019-08-13,98.0,107.5,92.0,105.5,466173.0,TGSU2
2019-08-14,104.6,110.0,100.0,107.0,360834.0,TGSU2
2019-08-15,107.95,115.4,105.0,114.0,481306.0,TGSU2
2019-08-16,112.0,119.9,108.7,110.0,140563.0,TGSU2
2019-08-20,105.9,105.9,97.5,98.2,262734.0,TGSU2
2019-08-21,99.0,103.0,96.05,102.0,104659.0,TGSU2
2019-08-22,102.4,103.6,100.0,100.3,102946.0,TGSU2
2019-08-23,100.65,100.7,96.0,97.1,133991.0,TGSU2
2019-08-26,98.0,98.0,92.35,93.0,58145.0,TGSU2
2019-08-27,93.1,93.1,88.4,91.0,229494.0,TGSU2
2019-08-28,90.0,95.0,89.0,93.9,156847.0,TGSU2
2019-08-29,92.95,94.0,89.2,91.05,184641.0,TGSU2
2019-08-30,91.0,96.8,89.6,94.5,186852.0,TGSU2
2019-09-02,92.0,101.0,90.0,100.0,73923.0,TGSU2
2019-09-03,101.0,101.0,87.5,92.8,182382.0,TGSU2
2019-09-04,90.3,103.75,90.3,99.5,309509.0,TGSU2
2019-09-05,106.95,107.0,101.7,105.2,257599.0,TGSU2
2019-09-06,110.0,110.0,100.75,104.8,131715.0,TGSU2
2019-09-09,103.85,107.0,100.0,103.5,71606.0,TGSU2
2019-09-10,103.0,107.3,101.5,107.3,116073.0,TGSU2
2019-09-11,107.7,111.2,106.5,110.2,126257.0,TGSU2
2019-09-12,106.05,111.5,106.05,111.25,77800.0,TGSU2
2019-09-13,112.4,115.8,110.0,112.4,118656.0,TGSU2
2019-09-16,116.9,119.45,115.1,118.75,101877.0,TGSU2
2019-09-17,119.0,119.0,110.75,113.75,113497.0,TGSU2
2019-09-18,112.0,116.85,111.0,116.8,105571.0,TGSU2
2019-09-19,116.8,118.45,112.8,118.0,185839.0,TGSU2
2019-09-20,119.0,119.0,111.0,117.0,154932.0,TGSU2
2019-09-23,116.65,116.85,112.0,114.2,112169.0,TGSU2
2019-09-24,116.95,116.95,107.0,108.0,95514.0,TGSU2
2019-09-25,107.0,111.15,103.0,110.4,98803.0,TGSU2
2019-09-26,109.85,110.5,105.2,108.5,167193.0,TGSU2
2019-09-27,108.0,110.6,105.0,109.5,73802.0,TGSU2
2019-09-30,108.65,108.65,104.0,107.5,107903.0,TGSU2
2019-10-01,108.0,113.0,107.6,112.0,51446.0,TGSU2
2019-10-02,111.4,115.2,109.0,114.0,70003.0,TGSU2
2019-10-03,114.0,115.7,111.45,111.45,106215.0,TGSU2
2019-10-04,110.05,120.8,110.05,119.8,353206.0,TGSU2
2019-10-07,120.0,122.75,114.5,114.9,76324.0,TGSU2
2019-10-08,115.0,115.0,110.0,110.0,97094.0,TGSU2
2019-10-09,110.1,112.5,106.0,108.0,92995.0,TGSU2
2019-10-10,108.5,111.9,107.8,111.9,148558.0,TGSU2
2019-10-11,112.0,117.2,112.0,114.6,155956.0,TGSU2
2019-10-15,114.85,114.85,110.7,112.55,75733.0,TGSU2
2019-10-16,112.6,112.6,109.0,111.9,56242.0,TGSU2
2019-10-17,110.5,117.9,110.5,117.45,178709.0,TGSU2
2019-10-18,118.0,120.1,115.5,116.5,164491.0,TGSU2
2019-10-21,117.0,120.0,115.8,118.75,331743.0,TGSU2
2019-10-22,117.1,123.45,117.1,123.4,258913.0,TGSU2
2019-10-23,123.0,125.0,113.6,116.9,204775.0,TGSU2
2019-10-24,116.65,120.0,111.25,118.0,262652.0,TGSU2
2019-10-25,118.9,123.45,116.5,120.5,234450.0,TGSU2
2019-10-28,120.55,129.45,115.0,117.25,99856.0,TGSU2
2019-10-29,114.0,120.5,112.25,118.5,72550.0,TGSU2
2019-10-30,118.0,120.5,115.0,119.8,122661.0,TGSU2
2019-10-31,119.9,123.0,119.0,120.5,108328.0,TGSU2
2019-11-01,121.4,124.75,118.0,121.95,141389.0,TGSU2
2019-11-04,122.0,125.75,121.7,123.2,162723.0,TGSU2
2019-11-05,124.0,126.0,123.0,126.0,165331.0,TGSU2
2019-11-06,127.0,128.0,121.25,122.0,25370.0,TGSU2
2019-11-07,123.0,124.0,121.5,123.0,167084.0,TGSU2
2019-11-08,123.0,125.0,103.0,108.45,1907766.0,TGSU2
2019-11-11,104.0,106.15,98.1,100.5,133886.0,TGSU2
2019-11-12,99.75,102.5,96.5,102.45,195420.0,TGSU2
2019-11-13,102.4,104.0,97.8,98.5,93970.0,TGSU2
2019-11-14,97.0,101.5,91.2,92.3,246059.0,TGSU2
2019-11-15,92.5,94.0,89.2,93.4,175549.0,TGSU2
2019-11-19,92.3,96.4,88.5,96.4,363346.0,TGSU2
2019-11-20,96.7,100.0,94.1,96.5,396500.0,TGSU2
2019-11-21,98.0,98.4,92.0,94.2,277661.0,TGSU2
2019-11-22,94.1,95.4,91.25,93.3,412693.0,TGSU2
2019-11-26,92.5,93.0,83.5,85.45,1269327.0,TGSU2
2019-11-27,86.0,89.9,84.5,89.75,1347162.0,TGSU2
2019-11-28,89.7,92.2,89.7,91.4,260011.0,TGSU2
2019-11-29,91.3,92.2,89.15,91.7,267248.0,TGSU2
2019-12-02,91.75,91.8,87.0,87.8,318493.0,TGSU2
2019-12-03,87.65,88.7,83.75,84.35,294213.0,TGSU2
2019-12-04,85.0,91.0,84.2,90.5,329283.0,TGSU2
2019-12-05,89.95,92.2,88.0,92.0,274075.0,TGSU2
2019-12-06,92.5,96.5,92.0,95.0,549927.0,TGSU2
2019-12-09,95.6,98.9,95.45,95.6,400615.0,TGSU2
2019-12-10,96.0,96.5,91.3,91.5,237751.0,TGSU2
2019-12-11,91.5,93.6,88.6,92.7,230757.0,TGSU2
2019-12-12,93.2,94.0,90.0,93.9,299783.0,TGSU2
2019-12-13,93.8,99.9,93.2,97.6,286224.0,TGSU2
2019-12-16,98.1,102.0,98.1,101.0,309481.0,TGSU2
2019-12-17,100.95,100.95,94.5,96.0,326263.0,TGSU2
2019-12-18,95.4,98.2,94.5,96.95,225474.0,TGSU2
2019-12-19,96.95,101.5,96.95,98.9,161420.0,TGSU2
2019-12-20,98.55,100.9,98.0,99.8,134967.0,TGSU2
2019-12-23,101.5,102.95,99.7,101.2,285906.0,TGSU2
2019-12-26,103.0,110.0,102.05,108.5,360126.0,TGSU2
2019-12-27,108.5,112.0,104.5,105.5,208659.0,TGSU2
2019-12-30,110.0,110.0,104.0,108.8,293611.0,TGSU2
2020-01-02,108.6,111.0,104.2,105.9,190680.0,TGSU2
2020-01-03,107.9,107.9,102.6,105.8,237217.0,TGSU2
2020-01-06,105.8,107.9,104.1,107.0,145530.0,TGSU2
2020-01-07,108.0,109.4,104.7,107.95,205323.0,TGSU2
2020-01-08,107.25,107.8,105.35,106.6,101439.0,TGSU2
2020-01-09,107.0,109.8,106.0,109.6,161557.0,TGSU2
2020-01-10,110.05,112.85,110.05,112.3,203680.0,TGSU2
2020-01-13,113.0,114.5,110.3,110.3,120100.0,TGSU2
2020-01-14,110.5,111.0,101.5,105.4,172331.0,TGSU2
2020-01-15,109.0,109.0,103.1,106.25,196222.0,TGSU2
2020-01-16,106.25,110.0,106.15,110.0,157412.0,TGSU2
2020-01-17,110.0,113.6,109.0,110.5,167944.0,TGSU2
2020-01-20,110.0,112.9,106.0,110.0,148837.0,TGSU2
2020-01-21,109.0,110.5,105.5,106.2,151816.0,TGSU2
2020-01-22,105.0,107.5,102.45,105.8,133715.0,TGSU2
2020-01-23,107.0,107.0,102.5,105.0,146221.0,TGSU2
2020-01-24,105.0,106.5,101.05,101.1,213789.0,TGSU2
2020-01-27,100.0,104.0,95.0,103.8,165294.0,TGSU2
2020-01-28,104.0,107.0,102.55,104.85,153240.0,TGSU2
2020-01-29,104.85,107.3,102.4,102.5,226174.0,TGSU2
2020-01-30,102.5,105.9,98.5,102.75,194650.0,TGSU2
2020-01-31,105.05,105.65,102.0,104.25,223273.0,TGSU2
2020-02-03,104.5,109.0,104.3,107.2,98603.0,TGSU2
2020-02-04,108.0,112.0,104.7,106.2,210868.0,TGSU2
2020-02-05,107.0,107.25,104.75,104.85,51420.0,TGSU2
2020-02-06,105.85,106.85,104.0,105.5,68650.0,TGSU2
2020-02-07,107.9,107.9,104.05,105.0,117000.0,TGSU2
2020-02-10,104.6,106.5,104.15,105.4,52367.0,TGSU2
2020-02-11,103.0,104.8,100.25,104.0,122290.0,TGSU2
2020-02-12,104.0,106.75,102.5,105.0,78751.0,TGSU2
2020-02-13,104.7,105.0,100.55,103.15,267545.0,TGSU2
2020-02-14,103.2,106.5,100.9,102.8,222615.0,TGSU2
2020-02-17,103.8,104.0,101.5,102.4,37827.0,TGSU2
2020-02-18,103.0,104.0,101.0,102.0,273245.0,TGSU2
2020-02-19,100.0,104.5,100.0,100.85,163178.0,TGSU2
2020-02-20,102.0,107.25,99.5,103.5,185615.0,TGSU2
2020-02-21,105.95,106.4,102.0,103.25,58183.0,TGSU2
2020-02-26,102.7,102.7,92.7,93.95,164178.0,TGSU2
2020-02-27,94.0,94.95,87.9,90.0,198545.0,TGSU2
2020-02-28,91.0,95.5,86.7,93.5,174368.0,TGSU2
2020-03-02,95.0,96.85,90.0,93.7,164970.0,TGSU2
2020-03-03,94.0,98.0,94.0,95.0,166368.0,TGSU2
2020-03-04,96.5,99.95,96.0,97.75,156034.0,TGSU2
2020-03-05,97.9,99.95,95.0,99.75,63639.0,TGSU2
2020-03-06,99.0,100.15,92.0,94.5,77316.0,TGSU2
2020-03-09,90.2,91.85,74.3,82.0,126953.0,TGSU2
2020-03-10,84.0,90.0,83.45,88.6,163311.0,TGSU2
2020-03-11,87.95,88.1,84.0,86.0,97668.0,TGSU2
2020-03-12,84.7,89.6,80.0,86.5,270822.0,TGSU2
2020-03-13,88.0,88.15,82.8,84.4,122756.0,TGSU2
2020-03-16,82.0,82.0,73.7,76.0,101446.0,TGSU2
2020-03-17,77.5,81.0,73.0,80.5,91992.0,TGSU2
2020-03-18,78.0,78.0,67.0,70.6,78241.0,TGSU2
2020-03-19,71.05,75.1,70.0,70.1,155186.0,TGSU2
2020-03-20,71.8,77.0,69.95,73.6,74776.0,TGSU2
2020-03-25,78.0,81.45,75.0,79.8,121611.0,TGSU2
2020-03-26,81.5,85.0,69.25,75.5,205139.0,TGSU2
2020-03-27,72.15,76.5,70.3,73.0,30796.0,TGSU2
2020-03-30,72.35,74.45,69.9,72.8,63154.0,TGSU2
2020-04-01,75.5,78.35,75.0,77.9,181011.0,TGSU2
2020-04-02,78.5,82.45,76.15,80.2,96222.0,TGSU2
2020-04-03,80.0,84.5,78.0,84.5,96815.0,TGSU2
2020-04-06,85.85,88.75,83.3,87.5,135413.0,TGSU2
2020-04-07,90.9,92.9,85.0,86.2,121631.0,TGSU2
2020-04-08,86.9,91.5,85.05,90.5,102160.0,TGSU2
2020-04-13,87.95,91.35,86.0,90.0,151370.0,TGSU2
2020-04-14,91.5,98.9,91.3,97.45,161662.0,TGSU2
2020-04-15,95.5,98.5,92.5,97.5,80602.0,TGSU2
2020-04-16,98.5,98.5,87.0,87.5,79977.0,TGSU2
2020-04-17,92.5,94.5,88.7,91.0,70953.0,TGSU2
2020-04-20,91.0,93.2,88.5,91.0,99455.0,TGSU2
2020-04-21,91.75,94.25,86.45,92.0,90359.0,TGSU2
2020-04-22,94.1,96.2,92.5,92.85,71522.0,TGSU2
2020-04-23,95.0,98.5,94.55,97.55,150191.0,TGSU2
2020-04-24,99.0,99.0,92.65,93.7,69544.0,TGSU2
2020-04-27,93.5,97.55,91.95,97.45,55084.0,TGSU2
2020-04-28,100.0,102.9,96.05,101.4,121344.0,TGSU2
2020-04-29,102.25,102.9,97.5,101.0,111436.0,TGSU2
2020-04-30,102.0,102.8,99.9,102.5,66792.0,TGSU2
2020-05-04,101.75,101.75,94.9,98.0,92483.0,TGSU2
2020-05-05,100.0,101.9,95.0,100.0,90083.0,TGSU2
2020-05-06,101.0,103.0,97.25,102.5,116329.0,TGSU2
2020-05-07,104.0,108.0,99.95,106.8,259631.0,TGSU2
2020-05-08,108.1,115.0,107.1,109.0,287996.0,TGSU2
2020-05-11,110.0,119.4,106.85,118.7,117050.0,TGSU2
2020-05-12,119.05,126.25,119.05,122.0,157531.0,TGSU2
2020-05-13,122.0,122.4,116.8,122.4,153880.0,TGSU2
2020-05-14,121.95,128.2,119.0,127.0,211948.0,TGSU2
2020-05-15,128.3,133.0,124.1,127.5,201348.0,TGSU2
2020-05-18,133.15,135.0,126.2,128.75,172245.0,TGSU2
2020-05-19,126.9,131.3,125.1,125.6,114868.0,TGSU2
2020-05-20,128.35,130.0,121.6,126.3,84048.0,TGSU2
2020-05-21,125.8,132.2,124.0,132.0,316856.0,TGSU2
2020-05-22,130.0,131.95,126.2,130.5,227514.0,TGSU2
2020-05-26,130.25,137.5,126.5,128.25,151909.0,TGSU2
2020-05-27,124.0,128.6,115.0,122.5,194662.0,TGSU2
2020-05-28,124.0,125.5,120.1,120.1,178354.0,TGSU2
2020-05-29,122.7,123.5,115.0,123.0,80164.0,TGSU2
2020-06-01,123.0,130.0,120.05,129.5,76623.0,TGSU2
2020-06-02,133.0,133.2,131.0,133.0,69814.0,TGSU2
2020-06-03,135.0,135.0,131.5,132.0,122184.0,TGSU2
2020-06-04,131.05,134.95,131.05,132.55,88876.0,TGSU2
2020-06-05,134.05,140.8,134.05,140.55,165447.0,TGSU2
2020-06-08,144.0,154.0,143.7,152.5,101038.0,TGSU2
2020-06-09,145.0,148.55,138.0,147.1,333658.0,TGSU2
2020-06-10,145.95,146.9,138.9,142.9,149224.0,TGSU2
2020-06-11,139.95,139.95,128.65,132.0,223404.0,TGSU2
2020-06-12,135.0,138.0,123.0,127.5,181871.0,TGSU2
2020-06-16,128.0,132.0,124.0,125.5,115887.0,TGSU2
2020-06-17,124.45,124.45,116.0,119.7,75731.0,TGSU2
2020-06-18,115.0,119.0,110.9,112.5,59565.0,TGSU2
2020-06-19,115.0,122.45,115.0,121.0,57771.0,TGSU2
2020-06-22,119.65,125.85,115.75,121.0,110126.0,TGSU2
2020-06-23,121.0,124.0,117.05,119.45,78930.0,TGSU2
2020-06-24,118.3,120.5,115.65,117.5,68545.0,TGSU2
2020-06-25,117.5,125.5,117.5,125.5,56808.0,TGSU2
2020-06-26,125.0,125.9,116.0,118.0,67442.0,TGSU2
2020-06-29,118.25,123.0,118.25,118.5,43037.0,TGSU2
2020-06-30,118.05,119.9,107.75,115.5,149503.0,TGSU2
2020-07-01,114.05,121.0,112.75,120.1,176630.0,TGSU2
2020-07-02,120.4,124.0,115.5,115.5,105277.0,TGSU2
2020-07-03,116.5,122.0,115.1,118.95,51610.0,TGSU2
2020-07-06,121.1,130.5,121.1,128.5,205015.0,TGSU2
2020-07-07,126.65,129.0,120.5,127.0,76203.0,TGSU2
2020-07-08,127.0,131.8,125.0,131.0,89008.0,TGSU2
2020-07-13,130.0,134.0,125.05,127.0,152400.0,TGSU2
2020-07-14,126.95,129.7,124.5,128.05,46422.0,TGSU2
2020-07-15,132.25,132.25,129.0,130.6,80653.0,TGSU2
2020-07-16,130.4,131.2,128.1,131.0,42309.0,TGSU2
2020-07-17,132.5,132.95,128.0,130.0,55148.0,TGSU2
2020-07-20,128.75,130.95,127.2,129.35,39291.0,TGSU2
2020-07-21,129.0,138.0,129.0,137.3,219894.0,TGSU2
2020-07-22,137.0,140.2,130.7,136.5,117619.0,TGSU2
2020-07-23,138.0,141.9,136.0,137.95,102677.0,TGSU2
2020-07-24,137.75,144.3,136.0,143.9,169913.0,TGSU2
2020-07-27,145.0,145.5,141.0,141.05,276378.0,TGSU2
2020-07-28,141.0,141.25,134.2,135.6,138471.0,TGSU2
2020-07-29,136.0,138.0,133.2,137.9,119975.0,TGSU2
2020-07-30,135.9,145.0,132.0,144.95,146518.0,TGSU2
2020-07-31,144.95,144.95,138.95,141.0,119532.0,TGSU2
2020-08-03,138.0,153.0,136.5,149.6,324696.0,TGSU2
2020-08-04,154.0,164.25,150.1,153.0,124883.0,TGSU2
2020-08-05,157.1,160.0,149.0,152.0,122860.0,TGSU2
2020-08-06,152.0,154.0,148.5,153.0,130437.0,TGSU2
2020-08-07,147.95,153.9,147.95,152.0,138310.0,TGSU2
2020-08-10,147.95,156.0,145.0,154.0,226704.0,TGSU2
2020-08-11,154.95,154.95,146.0,147.6,171517.0,TGSU2
2020-08-12,146.25,146.25,138.0,139.7,176992.0,TGSU2
2020-08-13,140.0,146.15,138.0,141.1,63666.0,TGSU2
2020-08-14,142.9,142.9,132.5,135.0,117900.0,TGSU2
2020-08-18,134.05,134.05,128.0,128.25,73411.0,TGSU2
2020-08-19,128.0,134.65,128.0,130.5,129023.0,TGSU2
2020-08-20,130.0,131.0,127.65,128.1,58153.0,TGSU2
2020-08-21,128.5,135.55,128.5,131.5,102438.0,TGSU2
2020-08-24,134.95,134.95,124.0,127.5,161778.0,TGSU2
2020-08-25,128.0,128.0,120.3,123.0,338113.0,TGSU2
2020-08-26,123.0,125.0,118.0,120.0,384401.0,TGSU2
2020-08-27,120.5,124.95,111.5,112.0,225295.0,TGSU2
2020-08-28,113.25,122.0,113.25,120.5,149634.0,TGSU2
2020-08-31,122.1,126.0,117.5,123.55,378550.0,TGSU2
2020-09-01,123.85,125.25,120.55,123.6,248587.0,TGSU2
2020-09-02,124.0,124.5,118.0,118.0,69082.0,TGSU2
2020-09-03,119.7,124.0,118.75,124.0,41637.0,TGSU2
2020-09-04,125.85,125.85,117.1,121.5,117943.0,TGSU2
2020-09-07,123.95,123.95,119.0,122.2,13944.0,TGSU2
2020-09-08,117.95,121.9,117.6,121.2,87230.0,TGSU2
2020-09-09,121.15,123.1,120.0,121.8,69356.0,TGSU2
2020-09-10,122.0,122.0,119.0,119.4,125580.0,TGSU2
2020-09-11,118.9,122.2,118.5,120.7,106779.0,TGSU2
2020-09-14,122.9,122.9,118.0,120.5,45828.0,TGSU2
2020-09-15,118.2,118.4,115.0,117.0,94783.0,TGSU2
2020-09-16,115.5,115.5,107.1,109.8,87047.0,TGSU2
2020-09-17,109.8,109.8,104.0,105.5,284281.0,TGSU2
2020-09-18,105.85,113.95,105.5,112.05,150710.0,TGSU2
2020-09-21,109.0,117.5,109.0,116.6,73456.0,TGSU2
2020-09-22,118.5,119.0,113.1,116.3,0.0,TGSU2
2020-09-23,115.0,122.9,115.0,121.1,103970.0,TGSU2
2020-09-24,122.8,122.8,117.5,119.7,190818.0,TGSU2
2020-09-25,118.0,120.5,118.0,118.6,21997.0,TGSU2
2020-09-28,120.3,122.5,116.25,119.2,140390.0,TGSU2
2020-09-29,119.75,120.0,116.0,118.9,309555.0,TGSU2
2020-09-30,118.0,122.0,116.0,116.5,116104.0,TGSU2
2020-10-01,120.95,126.4,117.0,126.4,114204.0,TGSU2
2020-10-02,126.1,127.0,122.5,127.0,66466.0,TGSU2
2020-10-05,128.5,129.8,125.7,129.5,65120.0,TGSU2
2020-10-06,130.0,132.1,129.5,131.25,120477.0,TGSU2
2020-10-07,131.05,131.05,123.2,127.6,165087.0,TGSU2
2020-10-08,127.6,130.9,126.0,129.95,66814.0,TGSU2
2020-10-09,130.0,134.5,128.25,134.0,169303.0,TGSU2
2020-10-13,134.0,143.4,133.8,142.8,381050.0,TGSU2
2020-10-14,142.5,151.0,138.5,150.35,267328.0,TGSU2
2020-10-15,149.9,156.2,146.5,155.0,253682.0,TGSU2
2020-10-16,155.0,160.0,153.0,158.2,124479.0,TGSU2
2020-10-19,158.2,164.0,158.2,162.0,136995.0,TGSU2
2020-10-20,162.0,168.95,156.65,167.0,220473.0,TGSU2
2020-10-21,167.7,170.0,160.5,164.0,165524.0,TGSU2
2020-10-22,163.0,171.0,161.2,170.6,118969.0,TGSU2
2020-10-23,170.0,174.0,163.05,173.9,99695.0,TGSU2
2020-10-26,173.0,173.0,155.0,159.0,106309.0,TGSU2
2020-10-27,157.4,164.9,146.55,147.0,90445.0,TGSU2
2020-10-28,142.5,147.9,135.0,142.0,72395.0,TGSU2
2020-10-29,142.0,157.0,142.0,157.0,114582.0,TGSU2
2020-10-30,157.0,157.0,146.0,152.8,53823.0,TGSU2
2020-11-02,152.0,162.75,150.0,161.0,124022.0,TGSU2
2020-11-03,161.0,165.0,159.0,164.0,130970.0,TGSU2
2020-11-04,163.45,166.0,155.5,156.4,58034.0,TGSU2
2020-11-05,156.5,160.0,155.0,155.0,59036.0,TGSU2
2020-11-06,158.9,160.2,157.5,159.8,16384.0,TGSU2
2020-11-09,163.0,165.0,155.0,155.0,145231.0,TGSU2
2020-11-10,155.1,160.0,150.25,156.3,61516.0,TGSU2
2020-11-11,157.2,161.5,157.2,161.0,91410.0,TGSU2
2020-11-12,162.0,163.65,155.0,160.0,521737.0,TGSU2
2020-11-13,161.0,162.0,156.0,158.05,45352.0,TGSU2
2020-11-16,158.0,160.0,143.0,156.8,59510.0,TGSU2
2020-11-17,162.0,163.5,156.5,161.75,107273.0,TGSU2
2020-11-18,161.75,163.0,157.0,157.0,35792.0,TGSU2
2020-11-19,156.3,159.2,152.5,155.15,32362.0,TGSU2
2020-11-20,154.75,162.95,152.0,161.9,33940.0,TGSU2
2020-11-24,160.3,168.9,160.3,168.5,215580.0,TGSU2
2020-11-25,168.0,171.25,164.5,167.0,59199.0,TGSU2
2020-11-26,159.7,171.45,159.7,169.0,26138.0,TGSU2
2020-11-27,169.0,171.5,164.2,169.6,97520.0,TGSU2
2020-11-30,169.6,169.65,162.3,162.5,32261.0,TGSU2
2020-12-01,162.0,168.6,161.9,167.7,93261.0,TGSU2
2020-12-02,170.0,171.7,164.5,167.5,70681.0,TGSU2
2020-12-03,167.0,173.0,167.0,167.55,39146.0,TGSU2
2020-12-04,170.0,171.0,167.5,169.0,92332.0,TGSU2
2020-12-09,168.0,168.0,156.0,159.9,54674.0,TGSU2
2020-12-10,158.4,159.9,156.0,158.15,147526.0,TGSU2
2020-12-11,156.0,164.9,156.0,162.0,108869.0,TGSU2
2020-12-14,162.5,168.4,157.45,158.5,99428.0,TGSU2
2020-12-15,158.5,166.95,158.5,163.0,228749.0,TGSU2
2020-12-16,168.0,168.3,163.9,166.3,130717.0,TGSU2
2020-12-17,162.0,168.0,160.25,162.5,146116.0,TGSU2
2020-12-18,165.6,165.6,157.1,159.0,114141.0,TGSU2
2020-12-21,156.0,158.9,147.0,152.6,89308.0,TGSU2
2020-12-22,151.0,154.0,149.0,150.0,160718.0,TGSU2
2020-12-23,150.0,160.0,150.0,153.5,230676.0,TGSU2
2020-12-28,153.25,154.0,146.25,148.4,130208.0,TGSU2
2020-12-29,147.0,153.95,147.0,151.0,61869.0,TGSU2
2020-12-30,156.0,158.1,153.0,154.7,114224.0,TGSU2
2021-01-04,155.0,163.0,150.0,155.0,83847.0,TGSU2
2021-01-05,155.1,159.0,150.05,158.0,45589.0,TGSU2
2021-01-06,159.5,162.5,153.05,155.9,47341.0,TGSU2
2021-01-07,154.0,160.0,154.0,159.0,179144.0,TGSU2
2021-01-08,159.0,159.75,155.0,157.0,98428.0,TGSU2
2021-01-11,156.0,162.0,155.0,160.0,300374.0,TGSU2
2021-01-12,161.0,162.9,157.55,160.7,68275.0,TGSU2
2021-01-13,160.75,162.0,157.5,161.7,66251.0,TGSU2
2021-01-14,162.0,162.2,158.3,160.0,45753.0,TGSU2
2021-01-15,160.0,163.0,155.1,156.7,74561.0,TGSU2
2021-01-18,157.0,157.0,149.7,154.0,20958.0,TGSU2
2021-01-19,152.0,160.0,152.0,159.9,114794.0,TGSU2
2021-01-20,159.5,160.0,153.2,159.65,127360.0,TGSU2
2021-01-21,159.0,160.5,154.1,155.75,65370.0,TGSU2
2021-01-22,152.15,158.9,152.0,157.75,199313.0,TGSU2
2021-01-25,153.5,158.2,149.65,154.5,97961.0,TGSU2
2021-01-26,156.0,161.0,151.55,161.0,72857.0,TGSU2
2021-01-27,161.0,161.0,153.15,157.0,615880.0,TGSU2
2021-01-28,157.0,160.9,153.5,153.5,273410.0,TGSU2
2021-01-29,153.4,157.0,151.0,151.0,116597.0,TGSU2
2021-02-01,155.0,157.8,152.5,152.7,36524.0,TGSU2
2021-02-02,153.6,159.1,153.5,157.0,45759.0,TGSU2
2021-02-03,153.05,159.35,153.05,154.0,152187.0,TGSU2
2021-02-04,152.0,158.0,152.0,157.0,62280.0,TGSU2
2021-02-05,152.55,158.95,152.55,157.0,40342.0,TGSU2
2021-02-08,157.15,157.15,153.75,156.25,40867.0,TGSU2
2021-02-09,156.25,159.1,153.0,154.95,62417.0,TGSU2
2021-02-10,152.8,157.0,152.8,153.5,42784.0,TGSU2
2021-02-11,152.3,155.0,151.0,151.0,13118.0,TGSU2
2021-02-12,155.0,155.0,149.15,150.8,49376.0,TGSU2
2021-02-17,154.15,158.7,154.15,158.7,155656.0,TGSU2
2021-02-18,158.5,158.5,149.8,153.5,85548.0,TGSU2
2021-02-19,152.0,154.0,148.45,150.75,21782.0,TGSU2
2021-02-22,149.0,151.0,141.3,142.25,31889.0,TGSU2
2021-02-23,142.15,144.3,136.5,144.3,50696.0,TGSU2
2021-02-24,142.95,146.8,140.05,146.8,44907.0,TGSU2
2021-02-25,145.0,146.45,140.0,140.8,23494.0,TGSU2
2021-02-26,141.6,144.9,138.5,138.5,19244.0,TGSU2
2021-03-01,140.0,144.5,139.0,143.0,27369.0,TGSU2
2021-03-02,141.0,143.0,137.0,137.0,17012.0,TGSU2
2021-03-03,137.0,138.0,132.0,132.1,74434.0,TGSU2
2021-03-04,134.9,137.5,129.05,130.2,102940.0,TGSU2
2021-03-05,130.2,137.15,130.2,137.15,61905.0,TGSU2
2021-03-08,136.0,140.0,132.3,132.8,55684.0,TGSU2
2021-03-09,132.0,137.7,130.75,133.5,83124.0,TGSU2
2021-03-10,133.4,136.5,130.8,132.0,124091.0,TGSU2
2021-03-11,131.35,138.7,131.35,137.1,366146.0,TGSU2
2021-03-12,136.0,141.0,135.5,139.8,98391.0,TGSU2
2021-03-15,140.8,143.25,138.15,140.35,145828.0,TGSU2
2021-03-16,142.5,143.5,139.0,140.45,152391.0,TGSU2
2021-03-17,139.5,142.5,139.5,142.2,84703.0,TGSU2
2021-03-18,142.2,143.5,137.0,137.55,144073.0,TGSU2
2021-03-19,135.05,137.55,134.0,136.15,101929.0,TGSU2
2021-03-22,136.0,138.5,134.05,135.8,167303.0,TGSU2
2021-03-23,134.55,138.3,133.0,133.0,132811.0,TGSU2
2021-03-25,133.0,136.0,129.0,130.65,191369.0,TGSU2
2021-03-26,129.2,135.2,129.2,130.85,73938.0,TGSU2
2021-03-29,128.1,140.0,128.0,139.45,53398.0,TGSU2
2021-03-30,141.95,141.95,136.0,139.6,16228.0,TGSU2
2021-03-31,137.0,142.5,136.0,139.1,151485.0,TGSU2
2021-04-05,139.0,143.0,139.0,142.8,87801.0,TGSU2
2021-04-06,142.0,146.45,142.0,144.1,167766.0,TGSU2
2021-04-07,145.0,146.8,138.5,139.0,269448.0,TGSU2
2021-04-08,138.5,142.5,138.5,140.15,78775.0,TGSU2
2021-04-09,141.0,142.0,138.35,138.6,28102.0,TGSU2
2021-04-12,138.6,138.6,133.5,135.45,23784.0,TGSU2
2021-04-13,135.5,135.85,130.7,130.85,32510.0,TGSU2
2021-04-14,131.2,135.0,127.5,128.25,82572.0,TGSU2
2021-04-15,131.25,131.45,126.5,128.25,107923.0,TGSU2
2021-04-16,130.0,132.75,128.25,131.1,47584.0,TGSU2
2021-04-19,130.0,138.5,130.0,138.0,46588.0,TGSU2
2021-04-20,137.5,138.0,131.35,132.8,94381.0,TGSU2
2021-04-21,131.5,136.9,131.5,135.15,104648.0,TGSU2
2021-04-22,136.8,137.15,134.0,134.4,30292.0,TGSU2
2021-04-23,134.0,136.0,132.05,134.4,34720.0,TGSU2
2021-04-26,132.5,136.0,132.5,133.85,36946.0,TGSU2
2021-04-27,132.8,138.0,132.8,136.45,78505.0,TGSU2
2021-04-28,135.0,143.0,135.0,142.5,67382.0,TGSU2
2021-04-29,141.7,144.0,141.7,142.35,19912.0,TGSU2
2021-04-30,143.0,143.5,138.0,139.35,38583.0,TGSU2
2021-05-03,143.0,143.5,139.65,141.7,86872.0,TGSU2
2021-05-04,141.45,141.9,137.0,138.3,51408.0,TGSU2
2021-05-05,139.0,143.8,137.1,137.25,84736.0,TGSU2
2021-05-06,137.25,140.0,135.55,136.3,56435.0,TGSU2
2021-05-07,137.0,141.0,136.6,139.9,34525.0,TGSU2
2021-05-10,141.7,142.5,138.5,139.6,65161.0,TGSU2
2021-05-11,139.0,143.0,137.1,138.0,24831.0,TGSU2
2021-05-12,142.0,142.5,138.05,141.9,56042.0,TGSU2
2021-05-13,142.0,147.95,140.85,147.5,63878.0,TGSU2
2021-05-14,147.9,153.0,147.25,147.8,111772.0,TGSU2
2021-05-17,145.5,154.5,145.0,154.05,45861.0,TGSU2
2021-05-18,154.05,155.5,150.0,153.85,201783.0,TGSU2
2021-05-19,152.0,153.25,149.25,151.2,31791.0,TGSU2
2021-05-20,150.25,154.5,150.25,152.75,30734.0,TGSU2
2021-05-21,157.0,157.0,150.0,150.0,16234.0,TGSU2
2021-05-26,147.9,147.9,142.0,145.7,144427.0,TGSU2
2021-05-27,149.0,149.95,146.0,148.55,90207.0,TGSU2
2021-05-28,153.0,155.5,152.0,153.0,73477.0,TGSU2
2021-05-31,153.0,154.5,151.1,152.2,23286.0,TGSU2
2021-06-01,157.1,165.0,157.1,164.8,129196.0,TGSU2
2021-06-02,165.15,171.25,165.15,169.95,121082.0,TGSU2
2021-06-03,166.0,177.9,162.5,176.35,107696.0,TGSU2
2021-06-04,177.0,179.5,171.0,178.45,71137.0,TGSU2
2021-06-07,181.1,185.75,180.5,181.45,116524.0,TGSU2
2021-06-08,181.0,181.0,172.25,175.45,142388.0,TGSU2
2021-06-09,180.0,188.25,176.35,186.4,190284.0,TGSU2
2021-06-10,186.5,189.2,182.0,186.0,149905.0,TGSU2
2021-06-11,186.05,186.05,175.75,176.65,54330.0,TGSU2
2021-06-14,177.3,180.0,174.6,174.85,100160.0,TGSU2
2021-06-15,174.9,180.0,170.2,179.05,64698.0,TGSU2
2021-06-16,175.45,178.5,173.5,177.0,110100.0,TGSU2
2021-06-17,179.5,179.5,166.4,170.15,73982.0,TGSU2
2021-06-18,170.0,171.8,167.0,170.65,55062.0,TGSU2
2021-06-22,171.0,171.0,165.0,168.5,83340.0,TGSU2
2021-06-23,176.5,176.5,170.8,173.5,119615.0,TGSU2
2021-06-24,174.3,176.5,169.9,173.9,46043.0,TGSU2
2021-06-25,168.0,169.5,164.0,169.05,83745.0,TGSU2
2021-06-28,166.15,167.25,162.5,164.25,67318.0,TGSU2
2021-06-29,162.7,164.75,160.0,161.1,47588.0,TGSU2
2021-06-30,161.9,162.9,156.0,156.65,91596.0,TGSU2
2021-07-01,155.0,160.5,153.5,153.55,36258.0,TGSU2
2021-07-02,154.3,161.0,154.25,158.9,46000.0,TGSU2
2021-07-05,158.9,165.0,158.9,162.0,17124.0,TGSU2
2021-07-06,164.0,164.0,155.0,157.1,61814.0,TGSU2
2021-07-07,160.0,160.0,154.9,157.75,50529.0,TGSU2
2021-07-08,157.0,161.0,152.0,154.95,54328.0,TGSU2
2021-07-12,156.35,165.8,156.35,164.4,135774.0,TGSU2
2021-07-13,164.5,165.5,161.2,164.35,49235.0,TGSU2
2021-07-14,164.1,166.0,157.0,157.2,97072.0,TGSU2
2021-07-15,160.0,162.0,154.25,158.1,49132.0,TGSU2
2021-07-16,159.5,159.5,154.3,156.5,58649.0,TGSU2
2021-07-19,155.9,156.0,149.0,154.8,37926.0,TGSU2
2021-07-20,155.0,162.0,155.0,161.5,32080.0,TGSU2
2021-07-21,161.5,164.0,159.0,160.45,77055.0,TGSU2
2021-07-22,162.0,164.0,158.65,160.6,16412.0,TGSU2
2021-07-23,161.0,163.0,158.0,158.95,22168.0,TGSU2
2021-07-26,158.95,164.7,158.95,163.05,31914.0,TGSU2
2021-07-27,165.0,165.0,159.55,163.8,13967.0,TGSU2
2021-07-28,164.0,165.2,159.0,161.2,76988.0,TGSU2
2021-07-29,161.0,163.5,158.5,162.3,86006.0,TGSU2
2021-07-30,162.1,164.0,156.6,159.05,129917.0,TGSU2
2021-08-02,158.0,162.0,158.0,159.55,33749.0,TGSU2
2021-08-03,157.0,163.0,156.15,162.65,47500.0,TGSU2
2021-08-04,164.0,164.0,157.0,158.2,82356.0,TGSU2
2021-08-05,159.5,166.5,158.3,165.55,117031.0,TGSU2
2021-08-06,165.0,173.0,163.5,171.85,154074.0,TGSU2
2021-08-09,171.85,172.5,166.0,166.15,63928.0,TGSU2
2021-08-10,167.0,171.0,165.5,170.7,57257.0,TGSU2
2021-08-11,173.9,173.9,168.25,172.0,79003.0,TGSU2
2021-08-12,173.0,173.95,168.9,173.3,85408.0,TGSU2
2021-08-13,170.5,174.5,168.0,171.5,40441.0,TGSU2
2021-08-17,170.0,170.0,163.0,165.9,53552.0,TGSU2
2021-08-18,165.8,165.8,160.0,161.4,26473.0,TGSU2
2021-08-19,159.75,164.5,157.55,163.85,80625.0,TGSU2
2021-08-20,164.2,171.0,163.85,168.2,67803.0,TGSU2
2021-08-23,168.2,172.5,166.0,171.95,33867.0,TGSU2
2021-08-24,171.4,179.4,171.4,179.0,146813.0,TGSU2
2021-08-25,179.6,180.9,176.5,178.75,44702.0,TGSU2
2021-08-26,179.1,187.5,178.7,184.4,113244.0,TGSU2
2021-08-27,185.0,189.0,182.2,183.95,88855.0,TGSU2
2021-08-30,185.0,194.0,180.0,193.25,212831.0,TGSU2
2021-08-31,195.0,195.0,189.5,192.0,115709.0,TGSU2
2021-09-01,193.0,198.0,185.8,187.15,123174.0,TGSU2
2021-09-02,185.5,193.0,183.5,186.5,57192.0,TGSU2
2021-09-03,191.1,191.1,180.5,181.45,103373.0,TGSU2
2021-09-06,182.0,182.35,177.15,182.25,87501.0,TGSU2
2021-09-07,185.5,193.75,184.55,190.95,109363.0,TGSU2
2021-09-08,190.1,190.1,182.2,185.3,100506.0,TGSU2
2021-09-09,186.6,191.05,183.0,183.9,81863.0,TGSU2
2021-09-10,183.9,186.0,177.25,182.75,58263.0,TGSU2
2021-09-13,199.0,205.25,191.0,197.6,285607.0,TGSU2
2021-09-14,200.0,200.0,183.0,189.05,168920.0,TGSU2
2021-09-15,190.0,193.0,184.4,191.2,104729.0,TGSU2
2021-09-16,187.85,196.15,184.0,194.65,137204.0,TGSU2
2021-09-17,194.5,196.85,188.1,192.1,119695.0,TGSU2
2021-09-20,191.3,191.3,176.3,178.95,67355.0,TGSU2
2021-09-21,179.0,181.35,175.25,178.5,70651.0,TGSU2
2021-09-22,180.25,187.0,180.25,186.4,150608.0,TGSU2
2021-09-23,188.2,188.2,181.0,182.45,150428.0,TGSU2
2021-09-24,182.0,183.0,179.0,182.05,22589.0,TGSU2
2021-09-27,184.2,187.45,182.15,185.4,75163.0,TGSU2
2021-09-28,185.5,187.95,182.5,187.15,53469.0,TGSU2
2021-09-29,187.0,195.0,187.0,194.1,105259.0,TGSU2
2021-09-30,194.5,195.3,191.0,192.0,41999.0,TGSU2
2021-10-01,191.8,198.0,183.25,196.6,130301.0,TGSU2
2021-10-04,197.05,205.0,196.6,204.65,89184.0,TGSU2
2021-10-05,205.0,205.0,200.0,200.9,199012.0,TGSU2
2021-10-06,200.0,204.0,195.0,198.35,120870.0,TGSU2
2021-10-07,198.1,203.05,193.5,202.95,163933.0,TGSU2
2021-10-12,213.05,215.0,206.0,209.45,148778.0,TGSU2
2021-10-13,205.0,213.75,203.0,211.3,80061.0,TGSU2
2021-10-14,211.95,213.5,210.45,211.5,46262.0,TGSU2
2021-10-15,211.7,225.0,210.1,215.6,101214.0,TGSU2
2021-10-18,214.65,220.95,210.65,219.75,147578.0,TGSU2
2021-10-19,221.95,224.75,215.0,224.05,105352.0,TGSU2
2021-10-20,224.05,240.0,224.05,234.75,167525.0,TGSU2
2021-10-21,230.3,239.0,229.2,235.4,146313.0,TGSU2
2021-10-22,233.7,237.0,227.0,232.8,71973.0,TGSU2
2021-10-25,234.0,244.15,233.0,243.9,242460.0,TGSU2
2021-10-26,244.65,245.0,239.0,241.35,187546.0,TGSU2
2021-10-27,242.2,244.25,225.0,229.3,231352.0,TGSU2
2021-10-28,229.0,243.0,227.0,228.55,122304.0,TGSU2
2021-10-29,229.0,232.3,215.5,217.3,114621.0,TGSU2
2021-11-01,222.0,227.0,218.5,225.7,46125.0,TGSU2
2021-11-02,226.0,233.75,225.0,232.6,40580.0,TGSU2
2021-11-03,228.0,237.6,227.0,233.5,106805.0,TGSU2
2021-11-04,232.8,236.0,221.5,224.1,121492.0,TGSU2
2021-11-05,226.0,230.5,222.0,229.15,161136.0,TGSU2
2021-11-08,229.15,243.0,228.0,239.0,212016.0,TGSU2
2021-11-09,237.5,245.45,229.0,232.1,178918.0,TGSU2
2021-11-10,232.5,237.95,228.0,235.95,113380.0,TGSU2
2021-11-11,235.9,244.25,230.0,237.95,109456.0,TGSU2
2021-11-12,243.0,245.0,231.75,235.0,147874.0,TGSU2
2021-11-15,239.0,242.0,225.2,230.95,50086.0,TGSU2
2021-11-16,230.95,239.95,217.5,226.5,146280.0,TGSU2
2021-11-17,234.95,234.95,215.15,219.7,107572.0,TGSU2
2021-11-18,215.0,222.75,204.0,218.05,78339.0,TGSU2
2021-11-19,221.9,222.0,206.0,206.65,46819.0,TGSU2
2021-11-23,206.75,211.5,197.0,204.85,91572.0,TGSU2
2021-11-24,206.0,211.95,201.25,203.05,49873.0,TGSU2
2021-11-25,201.25,208.35,201.25,207.55,14288.0,TGSU2
2021-11-26,208.0,208.0,188.0,188.85,200083.0,TGSU2
2021-11-29,192.6,197.0,180.2,182.0,108425.0,TGSU2
2021-11-30,181.5,186.75,176.25,184.55,194965.0,TGSU2
2021-12-01,190.0,201.15,186.25,193.9,309360.0,TGSU2
2021-12-02,195.9,202.45,194.5,200.45,59534.0,TGSU2
2021-12-03,204.0,204.5,197.0,201.2,64452.0,TGSU2
2021-12-06,201.6,208.25,201.6,204.6,100244.0,TGSU2
2021-12-07,204.55,209.9,204.0,208.85,174026.0,TGSU2
2021-12-09,208.85,210.85,199.0,199.4,48350.0,TGSU2
2021-12-10,202.8,204.95,195.1,198.2,49074.0,TGSU2
2021-12-13,200.0,200.0,185.5,186.35,90701.0,TGSU2
2021-12-14,182.0,191.0,180.05,181.6,49782.0,TGSU2
2021-12-15,182.45,184.95,175.0,178.95,63359.0,TGSU2
2021-12-16,182.6,183.5,180.0,183.15,42067.0,TGSU2
2021-12-17,185.0,194.1,182.0,187.0,34292.0,TGSU2
2021-12-20,188.05,188.05,180.05,181.25,55788.0,TGSU2
2021-12-21,182.0,190.95,181.05,189.85,44925.0,TGSU2
2021-12-22,191.0,192.65,186.0,186.9,44622.0,TGSU2
2021-12-23,190.5,192.5,186.0,188.0,39541.0,TGSU2
2021-12-27,189.0,190.8,185.1,186.0,14820.0,TGSU2
2021-12-28,186.0,192.0,185.0,186.2,71184.0,TGSU2
2021-12-29,186.0,190.0,184.0,186.4,38847.0,TGSU2
2021-12-30,188.0,190.8,180.0,181.1,99008.0,TGSU2
2022-01-03,182.0,192.0,182.0,185.8,60235.0,TGSU2
2022-01-04,187.5,189.9,182.05,186.95,63623.0,TGSU2
2022-01-05,186.95,189.0,183.5,183.9,28412.0,TGSU2
2022-01-06,183.5,185.5,181.15,183.4,21924.0,TGSU2
2022-01-07,184.25,186.8,181.0,185.35,30802.0,TGSU2
2022-01-10,186.25,197.0,186.25,195.05,38677.0,TGSU2
2022-01-11,192.0,203.0,192.0,202.9,96214.0,TGSU2
2022-01-12,204.0,207.45,200.5,205.55,26155.0,TGSU2
2022-01-13,202.5,208.2,198.5,200.2,70789.0,TGSU2
2022-01-14,198.55,204.25,189.0,198.0,19368.0,TGSU2
2022-01-17,200.0,200.0,193.5,196.75,7493.0,TGSU2
2022-01-18,196.75,199.95,189.8,191.25,90318.0,TGSU2
2022-01-19,190.0,196.5,189.05,195.55,52635.0,TGSU2
2022-01-20,197.0,202.0,193.15,198.75,65185.0,TGSU2
2022-01-21,198.75,198.75,194.0,195.95,20006.0,TGSU2
2022-01-24,190.1,195.0,188.5,192.9,74382.0,TGSU2
2022-01-25,195.95,204.0,191.1,201.7,51832.0,TGSU2
2022-01-26,205.0,209.5,201.0,204.3,53695.0,TGSU2
2022-01-27,209.0,211.5,201.05,209.9,53434.0,TGSU2
2022-01-28,215.0,221.5,206.5,211.15,105629.0,TGSU2
2022-01-31,215.0,226.4,212.0,225.0,136773.0,TGSU2
2022-02-01,228.0,228.0,212.0,225.75,163523.0,TGSU2
2022-02-02,226.0,228.9,216.5,217.45,61950.0,TGSU2
2022-02-03,224.0,224.0,208.8,213.5,74650.0,TGSU2
2022-02-04,213.0,218.0,206.0,210.8,93966.0,TGSU2
2022-02-07,211.0,214.0,208.0,213.95,60976.0,TGSU2
2022-02-08,214.8,215.0,207.0,208.15,78354.0,TGSU2
2022-02-09,209.0,213.0,202.0,202.55,93520.0,TGSU2
2022-02-10,201.0,207.4,201.0,202.55,92198.0,TGSU2
2022-02-11,207.0,212.0,204.0,210.35,24318.0,TGSU2
2022-02-14,214.5,214.6,207.0,207.75,31439.0,TGSU2
2022-02-15,210.0,212.95,208.0,208.1,79637.0,TGSU2
2022-02-16,211.0,222.0,207.0,221.1,130807.0,TGSU2
2022-02-17,223.0,225.0,215.0,220.1,72992.0,TGSU2
2022-02-18,223.0,223.9,213.5,220.8,121207.0,TGSU2
2022-02-21,223.0,227.0,215.25,225.7,44663.0,TGSU2
2022-02-22,227.0,228.0,217.2,223.4,177736.0,TGSU2
2022-02-23,226.0,239.9,223.5,239.65,383999.0,TGSU2
2022-02-24,239.5,241.5,227.0,236.8,180329.0,TGSU2
2022-02-25,237.7,240.0,227.5,232.6,166401.0,TGSU2
2022-03-02,235.0,241.9,230.2,240.65,115730.0,TGSU2
2022-03-03,241.0,254.9,239.0,252.95,105515.0,TGSU2
2022-03-04,252.2,260.0,248.5,256.85,149975.0,TGSU2
2022-03-07,256.85,269.5,252.0,255.65,107559.0,TGSU2
2022-03-08,260.0,269.8,257.65,259.75,151490.0,TGSU2
2022-03-09,262.0,262.0,233.0,234.45,226100.0,TGSU2
2022-03-10,234.4,253.25,234.4,251.4,254359.0,TGSU2
2022-03-11,251.0,260.0,244.0,246.35,90388.0,TGSU2
2022-03-14,236.95,239.1,225.2,226.05,158646.0,TGSU2
2022-03-15,224.0,225.25,218.5,223.45,51734.0,TGSU2
2022-03-16,221.1,231.85,221.1,230.6,125523.0,TGSU2
2022-03-17,237.0,237.0,223.0,228.35,118290.0,TGSU2
2022-03-18,226.0,232.0,225.0,228.3,59168.0,TGSU2
2022-03-21,234.1,242.95,231.7,234.0,100746.0,TGSU2
2022-03-22,237.0,240.9,232.25,235.45,100740.0,TGSU2
2022-03-23,241.9,248.0,234.45,238.0,84838.0,TGSU2
2022-03-25,248.4,264.0,247.05,262.5,407498.0,TGSU2
2022-03-28,260.0,265.0,253.05,255.1,187834.0,TGSU2
2022-03-29,258.0,258.0,248.05,251.25,133802.0,TGSU2
2022-03-30,253.15,264.0,253.15,262.8,238805.0,TGSU2
2022-03-31,265.0,268.95,259.3,265.95,96488.0,TGSU2
2022-04-01,268.55,276.0,266.0,268.7,208504.0,TGSU2
2022-04-04,270.0,272.0,265.1,266.5,117383.0,TGSU2
2022-04-05,267.0,273.0,263.75,264.45,182410.0,TGSU2
2022-04-06,267.0,267.0,256.75,261.55,104942.0,TGSU2
2022-04-07,265.0,270.0,254.7,268.05,133638.0,TGSU2
2022-04-08,273.0,277.6,271.0,271.65,168137.0,TGSU2
2022-04-11,273.55,275.5,265.0,273.45,74404.0,TGSU2
2022-04-12,274.0,274.25,268.0,270.45,27738.0,TGSU2
2022-04-13,272.0,277.4,262.0,273.1,75840.0,TGSU2
2022-04-18,283.45,286.0,273.0,273.45,92915.0,TGSU2
2022-04-19,279.75,279.75,268.25,278.0,95518.0,TGSU2
2022-04-20,277.15,277.15,265.1,272.0,135056.0,TGSU2
2022-04-21,270.0,276.35,266.0,271.5,134736.0,TGSU2
2022-04-22,273.05,276.45,267.0,273.05,78900.0,TGSU2
2022-04-25,269.5,269.5,259.0,266.95,81401.0,TGSU2
2022-04-26,269.45,274.95,263.0,271.25,71578.0,TGSU2
2022-04-27,274.25,279.0,265.05,272.75,75429.0,TGSU2
2022-04-28,270.0,285.0,269.0,273.85,88638.0,TGSU2
2022-04-29,285.7,285.7,261.5,262.35,51943.0,TGSU2
2022-05-02,270.0,271.6,255.0,261.3,48116.0,TGSU2
2022-05-03,255.2,268.35,255.2,266.5,32958.0,TGSU2
2022-05-04,266.5,269.0,261.85,267.05,36184.0,TGSU2
2022-05-05,267.0,272.0,248.15,253.6,83297.0,TGSU2
2022-05-06,254.5,255.8,245.0,250.9,49678.0,TGSU2
2022-05-09,255.0,255.0,232.5,233.95,63098.0,TGSU2
2022-05-10,239.0,241.9,228.0,235.9,73531.0,TGSU2
2022-05-11,243.95,253.15,243.0,250.25,66295.0,TGSU2
2022-05-12,252.0,257.0,245.0,253.8,49202.0,TGSU2
2022-05-13,255.0,261.95,253.4,259.6,82717.0,TGSU2
2022-05-16,263.5,272.5,260.5,269.9,74089.0,TGSU2
2022-05-17,278.0,283.0,270.0,271.0,117750.0,TGSU2
2022-05-19,269.0,273.95,260.0,270.2,86998.0,TGSU2
2022-05-20,278.95,278.95,259.0,262.0,57010.0,TGSU2
2022-05-23,264.95,272.95,255.0,272.85,82165.0,TGSU2
2022-05-24,270.0,274.9,266.0,273.15,21571.0,TGSU2
2022-05-26,285.8,287.9,280.5,281.9,173593.0,TGSU2
2022-05-27,281.9,285.95,281.0,281.6,48507.0,TGSU2
2022-05-30,284.95,287.95,280.0,283.4,11527.0,TGSU2
2022-05-31,285.0,289.0,279.0,282.15,68091.0,TGSU2
2022-06-01,276.0,283.0,276.0,278.0,23857.0,TGSU2
2022-06-02,278.0,281.0,274.5,277.2,51254.0,TGSU2
2022-06-03,275.0,276.0,271.4,274.2,44628.0,TGSU2
2022-06-06,273.1,280.0,271.7,279.25,132800.0,TGSU2
2022-06-07,279.1,284.0,275.0,281.95,35973.0,TGSU2
2022-06-08,285.0,286.5,279.6,283.75,37304.0,TGSU2
2022-06-09,280.0,284.0,274.0,280.3,34368.0,TGSU2
2022-06-10,280.0,280.0,274.0,279.25,41476.0,TGSU2
2022-06-13,268.0,278.0,265.0,270.5,18038.0,TGSU2
2022-06-14,270.4,272.95,257.0,262.7,49696.0,TGSU2
2022-06-15,263.5,268.0,257.0,265.7,53863.0,TGSU2
2022-06-16,259.0,259.0,252.0,254.4,35338.0,TGSU2
2022-06-21,252.0,263.2,247.1,261.25,86025.0,TGSU2
2022-06-22,261.0,268.7,255.0,257.8,38660.0,TGSU2
2022-06-23,257.0,257.0,241.85,245.8,96538.0,TGSU2
2022-06-24,248.7,248.7,238.0,242.6,100001.0,TGSU2
2022-06-27,245.85,259.4,243.25,256.35,59230.0,TGSU2
2022-06-28,261.55,270.0,258.65,270.0,149496.0,TGSU2
2022-06-29,271.9,271.9,260.0,262.0,94587.0,TGSU2
2022-06-30,262.95,262.95,251.05,260.5,35943.0,TGSU2
2022-07-01,260.5,270.0,257.0,266.2,42254.0,TGSU2
2022-07-04,264.0,266.0,254.0,258.9,23853.0,TGSU2
2022-07-05,260.25,281.0,260.25,267.45,78517.0,TGSU2
2022-07-06,271.0,280.0,259.5,278.35,42223.0,TGSU2
2022-07-07,280.0,306.0,280.0,305.55,93694.0,TGSU2
2022-07-08,307.7,312.0,298.65,311.75,263367.0,TGSU2
2022-07-11,312.0,312.0,295.0,305.2,70440.0,TGSU2
2022-07-12,302.2,305.5,298.0,299.9,117282.0,TGSU2
2022-07-13,299.0,302.6,289.0,295.9,101612.0,TGSU2
2022-07-14,291.65,294.45,284.0,286.85,79904.0,TGSU2
2022-07-15,287.8,295.0,286.0,293.35,54110.0,TGSU2
2022-07-18,300.0,304.45,297.0,301.75,68214.0,TGSU2
2022-07-19,301.75,313.0,301.75,311.25,93814.0,TGSU2
2022-07-20,317.75,317.75,297.0,298.4,159070.0,TGSU2
2022-07-21,299.0,323.0,299.0,314.85,102454.0,TGSU2
2022-07-22,312.0,314.75,306.0,313.45,150135.0,TGSU2
2022-07-25,319.0,328.0,310.5,327.6,76017.0,TGSU2
2022-07-26,330.0,336.0,324.0,328.35,72460.0,TGSU2
2022-07-27,330.0,356.2,323.0,351.15,219705.0,TGSU2
2022-07-28,351.6,378.0,341.0,371.05,214293.0,TGSU2
2022-07-29,374.0,377.45,347.3,349.65,198641.0,TGSU2
2022-08-01,360.0,360.0,325.5,331.55,208726.0,TGSU2
2022-08-02,332.0,339.35,321.5,329.0,121424.0,TGSU2
2022-08-03,323.5,335.0,323.5,329.95,109536.0,TGSU2
2022-08-04,331.0,336.45,325.0,331.45,164430.0,TGSU2
2022-08-05,331.5,341.5,331.5,339.3,159855.0,TGSU2
2022-08-08,343.0,355.0,340.5,354.65,132192.0,TGSU2
2022-08-09,356.0,359.0,342.0,344.2,72149.0,TGSU2
2022-08-10,344.2,356.85,338.0,343.9,107942.0,TGSU2
2022-08-11,350.0,360.25,343.45,359.85,104745.0,TGSU2
2022-08-12,361.0,384.2,360.0,377.65,148346.0,TGSU2
2022-08-16,373.45,373.45,355.05,358.15,234262.0,TGSU2
2022-08-17,358.5,368.7,358.5,363.4,96971.0,TGSU2
2022-08-18,373.45,389.0,370.1,385.25,137332.0,TGSU2
2022-08-19,384.0,392.0,368.0,390.0,252629.0,TGSU2
2022-08-22,388.75,394.5,378.0,393.8,143586.0,TGSU2
2022-08-23,396.5,415.0,389.0,414.1,129105.0,TGSU2
2022-08-24,419.0,424.0,410.0,419.75,98178.0,TGSU2
2022-08-25,413.0,428.0,413.0,422.4,118051.0,TGSU2
2022-08-26,426.0,426.0,416.0,423.0,156226.0,TGSU2
2022-08-29,425.0,445.1,416.0,439.7,199373.0,TGSU2
2022-08-30,438.0,438.0,406.0,409.55,396986.0,TGSU2
2022-08-31,407.95,415.0,393.5,394.55,132633.0,TGSU2
2022-09-01,395.0,405.0,381.3,384.0,192856.0,TGSU2
2022-09-05,399.0,410.0,396.0,407.8,67416.0,TGSU2
2022-09-06,400.0,405.5,391.0,399.0,176388.0,TGSU2
2022-09-07,399.0,433.4,393.0,431.15,254722.0,TGSU2
2022-09-08,435.0,439.15,411.0,417.5,287306.0,TGSU2
2022-09-09,430.0,432.1,411.3,427.35,111207.0,TGSU2
2022-09-12,432.0,454.0,432.0,449.15,262143.0,TGSU2
2022-09-13,449.0,452.95,427.95,436.7,169506.0,TGSU2
2022-09-14,442.0,473.3,442.0,471.55,241005.0,TGSU2
2022-09-15,485.0,485.0,463.0,466.55,153623.0,TGSU2
2022-09-16,465.0,474.2,454.0,465.5,187524.0,TGSU2
2022-09-19,475.0,495.0,460.0,491.4,139397.0,TGSU2
2022-09-20,495.0,495.0,471.7,475.35,99694.0,TGSU2
2022-09-21,481.0,485.0,460.0,474.5,327082.0,TGSU2
2022-09-22,474.5,489.0,462.2,487.5,68170.0,TGSU2
2022-09-23,477.0,477.0,447.0,450.55,169529.0,TGSU2
2022-09-26,450.55,450.55,423.0,427.95,111154.0,TGSU2
2022-09-27,440.0,445.75,421.25,428.05,111274.0,TGSU2
2022-09-28,440.9,447.5,427.75,446.75,68524.0,TGSU2
2022-09-29,448.0,462.0,438.0,452.95,144318.0,TGSU2
2022-09-30,455.0,464.0,453.0,458.55,44565.0,TGSU2
2022-10-03,461.0,489.2,461.0,474.8,87844.0,TGSU2
2022-10-04,485.0,492.0,474.05,480.85,93861.0,TGSU2
2022-10-05,489.0,511.95,476.75,508.8,150982.0,TGSU2
2022-10-06,530.0,530.0,508.0,511.5,97205.0,TGSU2
2022-10-11,509.9,509.9,475.0,477.25,92269.0,TGSU2
2022-10-12,477.25,483.5,472.65,480.25,43490.0,TGSU2
2022-10-13,479.0,509.45,471.0,496.25,41972.0,TGSU2
2022-10-14,498.0,498.0,470.0,475.95,44118.0,TGSU2
2022-10-17,485.0,488.95,468.3,471.95,75492.0,TGSU2
2022-10-18,472.1,483.95,464.0,474.6,48750.0,TGSU2
2022-10-19,471.0,480.0,465.05,471.7,207106.0,TGSU2
2022-10-20,481.4,490.0,475.9,477.95,71453.0,TGSU2
2022-10-21,495.1,495.1,483.5,491.1,131254.0,TGSU2
2022-10-24,491.1,491.1,472.25,475.9,67384.0,TGSU2
2022-10-25,476.0,490.0,476.0,482.35,56456.0,TGSU2
2022-10-26,482.0,515.0,481.8,499.4,138833.0,TGSU2
2022-10-27,501.0,526.0,498.0,522.45,199811.0,TGSU2
2022-10-28,523.0,531.5,510.0,522.95,107470.0,TGSU2
2022-10-31,527.0,537.75,523.0,536.75,136079.0,TGSU2
2022-11-01,537.0,558.1,537.0,556.85,102718.0,TGSU2
2022-11-02,552.0,562.8,541.55,552.2,183362.0,TGSU2
2022-11-03,550.0,563.0,532.8,561.75,74528.0,TGSU2
2022-11-04,570.0,582.85,565.0,575.3,71853.0,TGSU2
2022-11-07,585.0,598.5,551.4,552.9,149329.0,TGSU2
2022-11-08,550.0,560.0,522.0,539.4,170262.0,TGSU2
2022-11-09,542.0,550.0,506.25,507.9,115524.0,TGSU2
2022-11-10,525.0,525.0,501.0,504.05,90342.0,TGSU2
2022-11-11,505.0,533.3,505.0,530.15,113135.0,TGSU2
2022-11-14,550.0,554.1,523.0,552.3,168247.0,TGSU2
2022-11-15,555.0,584.5,554.0,572.1,329521.0,TGSU2
2022-11-16,580.0,589.9,555.0,565.7,136557.0,TGSU2
2022-11-17,579.95,579.95,553.0,569.6,112090.0,TGSU2
2022-11-18,580.0,582.5,558.0,576.0,115431.0,TGSU2
2022-11-22,576.0,599.0,570.0,598.25,132425.0,TGSU2
2022-11-23,600.0,612.0,576.95,584.0,159031.0,TGSU2
2022-11-24,582.55,600.0,582.55,593.0,63276.0,TGSU2
2022-11-25,600.0,620.0,585.0,601.95,111916.0,TGSU2
2022-11-28,602.0,624.75,586.0,601.5,225024.0,TGSU2
2022-11-29,620.0,647.0,603.5,641.3,169678.0,TGSU2
2022-11-30,642.0,660.0,640.0,645.8,158926.0,TGSU2
2022-12-01,646.0,667.95,630.0,652.2,324983.0,TGSU2
2022-12-02,660.0,664.0,630.9,643.95,174044.0,TGSU2
2022-12-05,660.0,668.5,623.0,629.2,301870.0,TGSU2
2022-12-06,643.9,654.0,618.55,635.8,200012.0,TGSU2
2022-12-07,658.0,660.0,634.0,646.2,241114.0,TGSU2
2022-12-12,613.9,629.0,589.0,620.7,553635.0,TGSU2
2022-12-13,625.0,640.0,604.25,605.8,207316.0,TGSU2
2022-12-14,605.0,620.0,580.5,592.95,179645.0,TGSU2
2022-12-15,617.0,617.0,584.5,592.75,161683.0,TGSU2
2022-12-16,598.7,608.5,586.0,606.0,135725.0,TGSU2
2022-12-19,604.0,641.5,603.1,625.0,201240.0,TGSU2
2022-12-20,625.0,643.0,625.0,639.8,12668.0,TGSU2
2022-12-21,649.9,687.5,647.0,681.85,225139.0,TGSU2
2022-12-22,688.0,706.0,677.5,704.35,216879.0,TGSU2
2022-12-23,704.5,730.0,692.0,726.8,164582.0,TGSU2
2022-12-26,727.0,770.75,715.0,755.0,129561.0,TGSU2
2022-12-27,755.0,787.4,726.75,784.65,225034.0,TGSU2
2022-12-28,785.25,812.05,770.0,788.05,330347.0,TGSU2
2022-12-29,788.05,828.0,784.05,799.5,209685.0,TGSU2
2022-12-30,817.0,825.0,774.7,811.05,73509.0,TGSU2
2023-01-02,818.0,850.0,815.0,835.0,232868.0,TGSU2
2023-01-03,827.1,831.9,788.95,798.25,370250.0,TGSU2
2023-01-04,797.5,818.9,771.05,788.65,325419.0,TGSU2
2023-01-05,790.0,850.0,787.9,847.1,216287.0,TGSU2
2023-01-06,850.0,870.0,827.0,828.7,243254.0,TGSU2
2023-01-09,855.0,870.75,822.6,828.3,171553.0,TGSU2
2023-01-10,853.5,853.5,795.0,797.2,165145.0,TGSU2
2023-01-11,798.0,809.9,777.65,791.1,359712.0,TGSU2
2023-01-12,791.5,834.95,791.0,819.8,279341.0,TGSU2
2023-01-13,845.0,845.0,820.0,834.85,131037.0,TGSU2
2023-01-16,842.0,873.0,829.0,870.1,134065.0,TGSU2
2023-01-17,860.0,884.0,840.0,858.9,295265.0,TGSU2
2023-01-18,864.0,868.0,765.0,769.6,396704.0,TGSU2
2023-01-19,769.0,775.0,699.15,740.95,657459.0,TGSU2
2023-01-20,747.0,766.15,735.0,761.3,382465.0,TGSU2
2023-01-23,770.0,829.0,770.0,787.15,410272.0,TGSU2
2023-01-24,799.0,818.0,775.0,812.95,399646.0,TGSU2
2023-01-25,816.5,866.0,800.0,864.75,359972.0,TGSU2
2023-01-26,870.0,880.0,847.0,853.0,322807.0,TGSU2
2023-01-27,860.0,868.7,825.0,827.25,270728.0,TGSU2
2023-01-30,848.0,848.0,795.0,799.6,229767.0,TGSU2
2023-01-31,822.9,836.45,800.0,824.55,163974.0,TGSU2
2023-02-01,836.45,847.0,799.0,812.2,171238.0,TGSU2
2023-02-02,815.0,835.0,796.1,808.45,184045.0,TGSU2
2023-02-03,808.5,827.0,767.85,770.15,177196.0,TGSU2
2023-02-06,770.4,785.0,755.4,781.05,266410.0,TGSU2
2023-02-07,783.0,821.0,783.0,798.8,187745.0,TGSU2
2023-02-08,819.5,842.0,801.0,830.15,193859.0,TGSU2
2023-02-09,842.0,855.0,800.15,807.1,155005.0,TGSU2
2023-02-10,812.0,844.0,806.0,841.75,141205.0,TGSU2
2023-02-13,845.0,869.2,825.0,857.35,210897.0,TGSU2
2023-02-14,860.0,888.0,857.0,870.65,205218.0,TGSU2
2023-02-15,870.5,880.0,839.0,870.05,168283.0,TGSU2
2023-02-16,880.0,889.85,856.0,872.3,129716.0,TGSU2
2023-02-17,876.0,876.0,821.1,838.95,139691.0,TGSU2
2023-02-22,839.0,849.0,814.0,821.7,120730.0,TGSU2
2023-02-23,830.0,852.6,830.0,848.65,116162.0,TGSU2
2023-02-24,860.0,860.0,832.55,840.25,68786.0,TGSU2
2023-02-27,846.0,864.0,831.0,835.25,161296.0,TGSU2
2023-02-28,849.0,857.0,800.0,836.95,97080.0,TGSU2
2023-03-01,835.0,855.0,808.6,834.35,83617.0,TGSU2
2023-03-02,833.0,846.9,802.0,805.4,170325.0,TGSU2
2023-03-03,804.0,819.5,779.5,797.05,189564.0,TGSU2
2023-03-06,797.0,838.0,784.05,837.0,292599.0,TGSU2
2023-03-07,839.0,852.0,799.0,805.8,132072.0,TGSU2
2023-03-08,804.0,821.05,800.0,814.85,132266.0,TGSU2
2023-03-09,824.0,830.0,798.0,804.6,93012.0,TGSU2
2023-03-10,805.0,810.0,765.9,779.1,136880.0,TGSU2
2023-03-13,775.4,775.4,737.35,740.1,207599.0,TGSU2
2023-03-14,754.3,777.0,706.6,714.95,209517.0,TGSU2
2023-03-15,702.85,702.85,664.0,665.65,293496.0,TGSU2
2023-03-16,670.0,714.65,665.0,710.8,207296.0,TGSU2
2023-03-17,709.0,716.9,680.0,707.9,183090.0,TGSU2
2023-03-20,707.9,720.0,687.0,693.1,136273.0,TGSU2
2023-03-21,704.15,730.0,699.0,724.0,378798.0,TGSU2
2023-03-22,724.0,749.0,700.0,724.75,324299.0,TGSU2
2023-03-23,728.0,737.2,702.8,709.2,232655.0,TGSU2
2023-03-27,709.0,768.3,709.0,767.1,115433.0,TGSU2
2023-03-28,770.0,795.0,757.0,787.1,162125.0,TGSU2
2023-03-29,788.0,818.0,788.0,814.6,180290.0,TGSU2
2023-03-30,815.0,834.25,807.25,831.3,72945.0,TGSU2
2023-03-31,834.25,861.0,813.0,824.75,198617.0,TGSU2
2023-04-03,834.0,865.0,834.0,861.95,97601.0,TGSU2
2023-04-04,857.45,862.7,825.0,836.25,153781.0,TGSU2
2023-04-05,836.25,845.0,814.0,830.3,147503.0,TGSU2
2023-04-10,829.2,848.45,829.2,844.6,96014.0,TGSU2
2023-04-11,850.0,882.25,850.0,866.3,213627.0,TGSU2
2023-04-12,870.0,903.75,870.0,896.2,330045.0,TGSU2
2023-04-13,901.0,912.0,886.8,908.6,298725.0,TGSU2
2023-04-14,912.0,940.0,900.0,917.3,276217.0,TGSU2
2023-04-17,920.0,939.35,913.25,934.65,376882.0,TGSU2
2023-04-18,934.65,972.05,923.5,947.75,277799.0,TGSU2
2023-04-19,928.0,928.0,886.95,893.0,412303.0,TGSU2
2023-04-20,892.95,908.0,871.5,894.15,179033.0,TGSU2
2023-04-21,909.55,948.55,895.35,938.65,223528.0,TGSU2
2023-04-24,938.75,999.0,938.75,992.7,203976.0,TGSU2
2023-04-25,981.45,1028.9,971.0,1009.75,513869.0,TGSU2
2023-04-26,1019.0,1043.95,988.0,1035.35,269326.0,TGSU2
2023-04-27,1050.0,1050.0,1000.0,1007.2,209852.0,TGSU2
2023-04-28,1007.5,1045.7,980.2,1037.9,336628.0,TGSU2
2023-05-02,1050.0,1050.0,988.0,1026.3,98241.0,TGSU2
2023-05-03,1040.0,1040.0,975.0,982.35,112268.0,TGSU2
2023-05-04,993.95,993.95,965.0,971.2,120893.0,TGSU2
2023-05-05,980.0,1078.0,980.0,1075.25,200662.0,TGSU2
2023-05-08,1085.0,1105.8,1077.0,1102.25,231757.0,TGSU2
2023-05-09,1087.0,1130.8,1070.0,1111.7,206421.0,TGSU2
2023-05-10,1109.5,1110.0,1030.0,1101.85,191949.0,TGSU2
2023-05-11,1099.75,1156.0,1082.0,1153.05,143793.0,TGSU2
2023-05-12,1157.0,1239.65,1156.0,1231.15,436394.0,TGSU2
2023-05-15,1222.55,1231.1,1161.5,1197.05,306999.0,TGSU2
2023-05-16,1217.4,1239.6,1159.55,1166.85,311891.0,TGSU2
2023-05-17,1177.0,1235.75,1177.0,1211.95,240175.0,TGSU2
2023-05-18,1210.25,1235.0,1186.0,1223.75,136595.0,TGSU2
2023-05-19,1243.0,1270.0,1228.4,1241.65,155010.0,TGSU2
2023-05-22,1241.5,1247.7,1200.0,1213.2,159803.0,TGSU2
2023-05-23,1220.0,1273.75,1217.0,1233.0,324178.0,TGSU2
2023-05-24,1239.0,1263.0,1235.0,1260.9,217214.0,TGSU2
2023-05-29,1249.0,1270.0,1215.0,1254.25,73947.0,TGSU2
2023-05-30,1227.2,1237.85,1208.0,1229.45,108836.0,TGSU2
2023-05-31,1229.45,1238.5,1176.0,1201.15,190862.0,TGSU2
2023-06-01,1215.0,1277.0,1215.0,1274.25,197470.0,TGSU2
2023-06-02,1276.6,1277.95,1230.0,1272.6,284650.0,TGSU2
2023-06-05,1288.0,1295.0,1251.0,1277.65,330566.0,TGSU2
2023-06-06,1290.0,1345.0,1281.4,1284.1,425713.0,TGSU2
2023-06-07,1290.0,1301.35,1272.05,1283.6,224014.0,TGSU2
2023-06-08,1316.0,1330.3,1276.0,1295.5,220391.0,TGSU2
2023-06-09,1282.0,1315.85,1265.0,1276.1,130032.0,TGSU2
2023-06-12,1261.0,1290.0,1239.0,1273.75,152705.0,TGSU2
2023-06-13,1297.8,1297.8,1220.5,1232.5,291347.0,TGSU2
2023-06-14,1240.0,1252.35,1200.0,1217.05,291191.0,TGSU2
2023-06-15,1250.0,1278.0,1230.0,1262.9,212604.0,TGSU2
2023-06-16,1280.0,1365.45,1255.3,1355.55,434061.0,TGSU2
2023-06-21,1380.0,1418.85,1360.05,1415.6,565673.0,TGSU2
2023-06-22,1394.35,1394.35,1330.0,1340.15,354650.0,TGSU2
2023-06-23,1344.9,1381.4,1335.9,1370.65,184165.0,TGSU2
2023-06-26,1430.0,1449.0,1366.95,1422.6,303766.0,TGSU2
2023-06-27,1407.0,1420.0,1331.45,1344.9,360153.0,TGSU2
2023-06-28,1380.0,1398.0,1250.0,1299.8,439884.0,TGSU2
2023-06-29,1313.2,1359.0,1305.0,1350.2,516553.0,TGSU2
2023-06-30,1365.0,1420.0,1347.2,1414.6,234369.0,TGSU2
2023-07-03,1413.0,1500.0,1382.6,1424.3,328172.0,TGSU2
2023-07-04,1440.0,1495.0,1415.0,1458.5,92644.0,TGSU2
2023-07-05,1411.85,1447.8,1392.0,1424.1,326289.0,TGSU2
2023-07-06,1420.35,1420.35,1340.0,1354.3,171883.0,TGSU2
2023-07-07,1380.0,1427.0,1353.0,1424.6,151572.0,TGSU2
2023-07-10,1422.0,1425.8,1388.0,1394.55,171076.0,TGSU2
2023-07-11,1393.5,1396.3,1364.0,1375.8,136341.0,TGSU2
2023-07-12,1399.5,1410.0,1370.25,1394.2,187608.0,TGSU2
2023-07-13,1410.5,1440.0,1403.65,1437.55,150843.0,TGSU2
2023-07-14,1434.05,1435.55,1380.0,1397.7,152898.0,TGSU2
2023-07-17,1421.85,1471.0,1419.95,1448.75,126350.0,TGSU2
2023-07-18,1450.0,1477.5,1441.6,1451.6,119981.0,TGSU2
2023-07-19,1463.0,1463.0,1400.0,1413.15,118739.0,TGSU2
2023-07-20,1430.0,1432.35,1401.0,1428.6,86994.0,TGSU2
2023-07-21,1428.5,1486.35,1414.0,1481.55,159546.0,TGSU2
2023-07-24,1497.6,1497.6,1428.5,1440.05,118494.0,TGSU2
2023-07-25,1443.15,1458.0,1403.0,1446.9,171024.0,TGSU2
2023-07-26,1440.0,1464.0,1400.0,1438.15,102751.0,TGSU2
2023-07-27,1440.0,1440.0,1335.0,1339.2,137794.0,TGSU2
2023-07-28,1348.0,1392.5,1346.6,1362.45,110921.0,TGSU2
2023-07-31,1362.45,1389.15,1355.35,1366.6,110900.0,TGSU2
2023-08-01,1380.0,1383.0,1324.05,1335.35,243801.0,TGSU2
2023-08-02,1340.0,1354.9,1287.0,1308.95,221141.0,TGSU2
2023-08-03,1312.0,1349.0,1292.35,1326.85,215210.0,TGSU2
2023-08-04,1320.0,1400.0,1320.0,1355.8,270609.0,TGSU2
2023-08-07,1360.0,1383.0,1352.5,1360.05,349632.0,TGSU2
2023-08-08,1375.3,1471.8,1375.3,1392.15,341168.0,TGSU2
2023-08-09,1392.0,1444.35,1379.2,1414.4,181190.0,TGSU2
2023-08-10,1414.0,1478.0,1405.2,1461.5,219404.0,TGSU2
2023-08-11,1500.0,1500.0,1429.8,1490.4,221769.0,TGSU2
2023-08-14,1433.0,1594.0,1427.15,1523.85,304680.0,TGSU2
2023-08-15,1524.0,1681.95,1524.0,1679.0,246362.0,TGSU2
2023-08-16,1703.5,1871.05,1703.5,1804.05,583249.0,TGSU2
2023-08-17,1811.4,1968.0,1810.0,1957.8,402413.0,TGSU2
2023-08-18,1912.55,1938.7,1872.0,1930.25,229604.0,TGSU2
2023-08-22,1930.0,1952.0,1860.2,1947.6,315303.0,TGSU2
2023-08-23,1947.0,2005.7,1940.0,2001.75,205554.0,TGSU2
2023-08-24,1992.3,2023.8,1954.2,1968.65,206310.0,TGSU2
2023-08-25,1950.0,2024.0,1950.0,1996.05,247527.0,TGSU2
2023-08-28,2024.0,2077.4,2000.0,2069.05,360734.0,TGSU2
2023-08-29,2080.0,2162.8,2050.0,2075.8,289633.0,TGSU2
2023-08-30,2090.0,2119.45,2021.3,2026.0,181732.0,TGSU2
2023-08-31,2075.0,2084.4,1956.0,1977.25,199112.0,TGSU2
2023-09-01,1992.6,1992.6,1920.65,1924.85,115199.0,TGSU2
2023-09-04,1921.0,1950.0,1820.0,1898.75,64809.0,TGSU2
2023-09-05,1894.85,1894.85,1800.0,1828.6,281964.0,TGSU2
2023-09-06,1820.0,1861.3,1775.0,1777.55,181432.0,TGSU2
2023-09-07,1774.6,1775.8,1668.5,1682.05,303234.0,TGSU2
2023-09-08,1677.0,1781.75,1586.0,1611.75,367350.0,TGSU2
2023-09-12,1540.0,1675.4,1513.2,1667.6,501071.0,TGSU2
2023-09-13,1672.25,1749.0,1650.0,1706.95,284973.0,TGSU2
2023-09-14,1750.0,1776.25,1702.35,1754.2,284634.0,TGSU2
2023-09-15,1800.0,1800.0,1678.0,1681.8,208654.0,TGSU2
2023-09-18,1686.0,1815.0,1665.0,1802.25,278307.0,TGSU2
2023-09-19,1815.0,1830.0,1711.7,1754.4,240110.0,TGSU2
2023-09-20,1740.0,1759.9,1672.0,1678.6,225060.0,TGSU2
2023-09-21,1677.85,1680.0,1600.0,1631.65,196480.0,TGSU2
2023-09-22,1649.35,1698.6,1626.9,1633.6,128879.0,TGSU2
2023-09-25,1670.0,1670.0,1589.6,1592.55,92179.0,TGSU2
2023-09-26,1591.0,1632.85,1562.0,1613.3,198527.0,TGSU2
2023-09-27,1606.0,1711.75,1606.0,1679.0,159084.0,TGSU2
2023-09-28,1685.0,1760.0,1685.0,1749.1,188888.0,TGSU2
2023-09-29,1721.0,1750.0,1650.0,1674.65,246738.0,TGSU2
2023-10-02,1684.1,1716.0,1600.0,1654.7,237462.0,TGSU2
2023-10-03,1656.0,1695.5,1626.7,1674.45,474798.0,TGSU2
2023-10-04,1680.0,1844.0,1663.3,1837.2,251020.0,TGSU2
2023-10-05,1844.0,1922.0,1840.0,1896.1,485834.0,TGSU2
2023-10-06,1900.35,1959.75,1893.2,1907.0,287934.0,TGSU2
2023-10-09,1907.0,1981.95,1907.0,1952.55,234572.0,TGSU2
2023-10-10,1960.0,2251.0,1960.0,2154.85,416213.0,TGSU2
2023-10-11,2200.0,2284.0,2000.0,2273.3,728551.0,TGSU2
2023-10-12,2280.0,2380.0,2210.0,2347.45,884980.0,TGSU2
2023-10-17,2400.0,2633.0,2346.0,2568.05,1142387.0,TGSU2
2023-10-18,2590.0,2670.0,2440.8,2608.9,735590.0,TGSU2
2023-10-19,2608.85,2614.95,2435.25,2535.4,415489.0,TGSU2
2023-10-20,2540.0,2795.0,2454.25,2594.7,587236.0,TGSU2
2023-10-23,2500.0,2500.0,2257.4,2270.0,179905.0,TGSU2
2023-10-24,2300.0,2410.2,2038.85,2083.25,506499.0,TGSU2
2023-10-25,2107.0,2200.0,1958.0,2194.45,434481.0,TGSU2
2023-10-26,2201.0,2249.95,2025.0,2105.05,138318.0,TGSU2
2023-10-27,2079.25,2099.0,1960.0,1999.65,188030.0,TGSU2
2023-10-30,1980.0,1990.75,1695.0,1780.65,304651.0,TGSU2
2023-10-31,1781.0,1849.95,1712.3,1751.7,438938.0,TGSU2
2023-11-01,1769.95,1943.95,1769.95,1922.9,145954.0,TGSU2
2023-11-02,1950.0,2014.1,1913.7,1943.9,129626.0,TGSU2
2023-11-03,2020.0,2020.0,1802.0,1810.3,498210.0,TGSU2
2023-11-07,1850.0,1850.0,1741.0,1750.15,176379.0,TGSU2
2023-11-08,1751.0,1829.0,1671.0,1680.3,264913.0,TGSU2
2023-11-09,1680.0,1792.8,1605.0,1737.5,162835.0,TGSU2
2023-11-10,1738.0,1875.0,1737.0,1820.75,290860.0,TGSU2
2023-11-13,1860.0,1893.0,1747.55,1762.05,69798.0,TGSU2
2023-11-14,1765.0,1865.0,1745.0,1807.8,103221.0,TGSU2
2023-11-15,1816.0,1877.7,1740.0,1790.25,160120.0,TGSU2
2023-11-16,1790.0,1800.0,1700.1,1739.45,157407.0,TGSU2
2023-11-17,1705.0,1915.0,1700.0,1893.85,233251.0,TGSU2
2023-11-21,2170.0,2634.0,2170.0,2485.65,717061.0,TGSU2
2023-11-22,2485.55,2730.0,2391.15,2581.6,539351.0,TGSU2
2023-11-23,2580.0,2859.0,2573.0,2823.55,245760.0,TGSU2
2023-11-24,2820.0,3299.0,2610.0,3218.25,464451.0,TGSU2
2023-11-27,3225.0,3225.0,2626.0,2640.3,1121807.0,TGSU2
2023-11-28,2701.0,2740.0,2337.95,2399.65,553628.0,TGSU2
2023-11-29,2391.0,2515.0,2340.0,2361.95,306088.0,TGSU2
2023-11-30,2350.0,2423.0,2250.0,2405.85,185534.0,TGSU2
2023-12-01,2490.0,2588.0,2380.15,2560.45,244932.0,TGSU2
2023-12-04,2610.0,2699.0,2390.0,2415.85,443474.0,TGSU2
2023-12-05,2459.0,2566.5,2415.0,2493.75,650877.0,TGSU2
2023-12-06,2523.0,2600.0,2393.0,2511.05,840077.0,TGSU2
2023-12-07,2561.0,2785.0,2530.0,2772.5,716227.0,TGSU2
2023-12-11,2800.0,2989.0,2702.0,2896.3,550355.0,TGSU2
2023-12-12,2900.0,3100.0,2795.25,3044.85,703746.0,TGSU2
2023-12-13,3190.0,3324.0,2916.0,3083.4,345517.0,TGSU2
2023-12-14,3080.0,3180.0,3005.5,3131.2,416464.0,TGSU2
2023-12-15,3256.0,3256.0,2961.8,3039.1,451709.0,TGSU2
2023-12-18,3050.0,3130.0,2902.85,2985.35,202210.0,TGSU2
2023-12-19,3000.0,3097.9,2831.5,2847.7,385737.0,TGSU2
2023-12-20,2875.0,2968.55,2801.0,2873.95,362877.0,TGSU2
2023-12-21,2920.0,3012.2,2731.65,2880.8,382364.0,TGSU2
2023-12-22,2950.0,2988.25,2833.0,2930.05,299138.0,TGSU2
2023-12-26,2955.0,3057.0,2824.65,2869.8,394168.0,TGSU2
2023-12-27,2900.0,2940.0,2730.0,2747.2,295949.0,TGSU2
2023-12-28,2754.0,2900.0,2670.0,2859.0,398676.0,TGSU2
2023-12-29,2859.0,2970.0,2750.0,2956.15,327898.0,TGSU2
2024-01-02,2956.15,3070.0,2895.0,3045.3,878219.0,TGSU2
2024-01-03,3080.0,3180.0,2957.25,3152.25,238601.0,TGSU2
2024-01-04,3180.0,3250.0,3100.0,3212.3,227617.0,TGSU2
2024-01-05,3222.0,3280.0,3090.0,3238.2,262932.0,TGSU2
2024-01-08,3283.0,3474.95,3253.0,3411.05,267210.0,TGSU2
2024-01-09,3460.0,3543.0,3210.0,3244.4,298372.0,TGSU2
2024-01-10,3250.0,3350.0,3250.0,3330.8,223381.0,TGSU2
2024-01-11,3350.0,3498.0,3189.0,3237.6,199404.0,TGSU2
2024-01-12,3241.0,3340.0,3165.0,3315.65,170307.0,TGSU2
2024-01-15,3325.0,3440.0,3250.0,3397.2,78785.0,TGSU2
2024-01-16,3400.0,3504.5,3360.0,3413.95,190936.0,TGSU2
2024-01-17,3543.0,3660.0,3425.0,3647.45,262608.0,TGSU2
2024-01-18,3700.0,3780.0,3534.05,3564.6,288091.0,TGSU2
2024-01-19,3600.0,3771.0,3550.0,3756.0,199982.0,TGSU2
2024-01-22,3764.0,3920.0,3732.0,3865.35,189311.0,TGSU2
2024-01-23,3865.35,3998.0,3706.8,3810.3,229115.0,TGSU2
2024-01-24,3880.0,3939.5,3763.05,3846.3,286323.0,TGSU2
2024-01-25,3854.0,4050.0,3820.0,3946.2,142737.0,TGSU2
2024-01-26,3948.2,3992.0,3772.1,3803.8,123793.0,TGSU2
2024-01-29,3830.0,3856.0,3560.0,3795.2,102801.0,TGSU2
2024-01-30,3810.0,3901.5,3800.0,3879.0,152296.0,TGSU2
2024-01-31,3880.0,3955.0,3700.0,3798.35,164739.0,TGSU2
2024-02-01,3798.5,4005.0,3760.0,3967.1,206424.0,TGSU2
2024-02-02,4000.0,4079.0,3895.0,3956.5,216245.0,TGSU2
2024-02-05,3979.0,4020.0,3620.0,3733.45,179514.0,TGSU2
2024-02-06,3733.5,3900.0,3580.0,3601.5,126377.0,TGSU2
2024-02-07,3510.0,3580.0,3240.5,3313.3,393208.0,TGSU2
2024-02-08,3320.0,3399.0,3098.0,3224.85,256554.0,TGSU2
2024-02-09,3221.0,3348.95,3100.0,3276.65,278315.0,TGSU2
2024-02-14,3325.0,3350.0,3000.0,3144.05,196300.0,TGSU2
2024-02-15,3215.0,3259.0,3123.0,3145.4,129359.0,TGSU2
2024-02-16,3155.0,3247.0,2960.0,3028.45,193364.0,TGSU2
2024-02-19,3030.1,3098.0,2925.0,3009.7,231415.0,TGSU2
2024-02-20,3009.7,3079.0,2946.65,2971.85,231599.0,TGSU2
2024-02-21,2971.0,3024.95,2890.0,2905.6,189739.0,TGSU2
2024-02-22,2900.0,3129.25,2862.5,3116.95,393134.0,TGSU2
2024-02-23,3117.0,3257.95,3040.0,3223.15,208421.0,TGSU2
2024-02-26,3200.0,3278.5,3017.05,3029.1,182453.0,TGSU2
2024-02-27,3030.0,3090.0,2820.0,2856.8,482652.0,TGSU2
2024-02-28,2874.85,2924.95,2783.45,2787.5,251740.0,TGSU2
2024-02-29,2785.0,2960.0,2755.0,2779.95,187191.0,TGSU2
2024-03-01,2803.0,2941.95,2803.0,2900.7,204779.0,TGSU2
2024-03-04,3040.0,3099.0,2840.0,2882.3,218688.0,TGSU2
2024-03-05,2870.0,2942.5,2672.1,2678.75,198651.0,TGSU2
2024-03-06,2686.5,2779.4,2533.65,2591.85,290705.0,TGSU2
2024-03-07,2629.0,2685.0,2496.6,2514.5,322983.0,TGSU2
2024-03-08,2530.0,2598.0,2441.95,2560.25,627777.0,TGSU2
2024-03-11,2565.0,2587.6,2438.0,2463.55,455876.0,TGSU2
2024-03-12,2500.0,2692.4,2465.0,2683.4,433859.0,TGSU2
2024-03-13,2720.0,2798.4,2550.05,2599.45,1266490.0,TGSU2
2024-03-14,2600.0,2650.0,2547.15,2600.05,625647.0,TGSU2
2024-03-15,2595.0,2748.0,2595.0,2738.8,250857.0,TGSU2
2024-03-18,2799.0,2948.0,2750.0,2926.4,507400.0,TGSU2
2024-03-19,3000.0,3054.8,2929.85,2941.6,467519.0,TGSU2
2024-03-20,2939.0,3149.0,2939.0,3131.0,277707.0,TGSU2
2024-03-21,3149.0,3226.45,3026.9,3190.7,290910.0,TGSU2
2024-03-22,3186.55,3276.65,3124.0,3264.65,221929.0,TGSU2
2024-03-25,3301.0,3392.0,3166.15,3177.25,219078.0,TGSU2
2024-03-26,3180.0,3281.9,3111.0,3248.2,140915.0,TGSU2
2024-03-27,3319.0,3320.0,3200.0,3279.35,195771.0,TGSU2
2024-04-03,3360.0,3649.95,3360.0,3625.25,1456215.0,TGSU2
2024-04-04,3668.0,3779.8,3461.5,3500.05,730349.0,TGSU2
2024-04-05,3675.05,3960.0,3618.5,3731.45,1633041.0,TGSU2
2024-04-08,3770.0,3880.0,3581.0,3640.95,632475.0,TGSU2
2024-04-09,3649.0,3690.0,3435.0,3500.75,669211.0,TGSU2
2024-04-10,3500.0,3530.0,3324.0,3423.55,210955.0,TGSU2
2024-04-11,3446.0,3519.5,3353.0,3489.2,199224.0,TGSU2
2024-04-12,3481.0,3554.0,3375.0,3495.9,230629.0,TGSU2
2024-04-15,3490.0,3521.0,3291.0,3335.2,491050.0,TGSU2
2024-04-16,3340.0,3419.95,3190.05,3372.35,584509.0,TGSU2
2024-04-17,3400.0,3424.6,3270.05,3320.35,222336.0,TGSU2
2024-04-18,3325.0,3390.0,3271.5,3305.85,239470.0,TGSU2
2024-04-19,3400.0,3448.15,3310.0,3397.0,231430.0,TGSU2
2024-04-22,3420.0,3636.0,3420.0,3594.7,426691.0,TGSU2
2024-04-23,3600.0,3630.0,3393.0,3486.85,299451.0,TGSU2
2024-04-24,3481.35,3484.55,3335.0,3341.55,276974.0,TGSU2
2024-04-25,3340.0,3530.3,3300.0,3510.55,187442.0,TGSU2
2024-04-26,3600.0,3647.0,3516.8,3627.45,181016.0,TGSU2
2024-04-29,3630.0,3867.75,3630.0,3799.3,213373.0,TGSU2
2024-04-30,3852.0,3950.0,3818.3,3862.2,357581.0,TGSU2
2024-05-02,3940.0,4180.0,3924.1,4161.3,305335.0,TGSU2
2024-05-03,4200.0,4468.4,4190.0,4289.1,502999.0,TGSU2
2024-05-06,4315.0,4394.25,4170.0,4368.0,493731.0,TGSU2
2024-05-07,4338.0,4405.0,4154.0,4271.35,411027.0,TGSU2
2024-05-08,4293.0,4379.0,4161.1,4178.5,238701.0,TGSU2
2024-05-09,4180.0,4185.95,4048.15,4120.15,200954.0,TGSU2
2024-05-10,4120.0,4190.0,4001.0,4012.3,159498.0,TGSU2
2024-05-13,4025.0,4050.0,3868.8,3949.8,201509.0,TGSU2
2024-05-14,3900.0,4129.0,3900.0,4124.25,138394.0,TGSU2
2024-05-15,4160.0,4350.05,4160.0,4295.15,470509.0,TGSU2
2024-05-16,4315.0,4316.6,4135.0,4283.3,267515.0,TGSU2
2024-05-17,4295.5,4296.5,4159.3,4187.55,164567.0,TGSU2
2024-05-20,4138.3,4452.0,4030.95,4444.8,268738.0,TGSU2
2024-05-21,4413.5,4637.05,4410.75,4622.5,258511.0,TGSU2
2024-05-22,4648.0,4648.0,4467.1,4552.7,264803.0,TGSU2
2024-05-23,4600.0,4700.0,4468.55,4488.8,158306.0,TGSU2
2024-05-24,4463.95,4599.6,4400.0,4451.7,189232.0,TGSU2
2024-05-27,4455.0,4782.0,4455.0,4729.95,130610.0,TGSU2
2024-05-28,4850.0,4850.0,4500.0,4748.2,389809.0,TGSU2
2024-05-29,4745.85,4745.85,4550.0,4592.2,297051.0,TGSU2
2024-05-30,4663.0,4990.0,4630.85,4963.5,444058.0,TGSU2
2024-05-31,4940.0,4973.25,4738.1,4898.6,236293.0,TGSU2
2024-06-03,4900.0,5000.0,4870.0,4905.45,256752.0,TGSU2
2024-06-04,4920.0,4920.0,4600.0,4668.5,213048.0,TGSU2
2024-06-05,4680.0,4737.85,4320.0,4639.35,214014.0,TGSU2
2024-06-06,4572.05,4663.95,4434.85,4467.1,181559.0,TGSU2
2024-06-07,4478.0,4629.9,4438.1,4463.5,134341.0,TGSU2
2024-06-10,4463.0,4758.25,4420.05,4736.45,170867.0,TGSU2
2024-06-11,4725.0,4743.9,4564.5,4656.85,170206.0,TGSU2
2024-06-12,4600.0,4769.0,4588.0,4619.45,354746.0,TGSU2
2024-06-13,4801.0,4904.0,4570.0,4867.8,786396.0,TGSU2
2024-06-14,4872.0,4872.0,4685.0,4838.5,394833.0,TGSU2
2024-06-18,4730.45,4760.0,4600.0,4664.4,209435.0,TGSU2
2024-06-19,4680.0,4841.0,4678.95,4832.1,106750.0,TGSU2
2024-06-24,4843.0,4882.5,4706.05,4877.25,139962.0,TGSU2
2024-06-25,4890.0,4951.0,4850.55,4889.3,189058.0,TGSU2
2024-06-26,4898.0,4995.95,4761.2,4859.0,281596.0,TGSU2
2024-06-27,4900.0,5248.95,4844.0,5211.3,341738.0,TGSU2
2024-06-28,5208.0,5258.1,4940.0,5164.75,277995.0,TGSU2
2024-07-01,5150.0,5190.0,4946.45,5073.1,236300.0,TGSU2
2024-07-02,5073.9,5240.0,5073.1,5172.55,151194.0,TGSU2
2024-07-03,5200.0,5235.0,4830.0,4915.85,427412.0,TGSU2
2024-07-04,4980.0,4984.95,4919.0,4960.8,92236.0,TGSU2
2024-07-05,4980.0,5184.9,4980.0,5033.05,258557.0,TGSU2
2024-07-08,5099.0,5099.0,4987.2,5088.55,230417.0,TGSU2
2024-07-10,5170.0,5250.0,5050.0,5210.0,217287.0,TGSU2
2024-07-11,5250.0,5350.0,5120.0,5300.0,269861.0,TGSU2
2024-07-12,5290.0,5412.0,5220.0,5390.0,256779.0,TGSU2
2024-07-15,5340.0,5340.0,4650.0,4675.0,308784.0,TGSU2
2024-07-16,4670.0,4675.0,4350.0,4570.0,267636.0,TGSU2
2024-07-17,4620.0,4620.0,4455.0,4465.0,161532.0,TGSU2
2024-07-18,4465.0,4595.0,4380.0,4425.0,299815.0,TGSU2
2024-07-19,4450.0,4630.0,4445.0,4595.0,300537.0,TGSU2
2024-07-22,4665.0,4775.0,4665.0,4725.0,204402.0,TGSU2
2024-07-23,4750.0,4990.0,4720.0,4950.0,265348.0,TGSU2
2024-07-24,4985.0,4985.0,4740.0,4765.0,216046.0,TGSU2
2024-07-25,4715.0,4755.0,4575.0,4650.0,280186.0,TGSU2
2024-07-26,4685.0,4780.0,4550.0,4600.0,167272.0,TGSU2
2024-07-29,4645.0,4650.0,4405.0,4440.0,110824.0,TGSU2
2024-07-30,4445.0,4480.0,4185.0,4215.0,161202.0,TGSU2
2024-07-31,4290.0,4605.0,4265.0,4540.0,249043.0,TGSU2
2024-08-01,4660.0,4660.0,4400.0,4455.0,232081.0,TGSU2
2024-08-02,4380.0,4380.0,4240.0,4280.0,217901.0,TGSU2
2024-08-05,4000.0,4520.0,3915.0,4430.0,720597.0,TGSU2
2024-08-06,4460.0,4695.0,4425.0,4665.0,320600.0,TGSU2
2024-08-07,4725.0,4740.0,4485.0,4525.0,313727.0,TGSU2
2024-08-08,4575.0,4745.0,4575.0,4665.0,199531.0,TGSU2
2024-08-09,4700.0,5040.0,4680.0,5030.0,554708.0,TGSU2
2024-08-12,5030.0,5060.0,4910.0,5040.0,176256.0,TGSU2
2024-08-13,5070.0,5120.0,4885.0,4910.0,192634.0,TGSU2
2024-08-14,4905.0,5050.0,4785.0,4800.0,300807.0,TGSU2
2024-08-15,4830.0,5050.0,4815.0,4965.0,301145.0,TGSU2
2024-08-16,4985.0,5110.0,4965.0,5020.0,263318.0,TGSU2
2024-08-19,5050.0,5120.0,4905.0,4995.0,239205.0,TGSU2
2024-08-20,4995.0,5100.0,4950.0,4975.0,219277.0,TGSU2
2024-08-21,5070.0,5070.0,4805.0,4885.0,132183.0,TGSU2
2024-08-22,4810.0,4840.0,4670.0,4705.0,243727.0,TGSU2
2024-08-23,4720.0,4850.0,4720.0,4780.0,287728.0,TGSU2
2024-08-26,4800.0,4870.0,4720.0,4760.0,153879.0,TGSU2
2024-08-27,4760.0,4830.0,4720.0,4815.0,135102.0,TGSU2
2024-08-28,4800.0,4815.0,4700.0,4805.0,153458.0,TGSU2
2024-08-29,4800.0,4875.0,4765.0,4805.0,226303.0,TGSU2
2024-08-30,4935.0,5060.0,4930.0,4995.0,490484.0,TGSU2
2024-09-02,5030.0,5190.0,4935.0,5080.0,183800.0,TGSU2
2024-09-03,5060.0,5060.0,4925.0,5030.0,303484.0,TGSU2
2024-09-04,5060.0,5320.0,5030.0,5280.0,296598.0,TGSU2
2024-09-05,5420.0,5580.0,5240.0,5290.0,356867.0,TGSU2
2024-09-06,5330.0,5390.0,4975.0,5110.0,188593.0,TGSU2
2024-09-09,5140.0,5290.0,5000.0,5150.0,161244.0,TGSU2
2024-09-10,5140.0,5140.0,4820.0,4995.0,375106.0,TGSU2
2024-09-11,5020.0,5220.0,4960.0,5130.0,119651.0,TGSU2
2024-09-12,5130.0,5260.0,5100.0,5230.0,124303.0,TGSU2
2024-09-13,5230.0,5320.0,5180.0,5300.0,174613.0,TGSU2
2024-09-16,5380.0,5440.0,5250.0,5300.0,176857.0,TGSU2
2024-09-17,5250.0,5300.0,5170.0,5200.0,150600.0,TGSU2
2024-09-18,5240.0,5240.0,4950.0,5090.0,281273.0,TGSU2
2024-09-19,5150.0,5190.0,5090.0,5120.0,286349.0,TGSU2
2024-09-20,5170.0,5170.0,4960.0,5030.0,151452.0,TGSU2
2024-09-23,5000.0,5080.0,4880.0,5000.0,179395.0,TGSU2
2024-09-24,5010.0,5260.0,4880.0,5140.0,470535.0,TGSU2
2024-09-25,5140.0,5230.0,4995.0,5020.0,230820.0,TGSU2
2024-09-26,5070.0,5070.0,4730.0,4750.0,407711.0,TGSU2
2024-09-27,4760.0,4830.0,4580.0,4640.0,605814.0,TGSU2
2024-09-30,4640.0,4660.0,4490.0,4550.0,177878.0,TGSU2
2024-10-01,4590.0,4765.0,4500.0,4690.0,315107.0,TGSU2
2024-10-02,4740.0,4770.0,4575.0,4590.0,327804.0,TGSU2
2024-10-03,4600.0,4775.0,4600.0,4740.0,223031.0,TGSU2
2024-10-04,4750.0,4900.0,4700.0,4820.0,297429.0,TGSU2
2024-10-07,4800.0,4800.0,4650.0,4710.0,179434.0,TGSU2
2024-10-08,4710.0,4735.0,4615.0,4685.0,173781.0,TGSU2
2024-10-09,4690.0,5030.0,4595.0,4955.0,554506.0,TGSU2
2024-10-10,4900.0,5060.0,4900.0,4915.0,204381.0,TGSU2
2024-10-14,5070.0,5070.0,4805.0,4975.0,205695.0,TGSU2
2024-10-15,4900.0,5010.0,4825.0,4905.0,262419.0,TGSU2
2024-10-16,4885.0,5020.0,4805.0,4815.0,222830.0,TGSU2
2024-10-17,4810.0,4945.0,4810.0,4900.0,194080.0,TGSU2
2024-10-18,4910.0,5050.0,4840.0,5040.0,219911.0,TGSU2
2024-10-21,4995.0,5140.0,4920.0,5110.0,235007.0,TGSU2
2024-10-22,5110.0,5160.0,5050.0,5060.0,190025.0,TGSU2
2024-10-23,4950.0,5050.0,4890.0,4980.0,150614.0,TGSU2
2024-10-24,4950.0,5200.0,4940.0,5160.0,224013.0,TGSU2
2024-10-25,5160.0,5340.0,5160.0,5190.0,236038.0,TGSU2
2024-10-28,5270.0,5380.0,5060.0,5110.0,210684.0,TGSU2
2024-10-29,5230.0,5310.0,5030.0,5190.0,239454.0,TGSU2
2024-10-30,5200.0,5270.0,5070.0,5190.0,310048.0,TGSU2
2024-10-31,5090.0,5240.0,5060.0,5200.0,191557.0,TGSU2
2024-11-01,5230.0,5450.0,5230.0,5300.0,153030.0,TGSU2
2024-11-04,5300.0,5590.0,5240.0,5480.0,282160.0,TGSU2
2024-11-05,5600.0,5600.0,5310.0,5450.0,348492.0,TGSU2
2024-11-06,5510.0,5800.0,5300.0,5340.0,451084.0,TGSU2
2024-11-07,5400.0,5610.0,5310.0,5580.0,345934.0,TGSU2
2024-11-08,5610.0,5850.0,5150.0,5400.0,290555.0,TGSU2
2024-11-11,5400.0,5530.0,5200.0,5480.0,200514.0,TGSU2
2024-11-12,5470.0,5720.0,5380.0,5680.0,327798.0,TGSU2
2024-11-13,5700.0,5970.0,5700.0,5960.0,600511.0,TGSU2
2024-11-14,5970.0,6370.0,5970.0,6270.0,496707.0,TGSU2
2024-11-15,6300.0,6760.0,6010.0,6110.0,773789.0,TGSU2
2024-11-19,6440.0,6600.0,6200.0,6280.0,1149300.0,TGSU2
2024-11-20,6430.0,6430.0,6200.0,6290.0,653645.0,TGSU2
2024-11-21,6350.0,6560.0,6260.0,6470.0,956414.0,TGSU2
2024-11-22,6500.0,6620.0,6360.0,6580.0,3064909.0,TGSU2
2024-11-25,6520.0,6850.0,6430.0,6500.0,530644.0,TGSU2
2024-11-26,6500.0,6610.0,6200.0,6430.0,475628.0,TGSU2
2024-11-27,6500.0,6530.0,6300.0,6490.0,354089.0,TGSU2
2024-11-28,6500.0,6620.0,6300.0,6620.0,181930.0,TGSU2
2024-11-29,6600.0,6680.0,6460.0,6600.0,324648.0,TGSU2
2024-12-02,6690.0,6690.0,6420.0,6440.0,876275.0,TGSU2
2024-12-03,6490.0,6670.0,6390.0,6540.0,331283.0,TGSU2
2024-12-04,6620.0,6650.0,6120.0,6260.0,668901.0,TGSU2
2024-12-05,6300.0,6410.0,6090.0,6150.0,381049.0,TGSU2
2024-12-06,6150.0,6350.0,5880.0,6090.0,253210.0,TGSU2
2024-12-09,6090.0,6230.0,5990.0,6170.0,298350.0,TGSU2
2024-12-10,6170.0,6270.0,6040.0,6140.0,274823.0,TGSU2
2024-12-11,6160.0,6540.0,6120.0,6510.0,260804.0,TGSU2
2024-12-12,6530.0,6570.0,6380.0,6510.0,546196.0,TGSU2
2024-12-13,6550.0,6640.0,6470.0,6490.0,381656.0,TGSU2
2024-12-16,6590.0,6730.0,6500.0,6700.0,706621.0,TGSU2
2024-12-17,6750.0,6900.0,6700.0,6860.0,469910.0,TGSU2
2024-12-18,6920.0,7140.0,6600.0,6640.0,657923.0,TGSU2
2024-12-19,6640.0,6890.0,6330.0,6370.0,384399.0,TGSU2
2024-12-20,6370.0,6630.0,6130.0,6600.0,377982.0,TGSU2
2024-12-23,6680.0,6800.0,6440.0,6580.0,296351.0,TGSU2
2024-12-24,6600.0,6790.0,6510.0,6760.0,48278.0,TGSU2
2024-12-26,6740.0,6980.0,6650.0,6950.0,311069.0,TGSU2
2024-12-27,6940.0,7100.0,6840.0,7080.0,282036.0,TGSU2
2024-12-30,7070.0,7250.0,6870.0,7020.0,301236.0,TGSU2
2025-01-02,7060.0,7730.0,7030.0,7690.0,550497.0,TGSU2
2025-01-03,7750.0,8200.0,7330.0,7760.0,796339.0,TGSU2
2025-01-06,7810.0,8170.0,7550.0,7730.0,501416.0,TGSU2
2025-01-07,7850.0,8150.0,7660.0,7990.0,605619.0,TGSU2
2025-01-08,8030.0,8250.0,7600.0,7910.0,597771.0,TGSU2
2025-01-09,8100.0,8190.0,7890.0,7970.0,278876.0,TGSU2
2025-01-10,8030.0,8070.0,7430.0,7650.0,922665.0,TGSU2
2025-01-13,7650.0,7660.0,7010.0,7040.0,501154.0,TGSU2
2025-01-14,7070.0,7420.0,7020.0,7260.0,636494.0,TGSU2
2025-01-15,7350.0,7540.0,7030.0,7120.0,480476.0,TGSU2
2025-01-16,7130.0,7330.0,6600.0,6870.0,577559.0,TGSU2
2025-01-17,6950.0,7350.0,6610.0,6720.0,448881.0,TGSU2
2025-01-20,6790.0,7090.0,6660.0,6690.0,174119.0,TGSU2
2025-01-21,6800.0,7020.0,6690.0,7010.0,347203.0,TGSU2
2025-01-22,7100.0,7350.0,6930.0,7330.0,386335.0,TGSU2
2025-01-23,7230.0,7320.0,7000.0,7020.0,428223.0,TGSU2
2025-01-24,7080.0,7080.0,6500.0,6750.0,322345.0,TGSU2
2025-01-27,6700.0,6740.0,6320.0,6450.0,461032.0,TGSU2
2025-01-28,6500.0,6710.0,6150.0,6360.0,598720.0,TGSU2
2025-01-29,6390.0,6770.0,6300.0,6760.0,573131.0,TGSU2
2025-01-30,6830.0,7030.0,6770.0,7000.0,262583.0,TGSU2
2025-01-31,7000.0,7180.0,6680.0,6750.0,422406.0,TGSU2
2025-02-03,6600.0,6740.0,6270.0,6630.0,423583.0,TGSU2
2025-02-04,6700.0,6800.0,6640.0,6750.0,160026.0,TGSU2
2025-02-05,6770.0,6870.0,6540.0,6680.0,129200.0,TGSU2
2025-02-06,6680.0,6780.0,6550.0,6570.0,198537.0,TGSU2
2025-02-07,6630.0,6660.0,6200.0,6310.0,472970.0,TGSU2
2025-02-10,6380.0,6470.0,6100.0,6310.0,414545.0,TGSU2
2025-02-11,6350.0,6380.0,5940.0,6090.0,1264316.0,TGSU2
2025-02-12,6000.0,6390.0,5800.0,6200.0,461917.0,TGSU2
2025-02-13,6290.0,6670.0,6270.0,6610.0,366948.0,TGSU2
2025-02-14,6660.0,6740.0,6480.0,6620.0,260576.0,TGSU2
2025-02-17,6460.0,6460.0,6100.0,6170.0,933060.0,TGSU2
2025-02-18,6150.0,6790.0,6140.0,6730.0,828489.0,TGSU2
2025-02-19,6880.0,6890.0,6600.0,6640.0,385415.0,TGSU2
2025-02-20,6600.0,6850.0,6520.0,6810.0,204939.0,TGSU2
2025-02-21,6820.0,7000.0,6600.0,6630.0,164274.0,TGSU2
2025-02-24,6730.0,6920.0,6400.0,6560.0,248048.0,TGSU2
2025-02-25,6600.0,6600.0,6170.0,6310.0,423119.0,TGSU2
2025-02-26,6310.0,6470.0,6150.0,6210.0,335226.0,TGSU2
2025-02-27,6300.0,6320.0,6030.0,6130.0,377418.0,TGSU2
2025-02-28,6130.0,6340.0,5880.0,6060.0,361224.0,TGSU2
2025-03-05,6070.0,6330.0,5950.0,6270.0,274424.0,TGSU2
2025-03-06,6330.0,6470.0,6060.0,6140.0,242425.0,TGSU2
2025-03-07,6240.0,6240.0,5820.0,6140.0,460606.0,TGSU2
2025-03-10,6040.0,6040.0,5640.0,5810.0,423081.0,TGSU2
2025-03-11,5860.0,6080.0,5780.0,5980.0,303436.0,TGSU2
2025-03-12,6050.0,6600.0,6050.0,6570.0,603451.0,TGSU2
2025-03-13,6540.0,6580.0,6260.0,6280.0,260226.0,TGSU2
2025-03-14,6350.0,6810.0,6320.0,6790.0,450244.0,TGSU2
2025-03-17,6840.0,6930.0,6730.0,6820.0,248555.0,TGSU2
2025-03-18,6800.0,6810.0,6480.0,6550.0,338397.0,TGSU2
2025-03-19,6650.0,7000.0,6650.0,6980.0,258315.0,TGSU2
2025-03-20,6980.0,7130.0,6880.0,6920.0,244820.0,TGSU2
2025-03-21,7070.0,7140.0,6820.0,7110.0,158007.0,TGSU2
2025-03-25,7180.0,7460.0,7130.0,7390.0,328084.0,TGSU2
2025-03-26,7410.0,7490.0,7240.0,7300.0,165953.0,TGSU2
2025-03-27,7350.0,7580.0,7180.0,7280.0,413075.0,TGSU2
2025-03-28,7260.0,7280.0,6920.0,7120.0,372888.0,TGSU2
2025-03-31,7100.0,7100.0,6770.0,6950.0,192340.0,TGSU2
2025-04-01,7000.0,7150.0,6890.0,7130.0,164564.0,TGSU2
2025-04-03,6940.0,6940.0,6680.0,6720.0,279678.0,TGSU2
2025-04-04,6500.0,6500.0,5870.0,6240.0,627019.0,TGSU2
2025-04-07,6000.0,6390.0,5890.0,5930.0,591981.0,TGSU2
2025-04-08,6100.0,6300.0,5810.0,5950.0,594865.0,TGSU2
2025-04-09,5970.0,7090.0,5610.0,7010.0,924453.0,TGSU2
2025-04-10,6790.0,6790.0,6130.0,6380.0,698217.0,TGSU2
2025-04-11,6480.0,6880.0,6480.0,6680.0,539168.0,TGSU2
2025-04-14,7260.0,7500.0,6690.0,7110.0,579341.0,TGSU2
2025-04-15,6980.0,6990.0,6770.0,6880.0,479464.0,TGSU2
2025-04-16,6990.0,6990.0,6310.0,6360.0,278426.0,TGSU2
2025-04-21,6350.0,6350.0,5790.0,5870.0,379557.0,TGSU2
2025-04-22,6000.0,6210.0,5980.0,6170.0,394362.0,TGSU2
2025-04-23,6200.0,6520.0,6200.0,6280.0,478111.0,TGSU2
2025-04-24,6500.0,6600.0,6270.0,6380.0,272019.0,TGSU2
2025-04-25,6360.0,6450.0,6180.0,6250.0,235782.0,TGSU2
2025-04-28,6250.0,6300.0,6050.0,6200.0,161214.0,TGSU2
2025-04-29,6200.0,6240.0,6090.0,6140.0,193984.0,TGSU2
2025-04-30,6080.0,6140.0,5930.0,6040.0,299083.0,TGSU2
2025-05-05,5900.0,6160.0,5900.0,6150.0,262678.0,TGSU2
2025-05-06,6060.0,6310.0,6060.0,6270.0,199371.0,TGSU2
2025-05-07,6150.0,6280.0,6020.0,6070.0,511791.0,TGSU2
2025-05-08,6070.0,6290.0,5940.0,6170.0,245818.0,TGSU2
2025-05-09,6280.0,6560.0,6140.0,6460.0,311466.0,TGSU2
2025-05-12,6470.0,6790.0,6440.0,6740.0,321669.0,TGSU2
2025-05-13,6740.0,6950.0,6740.0,6880.0,448087.0,TGSU2
2025-05-14,6900.0,7000.0,6650.0,6960.0,401819.0,TGSU2
2025-05-15,6800.0,7300.0,6800.0,7280.0,654556.0,TGSU2
2025-05-16,7300.0,7300.0,7120.0,7210.0,238585.0,TGSU2
2025-05-19,7300.0,7590.0,7200.0,7400.0,327860.0,TGSU2
2025-05-20,7420.0,7450.0,7310.0,7360.0,251378.0,TGSU2
2025-05-21,7410.0,7450.0,7080.0,7130.0,621182.0,TGSU2
2025-05-22,7130.0,7190.0,7030.0,7130.0,243330.0,TGSU2
2025-05-23,7120.0,7320.0,7050.0,7210.0,191206.0,TGSU2
2025-05-26,7110.0,7360.0,7110.0,7280.0,89641.0,TGSU2
2025-05-27,7210.0,7300.0,7160.0,7220.0,117804.0,TGSU2
2025-05-28,7060.0,7280.0,6880.0,7230.0,328020.0,TGSU2
2025-05-29,7210.0,7230.0,6900.0,6940.0,326147.0,TGSU2
2025-05-30,6930.0,6930.0,6710.0,6750.0,199851.0,TGSU2
2025-06-02,6850.0,6850.0,6630.0,6690.0,278046.0,TGSU2
2025-06-03,6690.0,6900.0,6650.0,6740.0,359224.0,TGSU2
2025-06-04,6790.0,6840.0,6470.0,6500.0,332245.0,TGSU2
2025-06-05,6440.0,6500.0,6190.0,6260.0,543706.0,TGSU2
2025-06-06,6470.0,6470.0,6150.0,6390.0,249764.0,TGSU2
2025-06-09,6410.0,6450.0,6220.0,6250.0,177881.0,TGSU2
2025-06-10,6260.0,6640.0,6260.0,6470.0,478515.0,TGSU2
2025-06-11,6500.0,6670.0,6400.0,6590.0,363288.0,TGSU2
2025-06-12,6590.0,6860.0,6480.0,6750.0,227781.0,TGSU2
2025-06-13,6760.0,6790.0,6320.0,6400.0,218769.0,TGSU2
2025-06-17,6380.0,6430.0,6240.0,6340.0,307500.0,TGSU2
2025-06-18,6380.0,6540.0,6340.0,6500.0,330528.0,TGSU2
2025-06-19,6590.0,6640.0,6280.0,6620.0,99287.0,TGSU2
2025-06-23,6490.0,6490.0,6000.0,6110.0,558209.0,TGSU2
2025-06-24,6230.0,6410.0,6150.0,6330.0,229271.0,TGSU2
2025-06-25,6250.0,6290.0,6090.0,6120.0,148573.0,TGSU2
2025-06-26,6390.0,6390.0,6160.0,6240.0,138229.0,TGSU2
2025-06-27,6300.0,6390.0,6180.0,6280.0,160136.0,TGSU2
2025-06-30,6250.0,6400.0,6160.0,6260.0,350423.0,TGSU2
2025-07-01,6260.0,6400.0,6260.0,6400.0,319242.0,TGSU2
2025-07-02,6500.0,6680.0,6460.0,6520.0,244419.0,TGSU2
2025-07-03,6560.0,6830.0,6560.0,6660.0,298463.0,TGSU2
2025-07-04,6690.0,6790.0,6630.0,6760.0,63139.0,TGSU2
2025-07-07,6750.0,6790.0,6620.0,6750.0,376384.0,TGSU2
2025-07-08,6750.0,7090.0,6660.0,7030.0,359268.0,TGSU2
2025-07-10,6810.0,6860.0,6680.0,6710.0,242514.0,TGSU2
2025-07-11,6770.0,6770.0,6210.0,6290.0,516883.0,TGSU2
2025-07-14,6290.0,6600.0,6130.0,6570.0,334294.0,TGSU2
2025-07-15,6570.0,6700.0,6410.0,6600.0,234836.0,TGSU2
2025-07-16,6590.0,6600.0,6450.0,6510.0,146144.0,TGSU2
2025-07-17,6660.0,6740.0,6550.0,6690.0,221538.0,TGSU2
2025-07-18,6680.0,6930.0,6680.0,6730.0,120697.0,TGSU2
2025-07-21,6730.0,6770.0,6540.0,6600.0,223371.0,TGSU2
2025-07-22,6600.0,6650.0,6350.0,6480.0,481683.0,TGSU2
2025-07-23,6510.0,6760.0,6490.0,6720.0,281880.0,TGSU2
2025-07-24,6840.0,6880.0,6610.0,6860.0,205103.0,TGSU2
2025-07-25,6900.0,7200.0,6900.0,7150.0,355151.0,TGSU2
2025-07-28,7150.0,7250.0,7020.0,7220.0,353739.0,TGSU2
2025-07-29,7200.0,7800.0,7200.0,7750.0,614505.0,TGSU2
2025-07-30,7770.0,7850.0,7500.0,7720.0,480906.0,TGSU2
2025-07-31,7700.0,7890.0,7670.0,7820.0,271438.0,TGSU2
2025-08-01,7820.0,7830.0,7520.0,7710.0,213898.0,TGSU2
2025-08-04,7710.0,7990.0,7650.0,7710.0,282341.0,TGSU2
2025-08-05,7740.0,7940.0,7590.0,7890.0,249212.0,TGSU2
2025-08-06,7840.0,8100.0,7730.0,7900.0,783788.0,TGSU2
2025-08-07,7900.0,8090.0,7680.0,7770.0,297564.0,TGSU2
2025-08-08,7780.0,7840.0,7420.0,7550.0,164968.0,TGSU2
2025-08-11,7640.0,7800.0,7430.0,7670.0,203720.0,TGSU2
2025-08-12,7660.0,7990.0,7520.0,7710.0,361654.0,TGSU2
2025-08-13,7600.0,7900.0,7520.0,7600.0,136116.0,TGSU2
2025-08-14,7550.0,7720.0,7150.0,7350.0,213054.0,TGSU2
2025-08-18,7380.0,7580.0,7240.0,7390.0,159719.0,TGSU2
2025-08-19,7390.0,7450.0,7020.0,7040.0,193313.0,TGSU2
2025-08-20,7110.0,7340.0,7040.0,7130.0,309945.0,TGSU2
2025-08-21,7120.0,7470.0,7070.0,7460.0,373414.0,TGSU2
2025-08-22,7450.0,7600.0,7300.0,7420.0,183977.0,TGSU2
2025-08-25,7410.0,7420.0,7020.0,7130.0,180038.0,TGSU2
2025-08-26,7040.0,7430.0,7040.0,7360.0,299268.0,TGSU2
2025-08-27,7360.0,7450.0,7200.0,7270.0,253281.0,TGSU2
2025-08-28,7280.0,7610.0,7280.0,7400.0,277029.0,TGSU2
2025-08-29,7220.0,7410.0,7200.0,7360.0,185355.0,TGSU2
2025-09-01,7360.0,7360.0,6800.0,7100.0,349516.0,TGSU2
2025-09-02,7170.0,7250.0,6900.0,7210.0,580880.0,TGSU2
2025-09-03,7300.0,7300.0,6960.0,7000.0,346191.0,TGSU2
2025-09-04,7020.0,7400.0,6960.0,7240.0,334132.0,TGSU2
2025-09-05,7280.0,7490.0,7150.0,7270.0,293237.0,TGSU2
2025-09-08,6750.0,6750.0,5900.0,6170.0,1184210.0,TGSU2
2025-09-09,6350.0,6550.0,6210.0,6340.0,522409.0,TGSU2
2025-09-10,6550.0,6780.0,6395.0,6730.0,422746.0,TGSU2
2025-09-11,6705.0,6815.0,6455.0,6515.0,258848.0,TGSU2
2025-09-12,6580.0,6615.0,6180.0,6295.0,272351.0,TGSU2
2025-09-15,6290.0,6500.0,6215.0,6310.0,433004.0,TGSU2
2025-09-16,6350.0,6600.0,6325.0,6540.0,253492.0,TGSU2
2025-09-17,6580.0,6680.0,6490.0,6570.0,251410.0,TGSU2
2025-09-18,6580.0,6585.0,6140.0,6285.0,796357.0,TGSU2
2025-09-19,6205.0,6490.0,6020.0,6390.0,637038.0,TGSU2
2025-09-22,6700.0,7035.0,6370.0,6560.0,455223.0,TGSU2
2025-09-23,6680.0,6680.0,6250.0,6385.0,651676.0,TGSU2
2025-09-24,6520.0,6760.0,6415.0,6435.0,454811.0,TGSU2
2025-09-25,6445.0,6450.0,6225.0,6325.0,270944.0,TGSU2
2025-09-26,6325.0,6550.0,6235.0,6435.0,267980.0,TGSU2
2025-09-29,6350.0,6480.0,6250.0,6415.0,117452.0,TGSU2
2025-09-30,6430.0,6500.0,6210.0,6470.0,341898.0,TGSU2
2025-10-01,6370.0,6600.0,6355.0,6375.0,214105.0,TGSU2
2025-10-02,6385.0,6485.0,6245.0,6460.0,353734.0,TGSU2
2025-10-03,6400.0,6550.0,6310.0,6425.0,149206.0,TGSU2
2025-10-06,6460.0,6560.0,6355.0,6445.0,285316.0,TGSU2
2025-10-07,6580.0,6580.0,6375.0,6465.0,109387.0,TGSU2
2025-10-08,6470.0,6550.0,6330.0,6530.0,107130.0,TGSU2
2025-10-09,6565.0,6900.0,6530.0,6700.0,302596.0,TGSU2
2025-10-13,6510.0,6940.0,6275.0,6905.0,432347.0,TGSU2
2025-10-14,6975.0,7165.0,6570.0,6640.0,532675.0,TGSU2
2025-10-15,6500.0,6860.0,6500.0,6630.0,242218.0,TGSU2
2025-10-16,6470.0,6730.0,6435.0,6590.0,114694.0,TGSU2
2025-10-17,6575.0,6860.0,6545.0,6835.0,145507.0,TGSU2
2025-10-20,6705.0,7095.0,6600.0,6840.0,339664.0,TGSU2
2025-10-21,6700.0,7140.0,6600.0,6885.0,636873.0,TGSU2
2025-10-22,6950.0,7080.0,6740.0,7010.0,385589.0,TGSU2
2025-10-23,7005.0,7335.0,7005.0,7045.0,625917.0,TGSU2
2025-10-24,7060.0,7290.0,6950.0,7050.0,350570.0,TGSU2
2025-10-27,7770.0,9040.0,7770.0,8960.0,1097254.0,TGSU2
2025-10-28,8980.0,9370.0,8650.0,9200.0,825898.0,TGSU2
2025-10-29,9250.0,9960.0,9220.0,9400.0,878386.0,TGSU2
2025-10-30,9400.0,9525.0,8895.0,9120.0,449807.0,TGSU2
2025-10-31,9350.0,9850.0,9180.0,9390.0,777047.0,TGSU2
2025-11-03,9380.0,9895.0,9155.0,9300.0,1164686.0,TGSU2
2025-11-04,9300.0,9300.0,8950.0,9075.0,705688.0,TGSU2
2025-11-05,9000.0,9275.0,8745.0,8985.0,583098.0,TGSU2
2025-11-06,9000.0,9000.0,8620.0,8715.0,136688.0,TGSU2
2025-11-07,8800.0,9050.0,8200.0,8430.0,549720.0,TGSU2
2025-11-10,8750.0,8890.0,8320.0,8785.0,471547.0,TGSU2
2025-11-11,8790.0,9290.0,8790.0,9130.0,550653.0,TGSU2
2025-11-12,9130.0,9300.0,8915.0,8995.0,271028.0,TGSU2
2025-11-13,9150.0,9250.0,8740.0,8890.0,191728.0,TGSU2
2025-11-14,8920.0,9375.0,8655.0,9210.0,493075.0,TGSU2
2025-11-17,9250.0,9470.0,8855.0,8905.0,177320.0,TGSU2
2025-11-18,8940.0,9225.0,8420.0,9105.0,267421.0,TGSU2
2025-11-19,9200.0,9290.0,8910.0,9095.0,314011.0,TGSU2
2025-11-20,9100.0,9375.0,8945.0,9065.0,149105.0,TGSU2
2025-11-21,9150.0,9150.0,8735.0,8940.0,83984.0,TGSU2
2025-11-25,8940.0,9020.0,8615.0,8990.0,275385.0,TGSU2
2025-11-26,8900.0,9360.0,8820.0,9330.0,332800.0,TGSU2
2025-11-27,9350.0,9465.0,9125.0,9290.0,104712.0,TGSU2
2025-11-28,9290.0,9490.0,9080.0,9175.0,250776.0,TGSU2
2025-12-01,9130.0,9480.0,9100.0,9435.0,206650.0,TGSU2
2025-12-02,9500.0,9740.0,9320.0,9400.0,289636.0,TGSU2
2025-12-03,9630.0,9895.0,9320.0,9780.0,337329.0,TGSU2
2025-12-04,9805.0,10070.0,9610.0,9675.0,238120.0,TGSU2
2025-12-05,9945.0,9945.0,9460.0,9505.0,140752.0,TGSU2
2025-12-09,9550.0,9950.0,9350.0,9450.0,111857.0,TGSU2
2025-12-10,9380.0,9800.0,9360.0,9615.0,105820.0,TGSU2
2025-12-11,9690.0,9890.0,9300.0,9590.0,189796.0,TGSU2
2025-12-12,9590.0,9835.0,9410.0,9610.0,131079.0,TGSU2
2025-12-15,9610.0,9810.0,9430.0,9675.0,146057.0,TGSU2
2025-12-16,9800.0,9850.0,9400.0,9565.0,143901.0,TGSU2
2025-12-17,9750.0,9750.0,9400.0,9465.0,89655.0,TGSU2
2025-12-18,9535.0,9860.0,9410.0,9810.0,262758.0,TGSU2
2025-12-19,9850.0,9980.0,9610.0,9695.0,171035.0,TGSU2
2025-12-22,9690.0,9930.0,9625.0,9660.0,223700.0,TGSU2
2025-12-23,9660.0,9795.0,9435.0,9555.0,181032.0,TGSU2
2025-12-24,9795.0,9795.0,9400.0,9565.0,17062.0,TGSU2
2025-12-26,9340.0,9750.0,9340.0,9480.0,81694.0,TGSU2
2025-12-29,9500.0,9720.0,9335.0,9400.0,284846.0,TGSU2
2025-12-30,9250.0,9550.0,9250.0,9325.0,163050.0,TGSU2
2026-01-02,9400.0,9610.0,9080.0,9515.0,139242.0,TGSU2
2026-01-05,9520.0,9630.0,9270.0,9405.0,371876.0,TGSU2
2026-01-06,9400.0,9630.0,9150.0,9185.0,164362.0,TGSU2
2026-01-07,9130.0,9285.0,8810.0,8860.0,245717.0,TGSU2
2026-01-08,9000.0,9300.0,8755.0,9255.0,198834.0,TGSU2
2026-01-09,9300.0,9550.0,9045.0,9170.0,152501.0,TGSU2
2026-01-12,9395.0,9395.0,8865.0,8975.0,229470.0,TGSU2
2026-01-13,8980.0,9125.0,8835.0,8945.0,505720.0,TGSU2
2026-01-14,9200.0,9200.0,8830.0,8920.0,189399.0,TGSU2
2026-01-15,8930.0,9190.0,8580.0,8690.0,169114.0,TGSU2
2026-01-16,8700.0,8940.0,8535.0,8725.0,193580.0,TGSU2
2026-01-19,8800.0,8995.0,8520.0,8715.0,62428.0,TGSU2
2026-01-20,8750.0,9020.0,8460.0,8910.0,266082.0,TGSU2
2026-01-21,8950.0,9380.0,8875.0,9330.0,622818.0,TGSU2
2026-01-22,9330.0,9400.0,9155.0,9255.0,148119.0,TGSU2
2026-01-23,9250.0,9585.0,9140.0,9340.0,153710.0,TGSU2
2026-01-26,9340.0,9850.0,9340.0,9640.0,157795.0,TGSU2
2026-01-27,9700.0,10150.0,9615.0,10140.0,476890.0,TGSU2
2026-01-28,10070.0,10300.0,9730.0,9875.0,384859.0,TGSU2
2026-01-29,9900.0,10200.0,9505.0,9830.0,216272.0,TGSU2
2026-01-30,9860.0,10040.0,9500.0,9655.0,290379.0,TGSU2
2026-02-02,9655.0,9655.0,9150.0,9195.0,149804.0,TGSU2
2026-02-03,9110.0,9320.0,8820.0,8980.0,242491.0,TGSU2
2026-02-04,9010.0,9200.0,8650.0,8920.0,139153.0,TGSU2
2026-02-05,9060.0,9180.0,8620.0,8755.0,158711.0,TGSU2
2026-02-06,8760.0,9130.0,8760.0,8865.0,164150.0,TGSU2
2026-02-09,8870.0,9160.0,8585.0,8860.0,170241.0,TGSU2
2026-02-10,8860.0,9295.0,8625.0,9260.0,280976.0,TGSU2
2026-02-11,9315.0,9395.0,8910.0,9205.0,263802.0,TGSU2
2026-02-12,9350.0,9350.0,8600.0,8625.0,189731.0,TGSU2
2026-02-13,8600.0,8860.0,8500.0,8615.0,78480.0,TGSU2
2026-02-18,8540.0,8630.0,8305.0,8400.0,181800.0,TGSU2
2026-02-19,8400.0,8850.0,8250.0,8795.0,81109.0,TGSU2
2026-02-20,8820.0,9100.0,8620.0,8775.0,42355.0,TGSU2
2026-02-23,8775.0,8840.0,8400.0,8565.0,112527.0,TGSU2
2026-02-24,8865.0,8865.0,8465.0,8605.0,392311.0,TGSU2
2026-02-25,8595.0,8860.0,8420.0,8800.0,277452.0,TGSU2
2026-02-26,8860.0,8955.0,8600.0,8850.0,155413.0,TGSU2
2026-02-27,8900.0,9080.0,8400.0,8555.0,224589.0,TGSU2
2026-03-02,8760.0,9260.0,8425.0,8530.0,335075.0,TGSU2
2026-03-03,8570.0,8785.0,8400.0,8670.0,209995.0,TGSU2
2026-03-04,8670.0,8800.0,8100.0,8390.0,255938.0,TGSU2
2026-03-05,8455.0,8705.0,8200.0,8280.0,290281.0,TGSU2
2026-03-06,8360.0,8790.0,8205.0,8630.0,225912.0,TGSU2
2026-03-09,8750.0,8900.0,8455.0,8595.0,303631.0,TGSU2
2026-03-10,8545.0,9100.0,8500.0,8870.0,244397.0,TGSU2
2026-03-11,8995.0,9150.0,8825.0,9120.0,250971.0,TGSU2
2026-03-12,9200.0,9325.0,8890.0,8970.0,290805.0,TGSU2
2026-03-13,9180.0,9180.0,8880.0,9075.0,290847.0,TGSU2
2026-03-16,9195.0,9205.0,8650.0,8975.0,196599.0,TGSU2
2026-03-17,9050.0,9445.0,8990.0,9350.0,311501.0,TGSU2
2026-03-18,9300.0,9550.0,9255.0,9505.0,144256.0,TGSU2
2026-03-19,9550.0,9920.0,9450.0,9800.0,332095.0,TGSU2
2026-03-20,9780.0,9955.0,9455.0,9570.0,429099.0,TGSU2
2026-03-23,9545.0,9710.0,9345.0,9605.0,92951.0,TGSU2
2026-03-25,9905.0,9975.0,9600.0,9845.0,403825.0,TGSU2
2026-03-26,9980.0,9990.0,9600.0,9775.0,283939.0,TGSU2
2026-03-27,9740.0,10200.0,9650.0,10130.0,194073.0,TGSU2
2026-03-30,10100.0,10630.0,10100.0,10310.0,439269.0,TGSU2
2026-03-31,10700.0,10700.0,10100.0,10150.0,620550.0,TGSU2
2026-04-01,10100.0,10280.0,9805.0,10200.0,395878.0,TGSU2
2026-04-06,10290.0,10600.0,10040.0,10240.0,439039.0,TGSU2
2026-04-07,10250.0,10450.0,10080.0,10320.0,413477.0,TGSU2
2026-04-08,10050.0,10050.0,9390.0,9940.0,353133.0,TGSU2
2026-04-09,9965.0,10100.0,9565.0,9605.0,197228.0,TGSU2
2026-04-10,9620.0,9830.0,9550.0,9635.0,176124.0,TGSU2
2026-04-13,9770.0,9900.0,9635.0,9710.0,107418.0,TGSU2
2026-04-14,9650.0,9650.0,9205.0,9305.0,350566.0,TGSU2
2026-04-15,9210.0,9395.0,8910.0,9005.0,475998.0,TGSU2
2026-04-16,9000.0,9195.0,9000.0,9125.0,235987.0,TGSU2
2026-04-17,9000.0,9000.0,8630.0,8885.0,352248.0,TGSU2
2026-04-20,8880.0,9210.0,8880.0,9105.0,235279.0,TGSU2
2026-04-21,9110.0,9210.0,9020.0,9145.0,204837.0,TGSU2
2026-04-22,9140.0,9295.0,9060.0,9095.0,199849.0,TGSU2
2026-04-23,9065.0,9200.0,9040.0,9055.0,136304.0,TGSU2
2026-04-24,9150.0,9150.0,8865.0,9050.0,246504.0,TGSU2
2026-04-27,9070.0,9280.0,9070.0,9245.0,203811.0,TGSU2
2026-04-28,9240.0,9415.0,9120.0,9160.0,194718.0,TGSU2
2026-04-29,9280.0,9280.0,9010.0,9205.0,126085.0,TGSU2
2026-04-30,9205.0,9205.0,8920.0,9165.0,98183.0,TGSU2
2026-05-04,9095.0,9095.0,8860.0,9020.0,140807.0,TGSU2
2026-05-05,9020.0,9130.0,8700.0,8825.0,251357.0,TGSU2
