date,open,high,low,close,volume,ticker
2018-01-02,42.304999,43.5,42.305,43.5,1204990.0,YPFD
2018-01-03,43.6,44.11,43.115,44.039999,1263750.0,YPFD
2018-01-04,43.610001,44.0,42.7,44.0,1091610.0,YPFD
2018-01-05,43.970001,44.2,43.0,43.229999,1046450.0,YPFD
2018-01-08,43.225,45.0,43.2,45.0,1372710.0,YPFD
2018-01-09,45.004999,46.0,44.5,45.735001,2358560.0,YPFD
2018-01-10,45.5,45.5,44.45,44.65,887760.0,YPFD
2018-01-11,44.254999,46.395,44.255,46.279999,1525220.0,YPFD
2018-01-12,46.4,47.2,46.005,47.0,1365970.0,YPFD
2018-01-15,47.2,49.28,47.1,49.225,809660.0,YPFD
2018-01-16,48.995001,48.995,47.6,48.179999,1727260.0,YPFD
2018-01-17,48.2,48.5,47.67,48.1,1010710.0,YPFD
2018-01-18,48.1,48.395,47.0,48.35,1080110.0,YPFD
2018-01-19,48.3,48.3,47.25,47.304999,1271480.0,YPFD
2018-01-22,47.25,48.45,47.25,48.285001,809590.0,YPFD
2018-01-23,48.5,50.175,48.5,50.1,1689220.0,YPFD
2018-01-24,50.1,52.0,50.0,51.795001,1669310.0,YPFD
2018-01-25,52.0,52.0,51.5,51.865002,1495850.0,YPFD
2018-01-26,51.840002,51.84,50.71,51.0,900620.0,YPFD
2018-01-29,50.995001,50.995,48.3,48.535001,2216100.0,YPFD
2018-01-30,48.55,48.55,46.8,47.189999,1792600.0,YPFD
2018-01-31,47.3,47.995,47.2,47.810001,1122980.0,YPFD
2018-02-01,48.0,48.0,46.505,47.514999,579800.0,YPFD
2018-02-02,47.5,47.5,45.105,45.504999,1281780.0,YPFD
2018-02-05,45.55,45.7,43.75,43.75,1456440.0,YPFD
2018-02-06,43.75,45.33,42.725,44.9,2981850.0,YPFD
2018-02-07,44.9,46.0,43.5,43.810001,1428010.0,YPFD
2018-02-08,43.910001,44.8,42.9,43.4,1726690.0,YPFD
2018-02-09,43.05,43.83,41.3,42.185001,1757010.0,YPFD
2018-02-14,44.0,45.78,43.85,45.735001,1658780.0,YPFD
2018-02-15,45.75,46.3,45.01,45.1,852460.0,YPFD
2018-02-16,45.15,46.395,44.805,45.964999,1094690.0,YPFD
2018-02-19,46.029999,46.8,46.0,46.710001,304310.0,YPFD
2018-02-20,46.7,46.9,46.05,46.135001,742540.0,YPFD
2018-02-21,46.0,46.995,46.0,46.570001,1255510.0,YPFD
2018-02-22,45.514999,47.945,45.515,47.420001,827020.0,YPFD
2018-02-23,47.5,48.045,46.9,46.910001,934580.0,YPFD
2018-02-26,47.154999,48.495,47.1,48.004999,921240.0,YPFD
2018-02-27,48.2,48.7,46.9,47.9,1343250.0,YPFD
2018-02-28,48.239999,48.24,46.6,46.985001,651100.0,YPFD
2018-03-01,46.7,47.0,45.85,46.114999,963010.0,YPFD
2018-03-02,45.2,45.7,44.7,45.204999,1285720.0,YPFD
2018-03-05,45.4,46.4,45.1,45.189999,1153700.0,YPFD
2018-03-06,46.0,46.19,45.19,46.110001,825510.0,YPFD
2018-03-07,46.0,46.0,45.225,45.629999,166170.0,YPFD
2018-03-08,45.629999,46.2,45.0,45.420001,455760.0,YPFD
2018-03-09,45.4,46.5,45.205,45.489999,1425110.0,YPFD
2018-03-12,45.489999,45.5,44.35,44.65,1388730.0,YPFD
2018-03-13,44.660001,45.3,44.35,44.65,542870.0,YPFD
2018-03-14,44.995001,44.995,43.75,43.764999,957720.0,YPFD
2018-03-15,44.2,44.795,43.425,43.825,1161380.0,YPFD
2018-03-16,43.954999,44.595,43.4,43.445001,548990.0,YPFD
2018-03-19,43.404999,43.405,42.5,42.639999,951800.0,YPFD
2018-03-20,42.9,43.45,42.805,43.15,802150.0,YPFD
2018-03-21,43.604999,44.8,43.5,44.45,655000.0,YPFD
2018-03-22,44.429999,44.43,43.0,43.104999,536430.0,YPFD
2018-03-23,43.210001,43.425,42.0,42.275,1969230.0,YPFD
2018-03-26,42.614999,44.2,42.615,44.054999,1182130.0,YPFD
2018-03-27,43.95,44.1,43.0,43.085001,628360.0,YPFD
2018-03-28,43.1,43.785,43.1,43.2,675820.0,YPFD
2018-04-03,43.1,43.8,42.835,43.479999,376860.0,YPFD
2018-04-04,43.0,43.1,42.41,42.945001,385280.0,YPFD
2018-04-05,43.014999,43.695,43.015,43.329999,531630.0,YPFD
2018-04-06,43.495001,43.495,42.525,42.925,325020.0,YPFD
2018-04-09,43.0,43.5,43.0,43.410001,736940.0,YPFD
2018-04-10,43.654999,44.76,43.3,44.354999,738040.0,YPFD
2018-04-11,44.4,44.8,44.4,44.660001,733760.0,YPFD
2018-04-12,44.7,45.25,44.66,45.160001,746030.0,YPFD
2018-04-13,45.25,45.395,44.855,45.179999,364260.0,YPFD
2018-04-16,45.1,45.27,44.0,44.210001,727950.0,YPFD
2018-04-17,44.5,45.995,44.5,45.564999,833240.0,YPFD
2018-04-18,45.8,46.4,45.7,45.9,1060260.0,YPFD
2018-04-19,46.2,46.4,45.6,46.320001,1945580.0,YPFD
2018-04-20,46.3,46.3,45.555,45.725,548470.0,YPFD
2018-04-23,45.85,46.295,45.6,45.985001,999230.0,YPFD
2018-04-24,46.014999,46.8,45.3,45.385001,928350.0,YPFD
2018-04-25,45.0,45.4,44.505,45.179999,1212720.0,YPFD
2018-04-26,45.004999,46.185,44.91,45.989999,1033590.0,YPFD
2018-04-27,45.895001,45.895,44.7,45.654999,757530.0,YPFD
2018-05-02,45.5,45.5,44.0,44.135001,1065540.0,YPFD
2018-05-03,44.189999,44.9,43.5,44.639999,1517410.0,YPFD
2018-05-04,44.0,45.05,43.2,43.335001,1381080.0,YPFD
2018-05-07,43.4,44.5,43.4,43.779999,1828180.0,YPFD
2018-05-08,43.0,44.595,42.505,43.2,3541730.0,YPFD
2018-05-09,43.4,45.5,43.4,45.429999,1743230.0,YPFD
2018-05-10,45.604999,48.2,45.605,47.845001,1966360.0,YPFD
2018-05-11,47.95,50.5,47.95,50.214999,2586170.0,YPFD
2018-05-14,50.010001,51.5,49.455,51.254999,2068490.0,YPFD
2018-05-15,51.1,52.495,47.9,48.0,1679130.0,YPFD
2018-05-16,47.5,49.0,46.81,48.435001,2318140.0,YPFD
2018-05-17,49.135001,49.7,48.625,49.229999,595620.0,YPFD
2018-05-18,49.004999,49.9,49.005,49.5,514020.0,YPFD
2018-05-21,49.5,49.5,48.6,49.025,711910.0,YPFD
2018-05-22,49.029999,49.05,47.5,47.885001,747840.0,YPFD
2018-05-23,47.9,48.285,47.3,47.575,693270.0,YPFD
2018-05-24,47.5,47.5,45.5,47.05,1309800.0,YPFD
2018-05-28,46.5,46.5,44.3,44.585001,612530.0,YPFD
2018-05-29,45.604999,47.445,45.605,46.514999,2073300.0,YPFD
2018-05-30,46.7,46.9,44.8,45.189999,1040010.0,YPFD
2018-05-31,45.2,45.695,44.35,45.375,964140.0,YPFD
2018-06-01,45.3,46.2,45.0,45.575,1269620.0,YPFD
2018-06-04,45.8,46.095,44.5,44.895001,748900.0,YPFD
2018-06-05,45.010001,47.0,44.8,45.504999,1418700.0,YPFD
2018-06-06,45.7,45.7,43.615,44.0,1591430.0,YPFD
2018-06-07,44.395001,45.5,44.0,45.289999,1760280.0,YPFD
2018-06-08,46.5,47.245,44.99,46.154999,1580170.0,YPFD
2018-06-11,46.2,47.25,45.7,47.179999,1759600.0,YPFD
2018-06-12,47.175,47.175,44.9,45.629999,983430.0,YPFD
2018-06-13,45.6,46.4,44.605,45.985001,1018910.0,YPFD
2018-06-14,46.0,48.0,46.0,47.954999,1428340.0,YPFD
2018-06-15,47.3,48.2,46.6,48.104999,1184860.0,YPFD
2018-06-18,47.5,47.5,44.305,44.614999,1250260.0,YPFD
2018-06-19,44.7,47.795,44.7,46.579999,1332620.0,YPFD
2018-06-21,49.0,49.2,46.8,47.020001,2873930.0,YPFD
2018-06-22,48.0,48.0,45.255,45.8,1479020.0,YPFD
2018-06-25,44.8,44.8,41.0,42.360001,1770930.0,YPFD
2018-06-26,42.3,42.3,41.055,41.710001,2003290.0,YPFD
2018-06-27,41.6,41.695,38.8,39.0,2868920.0,YPFD
2018-06-28,39.5,40.78,38.85,39.685001,2499700.0,YPFD
2018-06-29,39.7,40.795,38.7,38.7,2327290.0,YPFD
2018-07-02,38.7,39.295,37.4,37.570001,3617670.0,YPFD
2018-07-03,38.5,40.7,38.5,40.7,2628910.0,YPFD
2018-07-04,40.9,42.71,40.8,42.2,1215820.0,YPFD
2018-07-05,41.8,42.34,41.2,42.05,2365410.0,YPFD
2018-07-06,41.995001,42.0,40.5,40.735001,1266910.0,YPFD
2018-07-10,42.104999,42.5,40.805,41.25,1192290.0,YPFD
2018-07-11,41.1,41.5,40.0,40.175,2448660.0,YPFD
2018-07-12,40.4,41.285,40.4,40.995001,1953550.0,YPFD
2018-07-13,41.095001,41.3,40.925,41.1,863140.0,YPFD
2018-07-16,41.179999,41.2,40.665,41.010001,1637040.0,YPFD
2018-07-17,41.105,42.4,41.1,42.3,1510130.0,YPFD
2018-07-18,42.075,43.3,42.0,43.2,1352940.0,YPFD
2018-07-19,42.695,43.295,42.4,43.0,1219230.0,YPFD
2018-07-20,43.005,45.5,43.005,45.1,2953500.0,YPFD
2018-07-23,44.76,45.57,44.75,45.39,1108610.0,YPFD
2018-07-24,45.5,47.1,45.5,46.8,1900620.0,YPFD
2018-07-25,46.995,47.25,46.5,47.2,1441680.0,YPFD
2018-07-26,47.0,47.0,45.02,45.625,1990280.0,YPFD
2018-07-27,45.91,47.195,45.215,45.5,1921530.0,YPFD
2018-07-30,45.555,45.8,44.045,44.65,1506100.0,YPFD
2018-07-31,44.8,45.3,44.62,45.2,1023530.0,YPFD
2018-08-01,45.115,45.115,44.235,44.3,2052370.0,YPFD
2018-08-02,44.0,44.5,43.61,43.7,1604590.0,YPFD
2018-08-03,44.505,45.45,44.505,45.2,1140010.0,YPFD
2018-08-06,45.195,45.195,44.215,44.4,908630.0,YPFD
2018-08-07,44.45,44.45,43.5,43.6,1147770.0,YPFD
2018-08-08,43.205,44.0,42.5,42.8,1341750.0,YPFD
2018-08-09,42.395,43.3,42.1,42.9,1130880.0,YPFD
2018-08-10,42.895,44.5,42.2,44.5,1363630.0,YPFD
2018-08-13,43.9,45.35,43.5,44.75,1521170.0,YPFD
2018-08-14,44.5,45.7,43.78,45.4,1845310.0,YPFD
2018-08-15,45.6,45.8,44.6,45.15,1223010.0,YPFD
2018-08-16,45.3,45.9,45.0,45.45,1404460.0,YPFD
2018-08-17,45.395,45.395,44.305,44.75,1640940.0,YPFD
2018-08-21,46.305,47.0,46.135,46.6,1614940.0,YPFD
2018-08-22,46.495,49.0,46.495,48.71,1310780.0,YPFD
2018-08-23,48.7,49.3,48.105,48.9,1321870.0,YPFD
2018-08-24,48.0,48.2,46.8,47.43,1449460.0,YPFD
2018-08-27,47.1,49.795,47.1,49.655,779980.0,YPFD
2018-08-28,49.5,49.85,47.995,49.27,725270.0,YPFD
2018-08-29,49.27,52.1,49.255,51.7,1251100.0,YPFD
2018-08-30,52.3,58.9,52.0,57.0,1139520.0,YPFD
2018-08-31,53.895,57.7,53.005,56.88,2583710.0,YPFD
2018-09-03,56.0,58.0,54.9,54.9,494830.0,YPFD
2018-09-04,55.355,58.0,55.355,56.2,1235190.0,YPFD
2018-09-05,56.045,58.6,54.0,57.005,982850.0,YPFD
2018-09-06,59.0,59.5,56.6,57.4,1038080.0,YPFD
2018-09-07,58.9,58.9,57.0,57.0,915280.0,YPFD
2018-09-10,57.0,57.895,55.355,55.8,317030.0,YPFD
2018-09-11,54.0,56.2,53.005,56.2,811030.0,YPFD
2018-09-12,56.305,57.795,56.305,57.4,277580.0,YPFD
2018-09-13,57.565,60.3,57.565,60.0,1050500.0,YPFD
2018-09-14,59.9,60.99,58.3,59.9,401500.0,YPFD
2018-09-17,59.0,60.0,59.0,59.8,854030.0,YPFD
2018-09-18,60.0,64.49,59.7,64.0,1466150.0,YPFD
2018-09-19,63.495,66.95,62.505,65.49,2414470.0,YPFD
2018-09-20,65.6,66.895,63.8,66.3,1480840.0,YPFD
2018-09-21,65.975,66.2,63.6,63.86,1013530.0,YPFD
2018-09-24,64.0,64.975,60.6,61.9,703270.0,YPFD
2018-09-25,61.9,64.9,61.505,63.4,1074340.0,YPFD
2018-09-26,63.48,64.745,62.65,63.3,577760.0,YPFD
2018-09-27,62.0,65.3,62.0,64.2,1081470.0,YPFD
2018-09-28,64.165,65.495,63.4,64.475,824890.0,YPFD
2018-10-01,65.5,65.5,60.0,60.1,1026880.0,YPFD
2018-10-02,60.89,60.89,59.0,59.85,985150.0,YPFD
2018-10-03,59.795,60.295,58.605,59.39,996790.0,YPFD
2018-10-04,59.395,59.4,56.4,57.5,1014290.0,YPFD
2018-10-05,57.22,57.5,54.5,55.0,781480.0,YPFD
2018-10-08,55.0,57.495,54.5,57.05,673730.0,YPFD
2018-10-09,56.4,57.0,54.6,57.0,772890.0,YPFD
2018-10-10,56.0,56.0,54.4,54.4,574760.0,YPFD
2018-10-11,54.3,55.945,52.0,52.5,1512420.0,YPFD
2018-10-12,52.6,55.0,52.6,54.7,456750.0,YPFD
2018-10-16,55.0,55.0,52.5,52.9,735120.0,YPFD
2018-10-17,53.05,53.4,52.5,53.05,482310.0,YPFD
2018-10-18,52.995,53.295,52.38,52.9,905420.0,YPFD
2018-10-19,52.605,53.0,51.4,52.995,471790.0,YPFD
2018-10-22,52.845,52.845,50.1,52.0,1508010.0,YPFD
2018-10-23,51.99,52.5,51.0,51.7,843230.0,YPFD
2018-10-24,51.0,51.63,49.0,49.9,2299030.0,YPFD
2018-10-25,51.0,54.15,51.0,54.0,1249160.0,YPFD
2018-10-26,53.395,56.395,52.5,55.2,1269720.0,YPFD
2018-10-29,55.55,56.995,53.75,54.8,948420.0,YPFD
2018-10-30,55.5,55.79,54.3,54.8,882150.0,YPFD
2018-10-31,53.0,54.75,52.5,53.98,2013130.0,YPFD
2018-11-01,55.0,56.6,54.185,56.6,846500.0,YPFD
2018-11-02,56.995,57.195,55.2,56.7,559260.0,YPFD
2018-11-05,56.5,57.9,55.2,57.9,421890.0,YPFD
2018-11-06,57.81,58.495,57.25,57.7,283290.0,YPFD
2018-11-07,58.0,58.645,57.0,58.0,513880.0,YPFD
2018-11-08,58.3,58.4,56.1,56.25,286320.0,YPFD
2018-11-09,55.105,55.85,53.0,54.58,446810.0,YPFD
2018-11-12,55.495,56.995,55.105,56.4,597140.0,YPFD
2018-11-13,56.19,56.19,53.2,54.0,984800.0,YPFD
2018-11-14,53.505,55.49,53.505,55.2,434600.0,YPFD
2018-11-15,55.05,58.1,55.05,57.4,596660.0,YPFD
2018-11-16,57.3,58.6,56.805,57.4,819430.0,YPFD
2018-11-20,55.0,55.99,53.9,53.9,693280.0,YPFD
2018-11-21,54.175,55.68,54.175,54.79,505310.0,YPFD
2018-11-22,54.72,54.97,54.1,54.95,63470.0,YPFD
2018-11-23,54.0,56.2,53.5,56.05,589290.0,YPFD
2018-11-26,56.0,57.85,55.6,57.1,843120.0,YPFD
2018-11-27,56.0,58.1,56.0,56.4,809930.0,YPFD
2018-11-28,55.5,58.195,55.3,57.7,1270150.0,YPFD
2018-11-29,57.9,58.0,56.2,57.1,289970.0,YPFD
2018-12-03,57.005,58.6,57.0,57.39,925120.0,YPFD
2018-12-04,57.5,59.17,57.1,58.845,791480.0,YPFD
2018-12-05,58.6,60.195,58.5,59.075,251650.0,YPFD
2018-12-06,58.2,58.3,55.61,57.2,736410.0,YPFD
2018-12-07,58.295,58.4,55.5,56.1,580860.0,YPFD
2018-12-10,56.0,56.4,54.505,55.69,324650.0,YPFD
2018-12-11,54.0,56.0,53.9,53.9,417030.0,YPFD
2018-12-12,54.205,55.485,53.99,54.3,321240.0,YPFD
2018-12-13,54.5,55.25,53.0,54.01,307860.0,YPFD
2018-12-14,55.09,55.4,53.6,55.02,214400.0,YPFD
2018-12-17,53.555,55.005,52.0,52.2,716650.0,YPFD
2018-12-18,52.4,53.495,50.5,50.8,732830.0,YPFD
2018-12-19,50.005,52.15,50.005,50.65,1033140.0,YPFD
2018-12-20,51.0,51.1,49.1,49.4,509640.0,YPFD
2018-12-21,49.6,50.7,47.5,48.1,586950.0,YPFD
2018-12-26,48.0,50.5,46.0,50.0,1228590.0,YPFD
2018-12-27,50.0,51.595,49.8,50.2,733210.0,YPFD
2018-12-28,50.7,52.0,49.3,50.15,501420.0,YPFD
2019-01-02,50.215,52.5,49.5,51.6,238810.0,YPFD
2019-01-03,51.5,52.5,51.36,51.9,301990.0,YPFD
2019-01-04,51.87,54.9,51.87,53.8,667200.0,YPFD
2019-01-07,53.8,54.85,53.6,53.85,419980.0,YPFD
2019-01-08,54.0,54.7,52.0,53.8,1410990.0,YPFD
2019-01-09,53.65,55.5,53.6,54.2,845850.0,YPFD
2019-01-10,53.8,54.45,53.35,53.5,953890.0,YPFD
2019-01-11,53.4,55.0,52.9,55.0,1540080.0,YPFD
2019-01-14,54.89,54.89,53.2,53.5,413430.0,YPFD
2019-01-15,54.085,54.8,53.2,53.2,405860.0,YPFD
2019-01-16,53.5,55.7,53.5,55.45,648960.0,YPFD
2019-01-17,55.435,56.4,55.015,56.2,713910.0,YPFD
2019-01-18,56.3,58.35,56.3,57.85,835040.0,YPFD
2019-01-21,57.505,59.8,57.205,59.75,499390.0,YPFD
2019-01-22,59.85,59.85,56.205,57.34,1416490.0,YPFD
2019-01-23,57.2,58.0,56.105,56.75,622380.0,YPFD
2019-01-24,56.8,59.3,56.8,59.195,1472520.0,YPFD
2019-01-25,59.0,59.25,57.45,57.945,570300.0,YPFD
2019-01-28,57.5,57.5,56.2,56.895,527530.0,YPFD
2019-01-29,56.77,59.145,56.77,58.9,960630.0,YPFD
2019-01-30,58.7,60.1,58.7,59.5,638380.0,YPFD
2019-01-31,58.5,60.75,58.5,60.7,931730.0,YPFD
2019-02-01,60.6,61.7,60.0,61.55,1639740.0,YPFD
2019-02-04,61.0,62.2,60.575,61.615,1350340.0,YPFD
2019-02-05,62.0,62.0,60.9,61.4,1098460.0,YPFD
2019-02-06,61.3,61.6,60.375,60.5,1143290.0,YPFD
2019-02-07,60.6,60.6,57.7,58.3,1015310.0,YPFD
2019-02-08,58.2,59.3,57.64,59.16,715150.0,YPFD
2019-02-11,59.2,59.8,58.225,58.45,627740.0,YPFD
2019-02-12,58.51,60.8,58.51,60.8,1015100.0,YPFD
2019-02-13,60.555,61.0,59.205,59.975,1013630.0,YPFD
2019-02-14,59.7,60.6,59.4,60.57,861240.0,YPFD
2019-02-15,60.5,60.695,59.9,60.49,503850.0,YPFD
2019-02-18,60.3,60.52,59.3,59.65,223210.0,YPFD
2019-02-19,59.41,59.9,57.95,58.2,550830.0,YPFD
2019-02-20,59.0,60.3,58.5,58.85,1650730.0,YPFD
2019-02-21,59.0,59.0,57.8,57.8,546820.0,YPFD
2019-02-22,57.88,59.5,57.88,59.5,1043340.0,YPFD
2019-02-25,59.4,59.7,57.005,57.7,660010.0,YPFD
2019-02-26,58.5,58.5,56.3,56.8,422560.0,YPFD
2019-02-27,56.105,57.5,55.8,56.15,396930.0,YPFD
2019-02-28,56.0,56.3,54.5,55.6,511520.0,YPFD
2019-03-01,55.5,56.645,54.5,55.19,363090.0,YPFD
2019-03-06,52.6,53.5,50.1,50.2,2208570.0,YPFD
2019-03-07,51.1,54.3,51.1,54.2,987410.0,YPFD
2019-03-08,54.5,54.5,52.4,53.2,661570.0,YPFD
2019-03-11,54.05,56.6,54.05,56.0,780430.0,YPFD
2019-03-12,56.705,57.225,56.3,56.8,575200.0,YPFD
2019-03-13,56.75,58.245,56.75,57.61,793710.0,YPFD
2019-03-14,57.8,58.5,56.655,57.15,303850.0,YPFD
2019-03-15,57.4,58.095,56.8,57.7,1118120.0,YPFD
2019-03-18,57.6,58.9,57.6,58.515,524790.0,YPFD
2019-03-19,58.5,59.4,57.5,57.5,1039460.0,YPFD
2019-03-20,57.8,59.75,57.8,59.1,1809380.0,YPFD
2019-03-21,58.7,59.6,58.425,59.4,424170.0,YPFD
2019-03-22,59.2,59.2,57.505,57.6,631760.0,YPFD
2019-03-25,56.105,58.15,56.105,57.8,1381650.0,YPFD
2019-03-26,59.37,59.8,57.8,58.9,1140600.0,YPFD
2019-03-27,58.0,59.4,57.9,58.6,700410.0,YPFD
2019-03-28,59.11,59.8,58.225,59.5,377130.0,YPFD
2019-03-29,59.61,61.305,59.61,60.9,773390.0,YPFD
2019-04-01,61.0,62.0,61.0,61.6,1279090.0,YPFD
2019-04-03,61.65,62.6,61.2,61.32,769210.0,YPFD
2019-04-04,62.0,63.0,62.0,62.7,908510.0,YPFD
2019-04-05,63.5,64.0,63.0,63.5,509580.0,YPFD
2019-04-08,64.2,65.65,64.005,65.1,1088040.0,YPFD
2019-04-09,65.29,65.75,63.345,63.45,1276460.0,YPFD
2019-04-10,64.0,64.995,63.675,64.5,653830.0,YPFD
2019-04-11,63.98,63.98,62.015,63.2,566410.0,YPFD
2019-04-12,63.0,63.0,61.77,62.11,701660.0,YPFD
2019-04-15,61.5,62.415,61.2,62.405,1052200.0,YPFD
2019-04-16,63.0,64.0,62.505,64.0,1116850.0,YPFD
2019-04-17,63.7,63.7,62.105,63.5,1298360.0,YPFD
2019-04-22,62.5,62.5,61.0,61.5,912780.0,YPFD
2019-04-23,61.505,63.4,61.505,63.19,502630.0,YPFD
2019-04-24,62.935,64.19,61.8,63.0,1003880.0,YPFD
2019-04-25,62.195,62.395,59.105,61.2,1247850.0,YPFD
2019-04-26,61.0,62.6,59.6,61.5,604780.0,YPFD
2019-04-29,60.5,60.8,58.5,58.8,618610.0,YPFD
2019-04-30,60.5,60.5,59.1,60.0,329690.0,YPFD
2019-05-02,60.6,61.2,59.8,60.95,501470.0,YPFD
2019-05-03,61.5,64.695,61.5,63.5,1315560.0,YPFD
2019-05-06,64.0,66.5,64.0,65.8,1056680.0,YPFD
2019-05-07,65.3,67.2,64.66,67.2,724390.0,YPFD
2019-05-08,67.5,68.5,67.0,67.9,1050590.0,YPFD
2019-05-09,67.6,70.0,67.0,68.3,1194980.0,YPFD
2019-05-10,67.5,67.8,65.85,65.95,1462570.0,YPFD
2019-05-13,66.0,66.0,63.5,63.81,1298210.0,YPFD
2019-05-14,64.55,66.265,64.55,65.65,825540.0,YPFD
2019-05-15,67.08,67.4,65.8,67.2,152960.0,YPFD
2019-05-16,68.4,70.5,68.4,70.4,1041550.0,YPFD
2019-05-17,70.405,71.6,69.05,69.745,656780.0,YPFD
2019-05-20,69.75,70.8,69.7,70.175,502100.0,YPFD
2019-05-21,70.5,70.5,68.005,68.8,822380.0,YPFD
2019-05-22,68.03,68.6,67.14,68.3,1278030.0,YPFD
2019-05-23,67.95,68.3,66.49,67.225,423940.0,YPFD
2019-05-24,68.0,69.3,67.305,69.0,753350.0,YPFD
2019-05-27,69.0,70.2,68.845,70.03,207500.0,YPFD
2019-05-28,69.94,71.6,69.41,70.0,781100.0,YPFD
2019-05-29,68.0,68.0,66.255,67.0,1494000.0,YPFD
2019-05-30,67.1,68.39,66.6,67.1,594730.0,YPFD
2019-05-31,66.89,67.2,65.705,66.35,553000.0,YPFD
2019-06-03,67.01,68.0,65.8,67.1,678490.0,YPFD
2019-06-04,67.8,67.985,66.25,67.9,678880.0,YPFD
2019-06-05,67.4,68.0,66.7,67.535,521030.0,YPFD
2019-06-06,68.11,68.795,67.0,68.6,716310.0,YPFD
2019-06-07,68.98,70.5,68.0,70.25,596000.0,YPFD
2019-06-10,70.6,72.545,70.2,72.35,1150840.0,YPFD
2019-06-11,72.5,74.4,71.255,74.2,1375670.0,YPFD
2019-06-12,74.2,76.7,74.2,75.0,1897930.0,YPFD
2019-06-13,74.995,76.0,74.0,74.6,1371900.0,YPFD
2019-06-14,76.0,76.3,75.0,75.2,758930.0,YPFD
2019-06-18,76.605,78.0,76.605,77.0,1243540.0,YPFD
2019-06-19,77.05,77.7,76.2,76.24,650700.0,YPFD
2019-06-21,76.6,78.4,76.6,78.4,2638050.0,YPFD
2019-06-24,77.5,77.5,76.325,77.11,1381780.0,YPFD
2019-06-25,77.105,77.995,76.05,77.1,1548830.0,YPFD
2019-06-26,77.5,79.2,77.1,77.8,1867140.0,YPFD
2019-06-27,77.9,79.1,77.725,78.81,2578730.0,YPFD
2019-06-28,78.45,78.49,77.0,78.05,913570.0,YPFD
2019-07-01,78.795,78.8,77.62,78.4,486560.0,YPFD
2019-07-02,78.11,78.79,76.0,76.0,730380.0,YPFD
2019-07-03,76.205,77.5,76.2,77.35,296050.0,YPFD
2019-07-04,77.2,78.25,76.905,77.175,93730.0,YPFD
2019-07-05,77.1,77.4,76.0,76.985,540470.0,YPFD
2019-07-10,76.2,77.985,75.5,77.0,1221690.0,YPFD
2019-07-11,77.0,77.495,76.705,77.325,965280.0,YPFD
2019-07-12,77.35,77.9,76.2,76.2,950390.0,YPFD
2019-07-15,77.1,77.49,76.3,76.6,1157250.0,YPFD
2019-07-16,77.7,78.0,76.18,77.18,502790.0,YPFD
2019-07-17,77.4,77.435,76.2,76.65,361320.0,YPFD
2019-07-18,76.395,76.4,74.7,75.4,498940.0,YPFD
2019-07-19,75.4,75.995,73.3,73.4,562320.0,YPFD
2019-07-22,72.4,72.4,71.26,71.71,761520.0,YPFD
2019-07-23,72.005,72.75,71.3,71.7,663000.0,YPFD
2019-07-24,71.765,73.905,71.555,72.73,476960.0,YPFD
2019-07-25,72.645,72.645,71.5,72.5,514450.0,YPFD
2019-07-26,72.4,73.48,71.8,73.3,562590.0,YPFD
2019-07-29,73.28,75.0,72.9,74.1,788180.0,YPFD
2019-07-30,74.265,74.75,73.5,73.55,439950.0,YPFD
2019-07-31,73.55,74.5,72.005,73.135,638510.0,YPFD
2019-08-01,73.2,74.36,71.85,71.85,908010.0,YPFD
2019-08-02,72.15,72.695,71.2,71.21,510700.0,YPFD
2019-08-05,71.095,71.095,69.6,70.41,642220.0,YPFD
2019-08-06,71.0,71.5,70.96,71.21,386730.0,YPFD
2019-08-07,70.5,74.51,70.5,72.38,1099090.0,YPFD
2019-08-08,72.0,72.3,70.4,70.9,814630.0,YPFD
2019-08-09,71.0,76.5,70.9,75.855,1010890.0,YPFD
2019-08-12,59.005,74.5,59.005,63.475,2862100.0,YPFD
2019-08-13,65.3,73.9,62.815,66.2,4271200.0,YPFD
2019-08-14,66.795,66.795,62.24,63.7,3155530.0,YPFD
2019-08-15,62.815,64.705,61.0,62.365,4172010.0,YPFD
2019-08-16,62.195,62.195,59.3,59.9,1876920.0,YPFD
2019-08-20,56.895,57.5,53.4,54.0,2528410.0,YPFD
2019-08-21,53.7,56.4,53.7,55.4,2473370.0,YPFD
2019-08-22,55.595,55.99,54.5,54.95,1634960.0,YPFD
2019-08-23,54.0,54.2,52.51,53.5,1278170.0,YPFD
2019-08-26,53.3,53.3,51.5,52.5,993100.0,YPFD
2019-08-27,52.32,52.325,50.0,51.4,1648010.0,YPFD
2019-08-28,52.0,53.095,51.6,52.65,1568180.0,YPFD
2019-08-29,51.98,53.0,50.105,52.26,2121430.0,YPFD
2019-08-30,53.0,57.5,52.305,55.3,2312900.0,YPFD
2019-09-02,55.4,60.9,55.4,59.0,1808540.0,YPFD
2019-09-03,53.495,54.495,48.83,50.7,4591100.0,YPFD
2019-09-04,52.0,52.9,50.7,52.9,5551070.0,YPFD
2019-09-05,55.5,59.5,55.0,58.255,3655470.0,YPFD
2019-09-06,60.0,62.3,59.2,61.0,4565680.0,YPFD
2019-09-10,59.0,60.2,58.005,59.9,1626400.0,YPFD
2019-09-11,61.0,61.1,58.95,59.3,1711640.0,YPFD
2019-09-12,59.25,60.955,58.0,59.8,1102120.0,YPFD
2019-09-13,59.9,63.4,59.9,62.5,1926540.0,YPFD
2019-09-16,65.0,67.0,62.5,63.0,1997510.0,YPFD
2019-09-17,62.4,62.4,60.0,61.3,1909470.0,YPFD
2019-09-18,61.5,61.9,59.005,61.65,1230040.0,YPFD
2019-09-19,61.8,64.2,61.5,63.925,1265670.0,YPFD
2019-09-20,63.505,64.5,62.805,63.69,736470.0,YPFD
2019-09-23,63.49,63.49,59.8,60.7,1042560.0,YPFD
2019-09-24,61.0,61.0,57.65,58.5,1506050.0,YPFD
2019-09-25,58.7,59.51,57.8,58.79,1189020.0,YPFD
2019-09-26,58.9,59.995,58.0,58.075,1006720.0,YPFD
2019-09-27,59.195,60.595,59.0,59.8,937460.0,YPFD
2019-09-30,58.005,59.895,58.005,59.4,1470690.0,YPFD
2019-10-01,60.0,62.2,59.305,62.1,903430.0,YPFD
2019-10-02,61.9,64.1,61.465,63.95,1270450.0,YPFD
2019-10-03,63.7,64.8,61.96,61.96,1757760.0,YPFD
2019-10-04,62.1,65.1,62.0,64.55,1477420.0,YPFD
2019-10-07,65.0,65.9,62.5,62.55,1192760.0,YPFD
2019-10-08,62.4,62.8,60.7,62.3,1171040.0,YPFD
2019-10-09,62.3,62.5,61.6,62.0,1580990.0,YPFD
2019-10-10,62.085,65.15,62.0,64.7,1053820.0,YPFD
2019-10-11,64.995,65.8,64.2,64.5,1561880.0,YPFD
2019-10-15,64.3,64.925,62.4,63.905,1996130.0,YPFD
2019-10-16,63.95,63.95,62.415,62.7,2192770.0,YPFD
2019-10-17,62.7,68.0,62.5,67.5,2163050.0,YPFD
2019-10-18,67.3,69.2,66.3,67.295,2058030.0,YPFD
2019-10-21,67.505,69.415,67.0,69.1,940320.0,YPFD
2019-10-22,68.98,71.95,68.98,70.9,2949040.0,YPFD
2019-10-23,71.8,71.95,69.105,70.375,3027130.0,YPFD
2019-10-24,69.895,73.6,68.255,73.6,1237860.0,YPFD
2019-10-25,73.9,77.0,73.5,75.75,3302860.0,YPFD
2019-10-28,76.0,81.35,72.515,72.87,1617140.0,YPFD
2019-10-29,72.9,74.5,71.0,72.2,1910810.0,YPFD
2019-10-30,72.2,74.9,71.1,74.9,1719380.0,YPFD
2019-10-31,74.895,76.0,73.8,75.5,1991920.0,YPFD
2019-11-01,76.0,77.995,75.6,76.38,1893780.0,YPFD
2019-11-04,77.15,79.4,76.4,78.9,1564470.0,YPFD
2019-11-05,78.9,79.6,77.005,78.175,1625630.0,YPFD
2019-11-06,78.2,78.695,73.3,73.91,885440.0,YPFD
2019-11-07,74.0,76.13,73.1,75.38,1167400.0,YPFD
2019-11-08,75.4,75.4,73.8,74.41,2391980.0,YPFD
2019-11-11,74.25,75.0,71.0,72.5,665670.0,YPFD
2019-11-12,72.0,72.5,68.505,70.9,742310.0,YPFD
2019-11-13,70.5,71.7,68.3,68.9,688870.0,YPFD
2019-11-14,68.8,70.41,68.1,69.8,919660.0,YPFD
2019-11-15,69.95,72.395,69.0,71.2,634610.0,YPFD
2019-11-19,70.6,70.6,65.505,68.9,1855060.0,YPFD
2019-11-20,69.0,70.95,69.0,70.4,1113640.0,YPFD
2019-11-21,71.0,71.0,68.6,69.35,811630.0,YPFD
2019-11-22,69.95,71.115,69.5,71.05,824650.0,YPFD
2019-11-26,71.29,71.5,67.505,68.0,850520.0,YPFD
2019-11-27,70.4,71.3,68.5,70.8,598890.0,YPFD
2019-11-28,70.79,71.595,70.79,71.595,251600.0,YPFD
2019-11-29,71.95,72.3,70.3,72.2,677140.0,YPFD
2019-12-02,72.2,72.5,69.805,70.8,552920.0,YPFD
2019-12-03,70.52,71.4,67.68,68.5,1224890.0,YPFD
2019-12-04,68.5,72.5,68.5,72.46,914560.0,YPFD
2019-12-05,72.25,74.0,70.5,73.01,870350.0,YPFD
2019-12-06,73.6,76.8,73.2,75.6,1057530.0,YPFD
2019-12-09,76.2,81.0,76.2,78.9,2282270.0,YPFD
2019-12-10,79.0,80.0,74.0,74.55,1462230.0,YPFD
2019-12-11,74.5,76.9,73.5,75.2,1262980.0,YPFD
2019-12-12,75.2,76.9,74.55,76.9,1321520.0,YPFD
2019-12-13,77.0,78.395,75.5,76.515,1057530.0,YPFD
2019-12-16,77.1,79.45,77.1,78.495,1162180.0,YPFD
2019-12-17,78.2,78.45,75.0,76.4,953850.0,YPFD
2019-12-18,77.6,80.0,77.0,78.3,2046540.0,YPFD
2019-12-19,78.45,81.7,78.45,79.1,1194400.0,YPFD
2019-12-20,79.205,81.995,79.205,81.795,1132280.0,YPFD
2019-12-23,81.69,84.0,81.6,82.995,2347810.0,YPFD
2019-12-26,83.115,88.475,83.115,87.3,2267090.0,YPFD
2019-12-27,87.0,89.485,86.6,87.375,1350570.0,YPFD
2019-12-30,87.295,87.295,83.65,85.8,1366280.0,YPFD
2020-01-02,85.805,87.0,82.915,83.7,1341200.0,YPFD
2020-01-03,85.8,86.375,82.5,84.0,1121290.0,YPFD
2020-01-06,84.6,86.2,82.7,86.2,718320.0,YPFD
2020-01-07,86.3,87.0,82.605,83.7,987810.0,YPFD
2020-01-08,83.85,84.6,82.1,84.35,884030.0,YPFD
2020-01-09,85.5,85.9,83.985,85.35,1383330.0,YPFD
2020-01-10,85.6,86.485,85.0,86.0,944700.0,YPFD
2020-01-13,86.005,86.3,84.09,85.495,1465800.0,YPFD
2020-01-14,85.305,86.25,83.84,85.26,882470.0,YPFD
2020-01-15,85.5,86.0,83.4,85.6,1321430.0,YPFD
2020-01-16,85.98,86.48,85.1,86.1,658500.0,YPFD
2020-01-17,85.98,85.98,82.005,82.9,1134580.0,YPFD
2020-01-20,82.9,85.37,82.9,85.325,392870.0,YPFD
2020-01-21,85.49,85.49,81.0,81.1,1779690.0,YPFD
2020-01-22,80.99,82.6,80.2,82.5,1339150.0,YPFD
2020-01-23,82.995,83.095,80.55,81.1,958180.0,YPFD
2020-01-24,81.11,82.0,79.4,79.7,1085600.0,YPFD
2020-01-27,78.95,79.6,77.2,79.6,990970.0,YPFD
2020-01-28,80.7,81.5,78.995,79.5,859040.0,YPFD
2020-01-29,80.3,81.785,79.75,79.75,589900.0,YPFD
2020-01-30,79.9,81.335,79.005,80.7,732670.0,YPFD
2020-01-31,80.65,81.6,78.45,78.5,698670.0,YPFD
2020-02-03,79.5,81.7,79.005,81.7,554540.0,YPFD
2020-02-04,81.6,84.52,80.28,80.7,1406200.0,YPFD
2020-02-05,82.005,83.9,82.005,82.6,951800.0,YPFD
2020-02-06,82.6,83.5,81.9,82.81,809660.0,YPFD
2020-02-07,83.0,83.595,81.0,82.16,942750.0,YPFD
2020-02-10,82.0,82.89,81.01,82.495,337860.0,YPFD
2020-02-11,82.62,82.9,78.6,79.4,924080.0,YPFD
2020-02-12,79.8,81.9,78.04,79.3,534890.0,YPFD
2020-02-13,78.995,78.995,74.65,76.8,907030.0,YPFD
2020-02-14,77.2,78.35,76.0,76.65,1234930.0,YPFD
2020-02-17,77.68,79.0,77.005,78.545,101770.0,YPFD
2020-02-18,78.65,78.65,76.5,76.965,412250.0,YPFD
2020-02-19,77.0,78.9,77.0,77.0,629480.0,YPFD
2020-02-20,77.43,79.4,77.43,78.5,786160.0,YPFD
2020-02-21,78.5,78.85,76.155,76.8,835260.0,YPFD
2020-02-26,70.0,71.685,69.5,70.005,2407760.0,YPFD
2020-02-27,70.0,70.0,66.3,67.9,1490490.0,YPFD
2020-02-28,67.75,67.75,63.805,65.98,2935070.0,YPFD
2020-03-02,67.0,68.8,64.0,66.375,2822750.0,YPFD
2020-03-03,68.495,68.995,65.8,66.615,2348620.0,YPFD
2020-03-04,66.705,68.1,66.0,67.0,1302460.0,YPFD
2020-03-05,67.0,67.8,63.1,63.785,3377580.0,YPFD
2020-03-06,63.495,63.495,60.15,60.3,2878130.0,YPFD
2020-03-09,52.2,52.87,45.5,46.5,8444440.0,YPFD
2020-03-10,50.5,55.0,48.41,51.8,6525900.0,YPFD
2020-03-11,49.1,49.49,46.6,47.9,3151860.0,YPFD
2020-03-12,43.4,43.5,40.8,42.55,4088730.0,YPFD
2020-03-13,42.2,43.895,38.6,40.435,5487690.0,YPFD
2020-03-16,34.695,37.6,31.8,35.685,5211750.0,YPFD
2020-03-17,36.5,36.5,30.57,31.78,6729680.0,YPFD
2020-03-18,29.895,30.45,21.865,23.585,10077310.0,YPFD
2020-03-19,25.71,28.6,25.71,27.7,7750310.0,YPFD
2020-03-20,28.8,35.0,28.28,31.5,6507740.0,YPFD
2020-03-25,35.1,38.5,35.1,37.8,5404700.0,YPFD
2020-03-26,39.6,40.995,34.9,35.5,5204470.0,YPFD
2020-03-27,33.8,35.0,32.605,34.1,2343240.0,YPFD
2020-03-30,34.5,34.8,32.485,34.6,2006660.0,YPFD
2020-04-01,34.8,36.8,34.4,36.685,3187370.0,YPFD
2020-04-02,37.2,39.8,36.495,38.3,5203010.0,YPFD
2020-04-03,39.0,40.0,37.31,38.835,4020030.0,YPFD
2020-04-06,39.5,39.995,38.3,39.2,2670130.0,YPFD
2020-04-07,40.05,40.7,36.7,38.0,4221110.0,YPFD
2020-04-08,38.055,40.62,38.0,40.16,3073190.0,YPFD
2020-04-13,40.0,40.8,38.5,40.65,3403560.0,YPFD
2020-04-14,41.5,44.465,41.5,43.285,4382570.0,YPFD
2020-04-15,41.45,43.85,40.0,43.82,3163660.0,YPFD
2020-04-16,42.495,43.0,39.3,40.2,2966400.0,YPFD
2020-04-17,40.4,41.8,39.63,40.1,1670340.0,YPFD
2020-04-20,39.005,41.4,38.5,39.75,2837780.0,YPFD
2020-04-21,38.89,39.0,37.9,37.9,1920980.0,YPFD
2020-04-22,38.5,39.69,38.5,39.35,1243970.0,YPFD
2020-04-23,39.4,40.45,39.0,39.65,1480930.0,YPFD
2020-04-24,39.81,40.0,35.7,36.95,2341640.0,YPFD
2020-04-27,37.0,37.9,35.0,37.7,1641390.0,YPFD
2020-04-28,39.3,44.56,39.205,43.8,5893240.0,YPFD
2020-04-29,45.1,46.815,42.155,45.11,3015980.0,YPFD
2020-04-30,45.2,46.0,42.6,43.215,1663990.0,YPFD
2020-05-04,43.0,43.0,40.81,42.4,1560300.0,YPFD
2020-05-05,43.15,44.995,42.7,44.1,2639580.0,YPFD
2020-05-06,44.1,44.95,41.9,44.2,3351830.0,YPFD
2020-05-07,45.505,46.58,45.26,46.05,4222680.0,YPFD
2020-05-08,47.01,49.0,47.01,47.745,3103130.0,YPFD
2020-05-11,46.5,49.5,45.8,49.0,3413280.0,YPFD
2020-05-12,51.5,54.5,51.5,51.8,4313450.0,YPFD
2020-05-13,52.5,53.105,47.905,49.0,3614760.0,YPFD
2020-05-14,48.6,51.7,48.1,50.9,3870530.0,YPFD
2020-05-15,52.5,53.095,50.71,51.4,2484290.0,YPFD
2020-05-18,52.6,54.2,51.4,52.8,2872220.0,YPFD
2020-05-19,53.0,54.1,52.0,52.35,2025090.0,YPFD
2020-05-20,53.3,54.17,52.2,53.29,2244100.0,YPFD
2020-05-21,53.5,57.895,52.27,55.1,3269990.0,YPFD
2020-05-22,53.8,56.025,53.0,54.89,3034930.0,YPFD
2020-05-26,55.005,57.3,55.005,57.295,2155830.0,YPFD
2020-05-27,57.995,59.8,56.3,59.795,3170860.0,YPFD
2020-05-28,58.5,59.295,56.035,56.61,3155410.0,YPFD
2020-05-29,56.9,56.9,52.5,56.7,2260780.0,YPFD
2020-06-01,56.14,59.4,54.9,59.0,1934060.0,YPFD
2020-06-02,60.0,63.0,59.6,62.7,2892160.0,YPFD
2020-06-03,62.675,68.25,62.205,66.0,4637120.0,YPFD
2020-06-04,67.0,68.395,64.5,66.875,3746420.0,YPFD
2020-06-05,68.305,70.0,66.5,67.6,3476370.0,YPFD
2020-06-08,69.005,76.0,69.005,75.305,4545920.0,YPFD
2020-06-09,73.0,75.0,70.005,74.01,4204880.0,YPFD
2020-06-10,71.5,73.495,70.4,72.51,3132070.0,YPFD
2020-06-11,70.5,70.5,65.8,67.0,3095140.0,YPFD
2020-06-12,70.3,71.5,64.235,67.6,3305070.0,YPFD
2020-06-16,68.1,70.0,65.2,65.3,1732830.0,YPFD
2020-06-17,65.5,66.7,61.5,62.555,1297510.0,YPFD
2020-06-18,61.4,61.4,58.0,58.25,2977290.0,YPFD
2020-06-19,59.105,63.3,59.105,62.185,2524220.0,YPFD
2020-06-22,61.8,61.8,58.8,60.6,3254010.0,YPFD
2020-06-23,61.305,62.49,60.865,61.0,1954770.0,YPFD
2020-06-24,60.8,61.1,59.1,59.8,1096210.0,YPFD
2020-06-25,60.505,62.5,60.015,62.0,1016020.0,YPFD
2020-06-26,61.9,62.295,60.0,60.8,1045060.0,YPFD
2020-06-29,61.205,62.5,61.205,61.75,1239390.0,YPFD
2020-06-30,60.8,61.395,59.305,60.005,1582830.0,YPFD
2020-07-01,60.405,62.6,60.0,62.2,993110.0,YPFD
2020-07-02,63.12,64.8,60.5,63.1,1290270.0,YPFD
2020-07-03,63.5,64.0,62.7,62.7,321930.0,YPFD
2020-07-06,64.0,67.95,64.0,66.0,3267450.0,YPFD
2020-07-07,65.795,67.0,64.9,66.25,1328100.0,YPFD
2020-07-08,66.1,67.2,66.0,67.15,1053200.0,YPFD
2020-07-13,67.98,70.0,67.8,68.0,2504230.0,YPFD
2020-07-14,68.1,71.0,67.0,71.0,1909700.0,YPFD
2020-07-15,71.005,72.98,71.005,72.84,1624400.0,YPFD
2020-07-16,72.6,74.3,71.405,73.52,2314590.0,YPFD
2020-07-17,74.1,74.9,73.2,74.64,1326250.0,YPFD
2020-07-20,74.6,75.595,72.995,75.4,1378510.0,YPFD
2020-07-21,76.7,77.9,75.8,75.99,3718930.0,YPFD
2020-07-22,76.0,77.825,75.9,76.9,1456690.0,YPFD
2020-07-23,76.91,79.6,76.325,77.3,2386350.0,YPFD
2020-07-24,75.9,77.3,74.845,75.7,2021480.0,YPFD
2020-07-27,76.685,78.5,76.5,77.21,1203320.0,YPFD
2020-07-28,76.995,77.0,74.7,76.8,1540820.0,YPFD
2020-07-29,76.705,77.445,74.95,75.6,1330710.0,YPFD
2020-07-30,74.0,77.45,72.005,76.5,1664600.0,YPFD
2020-07-31,77.095,77.095,75.2,75.5,1247330.0,YPFD
2020-08-03,76.105,83.59,75.74,82.3,3252130.0,YPFD
2020-08-04,83.0,87.0,79.18,82.7,3485600.0,YPFD
2020-08-05,84.4,84.7,79.5,81.4,1487020.0,YPFD
2020-08-06,80.0,80.025,76.9,79.61,1424280.0,YPFD
2020-08-07,78.8,81.6,78.0,80.8,1300660.0,YPFD
2020-08-10,80.5,80.8,79.005,79.5,1430200.0,YPFD
2020-08-11,77.905,78.8,75.0,75.8,2006800.0,YPFD
2020-08-12,76.0,76.0,71.2,71.5,2758950.0,YPFD
2020-08-13,71.8,74.09,71.7,73.0,1764160.0,YPFD
2020-08-14,73.0,74.6,71.5,72.4,1793720.0,YPFD
2020-08-18,70.0,71.47,69.0,70.4,1720120.0,YPFD
2020-08-19,72.295,73.48,71.7,72.0,1184990.0,YPFD
2020-08-20,72.0,72.9,70.105,72.505,582560.0,YPFD
2020-08-21,72.095,72.835,71.0,71.6,1026060.0,YPFD
2020-08-24,71.605,72.0,71.4,71.7,613640.0,YPFD
2020-08-25,71.31,73.2,70.47,72.05,830370.0,YPFD
2020-08-26,72.0,72.945,69.6,69.8,789060.0,YPFD
2020-08-27,70.3,72.0,67.4,67.5,1393010.0,YPFD
2020-08-28,67.805,71.5,67.805,71.5,866430.0,YPFD
2020-08-31,70.005,72.45,70.005,71.75,743750.0,YPFD
2020-09-01,72.605,73.39,71.015,72.19,707710.0,YPFD
2020-09-02,71.2,71.2,68.5,69.15,753460.0,YPFD
2020-09-03,69.505,70.0,67.4,67.635,482640.0,YPFD
2020-09-04,67.995,67.995,64.6,66.95,989570.0,YPFD
2020-09-07,67.5,68.5,66.9,67.8,385300.0,YPFD
2020-09-08,66.2,66.45,65.055,66.4,600040.0,YPFD
2020-09-09,67.0,68.4,67.0,68.05,968690.0,YPFD
2020-09-10,68.3,69.1,66.51,67.15,1647080.0,YPFD
2020-09-11,67.15,68.495,66.5,66.5,1007110.0,YPFD
2020-09-14,66.1,66.8,64.615,65.075,787470.0,YPFD
2020-09-15,64.56,65.8,63.785,65.2,1021410.0,YPFD
2020-09-16,61.005,64.7,60.4,61.3,1551970.0,YPFD
2020-09-17,61.3,61.3,57.495,58.1,2433910.0,YPFD
2020-09-18,57.995,60.0,57.0,59.3,2605160.0,YPFD
2020-09-21,58.0,58.755,57.0,57.25,1699110.0,YPFD
2020-09-22,57.265,57.505,54.625,56.0,0.0,YPFD
2020-09-23,56.095,56.4,54.5,55.185,1175010.0,YPFD
2020-09-24,54.5,56.48,53.5,55.2,1939770.0,YPFD
2020-09-25,54.795,54.795,53.8,54.0,1120020.0,YPFD
2020-09-28,54.6,55.5,53.32,54.55,921740.0,YPFD
2020-09-29,54.125,54.795,52.5,54.1,1295930.0,YPFD
2020-09-30,55.0,55.9,50.9,51.67,2232950.0,YPFD
2020-10-01,52.0,55.42,51.95,54.96,1504390.0,YPFD
2020-10-02,54.59,57.0,53.015,56.8,971960.0,YPFD
2020-10-05,56.0,58.1,55.3,58.08,1357180.0,YPFD
2020-10-06,58.555,59.445,55.5,56.2,2300020.0,YPFD
2020-10-07,56.1,57.3,54.1,56.6,2044790.0,YPFD
2020-10-08,56.765,58.7,56.0,58.6,839700.0,YPFD
2020-10-09,58.805,61.2,58.7,60.9,1508470.0,YPFD
2020-10-13,59.7,60.6,58.5,59.5,1229680.0,YPFD
2020-10-14,60.12,61.41,60.12,61.2,1292740.0,YPFD
2020-10-15,60.69,61.9,59.8,61.77,1284360.0,YPFD
2020-10-16,61.7,62.2,60.25,60.7,1765650.0,YPFD
2020-10-19,61.905,62.5,58.27,59.9,1644590.0,YPFD
2020-10-20,58.65,61.0,58.65,60.0,3090340.0,YPFD
2020-10-21,59.945,60.4,58.3,58.65,1661430.0,YPFD
2020-10-22,58.7,62.79,58.655,61.9,1291190.0,YPFD
2020-10-23,62.305,64.2,60.1,64.19,1484540.0,YPFD
2020-10-26,63.9,63.9,59.0,59.4,1338730.0,YPFD
2020-10-27,59.5,60.5,56.0,56.095,1123240.0,YPFD
2020-10-28,53.0,53.5,51.0,51.09,2723220.0,YPFD
2020-10-29,50.995,51.7,49.36,51.65,2239990.0,YPFD
2020-10-30,51.58,51.65,49.7,50.5,1457850.0,YPFD
2020-11-02,51.995,52.45,49.5,52.0,1262000.0,YPFD
2020-11-03,53.0,55.495,52.61,54.35,1270310.0,YPFD
2020-11-04,54.22,56.5,53.0,53.8,884080.0,YPFD
2020-11-05,53.6,57.2,53.6,57.1,1334970.0,YPFD
2020-11-06,57.2,57.985,54.2,55.7,713070.0,YPFD
2020-11-09,58.0,61.0,58.0,61.0,1672330.0,YPFD
2020-11-10,60.5,71.4,59.005,70.25,6507360.0,YPFD
2020-11-11,70.0,73.155,66.5,67.2,3124740.0,YPFD
2020-11-12,66.6,68.5,64.5,64.695,1241610.0,YPFD
2020-11-13,64.495,67.5,64.445,67.4,1295140.0,YPFD
2020-11-16,69.26,71.0,69.26,70.25,1296680.0,YPFD
2020-11-17,69.9,73.025,67.5,72.0,2576420.0,YPFD
2020-11-18,71.9,73.175,71.9,72.6,1427340.0,YPFD
2020-11-19,72.0,73.495,70.505,71.29,999190.0,YPFD
2020-11-20,70.895,73.1,70.895,72.0,892910.0,YPFD
2020-11-24,74.5,82.0,74.5,82.0,4762320.0,YPFD
2020-11-25,78.505,81.5,77.0,77.49,2576630.0,YPFD
2020-11-26,76.055,79.0,76.0,78.0,446620.0,YPFD
2020-11-27,76.905,82.3,76.905,80.8,1566190.0,YPFD
2020-11-30,81.005,81.2,75.005,76.645,2272130.0,YPFD
2020-12-01,78.0,79.79,76.6,78.5,1766360.0,YPFD
2020-12-02,76.51,80.195,76.51,78.495,955970.0,YPFD
2020-12-03,77.995,78.8,75.5,75.5,1143150.0,YPFD
2020-12-04,76.6,80.2,76.6,78.1,1243740.0,YPFD
2020-12-09,77.695,77.695,72.9,74.195,2115780.0,YPFD
2020-12-10,74.0,78.4,73.5,77.65,3164510.0,YPFD
2020-12-11,77.2,77.845,76.23,77.5,738150.0,YPFD
2020-12-14,77.615,78.9,76.715,77.3,1041230.0,YPFD
2020-12-15,77.9,78.5,76.515,77.4,784860.0,YPFD
2020-12-16,77.1,79.795,77.005,77.995,1418250.0,YPFD
2020-12-17,77.88,79.8,76.925,77.29,1078950.0,YPFD
2020-12-18,77.495,78.0,74.0,74.0,1097040.0,YPFD
2020-12-21,75.7,75.7,70.0,71.8,1182560.0,YPFD
2020-12-22,72.2,74.0,70.3,70.6,1603260.0,YPFD
2020-12-23,70.55,74.175,70.005,73.7,974050.0,YPFD
2020-12-28,74.295,74.295,70.45,70.45,1486840.0,YPFD
2020-12-29,71.5,72.15,70.1,70.4,993240.0,YPFD
2020-12-30,71.0,71.995,69.0,69.8,1307580.0,YPFD
2021-01-04,69.0,69.75,66.2,67.8,1278100.0,YPFD
2021-01-05,67.2,69.35,67.105,68.985,1020120.0,YPFD
2021-01-06,70.0,70.5,69.0,69.0,939410.0,YPFD
2021-01-07,69.0,72.5,69.0,72.35,955190.0,YPFD
2021-01-08,72.295,74.0,68.81,69.1,1504110.0,YPFD
2021-01-11,68.8,68.9,66.5,66.8,637310.0,YPFD
2021-01-12,67.0,68.1,63.11,64.08,1477470.0,YPFD
2021-01-13,64.0,65.2,61.3,63.2,3334360.0,YPFD
2021-01-14,62.9,64.6,60.1,63.5,3489030.0,YPFD
2021-01-15,63.8,63.8,61.2,61.6,1514810.0,YPFD
2021-01-18,60.55,62.7,60.1,62.0,500410.0,YPFD
2021-01-19,62.995,63.5,60.415,60.85,1722170.0,YPFD
2021-01-20,59.6,59.6,56.3,57.1,4655470.0,YPFD
2021-01-21,56.9,57.8,51.6,51.94,6976180.0,YPFD
2021-01-22,52.1,57.3,52.1,56.1,7326220.0,YPFD
2021-01-25,55.99,57.5,52.51,53.295,3882820.0,YPFD
2021-01-26,54.905,58.85,54.905,58.73,5448320.0,YPFD
2021-01-27,58.4,64.5,56.88,62.6,6027970.0,YPFD
2021-01-28,62.7,64.995,59.0,61.1,4484980.0,YPFD
2021-01-29,60.99,62.79,58.4,58.9,2906000.0,YPFD
2021-02-01,59.5,63.8,58.125,62.615,4890110.0,YPFD
2021-02-02,63.15,64.995,60.71,62.0,4567600.0,YPFD
2021-02-03,61.83,65.45,61.8,64.75,3318560.0,YPFD
2021-02-04,65.005,66.4,63.8,65.4,2386670.0,YPFD
2021-02-05,65.0,66.5,63.8,64.2,2529700.0,YPFD
2021-02-08,67.35,69.3,67.35,68.8,3440100.0,YPFD
2021-02-09,69.51,70.6,67.8,70.05,2756240.0,YPFD
2021-02-10,70.105,71.0,68.02,68.9,2416320.0,YPFD
2021-02-11,69.05,71.1,67.31,67.31,2139360.0,YPFD
2021-02-12,68.25,69.795,67.7,68.495,1564170.0,YPFD
2021-02-17,69.505,71.1,68.6,70.6,2226780.0,YPFD
2021-02-18,70.87,71.1,67.1,67.36,3918260.0,YPFD
2021-02-19,67.4,67.4,63.5,64.2,3766440.0,YPFD
2021-02-22,63.99,63.99,61.25,61.25,2856370.0,YPFD
2021-02-23,59.99,61.0,57.2,59.3,1739410.0,YPFD
2021-02-24,60.0,63.7,60.0,63.6,1977010.0,YPFD
2021-02-25,65.0,66.5,62.725,64.6,2252700.0,YPFD
2021-02-26,64.5,66.0,63.045,64.3,1094530.0,YPFD
2021-03-01,64.6,65.995,63.6,64.5,1103410.0,YPFD
2021-03-02,64.1,64.1,60.4,60.805,2091820.0,YPFD
2021-03-03,61.49,62.0,59.755,61.45,1771430.0,YPFD
2021-03-04,61.5,69.5,59.705,64.305,4572030.0,YPFD
2021-03-05,64.655,67.5,63.005,63.85,1395270.0,YPFD
2021-03-08,64.14,65.0,59.95,60.95,1591360.0,YPFD
2021-03-09,61.01,61.995,59.5,60.975,968950.0,YPFD
2021-03-10,61.05,64.98,61.05,64.6,2288800.0,YPFD
2021-03-11,63.605,65.895,63.0,65.29,1266020.0,YPFD
2021-03-12,65.95,66.995,64.6,65.645,1482260.0,YPFD
2021-03-15,65.605,68.0,65.185,67.34,2261300.0,YPFD
2021-03-16,67.505,68.1,64.93,65.19,1104560.0,YPFD
2021-03-17,65.58,68.095,65.58,67.575,1914580.0,YPFD
2021-03-18,67.2,68.395,64.205,65.095,1145270.0,YPFD
2021-03-19,65.0,66.445,63.585,65.61,701800.0,YPFD
2021-03-22,65.5,65.875,64.2,64.77,877480.0,YPFD
2021-03-23,64.77,65.0,61.5,61.83,984670.0,YPFD
2021-03-25,60.495,60.695,58.1,60.105,2374390.0,YPFD
2021-03-26,61.31,62.095,58.7,59.61,1260150.0,YPFD
2021-03-29,60.0,60.5,58.9,59.135,596710.0,YPFD
2021-03-30,59.49,60.4,59.135,59.74,640540.0,YPFD
2021-03-31,60.005,60.895,59.26,59.81,1811850.0,YPFD
2021-04-05,60.0,60.79,59.5,60.62,737600.0,YPFD
2021-04-06,61.175,65.0,61.175,64.66,2476140.0,YPFD
2021-04-07,64.75,64.75,63.5,63.995,944350.0,YPFD
2021-04-08,63.0,64.345,62.21,62.55,661020.0,YPFD
2021-04-09,62.25,62.25,60.0,60.425,1472690.0,YPFD
2021-04-12,60.295,60.9,58.915,59.315,1537300.0,YPFD
2021-04-13,59.2,60.3,58.6,58.84,1129980.0,YPFD
2021-04-14,59.795,61.425,58.605,58.82,1275440.0,YPFD
2021-04-15,58.595,59.77,58.4,58.6,528190.0,YPFD
2021-04-16,58.3,59.395,57.0,59.13,1513680.0,YPFD
2021-04-19,59.4,60.425,58.8,59.03,1205900.0,YPFD
2021-04-20,58.85,58.85,56.9,57.35,1656130.0,YPFD
2021-04-21,57.095,58.525,56.15,58.44,952800.0,YPFD
2021-04-22,58.49,58.49,57.205,57.355,1197820.0,YPFD
2021-04-23,57.5,57.8,56.5,57.17,885230.0,YPFD
2021-04-26,58.505,59.195,57.6,57.95,1323360.0,YPFD
2021-04-27,58.155,59.5,58.155,59.42,1454050.0,YPFD
2021-04-28,60.335,61.85,60.335,61.63,2148950.0,YPFD
2021-04-29,61.6,62.3,60.505,62.02,1741710.0,YPFD
2021-04-30,61.8,61.8,58.8,59.01,1184930.0,YPFD
2021-05-03,59.5,60.035,58.4,58.775,1178490.0,YPFD
2021-05-04,58.0,58.39,57.55,58.175,1374650.0,YPFD
2021-05-05,58.005,60.4,58.005,60.3,1127230.0,YPFD
2021-05-06,59.895,59.995,58.305,59.52,1039250.0,YPFD
2021-05-07,60.605,62.4,60.055,61.92,2012160.0,YPFD
2021-05-10,63.93,64.495,62.5,63.305,1890080.0,YPFD
2021-05-11,62.1,62.66,61.0,61.135,1452890.0,YPFD
2021-05-12,63.0,66.595,62.5,64.435,5466990.0,YPFD
2021-05-13,67.105,68.125,65.015,66.7,2984070.0,YPFD
2021-05-14,69.1,71.59,68.41,70.28,3944530.0,YPFD
2021-05-17,70.0,75.1,69.0,74.145,2943050.0,YPFD
2021-05-18,73.9,76.3,73.5,75.25,2423230.0,YPFD
2021-05-19,73.3,74.995,72.0,73.59,1162960.0,YPFD
2021-05-20,74.6,75.43,73.15,74.41,1306920.0,YPFD
2021-05-21,74.295,75.35,72.86,73.005,1890960.0,YPFD
2021-05-26,73.405,74.595,73.16,74.02,492080.0,YPFD
2021-05-27,74.005,75.395,74.0,74.655,786140.0,YPFD
2021-05-28,76.3,77.0,75.69,76.26,2024120.0,YPFD
2021-05-31,76.305,76.8,74.51,74.995,509370.0,YPFD
2021-06-01,78.005,80.3,78.005,80.03,2682840.0,YPFD
2021-06-02,82.01,82.99,80.705,81.65,1770440.0,YPFD
2021-06-03,81.395,85.5,81.0,85.095,2062340.0,YPFD
2021-06-04,85.2,89.045,84.415,88.825,3096400.0,YPFD
2021-06-07,90.335,95.3,90.005,95.005,4469330.0,YPFD
2021-06-08,92.2,93.0,90.2,90.91,2084150.0,YPFD
2021-06-09,90.5,92.45,89.6,91.01,1754720.0,YPFD
2021-06-10,94.005,95.195,92.2,93.215,1927540.0,YPFD
2021-06-11,92.0,92.735,86.7,87.895,1783510.0,YPFD
2021-06-14,89.965,92.2,88.8,89.115,967310.0,YPFD
2021-06-15,89.115,90.495,86.7,89.485,998660.0,YPFD
2021-06-16,88.995,90.445,88.0,89.985,1254920.0,YPFD
2021-06-17,89.79,89.795,84.605,86.135,1382090.0,YPFD
2021-06-18,83.295,85.4,82.12,84.795,1265460.0,YPFD
2021-06-22,83.215,89.7,82.205,87.43,1237360.0,YPFD
2021-06-23,89.4,90.435,85.4,85.765,1073410.0,YPFD
2021-06-24,85.995,88.5,85.1,87.14,574390.0,YPFD
2021-06-25,78.5,83.5,78.1,83.165,6993390.0,YPFD
2021-06-28,81.1,81.1,79.4,80.7,2425190.0,YPFD
2021-06-29,79.995,79.995,78.2,78.315,1995240.0,YPFD
2021-06-30,78.125,80.495,78.125,79.03,1660280.0,YPFD
2021-07-01,79.895,81.15,79.605,80.0,661130.0,YPFD
2021-07-02,79.25,79.9,78.11,79.405,960170.0,YPFD
2021-07-05,80.9,80.9,79.7,79.735,419230.0,YPFD
2021-07-06,80.005,81.3,76.35,76.79,2044490.0,YPFD
2021-07-07,76.375,77.0,74.705,76.79,1574500.0,YPFD
2021-07-08,75.84,75.995,74.3,74.48,937900.0,YPFD
2021-07-12,76.0,80.0,75.5,78.88,2012090.0,YPFD
2021-07-13,78.795,80.0,78.3,79.36,908200.0,YPFD
2021-07-14,80.0,80.5,77.9,77.95,726040.0,YPFD
2021-07-15,78.0,78.815,76.4,76.445,423420.0,YPFD
2021-07-16,75.845,76.0,73.805,74.4,969290.0,YPFD
2021-07-19,72.8,74.2,71.5,73.67,1310470.0,YPFD
2021-07-20,73.595,75.9,72.8,74.735,1380060.0,YPFD
2021-07-21,76.705,79.0,76.705,78.555,1237000.0,YPFD
2021-07-22,77.695,78.495,76.8,78.36,931120.0,YPFD
2021-07-23,77.905,78.025,76.3,76.545,828940.0,YPFD
2021-07-26,77.76,79.0,77.71,78.24,519930.0,YPFD
2021-07-27,78.195,78.195,76.0,77.17,310900.0,YPFD
2021-07-28,77.8,78.01,76.505,77.59,485200.0,YPFD
2021-07-29,78.5,80.4,78.0,80.245,842670.0,YPFD
2021-07-30,80.6,81.0,78.61,78.875,720160.0,YPFD
2021-08-02,78.795,79.6,77.5,77.845,860090.0,YPFD
2021-08-03,77.295,78.5,75.55,77.755,986120.0,YPFD
2021-08-04,77.595,78.35,75.505,75.69,1008910.0,YPFD
2021-08-05,78.145,79.6,77.9,78.96,1364400.0,YPFD
2021-08-06,78.9,79.7,78.4,78.675,535680.0,YPFD
2021-08-09,78.5,80.725,78.2,80.265,1334520.0,YPFD
2021-08-10,81.105,84.5,81.105,84.425,1847590.0,YPFD
2021-08-11,86.0,90.0,85.5,89.4,2833330.0,YPFD
2021-08-12,89.5,89.9,86.505,87.31,3025390.0,YPFD
2021-08-13,85.005,86.6,84.505,86.285,1441450.0,YPFD
2021-08-17,85.105,86.5,82.305,83.875,1492130.0,YPFD
2021-08-18,82.205,83.495,80.9,80.995,1764030.0,YPFD
2021-08-19,79.395,79.42,76.9,78.495,2019530.0,YPFD
2021-08-20,78.5,80.81,78.5,80.235,1682350.0,YPFD
2021-08-23,81.505,82.695,80.605,82.28,915970.0,YPFD
2021-08-24,85.6,86.3,84.5,86.155,1982540.0,YPFD
2021-08-25,86.5,87.6,86.0,87.125,2084290.0,YPFD
2021-08-26,87.5,87.8,85.8,86.12,1703530.0,YPFD
2021-08-27,87.56,90.04,87.56,89.575,2262910.0,YPFD
2021-08-30,89.595,91.7,89.0,90.765,2311200.0,YPFD
2021-08-31,90.795,92.0,89.6,91.75,2210830.0,YPFD
2021-09-01,90.005,92.1,88.4,88.585,2564520.0,YPFD
2021-09-02,89.2,90.5,88.0,89.135,1187420.0,YPFD
2021-09-03,87.005,88.9,86.5,87.245,940570.0,YPFD
2021-09-06,87.2,87.8,85.9,87.22,376500.0,YPFD
2021-09-07,88.055,94.7,88.055,93.865,3204020.0,YPFD
2021-09-08,93.01,93.865,90.0,91.77,1557160.0,YPFD
2021-09-09,94.0,95.795,91.73,94.115,2416110.0,YPFD
2021-09-10,94.1,94.195,91.53,92.76,1618470.0,YPFD
2021-09-13,100.1,103.8,95.255,97.105,4948320.0,YPFD
2021-09-14,96.795,97.05,93.0,94.7,1453510.0,YPFD
2021-09-15,96.19,98.0,93.04,95.23,1477020.0,YPFD
2021-09-16,92.795,97.1,91.5,96.105,1330800.0,YPFD
2021-09-17,94.705,95.085,92.11,93.215,1824770.0,YPFD
2021-09-20,89.395,89.395,86.6,88.12,1620080.0,YPFD
2021-09-21,87.995,89.0,85.2,87.325,1368140.0,YPFD
2021-09-22,89.105,90.0,86.6,86.995,1363240.0,YPFD
2021-09-23,87.605,88.855,86.0,86.505,1026150.0,YPFD
2021-09-24,86.51,88.0,85.205,86.41,703910.0,YPFD
2021-09-27,87.61,90.2,87.61,89.805,1321130.0,YPFD
2021-09-28,90.1,91.5,88.31,90.62,783000.0,YPFD
2021-09-29,91.0,91.2,89.0,89.445,1171750.0,YPFD
2021-09-30,89.4,92.7,89.4,91.36,1456650.0,YPFD
2021-10-01,92.495,92.495,90.0,91.265,832340.0,YPFD
2021-10-04,92.5,93.03,91.115,92.205,1085320.0,YPFD
2021-10-05,92.605,95.395,92.605,94.745,1770700.0,YPFD
2021-10-06,93.7,93.7,91.205,92.875,701720.0,YPFD
2021-10-07,93.015,95.5,93.0,93.645,881320.0,YPFD
2021-10-12,93.295,93.4,89.51,89.845,2541770.0,YPFD
2021-10-13,87.755,89.545,86.5,89.51,2937580.0,YPFD
2021-10-14,89.905,90.365,88.35,89.045,1626030.0,YPFD
2021-10-15,90.11,91.175,89.005,90.38,1754170.0,YPFD
2021-10-18,90.405,90.995,89.0,89.47,2686950.0,YPFD
2021-10-19,89.385,90.79,88.0,90.34,2597550.0,YPFD
2021-10-20,90.4,94.5,89.705,94.03,4802070.0,YPFD
2021-10-21,93.7,94.695,91.605,92.135,4280960.0,YPFD
2021-10-22,91.51,92.2,89.8,90.51,3233260.0,YPFD
2021-10-25,91.6,94.5,91.6,94.26,3007740.0,YPFD
2021-10-26,94.2,95.45,93.6,94.45,1989230.0,YPFD
2021-10-27,94.395,94.58,91.525,92.245,1881860.0,YPFD
2021-10-28,91.07,92.1,89.5,90.61,2523370.0,YPFD
2021-10-29,90.41,90.5,88.01,88.215,2942500.0,YPFD
2021-11-01,89.5,94.2,89.3,93.605,1542230.0,YPFD
2021-11-02,91.5,92.88,90.1,91.76,2290890.0,YPFD
2021-11-03,91.0,93.45,90.3,93.255,3211450.0,YPFD
2021-11-04,93.4,93.4,90.01,90.725,2797240.0,YPFD
2021-11-05,91.0,92.1,89.85,91.9,2039040.0,YPFD
2021-11-08,92.0,95.0,92.0,94.995,2043690.0,YPFD
2021-11-09,94.55,96.5,93.6,96.275,2793770.0,YPFD
2021-11-10,97.1,99.08,95.0,95.285,4502930.0,YPFD
2021-11-11,96.0,96.8,92.0,93.465,4538270.0,YPFD
2021-11-12,93.5,95.1,90.6,94.8,4885570.0,YPFD
2021-11-15,95.9,96.0,90.6,90.975,3168800.0,YPFD
2021-11-16,91.0,91.8,86.7,87.125,2891340.0,YPFD
2021-11-17,87.25,88.8,83.72,84.935,3776750.0,YPFD
2021-11-18,85.5,89.5,83.505,88.75,2668780.0,YPFD
2021-11-19,88.9,89.2,83.805,84.225,2722010.0,YPFD
2021-11-23,83.5,84.25,81.25,82.82,2781560.0,YPFD
2021-11-24,83.0,84.195,80.9,81.07,3874270.0,YPFD
2021-11-25,80.9,82.75,80.5,82.31,585280.0,YPFD
2021-11-26,80.0,80.295,74.2,75.87,8650420.0,YPFD
2021-11-29,77.995,78.645,73.0,73.755,3954380.0,YPFD
2021-11-30,73.495,76.65,72.1,76.025,2947460.0,YPFD
2021-12-01,79.005,86.2,79.005,82.475,8540620.0,YPFD
2021-12-02,84.5,88.8,83.0,88.485,7982390.0,YPFD
2021-12-03,89.405,90.495,83.5,86.2,4338470.0,YPFD
2021-12-06,89.0,90.5,86.655,90.11,3300790.0,YPFD
2021-12-07,91.0,92.49,90.4,91.815,3781510.0,YPFD
2021-12-09,91.885,92.0,86.8,87.12,3991570.0,YPFD
2021-12-10,87.99,87.99,84.8,84.975,1833400.0,YPFD
2021-12-13,83.0,84.9,79.9,80.475,3159740.0,YPFD
2021-12-14,80.5,82.1,79.005,80.095,2280930.0,YPFD
2021-12-15,79.995,80.47,77.06,77.595,4629660.0,YPFD
2021-12-16,78.5,82.0,78.1,80.395,2061850.0,YPFD
2021-12-17,80.9,81.1,79.155,80.235,1425640.0,YPFD
2021-12-20,79.395,79.395,76.535,78.82,2652100.0,YPFD
2021-12-21,79.995,82.4,79.205,81.84,1950700.0,YPFD
2021-12-22,82.495,82.495,80.805,81.52,1140800.0,YPFD
2021-12-23,81.505,82.995,80.82,81.725,935890.0,YPFD
2021-12-27,81.7,82.85,80.41,81.91,1145480.0,YPFD
2021-12-28,83.495,83.495,79.725,80.16,1914680.0,YPFD
2021-12-29,81.995,81.995,79.235,80.62,802750.0,YPFD
2021-12-30,80.795,81.6,77.405,77.845,4242610.0,YPFD
2022-01-03,78.995,83.38,78.2,83.08,3450910.0,YPFD
2022-01-04,83.08,85.5,82.215,84.39,2139320.0,YPFD
2022-01-05,84.4,86.995,82.605,82.84,4151240.0,YPFD
2022-01-06,82.105,84.395,82.005,82.9,552780.0,YPFD
2022-01-07,83.0,83.695,82.0,83.44,648250.0,YPFD
2022-01-10,83.16,83.995,81.605,82.16,1054160.0,YPFD
2022-01-11,82.17,85.2,82.17,84.915,1922450.0,YPFD
2022-01-12,85.25,86.3,84.935,85.33,1261860.0,YPFD
2022-01-13,85.55,90.6,85.55,87.935,6011910.0,YPFD
2022-01-14,87.1,89.92,86.905,89.74,1184730.0,YPFD
2022-01-17,89.0,90.7,88.1,88.61,275140.0,YPFD
2022-01-18,89.005,91.3,86.7,88.03,2102970.0,YPFD
2022-01-19,87.995,89.0,86.405,86.63,748680.0,YPFD
2022-01-20,86.7,88.5,84.505,87.735,1821420.0,YPFD
2022-01-21,87.1,87.1,84.56,85.165,2910720.0,YPFD
2022-01-24,84.4,84.49,80.41,82.62,2927260.0,YPFD
2022-01-25,83.09,89.1,82.3,88.96,2383550.0,YPFD
2022-01-26,88.9,91.8,88.6,90.11,2985570.0,YPFD
2022-01-27,90.695,92.31,89.805,91.0,2040200.0,YPFD
2022-01-28,94.0,96.0,92.0,94.585,3757060.0,YPFD
2022-01-31,94.585,97.295,92.8,96.175,2612150.0,YPFD
2022-02-01,94.87,99.5,92.8,97.1,2906080.0,YPFD
2022-02-02,97.5,99.5,93.2,94.705,1998790.0,YPFD
2022-02-03,94.29,94.29,90.0,90.51,1382210.0,YPFD
2022-02-04,91.005,92.1,89.3,89.795,1360040.0,YPFD
2022-02-07,89.805,91.5,88.615,90.235,791050.0,YPFD
2022-02-08,90.71,90.715,88.0,88.125,893290.0,YPFD
2022-02-09,89.0,89.7,88.105,88.52,517570.0,YPFD
2022-02-10,88.1,90.1,87.005,88.05,690240.0,YPFD
2022-02-11,88.5,91.745,88.35,89.23,1381140.0,YPFD
2022-02-14,90.5,91.0,88.205,88.92,857090.0,YPFD
2022-02-15,88.86,89.69,85.705,88.12,2190770.0,YPFD
2022-02-16,88.9,93.505,88.2,93.445,2853600.0,YPFD
2022-02-17,93.2,94.0,91.51,92.075,2107410.0,YPFD
2022-02-18,92.1,93.2,89.205,89.96,1522420.0,YPFD
2022-02-21,90.0,92.485,90.0,92.035,772700.0,YPFD
2022-02-22,92.1,95.0,90.5,91.15,2339630.0,YPFD
2022-02-23,92.0,93.39,89.9,92.11,3057480.0,YPFD
2022-02-24,91.795,91.795,87.25,88.735,2333050.0,YPFD
2022-02-25,89.6,90.5,87.31,87.9,1959780.0,YPFD
2022-03-02,88.0,97.0,88.0,95.745,3455430.0,YPFD
2022-03-03,95.735,96.8,91.11,93.23,4294750.0,YPFD
2022-03-04,93.5,94.4,87.31,88.13,2379840.0,YPFD
2022-03-07,90.4,91.5,85.1,85.24,2108580.0,YPFD
2022-03-08,86.995,90.595,83.51,88.77,2942530.0,YPFD
2022-03-09,88.5,92.5,87.505,89.975,2189620.0,YPFD
2022-03-10,90.0,95.3,88.005,93.51,2322690.0,YPFD
2022-03-11,93.7,95.0,89.6,91.08,1165710.0,YPFD
2022-03-14,87.8,88.3,85.03,85.56,3419090.0,YPFD
2022-03-15,82.995,84.785,82.0,83.365,2758220.0,YPFD
2022-03-16,85.0,86.05,83.02,85.0,2599830.0,YPFD
2022-03-17,84.5,87.995,84.5,87.885,2548900.0,YPFD
2022-03-18,87.895,88.5,84.7,84.98,2021600.0,YPFD
2022-03-21,88.3,89.5,87.0,88.99,3241570.0,YPFD
2022-03-22,89.0,90.5,89.0,89.985,2373710.0,YPFD
2022-03-23,91.0,94.0,91.0,92.47,3053990.0,YPFD
2022-03-25,94.605,96.0,93.325,94.755,1923280.0,YPFD
2022-03-28,93.0,95.6,91.3,93.17,1012980.0,YPFD
2022-03-29,93.3,93.6,91.2,91.585,1060080.0,YPFD
2022-03-30,93.0,95.5,93.0,93.755,2087200.0,YPFD
2022-03-31,94.8,94.8,92.1,92.275,1403450.0,YPFD
2022-04-01,92.41,94.9,92.0,94.87,1176560.0,YPFD
2022-04-04,96.605,100.395,96.605,100.18,5904920.0,YPFD
2022-04-05,101.2,103.5,97.3,97.65,2655780.0,YPFD
2022-04-06,96.605,98.0,95.0,95.315,1615780.0,YPFD
2022-04-07,95.4,97.665,94.6,97.465,1180200.0,YPFD
2022-04-08,97.4,99.19,97.205,98.32,1245620.0,YPFD
2022-04-11,97.0,98.32,95.505,95.79,687600.0,YPFD
2022-04-12,97.105,98.65,95.7,96.735,1390360.0,YPFD
2022-04-13,96.735,97.5,95.7,97.315,928120.0,YPFD
2022-04-18,98.1,101.485,97.9,98.12,1861750.0,YPFD
2022-04-19,98.1,100.0,96.1,97.79,1155410.0,YPFD
2022-04-20,97.6,98.4,95.8,98.26,893950.0,YPFD
2022-04-21,98.0,98.8,95.7,96.775,1220640.0,YPFD
2022-04-22,97.36,98.195,95.6,96.255,1444160.0,YPFD
2022-04-25,93.9,95.0,89.9,94.035,4516430.0,YPFD
2022-04-26,93.0,93.0,89.8,89.95,2888110.0,YPFD
2022-04-27,90.95,90.95,88.4,89.35,2316600.0,YPFD
2022-04-28,89.4,91.79,88.7,90.885,740640.0,YPFD
2022-04-29,91.0,92.1,88.0,88.135,1226080.0,YPFD
2022-05-02,87.9,88.31,86.02,87.8,1084350.0,YPFD
2022-05-03,88.3,90.3,88.0,89.365,1344430.0,YPFD
2022-05-04,90.0,91.0,88.4,90.395,1288500.0,YPFD
2022-05-05,90.095,90.095,85.45,86.245,1724610.0,YPFD
2022-05-06,86.2,87.995,83.5,87.035,637970.0,YPFD
2022-05-09,84.0,85.465,81.2,81.43,2432160.0,YPFD
2022-05-10,82.2,83.58,80.1,82.825,1892600.0,YPFD
2022-05-11,84.5,86.8,84.5,85.465,1319310.0,YPFD
2022-05-12,83.0,86.5,81.505,85.085,2996570.0,YPFD
2022-05-13,86.5,91.0,86.5,90.68,2388830.0,YPFD
2022-05-16,92.9,93.8,90.56,92.895,2630980.0,YPFD
2022-05-17,93.45,95.4,92.9,93.65,1577410.0,YPFD
2022-05-19,90.585,92.6,90.1,91.265,966210.0,YPFD
2022-05-20,91.5,92.4,89.0,90.89,911510.0,YPFD
2022-05-23,91.0,95.005,88.5,93.995,1455810.0,YPFD
2022-05-24,94.1,94.495,91.65,93.21,1092660.0,YPFD
2022-05-26,94.9,96.89,94.9,96.195,2082980.0,YPFD
2022-05-27,96.5,97.99,95.195,97.755,1467960.0,YPFD
2022-05-30,96.0,99.4,96.0,97.25,347400.0,YPFD
2022-05-31,97.3,97.99,94.3,94.585,798780.0,YPFD
2022-06-01,94.6,95.1,91.0,91.89,1658710.0,YPFD
2022-06-02,91.5,91.7,89.9,90.26,1721300.0,YPFD
2022-06-03,91.6,93.35,90.98,92.125,2337900.0,YPFD
2022-06-06,93.55,94.495,90.6,90.795,2102570.0,YPFD
2022-06-07,91.5,91.8,90.01,91.25,767080.0,YPFD
2022-06-08,92.0,93.05,90.4,91.29,1563740.0,YPFD
2022-06-09,90.8,91.2,88.805,90.465,1343060.0,YPFD
2022-06-10,90.0,91.795,88.405,91.57,995690.0,YPFD
2022-06-13,89.8,92.3,87.4,92.09,2483120.0,YPFD
2022-06-14,91.7,93.3,89.005,89.95,876750.0,YPFD
2022-06-15,90.5,92.0,87.5,89.44,1701230.0,YPFD
2022-06-16,87.6,88.035,86.3,87.055,2072800.0,YPFD
2022-06-21,85.995,86.495,83.505,86.075,2197750.0,YPFD
2022-06-22,84.05,84.985,82.0,84.205,1824950.0,YPFD
2022-06-23,82.355,82.65,75.9,78.24,8965890.0,YPFD
2022-06-24,77.81,79.6,76.6,78.405,5279770.0,YPFD
2022-06-27,78.62,84.3,78.2,83.65,2784980.0,YPFD
2022-06-28,84.9,88.495,84.705,87.105,4014660.0,YPFD
2022-06-29,86.25,86.645,83.2,85.02,1470170.0,YPFD
2022-06-30,82.45,85.295,82.005,83.66,1101020.0,YPFD
2022-07-01,84.1,84.8,81.7,84.6,1007260.0,YPFD
2022-07-04,82.05,84.895,81.0,83.295,1270520.0,YPFD
2022-07-05,82.5,87.0,82.005,86.715,1823300.0,YPFD
2022-07-06,85.9,87.995,83.0,87.7,4565000.0,YPFD
2022-07-07,89.0,94.7,89.0,92.65,3830160.0,YPFD
2022-07-08,92.5,95.5,91.675,94.57,2511570.0,YPFD
2022-07-11,94.5,94.565,90.505,92.805,1706020.0,YPFD
2022-07-12,90.7,91.1,88.5,89.145,2615620.0,YPFD
2022-07-13,89.19,90.5,88.2,89.635,1287690.0,YPFD
2022-07-14,86.2,89.055,85.005,88.51,1640180.0,YPFD
2022-07-15,87.955,90.8,87.1,90.6,1662480.0,YPFD
2022-07-18,91.65,93.79,91.65,92.99,1367840.0,YPFD
2022-07-19,92.5,95.0,92.1,94.495,877340.0,YPFD
2022-07-20,94.595,95.0,93.305,94.115,1498030.0,YPFD
2022-07-21,93.44,99.9,91.7,99.665,4589860.0,YPFD
2022-07-22,99.2,99.2,95.0,96.995,2812500.0,YPFD
2022-07-25,99.5,105.5,97.0,104.835,2954300.0,YPFD
2022-07-26,105.5,108.9,105.0,107.905,2393420.0,YPFD
2022-07-27,107.9,113.0,106.0,112.745,3104130.0,YPFD
2022-07-28,114.0,116.785,107.0,111.045,3920190.0,YPFD
2022-07-29,112.03,116.9,107.41,109.265,3294790.0,YPFD
2022-08-01,107.9,109.135,101.4,104.52,2923690.0,YPFD
2022-08-02,108.0,110.0,102.5,107.415,1429700.0,YPFD
2022-08-03,107.525,110.1,105.955,109.445,1129270.0,YPFD
2022-08-04,109.365,110.595,106.9,108.655,1346340.0,YPFD
2022-08-05,108.05,111.3,108.05,108.89,2292950.0,YPFD
2022-08-08,110.0,116.385,110.0,115.105,2629140.0,YPFD
2022-08-09,114.435,116.8,112.6,114.17,976560.0,YPFD
2022-08-10,114.0,115.0,112.0,114.38,2033470.0,YPFD
2022-08-11,120.08,125.5,117.505,118.335,2386720.0,YPFD
2022-08-12,120.5,126.0,120.5,125.305,3549710.0,YPFD
2022-08-16,130.735,135.0,127.635,129.4,3584240.0,YPFD
2022-08-17,130.4,133.3,129.405,132.78,3085530.0,YPFD
2022-08-18,139.0,142.0,136.0,141.78,4758670.0,YPFD
2022-08-19,139.4,141.2,137.0,140.155,2315140.0,YPFD
2022-08-22,139.75,144.795,136.535,142.83,1488460.0,YPFD
2022-08-23,150.1,154.5,148.0,153.915,7269600.0,YPFD
2022-08-24,154.0,159.0,152.35,158.055,4515150.0,YPFD
2022-08-25,158.3,166.985,156.27,165.5,3746820.0,YPFD
2022-08-26,165.0,166.0,158.8,163.07,3555120.0,YPFD
2022-08-29,163.5,176.815,160.77,171.795,3717990.0,YPFD
2022-08-30,169.0,169.0,163.0,163.595,4094270.0,YPFD
2022-08-31,164.1,167.985,160.1,160.485,3148700.0,YPFD
2022-09-01,159.0,166.95,158.5,164.065,1924060.0,YPFD
2022-09-05,169.0,175.0,167.95,171.58,1170450.0,YPFD
2022-09-06,169.9,177.895,167.5,173.845,2404700.0,YPFD
2022-09-07,170.0,189.195,168.5,187.585,6855080.0,YPFD
2022-09-08,194.6,199.8,189.0,193.84,10038070.0,YPFD
2022-09-09,195.0,200.0,193.21,197.16,4220320.0,YPFD
2022-09-12,199.9,203.9,194.0,198.36,4547990.0,YPFD
2022-09-13,198.1,206.175,198.1,201.015,4946840.0,YPFD
2022-09-14,203.5,209.5,197.5,207.895,3621040.0,YPFD
2022-09-15,208.0,210.5,195.5,198.98,4903160.0,YPFD
2022-09-16,199.5,213.0,197.2,210.715,4726150.0,YPFD
2022-09-19,209.9,223.755,206.0,220.05,4949300.0,YPFD
2022-09-20,224.5,224.5,215.0,218.585,2595660.0,YPFD
2022-09-21,217.8,217.8,207.9,211.69,5105830.0,YPFD
2022-09-22,215.1,218.3,211.7,218.03,1929780.0,YPFD
2022-09-23,205.825,205.825,195.0,196.175,4994910.0,YPFD
2022-09-26,198.0,203.0,192.0,195.39,2975910.0,YPFD
2022-09-27,196.5,199.7,191.15,191.935,2055920.0,YPFD
2022-09-28,194.5,197.8,190.0,197.605,2573700.0,YPFD
2022-09-29,194.9,199.455,191.1,192.84,1463600.0,YPFD
2022-09-30,193.0,194.7,190.6,194.045,1290660.0,YPFD
2022-10-03,202.85,211.8,202.41,211.34,2911400.0,YPFD
2022-10-04,212.0,220.0,210.0,213.97,2691380.0,YPFD
2022-10-05,217.8,232.35,211.445,230.765,4478930.0,YPFD
2022-10-06,230.5,231.445,222.1,223.3,2378550.0,YPFD
2022-10-11,213.935,213.935,204.0,205.57,2177420.0,YPFD
2022-10-12,203.0,206.0,197.84,203.7,1795770.0,YPFD
2022-10-13,207.9,217.8,203.54,217.26,1793550.0,YPFD
2022-10-14,212.0,214.715,208.665,210.5,1551650.0,YPFD
2022-10-17,215.0,221.335,213.1,218.145,1505790.0,YPFD
2022-10-18,215.0,215.12,209.0,213.775,2178300.0,YPFD
2022-10-19,214.355,217.5,213.81,214.05,1636150.0,YPFD
2022-10-20,222.525,225.3,211.655,213.29,1659220.0,YPFD
2022-10-21,217.11,220.0,210.5,219.08,2515810.0,YPFD
2022-10-24,216.4,232.2,209.605,225.535,3655380.0,YPFD
2022-10-25,228.2,236.29,228.2,235.245,3560870.0,YPFD
2022-10-26,236.22,245.0,236.22,239.23,3582420.0,YPFD
2022-10-27,241.0,246.5,239.25,242.96,2191070.0,YPFD
2022-10-28,243.645,243.645,233.0,235.455,3125820.0,YPFD
2022-10-31,235.4,238.6,228.345,236.11,3283870.0,YPFD
2022-11-01,241.0,253.375,240.5,250.95,4172060.0,YPFD
2022-11-02,245.465,253.6,242.4,243.275,2976640.0,YPFD
2022-11-03,245.0,253.8,240.6,249.98,2166250.0,YPFD
2022-11-04,251.38,257.0,246.15,246.965,1875510.0,YPFD
2022-11-07,247.0,253.995,241.0,241.655,1909250.0,YPFD
2022-11-08,246.0,250.0,233.2,237.7,2129740.0,YPFD
2022-11-09,237.0,237.7,217.15,219.885,3445270.0,YPFD
2022-11-10,230.0,238.0,220.2,223.315,2755830.0,YPFD
2022-11-11,231.6,239.69,227.5,239.045,2193780.0,YPFD
2022-11-14,239.0,253.175,229.35,251.945,3255790.0,YPFD
2022-11-15,251.945,264.0,251.945,260.665,3510440.0,YPFD
2022-11-16,260.0,264.95,247.0,249.775,2734260.0,YPFD
2022-11-17,252.0,252.5,240.0,249.01,3932440.0,YPFD
2022-11-18,249.3,253.9,240.6,248.06,2866650.0,YPFD
2022-11-22,248.0,253.0,241.375,249.855,1733530.0,YPFD
2022-11-23,249.85,254.0,242.5,251.075,1436600.0,YPFD
2022-11-24,253.0,260.0,250.0,256.84,763200.0,YPFD
2022-11-25,256.5,272.4,256.0,268.06,1954050.0,YPFD
2022-11-28,267.0,273.165,255.0,269.825,2633680.0,YPFD
2022-11-29,269.8,280.0,269.505,279.865,2000060.0,YPFD
2022-11-30,280.7,288.0,270.5,272.075,3056500.0,YPFD
2022-12-01,275.05,278.5,267.5,274.95,1473070.0,YPFD
2022-12-02,275.8,279.95,272.395,273.165,1768010.0,YPFD
2022-12-05,272.6,279.2,259.5,259.785,3311570.0,YPFD
2022-12-06,265.0,269.85,258.0,264.315,2699550.0,YPFD
2022-12-07,265.8,268.95,261.0,264.91,2608630.0,YPFD
2022-12-12,263.4,263.4,250.1,251.445,2822010.0,YPFD
2022-12-13,254.4,259.59,251.605,252.065,1655350.0,YPFD
2022-12-14,252.1,257.985,245.0,247.545,1530880.0,YPFD
2022-12-15,247.6,249.965,243.6,249.545,1912150.0,YPFD
2022-12-16,250.0,254.845,244.775,248.12,1841630.0,YPFD
2022-12-19,248.1,263.0,240.0,262.41,1894230.0,YPFD
2022-12-20,264.5,275.99,263.1,275.135,988490.0,YPFD
2022-12-21,280.0,290.0,279.1,288.585,4097880.0,YPFD
2022-12-22,288.5,295.775,284.55,295.105,2166340.0,YPFD
2022-12-23,295.1,304.85,295.0,302.98,2423500.0,YPFD
2022-12-26,305.0,309.65,295.0,306.855,1082990.0,YPFD
2022-12-27,306.5,309.5,296.6,299.395,2148220.0,YPFD
2022-12-28,300.0,317.995,300.0,313.825,2884950.0,YPFD
2022-12-29,314.0,322.0,306.59,308.77,1556750.0,YPFD
2022-12-30,311.0,317.3,300.3,314.735,737980.0,YPFD
2023-01-02,315.0,330.895,315.0,328.44,1343370.0,YPFD
2023-01-03,320.895,325.515,296.0,302.425,4575150.0,YPFD
2023-01-04,306.0,306.0,294.1,298.56,2713200.0,YPFD
2023-01-05,298.5,320.495,298.5,319.2,3106210.0,YPFD
2023-01-06,322.0,331.7,320.0,320.58,2746830.0,YPFD
2023-01-09,325.0,330.0,316.075,324.97,2583190.0,YPFD
2023-01-10,326.5,329.5,320.0,324.97,1149580.0,YPFD
2023-01-11,325.1,333.0,321.46,330.81,1877740.0,YPFD
2023-01-12,330.81,363.99,330.8,355.635,3922420.0,YPFD
2023-01-13,355.8,392.8,350.7,387.035,3996140.0,YPFD
2023-01-16,388.0,407.4,388.0,401.515,2225480.0,YPFD
2023-01-17,400.85,442.995,400.0,441.185,4188360.0,YPFD
2023-01-18,445.0,460.0,396.0,397.4,6037050.0,YPFD
2023-01-19,397.5,404.47,376.0,402.63,6371750.0,YPFD
2023-01-20,410.2,438.05,410.2,430.24,4128820.0,YPFD
2023-01-23,435.0,460.005,428.965,433.39,5421910.0,YPFD
2023-01-24,440.1,442.0,420.0,434.335,3049390.0,YPFD
2023-01-25,432.95,443.7,419.0,439.81,3203680.0,YPFD
2023-01-26,443.0,449.0,433.6,443.43,2230900.0,YPFD
2023-01-27,449.0,449.0,425.5,425.81,2865730.0,YPFD
2023-01-30,425.8,432.765,405.8,413.08,1919990.0,YPFD
2023-01-31,421.2,441.5,413.6,438.3,3237850.0,YPFD
2023-02-01,440.0,448.0,413.605,431.05,2888680.0,YPFD
2023-02-02,435.0,438.7,411.96,420.435,2463120.0,YPFD
2023-02-03,425.1,432.0,408.01,409.92,2095250.0,YPFD
2023-02-06,415.0,421.0,402.135,419.93,1507360.0,YPFD
2023-02-07,421.0,434.0,417.5,424.155,1753760.0,YPFD
2023-02-08,425.0,436.995,415.5,424.625,1639500.0,YPFD
2023-02-09,424.0,429.9,414.7,419.635,1542010.0,YPFD
2023-02-10,419.635,435.6,419.6,430.13,1754170.0,YPFD
2023-02-13,432.1,460.475,425.0,448.385,3458610.0,YPFD
2023-02-14,450.0,458.0,439.0,448.335,2197610.0,YPFD
2023-02-15,448.8,452.9,429.0,440.155,2187550.0,YPFD
2023-02-16,444.8,465.0,437.005,441.34,3211700.0,YPFD
2023-02-17,440.9,440.9,412.0,424.015,3796370.0,YPFD
2023-02-22,428.4,428.4,414.1,420.905,2114680.0,YPFD
2023-02-23,422.7,432.9,422.6,431.45,1855980.0,YPFD
2023-02-24,430.9,438.0,421.0,436.39,1538930.0,YPFD
2023-02-27,440.0,448.5,436.5,444.995,1665580.0,YPFD
2023-02-28,446.1,451.995,427.0,433.17,2056600.0,YPFD
2023-03-01,439.5,446.5,426.58,445.28,2339020.0,YPFD
2023-03-02,445.28,446.0,430.3,431.32,1415860.0,YPFD
2023-03-03,436.0,446.0,428.0,442.895,1816020.0,YPFD
2023-03-06,442.5,477.745,441.5,476.06,4065660.0,YPFD
2023-03-07,478.0,482.0,439.0,445.57,6150520.0,YPFD
2023-03-08,451.2,458.0,444.0,457.43,3023130.0,YPFD
2023-03-09,459.9,475.315,450.6,451.855,3292310.0,YPFD
2023-03-10,459.9,464.1,420.0,423.2,7043980.0,YPFD
2023-03-13,414.05,417.0,389.5,392.33,5649100.0,YPFD
2023-03-14,405.145,414.01,384.35,387.42,4653310.0,YPFD
2023-03-15,360.0,371.835,357.0,368.625,5954720.0,YPFD
2023-03-16,369.4,388.1,362.0,384.295,4875590.0,YPFD
2023-03-17,377.045,379.415,366.415,368.245,2968710.0,YPFD
2023-03-20,375.2,383.035,369.0,370.17,2726780.0,YPFD
2023-03-21,384.1,400.0,382.1,394.67,4638210.0,YPFD
2023-03-22,393.805,402.045,384.0,388.8,2169860.0,YPFD
2023-03-23,397.5,400.0,372.07,378.0,2090070.0,YPFD
2023-03-27,385.1,405.995,382.91,404.88,2450380.0,YPFD
2023-03-28,404.81,430.0,404.81,425.645,3413680.0,YPFD
2023-03-29,429.205,448.495,429.205,444.29,3349180.0,YPFD
2023-03-30,444.2,463.0,441.295,459.3,2632420.0,YPFD
2023-03-31,461.35,472.0,435.12,444.435,6953170.0,YPFD
2023-04-03,458.9,474.3,458.745,472.44,4808530.0,YPFD
2023-04-04,472.5,474.0,455.3,463.58,3079420.0,YPFD
2023-04-05,461.0,468.0,452.5,467.605,2542470.0,YPFD
2023-04-10,480.0,506.41,480.0,494.325,4563290.0,YPFD
2023-04-11,497.6,506.16,495.0,496.495,2491990.0,YPFD
2023-04-12,504.0,504.4,497.0,499.95,2508030.0,YPFD
2023-04-13,501.0,504.9,492.0,496.27,1732910.0,YPFD
2023-04-14,499.175,504.545,496.35,502.215,1646250.0,YPFD
2023-04-17,500.9,505.5,492.1,504.64,2395870.0,YPFD
2023-04-18,504.8,535.0,504.64,519.47,3480610.0,YPFD
2023-04-19,499.0,515.915,496.1,505.425,4254650.0,YPFD
2023-04-20,504.805,515.0,495.0,507.82,2402880.0,YPFD
2023-04-21,510.0,520.0,495.0,518.565,2983720.0,YPFD
2023-04-24,525.1,540.5,517.0,537.68,2190140.0,YPFD
2023-04-25,530.27,544.5,520.0,540.18,3073620.0,YPFD
2023-04-26,538.8,544.2,506.4,522.78,2649050.0,YPFD
2023-04-27,523.0,534.0,506.0,511.365,2817640.0,YPFD
2023-04-28,513.72,513.72,496.0,510.175,2951930.0,YPFD
2023-05-02,508.0,509.0,488.8,500.65,2179520.0,YPFD
2023-05-03,496.635,500.0,478.6,479.54,3059830.0,YPFD
2023-05-04,485.0,486.985,475.3,476.875,2850710.0,YPFD
2023-05-05,484.1,522.99,484.1,520.255,3228960.0,YPFD
2023-05-08,521.7,537.61,521.7,531.255,2297040.0,YPFD
2023-05-09,528.8,541.0,526.5,534.05,1627490.0,YPFD
2023-05-10,535.0,539.535,525.49,528.07,2020650.0,YPFD
2023-05-11,521.83,538.9,510.0,537.5,2514980.0,YPFD
2023-05-12,539.0,546.555,525.1,531.12,3940440.0,YPFD
2023-05-15,509.255,529.71,504.5,528.395,2734680.0,YPFD
2023-05-16,527.9,540.0,520.0,521.285,2497360.0,YPFD
2023-05-17,521.2,539.0,521.2,535.885,2116100.0,YPFD
2023-05-18,526.96,540.0,520.5,538.945,1913900.0,YPFD
2023-05-19,538.9,543.5,529.355,533.43,2136310.0,YPFD
2023-05-22,530.0,539.78,526.1,530.635,2184380.0,YPFD
2023-05-23,544.9,559.9,542.505,550.835,3064120.0,YPFD
2023-05-24,549.2,558.1,543.09,557.135,1746380.0,YPFD
2023-05-29,556.0,564.0,550.0,562.725,854600.0,YPFD
2023-05-30,541.145,552.0,538.0,551.45,2306650.0,YPFD
2023-05-31,548.355,548.355,532.0,539.0,1625580.0,YPFD
2023-06-01,540.4,567.99,540.0,560.93,2616040.0,YPFD
2023-06-02,570.0,576.5,565.995,569.09,1898250.0,YPFD
2023-06-05,580.0,584.0,570.5,581.275,1719680.0,YPFD
2023-06-06,595.0,616.0,591.32,613.915,3454650.0,YPFD
2023-06-07,619.0,631.5,614.0,617.77,3692940.0,YPFD
2023-06-08,622.19,638.0,619.0,627.61,2799800.0,YPFD
2023-06-09,627.345,643.0,623.1,626.245,2141980.0,YPFD
2023-06-12,619.39,629.8,608.305,619.955,1481040.0,YPFD
2023-06-13,625.62,637.13,616.7,618.6,1763970.0,YPFD
2023-06-14,621.0,630.0,614.52,623.73,2762620.0,YPFD
2023-06-15,645.705,677.4,645.705,677.02,3299350.0,YPFD
2023-06-16,679.9,745.1,677.6,737.385,4692350.0,YPFD
2023-06-21,746.075,785.0,731.0,780.76,4671310.0,YPFD
2023-06-22,779.995,780.8,740.105,754.465,3672740.0,YPFD
2023-06-23,741.31,779.0,737.53,764.41,2756880.0,YPFD
2023-06-26,803.375,823.15,769.425,788.92,3503850.0,YPFD
2023-06-27,780.0,797.235,754.42,765.585,4051940.0,YPFD
2023-06-28,766.585,781.5,740.0,743.0,4324310.0,YPFD
2023-06-29,743.555,770.0,740.0,767.8,2094990.0,YPFD
2023-06-30,774.0,774.0,750.1,764.725,2673060.0,YPFD
2023-07-03,775.0,780.0,754.1,770.28,2985050.0,YPFD
2023-07-04,780.0,790.0,770.5,786.91,946560.0,YPFD
2023-07-05,770.0,779.0,750.1,772.995,3088320.0,YPFD
2023-07-06,750.49,754.0,720.005,727.82,3564840.0,YPFD
2023-07-07,738.995,748.995,735.105,742.715,2721850.0,YPFD
2023-07-10,744.525,752.0,740.0,751.395,1497350.0,YPFD
2023-07-11,748.025,750.0,736.605,745.445,1183140.0,YPFD
2023-07-12,763.325,776.85,760.855,767.365,1674400.0,YPFD
2023-07-13,774.655,803.5,774.655,797.505,2441420.0,YPFD
2023-07-14,790.125,790.125,775.2,783.75,1672640.0,YPFD
2023-07-17,805.1,831.995,803.5,813.57,1807350.0,YPFD
2023-07-18,820.0,840.0,801.875,821.085,1998970.0,YPFD
2023-07-19,815.0,824.5,800.0,814.42,1101160.0,YPFD
2023-07-20,817.0,819.0,803.0,812.035,1237740.0,YPFD
2023-07-21,815.535,833.0,807.3,828.02,1123170.0,YPFD
2023-07-24,830.0,850.575,823.0,837.9,1825610.0,YPFD
2023-07-25,838.0,847.5,832.0,846.535,952780.0,YPFD
2023-07-26,844.45,850.0,833.0,838.8,1185130.0,YPFD
2023-07-27,825.215,829.78,782.495,785.92,2227020.0,YPFD
2023-07-28,800.0,808.4,789.0,803.33,1732540.0,YPFD
2023-07-31,804.0,826.3,800.2,822.03,1504890.0,YPFD
2023-08-01,822.1,836.9,813.0,820.73,1398230.0,YPFD
2023-08-02,812.5,812.5,795.5,808.185,1669660.0,YPFD
2023-08-03,809.1,823.4,790.1,805.835,2275660.0,YPFD
2023-08-04,806.815,848.495,806.815,825.19,2840770.0,YPFD
2023-08-07,825.0,835.2,817.665,831.54,2179440.0,YPFD
2023-08-08,832.0,870.0,832.0,851.395,3389970.0,YPFD
2023-08-09,868.0,874.475,844.2,849.145,2384080.0,YPFD
2023-08-10,849.5,868.0,849.5,861.13,2136630.0,YPFD
2023-08-11,861.1,884.0,861.0,867.115,2613650.0,YPFD
2023-08-14,860.0,979.0,840.0,929.4,5337360.0,YPFD
2023-08-15,935.0,998.395,935.0,986.43,3353060.0,YPFD
2023-08-16,1035.7,1073.0,1026.5,1057.35,4018260.0,YPFD
2023-08-17,1085.0,1110.2,1073.415,1103.23,3678900.0,YPFD
2023-08-18,1074.975,1099.0,1065.0,1095.16,2412950.0,YPFD
2023-08-22,1095.2,1103.67,1071.4,1097.63,1628160.0,YPFD
2023-08-23,1096.78,1134.5,1089.005,1128.165,1445510.0,YPFD
2023-08-24,1129.85,1139.54,1111.4,1120.605,1230560.0,YPFD
2023-08-25,1121.355,1145.585,1115.0,1144.165,1990780.0,YPFD
2023-08-28,1145.495,1190.0,1145.495,1173.62,1473160.0,YPFD
2023-08-29,1190.0,1215.91,1177.0,1190.9,1989790.0,YPFD
2023-08-30,1193.1,1212.4,1160.0,1170.07,1961900.0,YPFD
2023-08-31,1172.0,1185.0,1119.78,1135.635,2151480.0,YPFD
2023-09-01,1140.005,1156.76,1086.075,1088.665,2610910.0,YPFD
2023-09-04,1092.0,1109.0,1056.5,1078.7,1002860.0,YPFD
2023-09-05,1066.425,1070.0,1020.0,1036.3,3115690.0,YPFD
2023-09-06,1040.6,1050.0,1022.825,1024.595,2178270.0,YPFD
2023-09-07,1016.88,1018.75,959.0,961.53,3490400.0,YPFD
2023-09-08,965.03,1010.0,917.75,929.185,5117940.0,YPFD
2023-09-12,885.0,950.0,869.5,920.455,5167030.0,YPFD
2023-09-13,935.0,956.6,915.005,954.435,2963890.0,YPFD
2023-09-14,960.0,970.7,949.5,964.835,2941280.0,YPFD
2023-09-15,985.0,985.0,934.055,941.55,2158670.0,YPFD
2023-09-18,945.0,967.0,937.005,964.055,2432160.0,YPFD
2023-09-19,970.0,970.0,945.1,957.81,2410800.0,YPFD
2023-09-20,960.1,974.985,950.1,950.945,1875150.0,YPFD
2023-09-21,946.5,994.9,925.0,983.915,2247580.0,YPFD
2023-09-22,990.0,1005.0,963.7,964.035,1783460.0,YPFD
2023-09-25,964.035,964.035,942.345,954.07,1951600.0,YPFD
2023-09-26,953.975,974.0,930.005,938.92,1597620.0,YPFD
2023-09-27,950.2,1003.6,950.2,1000.1,1966410.0,YPFD
2023-09-28,1000.5,1029.8,1000.5,1026.44,1565960.0,YPFD
2023-09-29,1040.0,1050.0,988.845,1002.18,1881310.0,YPFD
2023-10-02,998.5,1017.195,990.775,1001.07,1820060.0,YPFD
2023-10-03,1003.0,1007.695,970.0,996.385,2759190.0,YPFD
2023-10-04,974.9,1033.0,962.0,1030.63,2211350.0,YPFD
2023-10-05,1033.0,1056.86,1016.6,1029.48,3431470.0,YPFD
2023-10-06,1026.095,1057.0,980.0,995.515,3219820.0,YPFD
2023-10-09,1011.0,1091.45,1005.1,1054.345,3164500.0,YPFD
2023-10-10,1060.0,1199.9,1060.0,1156.885,3959970.0,YPFD
2023-10-11,1184.0,1208.5,1090.1,1184.99,3917550.0,YPFD
2023-10-12,1195.0,1263.045,1157.7,1229.425,6715910.0,YPFD
2023-10-17,1240.0,1380.0,1240.0,1361.81,8511520.0,YPFD
2023-10-18,1390.5,1399.0,1290.0,1304.65,7650680.0,YPFD
2023-10-19,1280.0,1280.0,1200.1,1215.645,4610070.0,YPFD
2023-10-20,1226.0,1302.6,1190.0,1292.555,3442790.0,YPFD
2023-10-23,1200.0,1200.0,1105.0,1126.565,3966470.0,YPFD
2023-10-24,1126.565,1173.535,1011.5,1028.43,4378190.0,YPFD
2023-10-25,1040.0,1050.0,972.005,1029.72,3723210.0,YPFD
2023-10-26,1035.0,1052.225,995.0,1003.03,1801950.0,YPFD
2023-10-27,1010.0,1010.77,954.1,962.58,1848540.0,YPFD
2023-10-30,963.0,976.01,877.755,888.06,3792820.0,YPFD
2023-10-31,890.0,910.0,813.5,861.14,5489860.0,YPFD
2023-11-01,873.18,941.9,868.0,927.495,5631820.0,YPFD
2023-11-02,930.0,973.8,929.1,958.655,3500170.0,YPFD
2023-11-03,977.26,977.26,920.35,940.07,2341550.0,YPFD
2023-11-07,929.8,929.8,870.0,873.56,2532950.0,YPFD
2023-11-08,873.56,890.0,845.0,851.12,2362160.0,YPFD
2023-11-09,847.9,893.7,815.0,874.01,2965920.0,YPFD
2023-11-10,875.9,943.0,872.505,939.94,2360430.0,YPFD
2023-11-13,945.0,950.0,892.3,895.695,1707650.0,YPFD
2023-11-14,895.7,950.0,895.7,917.745,1553390.0,YPFD
2023-11-15,917.745,939.9,895.6,911.445,1222760.0,YPFD
2023-11-16,911.45,920.0,870.6,876.195,1539700.0,YPFD
2023-11-17,876.2,970.0,876.1,965.245,2929630.0,YPFD
2023-11-21,1300.0,1362.0,1210.0,1337.975,11439540.0,YPFD
2023-11-22,1350.0,1546.8,1337.44,1492.02,8305450.0,YPFD
2023-11-23,1500.0,1599.9,1500.0,1578.025,2581780.0,YPFD
2023-11-24,1593.8,1748.0,1530.0,1739.635,6613520.0,YPFD
2023-11-27,1742.0,1799.995,1550.0,1572.82,6086750.0,YPFD
2023-11-28,1579.0,1624.9,1430.0,1440.78,3981270.0,YPFD
2023-11-29,1431.6,1508.83,1420.88,1430.145,3698110.0,YPFD
2023-11-30,1435.0,1479.3,1350.0,1434.61,3528250.0,YPFD
2023-12-01,1450.0,1545.0,1421.6,1529.69,3390570.0,YPFD
2023-12-04,1535.0,1543.775,1450.0,1466.455,2541970.0,YPFD
2023-12-05,1480.0,1617.3,1465.05,1614.925,3478220.0,YPFD
2023-12-06,1602.0,1680.0,1510.0,1580.03,5266350.0,YPFD
2023-12-07,1600.0,1680.1,1563.0,1648.91,5955050.0,YPFD
2023-12-11,1711.0,1765.0,1617.5,1749.535,4452130.0,YPFD
2023-12-12,1780.1,1838.0,1725.2,1821.715,6537010.0,YPFD
2023-12-13,1950.0,1999.0,1699.9,1819.165,5552820.0,YPFD
2023-12-14,1900.0,1900.0,1776.0,1799.545,3760310.0,YPFD
2023-12-15,1801.5,1820.0,1695.1,1701.59,3064550.0,YPFD
2023-12-18,1701.7,1747.5,1660.1,1689.97,2357410.0,YPFD
2023-12-19,1690.0,1725.0,1650.0,1671.445,2642550.0,YPFD
2023-12-20,1673.3,1710.0,1620.0,1678.875,3263570.0,YPFD
2023-12-21,1701.0,1800.0,1660.0,1712.99,3380200.0,YPFD
2023-12-22,1709.9,1709.9,1665.1,1686.66,2801190.0,YPFD
2023-12-26,1680.0,1700.0,1626.965,1642.515,2441490.0,YPFD
2023-12-27,1642.5,1642.5,1565.0,1569.685,3106410.0,YPFD
2023-12-28,1570.0,1640.0,1552.0,1596.85,5508880.0,YPFD
2023-12-29,1600.0,1675.0,1596.8,1668.82,6957260.0,YPFD
2024-01-02,1685.0,1695.0,1616.91,1653.065,2069550.0,YPFD
2024-01-03,1660.0,1780.0,1638.5,1776.0,3203120.0,YPFD
2024-01-04,1779.8,1835.0,1722.0,1808.5,3821500.0,YPFD
2024-01-05,1809.9,1909.9,1780.0,1901.405,3444060.0,YPFD
2024-01-08,1903.9,1997.5,1867.0,1995.575,2230280.0,YPFD
2024-01-09,2000.0,2020.0,1900.0,1920.455,2330250.0,YPFD
2024-01-10,1934.9,1960.0,1890.0,1904.825,1994380.0,YPFD
2024-01-11,1910.0,1952.0,1855.0,1878.45,1539300.0,YPFD
2024-01-12,1881.0,1920.0,1804.5,1820.585,2154180.0,YPFD
2024-01-15,1823.4,1875.9,1782.5,1836.1,633490.0,YPFD
2024-01-16,1870.0,1870.0,1800.0,1808.685,1709530.0,YPFD
2024-01-17,1808.6,1912.995,1802.0,1910.625,2129140.0,YPFD
2024-01-18,1911.0,1970.0,1911.0,1962.245,2359740.0,YPFD
2024-01-19,1962.0,2030.0,1900.0,2017.52,1902130.0,YPFD
2024-01-22,2025.0,2085.265,1920.0,2053.19,2577600.0,YPFD
2024-01-23,2051.2,2080.0,2004.16,2032.94,2147590.0,YPFD
2024-01-24,2040.0,2151.1,2037.0,2145.195,2411440.0,YPFD
2024-01-25,2150.0,2262.955,2150.0,2218.84,2155990.0,YPFD
2024-01-26,2220.0,2230.0,2158.0,2198.175,1374410.0,YPFD
2024-01-29,2191.1,2204.995,2118.0,2196.04,1721710.0,YPFD
2024-01-30,2194.0,2237.495,2190.0,2210.295,1810030.0,YPFD
2024-01-31,2210.0,2239.9,2127.7,2179.935,1950010.0,YPFD
2024-02-01,2188.0,2260.5,2150.005,2255.89,1535180.0,YPFD
2024-02-02,2270.0,2310.0,2205.0,2253.76,1468800.0,YPFD
2024-02-05,2254.0,2294.0,2110.0,2127.82,2707050.0,YPFD
2024-02-06,2140.0,2160.0,2000.0,2069.32,2125230.0,YPFD
2024-02-07,1986.5,2060.0,1945.0,2002.255,3112960.0,YPFD
2024-02-08,2011.95,2050.0,1974.225,1989.86,1874980.0,YPFD
2024-02-09,2000.0,2099.5,1970.1,2053.35,3010240.0,YPFD
2024-02-14,2060.7,2099.7,1975.0,2006.18,2217010.0,YPFD
2024-02-15,2000.1,2053.29,1950.0,1963.06,1665330.0,YPFD
2024-02-16,1962.9,2000.0,1860.0,1892.44,1539460.0,YPFD
2024-02-19,1895.0,1935.1,1854.0,1889.11,1568400.0,YPFD
2024-02-20,1900.1,1940.0,1850.0,1881.615,2156090.0,YPFD
2024-02-21,1889.175,1942.165,1875.01,1881.99,1974740.0,YPFD
2024-02-22,1886.0,2015.0,1886.0,2001.525,3333230.0,YPFD
2024-02-23,2010.0,2028.5,1910.0,2021.01,2099120.0,YPFD
2024-02-26,2020.0,2020.0,1800.0,1963.14,1488440.0,YPFD
2024-02-27,1950.215,1996.495,1886.5,1899.545,2774920.0,YPFD
2024-02-28,1950.0,1950.0,1818.005,1825.84,2363380.0,YPFD
2024-02-29,1827.5,1909.9,1822.315,1831.05,1682230.0,YPFD
2024-03-01,1855.0,1954.995,1840.5,1934.635,2831690.0,YPFD
2024-03-04,1985.0,2018.0,1934.635,1986.975,2225930.0,YPFD
2024-03-05,1980.0,2005.455,1893.0,1900.9,1295730.0,YPFD
2024-03-06,1905.0,1950.0,1862.44,1897.875,1578390.0,YPFD
2024-03-07,1897.8,1928.465,1853.0,1869.82,2007750.0,YPFD
2024-03-08,1810.5,1894.165,1810.5,1849.93,2113240.0,YPFD
2024-03-11,1828.0,1828.0,1763.3,1772.755,2155900.0,YPFD
2024-03-12,1778.5,1909.35,1772.755,1883.855,1820590.0,YPFD
2024-03-13,1900.0,1992.0,1892.0,1895.62,5672250.0,YPFD
2024-03-14,1880.0,1919.275,1862.835,1907.185,1973200.0,YPFD
2024-03-15,1904.0,1937.845,1875.45,1930.02,1519380.0,YPFD
2024-03-18,1945.0,2080.0,1920.005,2078.67,3476320.0,YPFD
2024-03-19,2071.0,2119.0,2040.005,2051.765,2863160.0,YPFD
2024-03-20,2056.0,2126.435,2056.0,2123.39,2483150.0,YPFD
2024-03-21,2150.0,2232.0,2125.765,2222.85,2771600.0,YPFD
2024-03-22,2228.345,2239.515,2185.635,2217.435,2075170.0,YPFD
2024-03-25,2250.0,2304.39,2185.7,2199.675,4194860.0,YPFD
2024-03-26,2190.0,2205.0,2149.62,2176.905,1523550.0,YPFD
2024-03-27,2177.0,2209.8,2160.0,2184.3,1709020.0,YPFD
2024-04-03,2192.8,2225.5,2100.0,2223.21,2524130.0,YPFD
2024-04-04,2220.0,2244.495,2142.675,2151.28,2868500.0,YPFD
2024-04-05,2200.0,2215.0,2150.0,2210.72,2663970.0,YPFD
2024-04-08,2210.0,2265.0,2170.485,2259.31,3490380.0,YPFD
2024-04-09,2266.2,2300.6,2224.0,2269.97,3705260.0,YPFD
2024-04-10,2272.0,2280.0,2225.5,2249.18,1969050.0,YPFD
2024-04-11,2249.1,2279.9,2226.635,2271.895,1807450.0,YPFD
2024-04-12,2270.1,2300.0,2209.805,2219.31,1595230.0,YPFD
2024-04-15,2225.0,2238.38,2143.78,2172.415,2287370.0,YPFD
2024-04-16,2139.9,2203.78,2097.265,2171.725,1712430.0,YPFD
2024-04-17,2189.46,2198.55,2100.0,2100.885,1541430.0,YPFD
2024-04-18,2081.045,2130.0,2064.205,2076.63,3615910.0,YPFD
2024-04-19,2084.005,2108.995,1980.8,2046.805,1842930.0,YPFD
2024-04-22,2070.0,2235.1,2008.86,2224.475,3720030.0,YPFD
2024-04-23,2224.5,2264.71,2181.625,2207.25,1435340.0,YPFD
2024-04-24,2218.01,2219.085,2132.2,2145.615,1577030.0,YPFD
2024-04-25,2146.0,2204.5,2128.445,2199.815,1700570.0,YPFD
2024-04-26,2230.0,2305.835,2203.01,2295.665,1702160.0,YPFD
2024-04-29,2300.0,2368.83,2296.2,2342.09,1459040.0,YPFD
2024-04-30,2396.0,2431.93,2377.445,2406.845,2487000.0,YPFD
2024-05-02,2445.0,2518.0,2423.425,2512.025,3232920.0,YPFD
2024-05-03,2559.8,2640.0,2550.0,2609.32,3300310.0,YPFD
2024-05-06,2620.0,2700.0,2620.0,2658.565,4394440.0,YPFD
2024-05-07,2650.1,2695.0,2623.0,2646.365,3320640.0,YPFD
2024-05-08,2595.0,2719.0,2595.0,2639.36,2171530.0,YPFD
2024-05-09,2635.0,2648.995,2595.305,2641.26,1370730.0,YPFD
2024-05-10,2641.1,2641.1,2456.075,2464.99,4110610.0,YPFD
2024-05-13,2466.105,2500.0,2426.905,2459.095,1948810.0,YPFD
2024-05-14,2459.9,2518.0,2420.6,2507.135,2165540.0,YPFD
2024-05-15,2516.5,2640.0,2516.5,2628.075,2643000.0,YPFD
2024-05-16,2621.5,2635.215,2579.3,2610.095,2370340.0,YPFD
2024-05-17,2600.0,2626.995,2581.025,2592.255,2431390.0,YPFD
2024-05-20,2590.0,2720.0,2567.285,2713.13,2454720.0,YPFD
2024-05-21,2714.15,2835.235,2710.0,2821.845,3319560.0,YPFD
2024-05-22,2815.0,2821.845,2728.595,2740.82,2886570.0,YPFD
2024-05-23,2741.1,2815.0,2684.555,2700.745,1949070.0,YPFD
2024-05-24,2710.0,2738.585,2589.775,2604.765,3246920.0,YPFD
2024-05-27,2650.0,2745.0,2648.705,2736.48,1224100.0,YPFD
2024-05-28,2742.04,2770.0,2665.5,2758.485,3448880.0,YPFD
2024-05-29,2760.1,2781.0,2681.0,2729.47,2557100.0,YPFD
2024-05-30,2761.9,2931.7,2761.9,2927.325,2702130.0,YPFD
2024-05-31,2925.0,2925.0,2800.0,2899.98,3685050.0,YPFD
2024-06-03,2900.0,2938.175,2830.0,2876.19,2894620.0,YPFD
2024-06-04,2768.0,2785.0,2659.725,2673.925,7734170.0,YPFD
2024-06-05,2682.5,2760.0,2550.0,2717.03,3278090.0,YPFD
2024-06-06,2699.04,2699.04,2610.0,2619.115,4320670.0,YPFD
2024-06-07,2699.9,2699.9,2623.005,2630.79,2329590.0,YPFD
2024-06-10,2630.0,2762.0,2616.0,2736.03,3166130.0,YPFD
2024-06-11,2729.9,2729.9,2647.505,2663.36,3531830.0,YPFD
2024-06-12,2690.0,2790.0,2690.0,2699.5,2975730.0,YPFD
2024-06-13,2810.0,2818.5,2629.875,2712.35,5905670.0,YPFD
2024-06-14,2714.205,2714.205,2635.0,2658.185,2923290.0,YPFD
2024-06-18,2672.0,2710.0,2640.0,2667.535,2158290.0,YPFD
2024-06-19,2673.5,2771.0,2673.5,2741.615,2035990.0,YPFD
2024-06-24,2664.4,2740.0,2630.0,2728.71,2867930.0,YPFD
2024-06-25,2720.0,2749.9,2690.1,2739.7,2451270.0,YPFD
2024-06-26,2715.9,2737.5,2661.51,2735.365,2556910.0,YPFD
2024-06-27,2719.9,2795.0,2691.0,2791.35,4090630.0,YPFD
2024-06-28,2799.9,2850.0,2711.0,2723.855,2633460.0,YPFD
2024-07-01,2745.75,2764.995,2717.5,2739.04,3542170.0,YPFD
2024-07-02,2787.03,2900.0,2787.03,2856.185,3392280.0,YPFD
2024-07-03,2860.0,2910.0,2715.0,2796.58,2459740.0,YPFD
2024-07-04,2830.0,2836.0,2798.0,2803.57,899750.0,YPFD
2024-07-05,2817.0,2870.0,2791.0,2800.58,2252220.0,YPFD
2024-07-08,2840.0,2886.0,2793.46,2857.73,2099980.0,YPFD
2024-07-10,2870.0,2967.5,2870.0,2932.5,2699410.0,YPFD
2024-07-11,2950.0,3150.0,2942.5,3005.0,2258710.0,YPFD
2024-07-12,3005.0,3055.0,2980.0,3047.5,2119620.0,YPFD
2024-07-15,3000.0,3000.0,2722.5,2735.0,3565660.0,YPFD
2024-07-16,2720.0,2720.0,2542.5,2667.5,4264080.0,YPFD
2024-07-17,2670.0,2672.5,2560.0,2610.0,2806630.0,YPFD
2024-07-18,2632.5,2675.0,2612.5,2640.0,2051580.0,YPFD
2024-07-19,2655.0,2725.0,2655.0,2712.5,2093500.0,YPFD
2024-07-22,2737.5,2737.5,2680.0,2692.5,2190440.0,YPFD
2024-07-23,2700.0,2757.5,2682.5,2732.5,2645400.0,YPFD
2024-07-24,2730.0,2737.5,2630.0,2640.0,2275350.0,YPFD
2024-07-25,2635.0,2700.0,2585.0,2625.0,1501110.0,YPFD
2024-07-26,2680.0,2700.0,2612.5,2637.5,3047780.0,YPFD
2024-07-29,2630.0,2637.5,2490.0,2497.5,3378900.0,YPFD
2024-07-30,2527.5,2527.5,2387.5,2402.5,3478040.0,YPFD
2024-07-31,2447.5,2590.0,2447.5,2577.5,2775730.0,YPFD
2024-08-01,2590.0,2590.0,2477.5,2540.0,3079180.0,YPFD
2024-08-02,2417.5,2450.0,2387.5,2417.5,4090280.0,YPFD
2024-08-05,2300.0,2470.0,2232.5,2430.0,8872160.0,YPFD
2024-08-06,2440.0,2507.5,2392.5,2482.5,2399010.0,YPFD
2024-08-07,2550.0,2570.0,2500.0,2535.0,3057600.0,YPFD
2024-08-08,2600.0,2655.0,2580.0,2602.5,3811820.0,YPFD
2024-08-09,2645.0,2710.0,2592.5,2697.5,4289710.0,YPFD
2024-08-12,2700.0,2765.0,2682.5,2747.5,2618970.0,YPFD
2024-08-13,2757.5,2772.5,2722.5,2745.0,1684900.0,YPFD
2024-08-14,2745.0,2825.0,2720.0,2740.0,3372240.0,YPFD
2024-08-15,2745.0,2800.0,2745.0,2785.0,2907610.0,YPFD
2024-08-16,2780.0,2830.0,2755.0,2805.0,2364810.0,YPFD
2024-08-19,2805.0,2837.5,2770.0,2810.0,1843000.0,YPFD
2024-08-20,2827.5,2860.0,2777.5,2805.0,2109260.0,YPFD
2024-08-21,2792.5,2792.5,2725.0,2735.0,1820300.0,YPFD
2024-08-22,2720.0,2720.0,2650.0,2685.0,2388510.0,YPFD
2024-08-23,2705.0,2760.0,2700.0,2725.0,4090240.0,YPFD
2024-08-26,2772.5,2790.0,2700.0,2757.5,1665780.0,YPFD
2024-08-27,2760.0,2815.0,2757.5,2812.5,1645710.0,YPFD
2024-08-28,2787.5,2835.0,2752.5,2822.5,2024860.0,YPFD
2024-08-29,2815.0,2902.5,2800.0,2897.5,2284050.0,YPFD
2024-08-30,3040.0,3095.0,3025.0,3062.5,3969300.0,YPFD
2024-09-02,3012.5,3182.5,3012.5,3177.5,2440500.0,YPFD
2024-09-03,3080.0,3110.0,3002.5,3042.5,6822690.0,YPFD
2024-09-04,3087.5,3137.5,3067.5,3117.5,3890190.0,YPFD
2024-09-05,3120.0,3200.0,3035.0,3047.5,3872410.0,YPFD
2024-09-06,3047.5,3067.5,2930.0,2955.0,2760930.0,YPFD
2024-09-09,2960.0,2987.5,2900.0,2907.5,2707710.0,YPFD
2024-09-10,2862.5,2900.0,2770.0,2855.0,3767920.0,YPFD
2024-09-11,2860.0,2935.0,2850.0,2867.5,3161520.0,YPFD
2024-09-12,2880.0,2935.0,2867.5,2902.5,2104920.0,YPFD
2024-09-13,2945.0,2955.0,2907.5,2920.0,2125320.0,YPFD
2024-09-16,2950.0,3017.5,2945.0,2977.5,2884670.0,YPFD
2024-09-17,2947.5,2980.0,2882.5,2942.5,2809960.0,YPFD
2024-09-18,2942.5,2960.0,2860.0,2907.5,4483680.0,YPFD
2024-09-19,2955.0,3000.0,2937.5,2955.0,3163440.0,YPFD
2024-09-20,2937.5,2937.5,2877.5,2900.0,2455390.0,YPFD
2024-09-23,2897.5,2897.5,2805.0,2825.0,3160470.0,YPFD
2024-09-24,2825.0,2837.5,2790.0,2795.0,2236310.0,YPFD
2024-09-25,2800.0,2827.5,2742.5,2752.5,1809230.0,YPFD
2024-09-26,2727.5,2750.0,2700.0,2720.0,2371260.0,YPFD
2024-09-27,2720.0,2765.0,2670.0,2675.0,3272270.0,YPFD
2024-09-30,2670.0,2670.0,2592.5,2640.0,2996660.0,YPFD
2024-10-01,2660.0,2730.0,2622.5,2705.0,4159030.0,YPFD
2024-10-02,2730.0,2755.0,2675.0,2690.0,2830680.0,YPFD
2024-10-03,2705.0,2765.0,2700.0,2760.0,2472180.0,YPFD
2024-10-04,2760.0,2772.5,2727.5,2735.0,2621600.0,YPFD
2024-10-07,2720.0,2727.5,2670.0,2680.0,1872380.0,YPFD
2024-10-08,2650.0,2697.5,2627.5,2680.0,2833350.0,YPFD
2024-10-09,2680.0,2890.0,2652.5,2830.0,5639540.0,YPFD
2024-10-10,2832.5,2935.0,2832.5,2860.0,4679680.0,YPFD
2024-10-14,2920.0,2992.5,2882.5,2982.5,5613150.0,YPFD
2024-10-15,2935.0,3045.0,2877.5,3037.5,7328440.0,YPFD
2024-10-16,3020.0,3065.0,2945.0,2962.5,5527570.0,YPFD
2024-10-17,2960.0,3037.5,2957.5,3005.0,3118850.0,YPFD
2024-10-18,3000.0,3012.5,2945.0,2995.0,2725710.0,YPFD
2024-10-21,3022.5,3050.0,2970.0,2977.5,2662190.0,YPFD
2024-10-22,3007.5,3030.0,2957.5,2965.0,2578320.0,YPFD
2024-10-23,2940.0,2940.0,2855.0,2880.0,3307350.0,YPFD
2024-10-24,2910.0,2995.0,2855.0,2977.5,4402600.0,YPFD
2024-10-25,2980.0,3062.5,2970.0,2995.0,5307520.0,YPFD
2024-10-28,2970.0,2985.0,2927.5,2960.0,4077960.0,YPFD
2024-10-29,2957.5,2957.5,2862.5,2870.0,4801310.0,YPFD
2024-10-30,2900.0,2925.0,2830.0,2845.0,3436870.0,YPFD
2024-10-31,2860.0,2872.5,2822.5,2835.0,3141320.0,YPFD
2024-11-01,2915.0,3002.5,2910.0,2977.5,2939180.0,YPFD
2024-11-04,2980.0,3150.0,2980.0,3147.5,6530720.0,YPFD
2024-11-05,3110.0,3240.0,3110.0,3232.5,6785800.0,YPFD
2024-11-06,3265.0,3370.0,3247.5,3282.5,5273640.0,YPFD
2024-11-07,3320.0,3400.0,3302.5,3397.5,6370190.0,YPFD
2024-11-08,3500.0,3600.0,3280.0,3367.5,8120700.0,YPFD
2024-11-11,3355.0,3480.0,3222.5,3467.5,4269860.0,YPFD
2024-11-12,3402.5,3492.5,3397.5,3485.0,6342550.0,YPFD
2024-11-13,3525.0,3570.0,3447.5,3555.0,6880840.0,YPFD
2024-11-14,3575.0,3730.0,3575.0,3697.5,7676020.0,YPFD
2024-11-15,3695.0,3800.0,3640.0,3652.5,7823280.0,YPFD
2024-11-19,3920.0,3980.0,3852.5,3935.0,9197400.0,YPFD
2024-11-20,3955.0,4090.0,3950.0,4087.5,6193440.0,YPFD
2024-11-21,4160.0,4270.0,4095.0,4132.5,9987450.0,YPFD
2024-11-22,4137.5,4540.0,4137.5,4502.5,10793860.0,YPFD
2024-11-25,4595.0,4670.0,4302.5,4370.0,14088620.0,YPFD
2024-11-26,4382.5,4550.0,4287.5,4470.0,6221940.0,YPFD
2024-11-27,4470.0,4470.0,4352.5,4385.0,5044270.0,YPFD
2024-11-28,4400.0,4475.0,4385.0,4467.5,2286450.0,YPFD
2024-11-29,4470.0,4535.0,4430.0,4517.5,3705490.0,YPFD
2024-12-02,4517.5,4550.0,4440.0,4470.0,4725510.0,YPFD
2024-12-03,4492.5,4535.0,4352.5,4442.5,5650040.0,YPFD
2024-12-04,4430.0,4432.5,4197.5,4247.5,9481490.0,YPFD
2024-12-05,4252.5,4330.0,4162.5,4195.0,5081290.0,YPFD
2024-12-06,4212.5,4280.0,4040.0,4215.0,5599120.0,YPFD
2024-12-09,4275.0,4445.0,4235.0,4352.5,6753060.0,YPFD
2024-12-10,4395.0,4470.0,4325.0,4377.5,4971650.0,YPFD
2024-12-11,4430.0,4630.0,4340.0,4610.0,5272620.0,YPFD
2024-12-12,4650.0,4800.0,4615.0,4735.0,6839410.0,YPFD
2024-12-13,4750.0,4872.5,4730.0,4852.5,5601480.0,YPFD
2024-12-16,4900.0,5040.0,4900.0,4977.5,8709460.0,YPFD
2024-12-17,5085.0,5135.0,4960.0,5120.0,6633660.0,YPFD
2024-12-18,5150.0,5305.0,5000.0,5025.0,7142630.0,YPFD
2024-12-19,5045.0,5130.0,4752.5,4785.0,8707910.0,YPFD
2024-12-20,4810.0,4960.0,4682.5,4940.0,5821240.0,YPFD
2024-12-23,5000.0,5030.0,4845.0,4982.5,3609390.0,YPFD
2024-12-24,5050.0,5050.0,4967.5,5040.0,890180.0,YPFD
2024-12-26,5040.0,5165.0,5010.0,5095.0,3479710.0,YPFD
2024-12-27,5150.0,5150.0,4990.0,5045.0,3162120.0,YPFD
2024-12-30,5050.0,5095.0,4990.0,5030.0,2275840.0,YPFD
2025-01-02,5095.0,5285.0,5050.0,5240.0,5466700.0,YPFD
2025-01-03,5300.0,5365.0,5115.0,5250.0,6388860.0,YPFD
2025-01-06,5310.0,5400.0,5280.0,5385.0,4860000.0,YPFD
2025-01-07,5405.0,5630.0,5320.0,5535.0,6722380.0,YPFD
2025-01-08,5595.0,5595.0,5135.0,5430.0,8430270.0,YPFD
2025-01-09,5500.0,5515.0,5450.0,5510.0,2649330.0,YPFD
2025-01-10,5605.0,5690.0,5410.0,5490.0,7001370.0,YPFD
2025-01-13,5560.0,5560.0,5315.0,5345.0,5192670.0,YPFD
2025-01-14,5345.0,5490.0,5345.0,5395.0,4117410.0,YPFD
2025-01-15,5495.0,5495.0,5255.0,5350.0,5044900.0,YPFD
2025-01-16,5350.0,5410.0,5185.0,5215.0,4399300.0,YPFD
2025-01-17,5230.0,5265.0,4995.0,5050.0,7009580.0,YPFD
2025-01-20,5085.0,5160.0,5055.0,5095.0,2178450.0,YPFD
2025-01-21,5120.0,5170.0,5020.0,5155.0,4832020.0,YPFD
2025-01-22,5155.0,5230.0,5110.0,5180.0,3339680.0,YPFD
2025-01-23,5170.0,5170.0,5000.0,5005.0,3131260.0,YPFD
2025-01-24,5005.0,5015.0,4620.0,4810.0,9581570.0,YPFD
2025-01-27,4780.0,4780.0,4562.5,4597.5,11361400.0,YPFD
2025-01-28,4637.5,4740.0,4475.0,4565.0,5645750.0,YPFD
2025-01-29,4625.0,4767.5,4555.0,4745.0,3867810.0,YPFD
2025-01-30,4795.0,4850.0,4742.5,4777.5,4514300.0,YPFD
2025-01-31,4802.5,4867.5,4685.0,4717.5,2554790.0,YPFD
2025-02-03,4650.0,4670.0,4512.5,4620.0,3987860.0,YPFD
2025-02-04,4650.0,4740.0,4640.0,4707.5,2697540.0,YPFD
2025-02-05,4730.0,4747.5,4650.0,4660.0,2850270.0,YPFD
2025-02-06,4680.0,4725.0,4660.0,4667.5,2665930.0,YPFD
2025-02-07,4672.5,4720.0,4495.0,4542.5,4579710.0,YPFD
2025-02-10,4502.5,4650.0,4482.5,4497.5,4361230.0,YPFD
2025-02-11,4510.0,4552.5,4275.0,4300.0,7909280.0,YPFD
2025-02-12,4297.5,4415.0,4137.5,4322.5,6641100.0,YPFD
2025-02-13,4400.0,4470.0,4320.0,4442.5,3814530.0,YPFD
2025-02-14,4470.0,4525.0,4432.5,4505.0,3366880.0,YPFD
2025-02-17,4367.5,4485.0,4280.0,4300.0,5065410.0,YPFD
2025-02-18,4305.0,4615.0,4305.0,4515.0,5963960.0,YPFD
2025-02-19,4550.0,4637.5,4472.5,4545.0,4743410.0,YPFD
2025-02-20,4545.0,4695.0,4497.5,4690.0,4500430.0,YPFD
2025-02-21,4750.0,4820.0,4512.5,4530.0,6547590.0,YPFD
2025-02-24,4620.0,4637.5,4407.5,4465.0,4280860.0,YPFD
2025-02-25,4407.5,4490.0,4235.0,4315.0,6253250.0,YPFD
2025-02-26,4322.5,4400.0,4282.5,4300.0,3419340.0,YPFD
2025-02-27,4322.5,4380.0,4217.5,4237.5,4237540.0,YPFD
2025-02-28,4215.0,4340.0,4132.5,4215.0,7059970.0,YPFD
2025-03-05,4175.0,4280.0,4112.5,4260.0,4483690.0,YPFD
2025-03-06,4297.5,4320.0,4150.0,4172.5,4786900.0,YPFD
2025-03-07,4250.0,4250.0,3950.0,4085.0,7473730.0,YPFD
2025-03-10,3982.5,3982.5,3785.0,3867.5,7371210.0,YPFD
2025-03-11,3912.5,3992.5,3850.0,3915.0,5030030.0,YPFD
2025-03-12,3970.0,4185.0,3962.5,4177.5,4426370.0,YPFD
2025-03-13,4150.0,4257.5,4085.0,4167.5,4508090.0,YPFD
2025-03-14,4292.5,4437.5,4265.0,4430.0,4219010.0,YPFD
2025-03-17,4425.0,4592.5,4425.0,4545.0,3987600.0,YPFD
2025-03-18,4515.0,4515.0,4340.0,4355.0,5155010.0,YPFD
2025-03-19,4460.0,4600.0,4450.0,4575.0,4646180.0,YPFD
2025-03-20,4570.0,4630.0,4500.0,4587.5,2818230.0,YPFD
2025-03-21,4597.5,4727.5,4545.0,4717.5,3261010.0,YPFD
2025-03-25,4770.0,4915.0,4767.5,4882.5,3425250.0,YPFD
2025-03-26,4900.0,4985.0,4805.0,4830.0,3583420.0,YPFD
2025-03-27,4955.0,4990.0,4800.0,4842.5,2921280.0,YPFD
2025-03-28,4772.5,4777.5,4657.5,4687.5,3529970.0,YPFD
2025-03-31,4635.0,4700.0,4500.0,4615.0,3070540.0,YPFD
2025-04-01,4620.0,4730.0,4577.5,4637.5,2536320.0,YPFD
2025-04-03,4500.0,4515.0,4415.0,4425.0,4999390.0,YPFD
2025-04-04,4100.0,4100.0,3842.5,4015.0,12836670.0,YPFD
2025-04-07,3915.0,4135.0,3800.0,3860.0,9878450.0,YPFD
2025-04-08,4000.0,4050.0,3657.5,3712.5,11891580.0,YPFD
2025-04-09,3667.5,4050.0,3467.5,3915.0,14420220.0,YPFD
2025-04-10,3890.0,3890.0,3645.0,3772.5,7229500.0,YPFD
2025-04-11,3900.0,4075.0,3850.0,4017.5,8142370.0,YPFD
2025-04-14,4350.0,4400.0,4070.0,4240.0,7815150.0,YPFD
2025-04-15,4110.0,4200.0,4017.5,4062.5,5177460.0,YPFD
2025-04-16,4105.0,4140.0,3822.5,3882.5,4345670.0,YPFD
2025-04-21,3785.0,3785.0,3547.5,3622.5,3963030.0,YPFD
2025-04-22,3650.0,3845.0,3642.5,3830.0,4240240.0,YPFD
2025-04-23,3890.0,3990.0,3855.0,3865.0,5787480.0,YPFD
2025-04-24,3870.0,4047.5,3857.5,3880.0,3747400.0,YPFD
2025-04-25,3880.0,3900.0,3800.0,3837.5,3334290.0,YPFD
2025-04-28,3840.0,3875.0,3697.5,3762.5,2148700.0,YPFD
2025-04-29,3745.0,3812.5,3697.5,3702.5,2540720.0,YPFD
2025-04-30,3620.0,3690.0,3552.5,3560.0,5694360.0,YPFD
2025-05-05,3460.0,3480.0,3365.0,3432.5,5827170.0,YPFD
2025-05-06,3515.0,3672.5,3515.0,3660.0,6613500.0,YPFD
2025-05-07,3615.0,3615.0,3500.0,3542.5,9494960.0,YPFD
2025-05-08,3530.0,3600.0,3427.5,3565.0,9352170.0,YPFD
2025-05-09,3650.0,3790.0,3600.0,3777.5,5116120.0,YPFD
2025-05-12,3905.0,4130.0,3870.0,4120.0,12682930.0,YPFD
2025-05-13,4110.0,4207.5,4040.0,4175.0,9389970.0,YPFD
2025-05-14,4165.0,4220.0,4060.0,4190.0,9635040.0,YPFD
2025-05-15,4040.0,4180.0,4000.0,4177.5,10500560.0,YPFD
2025-05-16,4150.0,4217.5,4110.0,4212.5,7045910.0,YPFD
2025-05-19,4222.5,4342.5,4215.0,4300.0,10559700.0,YPFD
2025-05-20,4282.5,4332.5,4210.0,4280.0,9345770.0,YPFD
2025-05-21,4300.0,4335.0,4190.0,4192.5,8501850.0,YPFD
2025-05-22,4170.0,4270.0,4132.5,4200.0,6496590.0,YPFD
2025-05-23,4190.0,4265.0,4142.5,4255.0,3987410.0,YPFD
2025-05-26,4262.5,4320.0,4260.0,4315.0,1914950.0,YPFD
2025-05-27,4290.0,4315.0,4230.0,4310.0,4398910.0,YPFD
2025-05-28,4245.0,4430.0,4227.5,4360.0,5366440.0,YPFD
2025-05-29,4345.0,4400.0,4315.0,4350.0,5491570.0,YPFD
2025-05-30,4297.5,4375.0,4247.5,4270.0,5430480.0,YPFD
2025-06-02,4300.0,4305.0,4135.0,4145.0,3237680.0,YPFD
2025-06-03,4140.0,4275.0,4100.0,4235.0,5693800.0,YPFD
2025-06-04,4192.5,4265.0,4030.0,4052.5,6275270.0,YPFD
2025-06-05,4055.0,4122.5,4035.0,4060.0,3845670.0,YPFD
2025-06-06,4052.5,4145.0,4010.0,4117.5,3601750.0,YPFD
2025-06-09,4117.5,4117.5,4040.0,4055.0,4604260.0,YPFD
2025-06-10,4120.0,4347.5,4120.0,4325.0,7149010.0,YPFD
2025-06-11,4340.0,4430.0,4222.5,4302.5,4836920.0,YPFD
2025-06-12,4330.0,4387.5,4285.0,4295.0,4613150.0,YPFD
2025-06-13,4330.0,4452.5,4215.0,4325.0,6681200.0,YPFD
2025-06-17,4227.5,4262.5,4167.5,4192.5,5170940.0,YPFD
2025-06-18,4225.0,4260.0,4130.0,4147.5,3378670.0,YPFD
2025-06-19,4147.5,4190.0,4147.5,4157.5,1263740.0,YPFD
2025-06-23,4065.0,4120.0,3970.0,4025.0,5281540.0,YPFD
2025-06-24,4022.5,4127.5,3975.0,4100.0,3850170.0,YPFD
2025-06-25,4027.5,4045.0,3962.5,3977.5,4684210.0,YPFD
2025-06-26,4000.0,4055.0,3977.5,4020.0,2997810.0,YPFD
2025-06-27,4020.0,4057.5,3985.0,4010.0,4148100.0,YPFD
2025-06-30,3970.0,3997.5,3707.5,3807.5,17263020.0,YPFD
2025-07-01,3777.5,3920.0,3755.0,3895.0,7138190.0,YPFD
2025-07-02,3895.0,3990.0,3882.5,3962.5,4388620.0,YPFD
2025-07-03,4000.0,4040.0,3962.5,3997.5,2616080.0,YPFD
2025-07-04,4000.0,4035.0,3970.0,3997.5,632760.0,YPFD
2025-07-07,3992.5,4010.0,3890.0,3947.5,4571890.0,YPFD
2025-07-08,3955.0,4177.5,3952.5,4167.5,6279210.0,YPFD
2025-07-10,3977.5,4097.5,3952.5,4047.5,5304850.0,YPFD
2025-07-11,4010.0,4015.0,3930.0,3945.0,3549240.0,YPFD
2025-07-14,3897.5,4050.0,3862.5,4035.0,3258270.0,YPFD
2025-07-15,4000.0,4080.0,3975.0,4047.5,4989010.0,YPFD
2025-07-16,4000.0,4000.0,3912.5,3930.0,3772210.0,YPFD
2025-07-17,3940.0,3990.0,3922.5,3970.0,3365220.0,YPFD
2025-07-18,3982.5,4097.5,3982.5,3992.5,4135220.0,YPFD
2025-07-21,3995.0,4047.5,3930.0,3940.0,3718600.0,YPFD
2025-07-22,3937.5,3962.5,3837.5,3852.5,5569770.0,YPFD
2025-07-23,3860.0,4137.5,3860.0,4097.5,6541260.0,YPFD
2025-07-24,4087.5,4150.0,4055.0,4142.5,3202030.0,YPFD
2025-07-25,4175.0,4320.0,4162.5,4285.0,5373710.0,YPFD
2025-07-28,4287.5,4360.0,4287.5,4317.5,3848240.0,YPFD
2025-07-29,4350.0,4530.0,4325.0,4500.0,6424610.0,YPFD
2025-07-30,4500.0,4555.0,4410.0,4482.5,5303210.0,YPFD
2025-07-31,4475.0,4615.0,4450.0,4557.5,4026910.0,YPFD
2025-08-01,4545.0,4547.5,4407.5,4517.5,3509990.0,YPFD
2025-08-04,4560.0,4585.0,4502.5,4557.5,2746220.0,YPFD
2025-08-05,4512.5,4740.0,4512.5,4712.5,4254880.0,YPFD
2025-08-06,4712.5,4890.0,4712.5,4835.0,6115980.0,YPFD
2025-08-07,4835.0,4900.0,4722.5,4755.0,8762330.0,YPFD
2025-08-08,4675.0,4727.5,4500.0,4572.5,6573140.0,YPFD
2025-08-11,4572.5,4607.5,4467.5,4550.0,4494170.0,YPFD
2025-08-12,4550.0,4627.5,4477.5,4510.0,6810700.0,YPFD
2025-08-13,4505.0,4555.0,4430.0,4480.0,4885230.0,YPFD
2025-08-14,4450.0,4462.5,4192.5,4292.5,6287300.0,YPFD
2025-08-18,4260.0,4470.0,4260.0,4397.5,4840650.0,YPFD
2025-08-19,4360.0,4402.5,4162.5,4177.5,6119490.0,YPFD
2025-08-20,4177.5,4260.0,4102.5,4112.5,6553410.0,YPFD
2025-08-21,4120.0,4220.0,4100.0,4175.0,3197170.0,YPFD
2025-08-22,4225.0,4290.0,4180.0,4250.0,3242310.0,YPFD
2025-08-25,4200.0,4245.0,4082.5,4102.5,7578040.0,YPFD
2025-08-26,4100.0,4200.0,4050.0,4182.5,3108930.0,YPFD
2025-08-27,4185.0,4200.0,4110.0,4120.0,5409660.0,YPFD
2025-08-28,4120.0,4280.0,4120.0,4157.5,6768410.0,YPFD
2025-08-29,4157.5,4180.0,4067.5,4130.0,3528580.0,YPFD
2025-09-01,4130.0,4130.0,4015.0,4045.0,1947240.0,YPFD
2025-09-02,4042.5,4165.0,3950.0,4155.0,5808890.0,YPFD
2025-09-03,4100.0,4205.0,4015.0,4065.0,7545130.0,YPFD
2025-09-04,4100.0,4270.0,4042.5,4252.5,6839230.0,YPFD
2025-09-05,4220.0,4372.5,4160.0,4287.5,5849580.0,YPFD
2025-09-08,3750.0,3974.0,3640.0,3786.0,13778540.0,YPFD
2025-09-09,3820.0,4006.0,3800.0,3860.0,8082580.0,YPFD
2025-09-10,3880.0,4160.0,3880.0,4112.0,5906740.0,YPFD
2025-09-11,4120.0,4170.0,4060.0,4088.0,4192650.0,YPFD
2025-09-12,4100.0,4160.0,3962.0,4020.0,5204270.0,YPFD
2025-09-15,4050.0,4100.0,3940.0,4004.0,4825110.0,YPFD
2025-09-16,4040.0,4150.0,4004.0,4098.0,3463760.0,YPFD
2025-09-17,4108.0,4156.0,4052.0,4084.0,3746930.0,YPFD
2025-09-18,4040.0,4060.0,3794.0,3806.0,9938910.0,YPFD
2025-09-19,3820.0,3892.0,3552.0,3708.0,13218000.0,YPFD
2025-09-22,3830.0,4100.0,3776.0,3888.0,9830200.0,YPFD
2025-09-23,4000.0,4018.0,3784.0,3904.0,9229810.0,YPFD
2025-09-24,4060.0,4096.0,3856.0,3870.0,8558930.0,YPFD
2025-09-25,3842.0,3842.0,3706.0,3760.0,4700050.0,YPFD
2025-09-26,3850.0,3890.0,3722.0,3838.0,7584790.0,YPFD
2025-09-29,3850.0,3890.0,3732.0,3778.0,3012620.0,YPFD
2025-09-30,3780.0,3780.0,3632.0,3738.0,6870630.0,YPFD
2025-10-01,3740.0,3780.0,3692.0,3700.0,5546620.0,YPFD
2025-10-02,3762.0,3786.0,3594.0,3716.0,10353720.0,YPFD
2025-10-03,3750.0,3752.0,3632.0,3682.0,3954110.0,YPFD
2025-10-06,3702.0,3790.0,3622.0,3756.0,5516820.0,YPFD
2025-10-07,3780.0,3800.0,3710.0,3752.0,4005370.0,YPFD
2025-10-08,3752.0,3780.0,3650.0,3772.0,7011410.0,YPFD
2025-10-09,3780.0,4016.0,3780.0,3866.0,8992420.0,YPFD
2025-10-13,3850.0,4042.0,3730.0,3976.0,7586820.0,YPFD
2025-10-14,3962.0,4164.0,3750.0,3846.0,13878310.0,YPFD
2025-10-15,3858.0,4044.0,3800.0,3870.0,11053320.0,YPFD
2025-10-16,3928.0,3930.0,3840.0,3912.0,5470100.0,YPFD
2025-10-17,3920.0,4030.0,3910.0,4026.0,3624290.0,YPFD
2025-10-20,4020.0,4120.0,3920.0,3952.0,5787840.0,YPFD
2025-10-21,4030.0,4164.0,3860.0,3980.0,6853530.0,YPFD
2025-10-22,3990.0,4020.0,3878.0,3982.0,8947880.0,YPFD
2025-10-23,4000.0,4246.0,4000.0,4174.0,7515650.0,YPFD
2025-10-24,4174.0,4400.0,4172.0,4228.0,6234220.0,YPFD
2025-10-27,4790.0,5190.0,4682.0,4870.0,19699180.0,YPFD
2025-10-28,4810.0,5177.5,4802.0,5062.5,14729670.0,YPFD
2025-10-29,5070.0,5312.5,5000.0,5197.5,15693050.0,YPFD
2025-10-30,5175.0,5240.0,5062.5,5165.0,8503880.0,YPFD
2025-10-31,5135.0,5500.0,5135.0,5460.0,11620390.0,YPFD
2025-11-03,5460.0,5757.5,5460.0,5605.0,13175130.0,YPFD
2025-11-04,5567.5,5605.0,5377.5,5537.5,9789450.0,YPFD
2025-11-05,5540.0,5700.0,5485.0,5560.0,8757860.0,YPFD
2025-11-06,5570.0,5652.5,5425.0,5462.5,2793010.0,YPFD
2025-11-07,5457.5,5507.5,5300.0,5430.0,8485100.0,YPFD
2025-11-10,5475.0,5595.0,5312.5,5587.5,8641610.0,YPFD
2025-11-11,5580.0,5667.5,5500.0,5605.0,5507820.0,YPFD
2025-11-12,5555.0,5647.5,5527.5,5587.5,4657480.0,YPFD
2025-11-13,5587.5,5630.0,5440.0,5497.5,3991360.0,YPFD
2025-11-14,5467.5,5930.0,5300.0,5815.0,7989220.0,YPFD
2025-11-17,5820.0,5857.5,5672.5,5685.0,5019620.0,YPFD
2025-11-18,5690.0,5797.5,5522.5,5777.5,4499090.0,YPFD
2025-11-19,5710.0,5800.0,5642.5,5655.0,4544100.0,YPFD
2025-11-20,5672.5,5780.0,5500.0,5580.0,5002410.0,YPFD
2025-11-21,5595.0,5595.0,5330.0,5397.5,2364410.0,YPFD
2025-11-25,5370.0,5600.0,5250.0,5457.5,7693380.0,YPFD
2025-11-26,5402.5,5600.0,5400.0,5565.0,4225030.0,YPFD
2025-11-27,5585.0,5780.0,5480.0,5617.5,1371590.0,YPFD
2025-11-28,5610.0,5667.5,5580.0,5610.0,3330460.0,YPFD
2025-12-01,5610.0,5650.0,5532.5,5570.0,2882700.0,YPFD
2025-12-02,5577.5,5640.0,5525.0,5557.5,3579550.0,YPFD
2025-12-03,5570.0,5687.5,5550.0,5670.0,3724380.0,YPFD
2025-12-04,5672.5,5750.0,5587.5,5595.0,3219700.0,YPFD
2025-12-05,5622.5,5710.0,5475.0,5497.5,4201150.0,YPFD
2025-12-09,5500.0,5535.0,5330.0,5385.0,2326140.0,YPFD
2025-12-10,5330.0,5485.0,5325.0,5440.0,2857390.0,YPFD
2025-12-11,5437.5,5437.5,5262.5,5335.0,4036180.0,YPFD
2025-12-12,5385.0,5400.0,5240.0,5285.0,2817840.0,YPFD
2025-12-15,5320.0,5390.0,5250.0,5355.0,3898140.0,YPFD
2025-12-16,5360.0,5435.0,5227.5,5320.0,3263860.0,YPFD
2025-12-17,5327.5,5405.0,5255.0,5320.0,3189570.0,YPFD
2025-12-18,5290.0,5500.0,5165.0,5475.0,4792100.0,YPFD
2025-12-19,5490.0,5575.0,5460.0,5467.5,3108040.0,YPFD
2025-12-22,5500.0,5562.5,5490.0,5512.5,2665000.0,YPFD
2025-12-23,5510.0,5645.0,5490.0,5510.0,2814170.0,YPFD
2025-12-24,5520.0,5560.0,5455.0,5490.0,279140.0,YPFD
2025-12-26,5490.0,5542.5,5450.0,5460.0,1485720.0,YPFD
2025-12-29,5502.5,5685.0,5502.5,5585.0,3915790.0,YPFD
2025-12-30,5590.0,5627.5,5445.0,5460.0,4272140.0,YPFD
2026-01-02,5555.0,5657.5,5455.0,5645.0,2112920.0,YPFD
2026-01-05,5610.0,5630.0,5417.5,5527.5,4083490.0,YPFD
2026-01-06,5555.0,5622.5,5420.0,5437.5,4645600.0,YPFD
2026-01-07,5390.0,5392.5,5100.0,5110.0,7675220.0,YPFD
2026-01-08,5100.0,5200.0,5075.0,5192.5,4747670.0,YPFD
2026-01-09,5190.0,5267.5,5125.0,5187.5,4086040.0,YPFD
2026-01-12,5190.0,5225.0,5115.0,5175.0,3880880.0,YPFD
2026-01-13,5175.0,5315.0,5175.0,5282.5,5070610.0,YPFD
2026-01-14,5297.5,5387.5,5275.0,5282.5,3639900.0,YPFD
2026-01-15,5282.5,5300.0,5155.0,5182.5,2095390.0,YPFD
2026-01-16,5180.0,5277.5,5142.5,5215.0,1735220.0,YPFD
2026-01-19,5210.0,5210.0,5120.0,5162.5,514490.0,YPFD
2026-01-20,5157.5,5325.0,5065.0,5267.5,3312950.0,YPFD
2026-01-21,5280.0,5425.0,5280.0,5400.0,2616110.0,YPFD
2026-01-22,5397.5,5460.0,5327.5,5382.5,2853570.0,YPFD
2026-01-23,5390.0,5565.0,5355.0,5515.0,3314180.0,YPFD
2026-01-26,5507.5,5650.0,5485.0,5527.5,3278650.0,YPFD
2026-01-27,5530.0,5780.0,5517.5,5772.5,5393660.0,YPFD
2026-01-28,5775.0,5865.0,5725.0,5805.0,3653780.0,YPFD
2026-01-29,5840.0,5950.0,5700.0,5907.5,5193710.0,YPFD
2026-01-30,5897.5,6060.0,5840.0,5970.0,6539970.0,YPFD
2026-02-02,5820.0,5930.0,5720.0,5797.5,3124910.0,YPFD
2026-02-03,5795.0,5820.0,5622.5,5712.5,3944830.0,YPFD
2026-02-04,5780.0,5900.0,5700.0,5837.5,3455810.0,YPFD
2026-02-05,5800.0,5850.0,5620.0,5642.5,3002980.0,YPFD
2026-02-06,5650.0,5830.0,5650.0,5690.0,2423070.0,YPFD
2026-02-09,5690.0,5750.0,5535.0,5667.5,3817620.0,YPFD
2026-02-10,5667.5,5860.0,5555.0,5812.5,3691060.0,YPFD
2026-02-11,5890.0,5890.0,5710.0,5772.5,2728100.0,YPFD
2026-02-12,5772.5,5815.0,5487.5,5525.0,2670850.0,YPFD
2026-02-13,5545.0,5595.0,5432.5,5465.0,1892630.0,YPFD
2026-02-18,5460.0,5550.0,5372.5,5405.0,2206900.0,YPFD
2026-02-19,5360.0,5637.5,5360.0,5595.0,3084340.0,YPFD
2026-02-20,5590.0,5652.5,5520.0,5562.5,1948030.0,YPFD
2026-02-23,5557.5,5572.5,5420.0,5432.5,1676000.0,YPFD
2026-02-24,5435.0,5515.0,5432.5,5490.0,1658250.0,YPFD
2026-02-25,5460.0,5555.0,5387.5,5465.0,2528180.0,YPFD
2026-02-26,5457.5,5497.5,5312.5,5340.0,1968060.0,YPFD
2026-02-27,5387.5,5437.5,5062.5,5077.5,8338480.0,YPFD
2026-03-02,5300.0,5415.0,5120.0,5125.0,6414370.0,YPFD
2026-03-03,5130.0,5290.0,4980.0,5150.0,3708770.0,YPFD
2026-03-04,5282.5,5282.5,4996.0,5062.5,3605600.0,YPFD
2026-03-05,5102.5,5270.0,5102.5,5210.0,3831250.0,YPFD
2026-03-06,5250.0,5610.0,5250.0,5510.0,6603360.0,YPFD
2026-03-09,5590.0,5700.0,5375.0,5385.0,4579250.0,YPFD
2026-03-10,5370.0,5520.0,5325.0,5360.0,4017030.0,YPFD
2026-03-11,5410.0,5725.0,5410.0,5695.0,8543730.0,YPFD
2026-03-12,5695.0,5837.5,5580.0,5595.0,4267680.0,YPFD
2026-03-13,5605.0,5670.0,5467.5,5622.5,2694690.0,YPFD
2026-03-16,5625.0,5625.0,5455.0,5500.0,3065090.0,YPFD
2026-03-17,5555.0,5672.5,5492.5,5587.5,3963270.0,YPFD
2026-03-18,5530.0,5850.0,5530.0,5815.0,4117740.0,YPFD
2026-03-19,5800.0,6240.0,5800.0,6097.5,14611090.0,YPFD
2026-03-20,6095.0,6370.0,6030.0,6155.0,11286980.0,YPFD
2026-03-23,6047.5,6192.5,5980.0,6010.0,2397860.0,YPFD
2026-03-25,6017.5,6270.0,6017.5,6245.0,7256730.0,YPFD
2026-03-26,6247.5,6472.5,6247.5,6310.0,9194570.0,YPFD
2026-03-27,6322.5,6847.5,6320.0,6650.0,12301870.0,YPFD
2026-03-30,6700.0,7030.0,6700.0,6845.0,10313090.0,YPFD
2026-03-31,6870.0,7205.0,6650.0,6750.0,17416110.0,YPFD
2026-04-01,6670.0,6752.5,6480.0,6545.0,15221110.0,YPFD
2026-04-06,6592.5,6747.5,6465.0,6487.5,4291660.0,YPFD
2026-04-07,6540.0,6660.0,6450.0,6545.0,5534890.0,YPFD
2026-04-08,6220.0,6460.0,5900.0,6410.0,5200630.0,YPFD
2026-04-09,6440.0,6515.0,6270.0,6295.0,2726700.0,YPFD
2026-04-10,6292.5,6380.0,6242.5,6327.5,2023010.0,YPFD
2026-04-13,6375.0,6545.0,6330.0,6367.5,2847980.0,YPFD
2026-04-14,6365.0,6520.0,6115.0,6192.5,3455360.0,YPFD
2026-04-15,6190.0,6235.0,6010.0,6037.5,3208610.0,YPFD
2026-04-16,6030.0,6100.0,6002.5,6080.0,2133800.0,YPFD
2026-04-17,5972.5,5975.0,5755.0,5920.0,5161020.0,YPFD
2026-04-20,6000.0,6055.0,5930.0,6037.5,3504880.0,YPFD
2026-04-21,6037.5,6400.0,6017.5,6337.5,7231090.0,YPFD
2026-04-22,6342.5,6490.0,6297.5,6357.5,2393190.0,YPFD
2026-04-23,6355.0,6465.0,6335.0,6395.0,2531560.0,YPFD
2026-04-24,6400.0,6437.5,6247.5,6425.0,1851780.0,YPFD
2026-04-27,6420.0,6580.0,6405.0,6510.0,2692490.0,YPFD
2026-04-28,6517.5,6645.0,6512.5,6532.5,2500220.0,YPFD
2026-04-29,6600.0,6720.0,6557.5,6702.5,4430570.0,YPFD
2026-04-30,6705.0,6785.0,6570.0,6765.0,3191950.0,YPFD
2026-05-04,6560.0,6660.0,6525.0,6647.5,2886910.0,YPFD
2026-05-05,6640.0,6642.5,6467.5,6522.5,3196960.0,YPFD
2026-05-06,6390.0,6442.5,6272.5,6420.0,4173360.0,YPFD
2026-05-07,6345.0,6370.0,6180.0,6357.5,3453030.0,YPFD
2026-05-08,6380.0,6420.0,6225.0,6282.5,2176510.0,YPFD
2026-05-11,6322.5,6660.0,6302.5,6642.5,4835320.0,YPFD
2026-05-12,6645.0,6772.5,6605.0,6647.5,3052980.0,YPFD
2026-05-13,6630.0,6660.0,6437.5,6452.5,2495310.0,YPFD
2026-05-14,6450.0,6590.0,6410.0,6530.0,2019750.0,YPFD
2026-05-15,6530.0,6675.0,6455.0,6500.0,1188940.0,YPFD
2026-05-18,6540.0,7095.0,6540.0,7040.0,10522450.0,YPFD
2026-05-19,7055.0,7272.5,7002.5,7127.5,5253790.0,YPFD
2026-05-20,7125.0,7290.0,6925.0,6980.0,4037140.0,YPFD
2026-05-21,7002.5,7275.0,7002.5,7085.0,3821690.0,YPFD
2026-05-22,7080.0,7230.0,7050.0,7102.5,1884220.0,YPFD
2026-05-26,7082.5,7280.0,7030.0,7210.0,3061120.0,YPFD
2026-05-27,7210.0,7705.0,7102.5,7662.5,6612990.0,YPFD
2026-05-28,7500.0,7930.0,7470.0,7707.5,2884360.0,YPFD
2026-05-29,7710.0,7870.0,7690.0,7835.0,2563680.0,YPFD
2026-06-01,7865.0,8350.0,7865.0,8155.0,3639090.0,YPFD
2026-06-02,8255.0,8350.0,8107.5,8327.5,2832930.0,YPFD
2026-06-03,8400.0,8432.5,8197.5,8305.0,3295650.0,YPFD
2026-06-04,8305.0,8722.5,8190.0,8385.0,1993850.0,YPFD
2026-06-05,8500.0,8510.0,8035.0,8107.5,2296940.0,YPFD
2026-06-08,8110.0,8397.5,8110.0,8195.0,2337590.0,YPFD
2026-06-09,8197.5,8242.5,7950.0,8132.5,2427480.0,YPFD
2026-06-10,8135.0,8430.0,8135.0,8212.5,2794530.0,YPFD
2026-06-11,8220.0,8575.0,8220.0,8370.0,5186660.0,YPFD
2026-06-12,8370.0,8535.0,8250.0,8340.0,2513400.0,YPFD
2026-06-16,7925.0,7925.0,7580.0,7675.0,5510570.0,YPFD
2026-06-17,7677.5,7850.0,7600.0,7667.5,2147690.0,YPFD
2026-06-18,7685.0,7685.0,7495.0,7612.5,2478860.0,YPFD
2026-06-19,7610.0,7750.0,7530.0,7642.5,1639830.0,YPFD
2026-06-22,7550.0,7730.0,7450.0,7550.0,1982320.0,YPFD
2026-06-23,7550.0,7560.0,7397.5,7470.0,2177800.0,YPFD
2026-06-24,7400.0,7400.0,6900.0,7080.0,4285490.0,YPFD
2026-06-25,7150.0,7195.0,6960.0,7075.0,2343450.0,YPFD
2026-06-26,7040.0,7120.0,6960.0,7005.0,1662520.0,YPFD
2026-06-29,7105.0,7250.0,7012.5,7057.5,3321970.0,YPFD
2026-06-30,7160.0,7202.5,7062.5,7112.5,1923170.0,YPFD
2026-07-01,7140.0,7195.0,6942.5,7030.0,2375640.0,YPFD
2026-07-02,7030.0,7180.0,6955.0,7007.5,2107090.0,YPFD
2026-07-03,7097.5,7167.5,7010.0,7157.5,628400.0,YPFD
2026-07-06,7262.5,7312.5,7050.0,7265.0,2214790.0,YPFD
2026-07-07,7265.0,7460.0,7202.5,7442.5,2574990.0,YPFD
2026-07-08,7510.0,7890.0,7510.0,7577.5,4818730.0,YPFD
2026-07-10,7550.0,7550.0,7380.0,7440.0,640440.0,YPFD
2026-07-13,7550.0,7757.5,7507.5,7717.5,2776490.0,YPFD
2026-07-14,7755.0,7870.0,7675.0,7777.5,2377680.0,YPFD
2026-07-15,7787.5,7937.5,7665.0,7855.0,2290310.0,YPFD
2026-07-16,7860.0,7910.0,7562.5,7607.5,2055440.0,YPFD
2026-07-17,7655.0,7840.0,7645.0,7790.0,1976970.0,YPFD
2026-07-20,7800.0,7930.0,7670.0,7920.0,2477030.0,YPFD
2026-07-21,7925.0,8097.5,7925.0,8062.5,2505400.0,YPFD
2026-07-22,8130.0,8290.0,8130.0,8250.0,4425690.0,YPFD
2026-07-23,8337.5,8440.0,8220.0,8247.5,2352440.0,YPFD
2026-07-24,8222.5,8242.5,8092.5,8200.0,1055390.0,YPFD
2026-07-27,7987.5,8145.0,7957.5,8122.5,1705500.0,YPFD
2026-07-28,8120.0,8197.5,7870.0,7952.5,1221350.0,YPFD
2026-07-29,8022.5,8175.0,7890.0,7977.5,1709730.0,YPFD
2026-07-30,8020.0,8200.0,7975.0,8132.5,1922070.0,YPFD
2026-07-31,8140.0,8385.0,8140.0,8290.0,1506310.0,YPFD
2026-08-03,8150.0,8270.0,8015.0,8105.0,1196649.0,YPFD
2026-08-04,8095.0,8095.0,7770.0,7840.0,2368612.0,YPFD
2026-08-05,7970.0,7970.0,7635.0,7685.0,2291514.0,YPFD
2026-08-06,7720.0,7970.0,7720.0,7835.0,1249715.0,YPFD
2026-08-07,8000.0,8000.0,7725.0,7775.0,1229688.0,YPFD
2026-08-10,7900.0,8120.0,7880.0,8065.0,2580800.0,YPFD
2026-08-11,8200.0,8370.0,7670.0,7790.0,4463801.0,YPFD
2026-08-12,7830.0,7850.0,7600.0,7770.0,2524926.0,YPFD
2026-08-13,7780.0,7840.0,7625.0,7815.0,2052894.0,YPFD
2026-08-14,7885.0,7950.0,7820.0,7860.0,2117417.0,YPFD
2026-08-18,8250.0,8375.0,7980.0,7990.0,3632078.0,YPFD
2026-08-19,8100.0,8155.0,7880.0,7905.0,2256879.0,YPFD
2026-08-20,8085.0,8140.0,7980.0,8045.0,1771338.0,YPFD
2026-08-21,8050.0,8235.0,8050.0,8150.0,1532577.0,YPFD
2026-08-24,8145.0,8290.0,7980.0,8175.0,2355515.0,YPFD
2026-08-25,8160.0,8165.0,7920.0,8010.0,2285397.0,YPFD
