date,open,high,low,close
2018-01-02,30066.0,31144.0,30066.0,31084.0
2018-01-03,31084.0,31497.0,30820.0,31476.0
2018-01-04,31476.0,32001.0,31421.0,31952.0
2018-01-05,31952.0,32242.0,31698.0,32190.0
2018-01-08,32190.0,32419.0,31880.0,32351.0
2018-01-09,32351.0,32648.0,32105.0,32139.0
2018-01-10,32139.0,32144.0,31220.0,31632.0
2018-01-11,31632.0,32108.0,31610.0,32078.0
2018-01-12,32078.0,32766.0,32076.0,32720.0
2018-01-15,32720.0,33698.0,32698.0,33623.0
2018-01-16,33623.0,33698.0,33077.0,33522.0
2018-01-17,33522.0,33879.0,33418.0,33598.0
2018-01-18,33598.0,34100.0,33598.0,34049.0
2018-01-19,34049.0,34148.0,33267.0,33592.0
2018-01-22,33592.0,33703.0,33433.0,33526.0
2018-01-23,33526.0,33951.0,33507.0,33893.0
2018-01-24,33893.0,34981.0,33893.0,34949.0
2018-01-25,34949.0,35189.0,34687.0,35142.0
2018-01-26,35142.0,35335.0,34886.0,35126.0
2018-01-29,35126.0,35183.0,34257.0,34787.0
2018-01-30,34787.0,34836.0,33793.0,34241.0
2018-01-31,34241.0,34990.0,34241.0,34939.0
2018-02-01,34939.0,35462.0,34586.0,34641.0
2018-02-02,34641.0,34644.0,32563.0,32615.0
2018-02-05,32615.0,32615.0,31096.0,31146.0
2018-02-06,31146.0,31751.0,29859.0,31624.0
2018-02-07,31624.0,32605.0,31408.0,31627.0
2018-02-08,31627.0,32227.0,30930.0,31022.0
2018-02-09,31022.0,31190.0,29461.0,30143.0
2018-02-14,30143.0,31599.0,30143.0,31551.0
2018-02-15,31551.0,32160.0,31551.0,32024.0
2018-02-16,32024.0,32739.0,32022.0,32677.0
2018-02-19,32677.0,33321.0,32677.0,33281.0
2018-02-20,33281.0,33282.0,32806.0,32826.0
2018-02-21,32826.0,33135.0,32632.0,33042.0
2018-02-22,33042.0,33162.0,32849.0,33125.0
2018-02-23,33125.0,33410.0,32715.0,32742.0
2018-02-26,32742.0,33168.0,32711.0,32918.0
2018-02-27,32918.0,33252.0,32329.0,32516.0
2018-02-28,32516.0,33030.0,32269.0,33011.0
2018-03-01,33011.0,33020.0,31931.0,32013.0
2018-03-02,32013.0,32013.0,31205.0,31901.0
2018-03-05,31901.0,32323.0,31880.0,32134.0
2018-03-06,32134.0,32912.0,32134.0,32865.0
2018-03-07,32865.0,32870.0,32401.0,32744.0
2018-03-08,32744.0,33197.0,32672.0,32823.0
2018-03-09,32823.0,33499.0,32817.0,33183.0
2018-03-12,33183.0,33509.0,33180.0,33244.0
2018-03-13,33254.0,33438.0,32955.0,32980.0
2018-03-14,32980.0,33210.0,32761.0,32825.0
2018-03-15,32825.0,32934.0,32603.0,32708.0
2018-03-16,32708.0,33059.0,32484.0,32555.0
2018-03-19,32555.0,32561.0,31617.0,31724.0
2018-03-20,31724.0,32176.0,31670.0,31798.0
2018-03-21,31798.0,32514.0,31798.0,32370.0
2018-03-22,32370.0,32371.0,31835.0,31908.0
2018-03-23,31908.0,32030.0,31397.0,31461.0
2018-03-26,31461.0,31980.0,31461.0,31637.0
2018-03-27,31637.0,31834.0,31214.0,31236.0
2018-03-28,31236.0,31419.0,30982.0,31115.0
2018-04-03,31115.0,31394.0,30958.0,31341.0
2018-04-04,31341.0,31376.0,30931.0,31319.0
2018-04-05,31319.0,31896.0,31319.0,31867.0
2018-04-06,31867.0,31959.0,31552.0,31739.0
2018-04-09,31739.0,31991.0,31739.0,31844.0
2018-04-10,31844.0,32341.0,31844.0,32222.0
2018-04-11,32222.0,32340.0,31980.0,32031.0
2018-04-12,32031.0,32144.0,31958.0,32039.0
2018-04-13,32039.0,32108.0,31500.0,31593.0
2018-04-16,31593.0,31595.0,30948.0,31008.0
2018-04-17,31008.0,31516.0,31007.0,31403.0
2018-04-18,31403.0,31773.0,31403.0,31532.0
2018-04-19,31532.0,31575.0,30997.0,31281.0
2018-04-20,31281.0,31391.0,31122.0,31162.0
2018-04-23,31162.0,31243.0,30868.0,30941.0
2018-04-24,30941.0,31223.0,30497.0,30569.0
2018-04-25,30569.0,30569.0,29815.0,29947.0
2018-04-26,29947.0,30087.0,29321.0,29488.0
2018-04-27,29488.0,30261.0,29407.0,30006.0
2018-05-02,30006.0,30247.0,29563.0,29614.0
2018-05-03,29614.0,29831.0,29130.0,29503.0
2018-05-04,29503.0,29826.0,27791.0,28553.0
2018-05-07,28553.0,29096.0,27342.0,27513.0
2018-05-08,27513.0,27513.0,26030.0,26277.0
2018-05-09,26277.0,28012.0,26277.0,27908.0
2018-05-10,27908.0,29692.0,27908.0,29601.0
2018-05-11,29601.0,30260.0,28935.0,29852.0
2018-05-14,29852.0,30519.0,29595.0,30442.0
2018-05-15,30442.0,31819.0,30395.0,30677.0
2018-05-16,30677.0,31783.0,30656.0,31661.0
2018-05-17,31661.0,32042.0,31556.0,31806.0
2018-05-18,31795.0,32180.0,31739.0,31870.0
2018-05-21,31883.0,32056.0,31506.0,31633.0
2018-05-22,31633.0,31751.0,30962.0,30991.0
2018-05-23,30991.0,30997.0,30200.0,30234.0
2018-05-24,30234.0,30234.0,29488.0,29665.0
2018-05-28,29665.0,29665.0,28303.0,28654.0
2018-05-29,28654.0,29092.0,28131.0,28326.0
2018-05-30,28326.0,28743.0,28308.0,28389.0
2018-05-31,28389.0,28768.0,28241.0,28559.0
2018-06-01,28559.0,28899.0,27969.0,28437.0
2018-06-04,28437.0,29075.0,28437.0,29036.0
2018-06-05,29036.0,30400.0,29036.0,30359.0
2018-06-06,30359.0,30755.0,30140.0,30428.0
2018-06-07,30428.0,30428.0,29754.0,30178.0
2018-06-08,30178.0,31499.0,30178.0,31444.0
2018-06-11,31444.0,31950.0,31444.0,31704.0
2018-06-12,31704.0,31707.0,30697.0,30749.0
2018-06-13,30749.0,30752.0,29947.0,30228.0
2018-06-14,30228.0,30768.0,29931.0,30115.0
2018-06-15,30115.0,30213.0,29740.0,30148.0
2018-06-18,30148.0,30148.0,27632.0,27657.0
2018-06-19,27657.0,29181.0,27657.0,29119.0
2018-06-21,29119.0,31682.0,29119.0,30869.0
2018-06-22,30869.0,30941.0,30173.0,30211.0
2018-06-25,30211.0,30212.0,28611.0,28825.0
2018-06-26,28825.0,29240.0,28356.0,28474.0
2018-06-27,28474.0,28474.0,25598.0,25921.0
2018-06-28,25921.0,26897.0,25856.0,26789.0
2018-06-29,26789.0,27043.0,25627.0,26037.0
2018-07-02,25207.0,26037.0,24747.0,25298.0
2018-07-03,25298.0,27198.0,25298.0,27092.0
2018-07-04,27092.0,27751.0,26800.0,27703.0
2018-07-05,27703.0,28178.0,27312.0,27813.0
2018-07-06,27813.0,28087.0,27380.0,27611.0
2018-07-10,27611.0,28502.0,27496.0,27635.0
2018-07-11,27635.0,27784.0,27077.0,27232.0
2018-07-12,27232.0,27666.0,26562.0,26705.0
2018-07-13,26705.0,26781.0,26227.0,26514.0
2018-07-16,26514.0,26689.0,26095.0,26264.0
2018-07-17,26264.0,26878.0,26174.0,26765.0
2018-07-18,26765.0,27109.0,26580.0,27045.0
2018-07-19,27045.0,27049.0,26720.0,26814.0
2018-07-20,26814.0,27660.0,26795.0,27625.0
2018-07-23,27625.0,27884.0,27423.0,27704.0
2018-07-24,27704.0,28294.0,27704.0,28273.0
2018-07-25,28273.0,29403.0,28273.0,29364.0
2018-07-26,29364.0,29514.0,29073.0,29205.0
2018-07-27,29205.0,29843.0,29043.0,29259.0
2018-07-30,29259.0,29362.0,28834.0,29232.0
2018-07-31,29232.0,29348.0,29100.0,29287.0
2018-08-01,29287.0,29475.0,29230.0,29388.0
2018-08-02,29388.0,29436.0,28848.0,28883.0
2018-08-03,28883.0,29578.0,28883.0,29216.0
2018-08-05,0.0,0.0,0.0,40873.4
2018-08-06,29216.0,29331.0,28869.0,28894.0
2018-08-07,28894.0,28922.0,27724.0,27783.0
2018-08-08,27783.0,27783.0,26583.0,26675.0
2018-08-09,26675.0,27248.0,26644.0,26906.0
2018-08-10,26906.0,26950.0,25924.0,26856.0
2018-08-13,26856.0,26856.0,25795.0,26062.0
2018-08-14,26062.0,26582.0,26056.0,26537.0
2018-08-15,26537.0,27158.0,26079.0,27008.0
2018-08-16,27008.0,27356.0,26544.0,26939.0
2018-08-17,26939.0,26943.0,26070.0,26239.0
2018-08-21,26239.0,26340.0,26010.0,26046.0
2018-08-22,26046.0,26891.0,26016.0,26844.0
2018-08-23,26844.0,27097.0,26522.0,26523.0
2018-08-24,26523.0,26523.0,24951.0,25168.0
2018-08-27,25168.0,25855.0,25115.0,25435.0
2018-08-28,25435.0,25446.0,24618.0,25033.0
2018-08-29,25033.0,25499.0,25008.0,25398.0
2018-08-30,25398.0,27073.0,25100.0,26755.0
2018-08-31,26755.0,29396.0,26743.0,29294.0
2018-09-03,29294.0,29434.0,28573.0,28807.0
2018-09-04,28807.0,28807.0,27524.0,27625.0
2018-09-05,27625.0,28921.0,27622.0,28769.0
2018-09-06,28769.0,30088.0,28769.0,29948.0
2018-09-07,29948.0,30440.0,29791.0,29811.0
2018-09-10,29811.0,30051.0,29382.0,29455.0
2018-09-11,29455.0,29455.0,28525.0,29164.0
2018-09-12,29164.0,29792.0,29164.0,29745.0
2018-09-13,29745.0,30670.0,29717.0,30024.0
2018-09-14,30024.0,30413.0,29974.0,30177.0
2018-09-17,30177.0,31194.0,30099.0,31157.0
2018-09-18,31157.0,32164.0,31157.0,32106.0
2018-09-19,32106.0,33364.0,32092.0,33118.0
2018-09-20,33118.0,34585.0,33118.0,34514.0
2018-09-21,34514.0,35115.0,33635.0,34327.0
2018-09-24,34327.0,34433.0,32488.0,33164.0
2018-09-25,33164.0,34215.0,32302.0,34053.0
2018-09-26,34053.0,34266.0,33767.0,33943.0
2018-09-27,33943.0,35121.0,33593.0,33651.0
2018-09-28,33651.0,34120.0,33222.0,33462.0
2018-10-01,33462.0,33945.0,32585.0,32585.0
2018-10-02,32585.0,33370.0,32585.0,32730.0
2018-10-03,32730.0,33764.0,32032.0,32202.0
2018-10-04,32202.0,32224.0,30912.0,30929.0
2018-10-05,30929.0,31517.0,30129.0,30169.0
2018-10-08,30169.0,30859.0,30095.0,30547.0
2018-10-09,30547.0,30577.0,29328.0,29613.0
2018-10-10,29613.0,29613.0,28435.0,28550.0
2018-10-11,28550.0,28698.0,27581.0,27613.0
2018-10-12,27613.0,29757.0,27613.0,29598.0
2018-10-16,29598.0,30101.0,29281.0,29431.0
2018-10-17,29431.0,29431.0,28702.0,28721.0
2018-10-18,28721.0,28821.0,28238.0,28371.0
2018-10-19,28371.0,28923.0,28371.0,28673.0
2018-10-22,28673.0,28901.0,28394.0,28568.0
2018-10-23,28568.0,28568.0,27878.0,28360.0
2018-10-24,28360.0,28712.0,27913.0,28157.0
2018-10-25,28157.0,29561.0,28157.0,29335.0
2018-10-26,29335.0,29847.0,28706.0,29370.0
2018-10-29,29370.0,29830.0,28647.0,28898.0
2018-10-30,28898.0,29466.0,28898.0,29426.0
2018-10-31,29426.0,29547.0,29013.0,29491.0
2018-11-01,29491.0,31362.0,29491.0,31309.0
2018-11-02,31309.0,31831.0,31030.0,31419.0
2018-11-05,31419.0,31599.0,30936.0,31429.0
2018-11-06,0.0,0.0,0.0,31025.0
2018-11-07,30974.0,31584.0,30974.0,31405.0
2018-11-08,31405.0,31635.0,30729.0,30736.0
2018-11-09,30736.0,30736.0,29746.0,29913.0
2018-11-12,29913.0,30087.0,29375.0,29423.0
2018-11-13,29423.0,29592.0,28526.0,28543.0
2018-11-14,28543.0,29450.0,28535.0,29373.0
2018-11-15,29373.0,30886.0,29373.0,30474.0
2018-11-16,30474.0,31278.0,30474.0,31109.0
2018-11-20,31109.0,31146.0,29650.0,29715.0
2018-11-21,29715.0,30681.0,29702.0,30263.0
2018-11-22,30263.0,30450.0,30116.0,30275.0
2018-11-23,30275.0,31101.0,29967.0,30724.0
2018-11-26,30724.0,31740.0,30705.0,31132.0
2018-11-27,31132.0,31664.0,30804.0,30921.0
2018-11-28,30921.0,31397.0,30505.0,31139.0
2018-11-29,31139.0,31605.0,31002.0,31483.0
2018-12-03,31483.0,32617.0,31483.0,31889.0
2018-12-04,31889.0,32144.0,31662.0,31958.0
2018-12-05,31958.0,32035.0,31630.0,31780.0
2018-12-06,31780.0,32106.0,31075.0,32020.0
2018-12-07,32020.0,32447.0,31440.0,31550.0
2018-12-10,31550.0,31550.0,30712.0,30754.0
2018-12-11,30754.0,31413.0,30754.0,30941.0
2018-12-12,30941.0,31591.0,30941.0,31081.0
2018-12-13,31081.0,31361.0,30941.0,31020.0
2018-12-14,31020.0,31164.0,30801.0,31110.0
2018-12-17,31110.0,31119.0,29820.0,29888.0
2018-12-18,29888.0,30242.0,29654.0,29777.0
2018-12-19,29777.0,30475.0,29727.0,29968.0
2018-12-20,29968.0,29968.0,28938.0,29243.0
2018-12-21,29243.0,29389.0,28081.0,28457.0
2018-12-26,28457.0,28627.0,27380.0,28473.0
2018-12-27,28473.0,29623.0,28473.0,29519.0
2018-12-28,29519.0,30369.0,29481.0,30293.0
2019-01-02,30293.0,31279.0,29994.0,31097.0
2019-01-03,31097.0,31321.0,30549.0,31065.0
2019-01-04,31065.0,32432.0,31063.0,32303.0
2019-01-07,32303.0,33306.0,32300.0,33011.0
2019-01-08,33011.0,33391.0,32469.0,32915.0
2019-01-09,32915.0,34325.0,32915.0,33769.0
2019-01-10,33769.0,34205.0,33385.0,34168.0
2019-01-11,34168.0,34168.0,33697.0,33885.0
2019-01-14,33885.0,34224.0,33531.0,33771.0
2019-01-15,33771.0,34092.0,33462.0,33563.0
2019-01-16,33563.0,34352.0,33543.0,34048.0
2019-01-17,34048.0,34321.0,33783.0,34263.0
2019-01-18,34263.0,35230.0,34263.0,35101.0
2019-01-21,35101.0,35343.0,34960.0,35303.0
2019-01-22,35303.0,35303.0,33896.0,34043.0
2019-01-23,34043.0,34880.0,34043.0,34819.0
2019-01-24,34819.0,35431.0,34816.0,34939.0
2019-01-25,34939.0,35527.0,34786.0,34811.0
2019-01-28,34811.0,34879.0,34133.0,34841.0
2019-01-29,34841.0,35598.0,34699.0,35511.0
2019-01-30,35511.0,36125.0,35494.0,36039.0
2019-01-31,36039.0,36492.0,35903.0,36327.0
2019-02-01,36327.0,36789.0,36265.0,36600.0
2019-02-04,36600.0,37244.0,36506.0,37145.0
2019-02-05,37145.0,37497.0,36928.0,37472.0
2019-02-06,37472.0,37562.0,36698.0,36732.0
2019-02-07,36732.0,36732.0,35694.0,35929.0
2019-02-08,35929.0,36696.0,35752.0,36664.0
2019-02-11,36664.0,37181.0,36664.0,37024.0
2019-02-12,37024.0,37721.0,37024.0,37686.0
2019-02-13,37686.0,37875.0,36964.0,37039.0
2019-02-14,37039.0,37431.0,36844.0,37386.0
2019-02-15,37386.0,37602.0,37169.0,37470.0
2019-02-18,37470.0,37533.0,37247.0,37355.0
2019-02-19,37355.0,37418.0,36251.0,36292.0
2019-02-20,36292.0,37649.0,36292.0,36504.0
2019-02-21,36504.0,36620.0,35837.0,35852.0
2019-02-22,35852.0,36716.0,35852.0,36647.0
2019-02-25,36647.0,37165.0,36062.0,36332.0
2019-02-26,36332.0,36342.0,35641.0,36027.0
2019-02-27,36027.0,36098.0,35254.0,35346.0
2019-02-28,35346.0,35413.0,34290.0,34486.0
2019-03-01,34486.0,35118.0,33686.0,33835.0
2019-03-06,33835.0,33839.0,32291.0,32340.0
2019-03-07,32340.0,33375.0,32092.0,33190.0
2019-03-08,33190.0,33598.0,32802.0,33020.0
2019-03-11,33020.0,33989.0,33020.0,33791.0
2019-03-12,33791.0,34328.0,33523.0,33681.0
2019-03-13,33641.0,34412.0,33641.0,34023.0
2019-03-14,34023.0,34129.0,33391.0,33531.0
2019-03-15,33531.0,34055.0,33531.0,33933.0
2019-03-18,33933.0,34969.0,33933.0,34939.0
2019-03-19,34939.0,35648.0,34361.0,34373.0
2019-03-20,34373.0,35156.0,34373.0,34744.0
2019-03-21,34744.0,34876.0,34079.0,34186.0
2019-03-22,34186.0,34186.0,32741.0,32828.0
2019-03-25,32828.0,33498.0,32674.0,33166.0
2019-03-26,33166.0,33861.0,32234.0,32628.0
2019-03-27,32628.0,32628.0,31710.0,32175.0
2019-03-28,32175.0,32917.0,32175.0,32892.0
2019-03-29,32892.0,33634.0,32892.0,33466.0
2019-04-01,33466.0,33876.0,32948.0,33007.0
2019-04-03,33007.0,33007.0,31723.0,31765.0
2019-04-04,31765.0,32411.0,31765.0,32143.0
2019-04-05,32143.0,32942.0,32143.0,32667.0
2019-04-08,32667.0,33191.0,32667.0,33081.0
2019-04-09,33081.0,33122.0,31596.0,31743.0
2019-04-10,31743.0,32485.0,31743.0,32155.0
2019-04-11,32228.0,32228.0,31167.0,31501.0
2019-04-12,31501.0,31634.0,31142.0,31357.0
2019-04-15,31374.0,31816.0,31226.0,31746.0
2019-04-16,31775.0,32425.0,31775.0,32290.0
2019-04-17,32406.0,32426.0,31956.0,32037.0
2019-04-22,32037.0,32037.0,30571.0,30787.0
2019-04-23,30787.0,31483.0,30783.0,30927.0
2019-04-24,30927.0,30927.0,29670.0,29747.0
2019-04-25,29747.0,30039.0,28310.0,29557.0
2019-04-26,29557.0,30079.0,29212.0,30001.0
2019-04-29,30001.0,30001.0,28821.0,28827.0
2019-04-30,28860.0,29615.0,28860.0,29571.0
2019-05-02,29571.0,30876.0,29571.0,30817.0
2019-05-03,30857.0,32447.0,30820.0,32412.0
2019-05-06,32412.0,33109.0,31960.0,33001.0
2019-05-07,33051.0,33052.0,32244.0,32741.0
2019-05-08,32741.0,33950.0,32741.0,33776.0
2019-05-09,33777.0,34600.0,33493.0,34119.0
2019-05-10,34280.0,34671.0,33263.0,33394.0
2019-05-13,33406.0,33406.0,32234.0,32300.0
2019-05-14,32453.0,33192.0,32453.0,32511.0
2019-05-15,32511.0,33273.0,32511.0,33218.0
2019-05-16,33218.0,34129.0,33216.0,33892.0
2019-05-17,33892.0,34123.0,33178.0,33316.0
2019-05-20,33316.0,33628.0,32829.0,33493.0
2019-05-21,33493.0,34565.0,33493.0,34481.0
2019-05-22,34491.0,34727.0,34358.0,34579.0
2019-05-23,34579.0,34579.0,33985.0,34379.0
2019-05-24,34379.0,35131.0,34361.0,35085.0
2019-05-27,35085.0,35547.0,35025.0,35449.0
2019-05-28,35449.0,35815.0,34471.0,34644.0
2019-05-29,34644.0,34644.0,33494.0,33967.0
2019-05-30,33967.0,34725.0,33967.0,34239.0
2019-05-31,34239.0,34655.0,33858.0,33950.0
2019-06-03,33950.0,34419.0,33279.0,33765.0
2019-06-04,33765.0,34853.0,33765.0,34701.0
2019-06-05,34701.0,35452.0,34701.0,35276.0
2019-06-06,35276.0,35770.0,35143.0,35734.0
2019-06-07,35734.0,36177.0,35475.0,35663.0
2019-06-10,35663.0,36576.0,35633.0,36453.0
2019-06-11,36453.0,38322.0,36453.0,38283.0
2019-06-12,38345.0,40972.0,38345.0,40698.0
2019-06-13,40931.0,40966.0,39519.0,40646.0
2019-06-14,40646.0,40994.0,40385.0,40488.0
2019-06-18,40488.0,41478.0,40480.0,40688.0
2019-06-19,40688.0,41050.0,39818.0,39862.0
2019-06-21,39862.0,40615.0,39862.0,40295.0
2019-06-24,40295.0,40301.0,39579.0,40112.0
2019-06-25,40112.0,40390.0,39862.0,40292.0
2019-06-26,40292.0,40899.0,39751.0,39917.0
2019-06-27,39917.0,41393.0,39895.0,41128.0
2019-06-28,41128.0,41836.0,41050.0,41796.0
2019-07-01,41796.0,42144.0,41380.0,41508.0
2019-07-02,41508.0,42126.0,41507.0,41793.0
2019-07-03,41793.0,42104.0,41262.0,41304.0
2019-07-04,41304.0,41505.0,41176.0,41380.0
2019-07-05,41429.0,41943.0,41381.0,41756.0
2019-07-10,41798.0,42849.0,41752.0,42807.0
2019-07-11,42807.0,43293.0,42744.0,42856.0
2019-07-12,42856.0,43166.0,42661.0,42753.0
2019-07-15,42753.0,42882.0,41234.0,41257.0
2019-07-16,41257.0,42247.0,41257.0,41788.0
2019-07-17,41788.0,42067.0,41396.0,41451.0
2019-07-18,41451.0,41637.0,39944.0,40753.0
2019-07-19,40753.0,40884.0,40097.0,40162.0
2019-07-22,40162.0,40176.0,38730.0,38730.0
2019-07-23,38730.0,39254.0,38548.0,39204.0
2019-07-24,39204.0,39947.0,39204.0,39785.0
2019-07-25,39785.0,40054.0,39426.0,39884.0
2019-07-26,39884.0,42106.0,39884.0,41984.0
2019-07-29,41984.0,43070.0,41743.0,42786.0
2019-07-30,42786.0,42837.0,42418.0,42463.0
2019-07-31,42463.0,42722.0,41805.0,42058.0
2019-08-01,42058.0,42493.0,41220.0,41411.0
2019-08-02,41411.0,41651.0,40573.0,41359.0
2019-08-05,41359.0,41359.0,40471.0,40873.0
2019-08-06,40873.0,41378.0,40804.0,41317.0
2019-08-07,41317.0,41355.0,40496.0,40949.0
2019-08-08,40949.0,41623.0,40845.0,41094.0
2019-08-09,41094.0,44471.0,41094.0,44355.0
2019-08-10,44287.0,44287.0,44287.0,44287.0
2019-08-11,44287.0,44287.0,44287.0,44287.0
2019-08-12,44355.0,44355.0,27450.0,27531.0
2019-08-13,27531.0,31011.0,27531.0,30345.0
2019-08-14,30393.0,30994.0,28917.0,29921.0
2019-08-15,29921.0,31688.0,29916.0,31039.0
2019-08-16,31039.0,31900.0,30214.0,30407.0
2019-08-17,30402.5,30402.5,30402.5,30402.5
2019-08-18,30402.5,30402.5,30402.5,30402.5
2019-08-19,30406.7,30406.7,30406.7,30406.7
2019-08-20,30407.0,30407.0,27074.0,27231.0
2019-08-21,27231.0,28054.0,27231.0,27978.0
2019-08-22,27978.0,28445.0,27891.0,27983.0
2019-08-23,27983.0,28051.0,26513.0,26586.0
2019-08-24,26536.4,26536.4,26536.4,26536.4
2019-08-25,26536.4,26536.4,26536.4,26536.4
2019-08-26,26586.0,26773.0,25832.0,25848.0
2019-08-27,25848.0,25848.0,24535.0,24623.0
2019-08-28,24623.0,25583.0,24602.0,25458.0
2019-08-29,25458.0,25458.0,23862.0,23985.0
2019-08-30,23985.0,25272.0,23948.0,24609.0
2019-08-31,24518.6,24518.6,24518.6,24518.6
2019-09-01,24518.6,24518.6,24518.6,24518.6
2019-09-02,24609.0,26256.0,24540.0,26195.0
2019-09-03,26195.0,26234.0,22484.0,23079.0
2019-09-04,23079.0,24993.0,23079.0,24665.0
2019-09-05,24665.0,27060.0,24665.0,26932.0
2019-09-06,26932.0,28044.0,26932.0,27660.0
2019-09-07,27701.8,27701.8,27701.8,27701.8
2019-09-08,27701.8,27701.8,27701.8,27701.8
2019-09-09,27923.0,28342.0,26824.0,27176.0
2019-09-10,27176.0,28466.0,27176.0,28432.0
2019-09-11,28432.0,28787.0,28066.0,28618.0
2019-09-12,28618.0,29163.0,28382.0,29115.0
2019-09-13,29115.0,30362.0,28996.0,30136.0
2019-09-14,30093.9,30093.9,30093.9,30093.9
2019-09-15,30093.9,30093.9,30093.9,30093.9
2019-09-16,30136.0,31558.0,30136.0,30561.0
2019-09-17,30561.0,30561.0,29665.0,30151.0
2019-09-18,30151.0,30399.0,29534.0,30071.0
2019-09-19,30071.0,30466.0,29525.0,30414.0
2019-09-20,30414.0,30628.0,29892.0,30061.0
2019-09-21,30096.7,30096.7,30096.7,30096.7
2019-09-22,30096.7,30096.7,30096.7,30096.7
2019-09-23,30061.0,30061.0,28657.0,29152.0
2019-09-24,29095.0,29095.0,27627.0,27820.0
2019-09-25,27820.0,28313.0,27220.0,28212.0
2019-09-26,28212.0,28705.0,27946.0,28168.0
2019-09-27,28168.0,28953.0,28168.0,28878.0
2019-09-28,28795.4,28795.4,28795.4,28795.4
2019-09-29,28795.4,28795.4,28795.4,28795.4
2019-09-30,28878.0,29132.0,28297.0,29067.0
2019-10-01,29067.0,30148.0,29067.0,30066.0
2019-10-02,30066.0,30895.0,29856.0,30792.0
2019-10-03,30792.0,30969.0,30346.0,30366.0
2019-10-04,30366.0,31850.0,30322.0,31817.0
2019-10-05,31816.5,31816.5,31816.5,31816.5
2019-10-06,31816.5,31816.5,31816.5,31816.5
2019-10-07,31922.0,32289.0,30922.0,30941.0
2019-10-08,30941.0,30951.0,30058.0,30257.0
2019-10-09,30257.0,30434.0,29903.0,30338.0
2019-10-10,30338.0,31762.0,30338.0,31743.0
2019-10-11,31752.0,32286.0,31752.0,31798.0
2019-10-12,31798.1,31798.1,31798.1,31798.1
2019-10-13,31798.1,31798.1,31798.1,31798.1
2019-10-14,31798.1,31798.1,31798.1,31798.1
2019-10-15,31798.0,31798.0,31218.0,31334.0
2019-10-16,31450.0,31476.0,30615.0,30759.0
2019-10-17,30759.0,32021.0,30744.0,31995.0
2019-10-18,31995.0,32526.0,31838.0,31969.0
2019-10-19,31968.5,31968.5,31968.5,31968.5
2019-10-20,31968.5,31968.5,31968.5,31968.5
2019-10-21,31969.0,32585.0,31761.0,32551.0
2019-10-22,32551.0,33631.0,32361.0,33263.0
2019-10-23,33263.0,33752.0,31916.0,32775.0
2019-10-24,32775.0,33504.0,32068.0,33476.0
2019-10-25,33476.0,35527.0,33476.0,34522.0
2019-10-26,34522.2,34522.2,34522.2,34522.2
2019-10-27,34522.2,34522.2,34522.2,34522.2
2019-10-28,34522.0,36775.0,32649.0,33177.0
2019-10-29,33177.0,33620.0,32180.0,32544.0
2019-10-30,32544.0,33933.0,32173.0,33889.0
2019-10-31,33889.0,35051.0,33889.0,34995.0
2019-11-01,35024.0,36032.0,35024.0,35743.0
2019-11-02,35743.0,35743.0,35743.0,35743.0
2019-11-03,35743.0,35743.0,35743.0,35743.0
2019-11-04,35743.0,37424.0,35743.0,37279.0
2019-11-05,37279.0,37647.0,36211.0,36870.0
2019-11-06,36870.0,37055.0,35352.0,35501.0
2019-11-07,35501.0,36014.0,35374.0,35869.0
2019-11-08,35869.0,36291.0,34025.0,34131.0
2019-11-09,34131.1,34131.1,34131.1,34131.1
2019-11-10,34131.1,34131.1,34131.1,34131.1
2019-11-11,34131.0,34625.0,33535.0,33661.0
2019-11-12,33661.0,34177.0,32673.0,33430.0
2019-11-13,33430.0,33595.0,32149.0,32341.0
2019-11-14,32341.0,32743.0,30716.0,31020.0
2019-11-15,31020.0,32058.0,30434.0,31852.0
2019-11-16,31851.6,31851.6,31851.6,31851.6
2019-11-17,31851.6,31851.6,31851.6,31851.6
2019-11-18,31851.6,31851.6,31851.6,31851.6
2019-11-19,31852.0,32294.0,30643.0,32253.0
2019-11-20,32253.0,33697.0,32253.0,33421.0
2019-11-21,33421.0,34050.0,33024.0,33247.0
2019-11-22,33247.0,34098.0,33247.0,33589.0
2019-11-23,33588.8,33588.8,33588.8,33588.8
2019-11-24,33588.8,33588.8,33588.8,33588.8
2019-11-25,33589.0,34098.0,33389.0,33495.0
2019-11-26,33495.0,33781.0,31971.0,32113.0
2019-11-27,32113.0,33991.0,32113.0,33930.0
2019-11-28,33930.0,34453.0,33884.0,34220.0
2019-11-29,34249.0,34561.0,34031.0,34500.0
2019-11-30,34500.2,34500.2,34500.2,34500.2
2019-12-01,34500.2,34500.2,34500.2,34500.2
2019-12-02,34500.0,34501.0,33388.0,33447.0
2019-12-03,33039.0,33488.0,32588.0,32757.0
2019-12-04,32757.0,34737.0,32738.0,34692.0
2019-12-05,34692.0,35466.0,34086.0,35443.0
2019-12-06,35443.0,36736.0,35443.0,36562.0
2019-12-07,36561.9,36561.9,36561.9,36561.9
2019-12-08,36561.9,36561.9,36561.9,36561.9
2019-12-09,36562.0,37350.0,36122.0,36409.0
2019-12-10,36409.0,36780.0,34621.0,34657.0
2019-12-11,34657.0,35085.0,34174.0,35020.0
2019-12-12,35020.0,35698.0,34635.0,35505.0
2019-12-13,35505.0,37275.0,35505.0,36770.0
2019-12-14,36769.6,36769.6,36769.6,36769.6
2019-12-15,36769.6,36769.6,36769.6,36769.6
2019-12-16,36770.0,37925.0,36770.0,37620.0
2019-12-17,37620.0,37806.0,36370.0,36919.0
2019-12-18,36919.0,38599.0,36910.0,37620.0
2019-12-19,37620.0,39066.0,37620.0,38083.0
2019-12-20,38083.0,38737.0,38083.0,38632.0
2019-12-21,38632.4,38632.4,38632.4,38632.4
2019-12-22,38632.4,38632.4,38632.4,38632.4
2019-12-23,38632.0,40042.0,38629.0,39915.0
2019-12-24,39915.2,39915.2,39915.2,39915.2
2019-12-25,39915.2,39915.2,39915.2,39915.2
2019-12-26,39915.0,42976.0,39915.0,42279.0
2019-12-27,42279.0,43369.0,41402.0,41682.0
2019-12-28,41681.9,41681.9,41681.9,41681.9
2019-12-29,41681.9,41681.9,41681.9,41681.9
2019-12-30,41682.0,41975.0,40565.0,41671.0
2019-12-31,41671.4,41671.4,41671.4,41671.4
2020-01-01,41671.4,41671.4,41671.4,41671.4
2020-01-02,41671.0,42137.0,40795.0,41107.0
2020-01-03,41107.0,41107.0,39992.0,40499.0
2020-01-04,40499.1,40499.1,40499.1,40499.1
2020-01-05,40499.1,40499.1,40499.1,40499.1
2020-01-06,40499.0,41525.0,40207.0,41470.0
2020-01-07,41470.0,41961.0,40694.0,41116.0
2020-01-08,41116.0,41264.0,40552.0,41016.0
2020-01-09,41016.0,42084.0,40832.0,42036.0
2020-01-10,42036.0,42874.0,42036.0,42740.0
2020-01-11,42740.4,42740.4,42740.4,42740.4
2020-01-12,42740.4,42740.4,42740.4,42740.4
2020-01-13,42740.0,42921.0,41971.0,42018.0
2020-01-14,42018.0,42111.0,40789.0,41634.0
2020-01-15,41634.0,42264.0,40995.0,41246.0
2020-01-16,41246.0,42397.0,41246.0,42362.0
2020-01-17,42362.0,43070.0,42298.0,42340.0
2020-01-18,42339.8,42339.8,42339.8,42339.8
2020-01-19,42339.8,42339.8,42339.8,42339.8
2020-01-20,42340.0,43178.0,42340.0,43054.0
2020-01-21,43054.0,43191.0,41341.0,41486.0
2020-01-22,41486.0,42092.0,41231.0,42002.0
2020-01-23,42002.0,42258.0,41094.0,41140.0
2020-01-24,41140.0,41395.0,39665.0,39918.0
2020-01-25,39917.8,39917.8,39917.8,39917.8
2020-01-26,39917.8,39917.8,39917.8,39917.8
2020-01-27,39918.0,39918.0,38761.0,39605.0
2020-01-28,39605.0,40982.0,39605.0,40830.0
2020-01-29,40830.0,41629.0,40287.0,40341.0
2020-01-30,40341.0,40607.0,39819.0,40395.0
2020-01-31,40395.0,40894.0,39559.0,40105.0
2020-02-01,40307.8,40307.8,40307.8,40307.8
2020-02-02,40307.8,40307.8,40307.8,40307.8
2020-02-03,40105.0,41662.0,40105.0,41577.0
2020-02-04,41577.0,42695.0,40453.0,41034.0
2020-02-05,41034.0,41377.0,40737.0,40767.0
2020-02-06,40767.0,41409.0,40554.0,40906.0
2020-02-07,40906.0,41439.0,40811.0,41214.0
2020-02-08,41213.9,41213.9,41213.9,41213.9
2020-02-09,41213.9,41213.9,41213.9,41213.9
2020-02-10,41214.0,41568.0,40820.0,41053.0
2020-02-11,41053.0,41053.0,39589.0,39825.0
2020-02-12,39825.0,40409.0,39528.0,39936.0
2020-02-13,39936.0,39936.0,37968.0,38670.0
2020-02-14,38670.0,39129.0,38061.0,38648.0
2020-02-15,38647.7,38647.7,38647.7,38647.7
2020-02-16,38647.7,38647.7,38647.7,38647.7
2020-02-17,38648.0,39289.0,38601.0,39200.0
2020-02-18,39200.0,39200.0,37977.0,38157.0
2020-02-19,38157.0,39016.0,38157.0,38391.0
2020-02-20,38391.0,39267.0,38201.0,38961.0
2020-02-21,38961.0,39418.0,38403.0,38603.0
2020-02-22,38602.5,38602.5,38602.5,38602.5
2020-02-23,38602.5,38602.5,38602.5,38602.5
2020-02-24,38602.5,38602.5,38602.5,38602.5
2020-02-25,38602.5,38602.5,38602.5,38602.5
2020-02-26,38603.0,38603.0,36062.0,36422.0
2020-02-27,36422.0,36422.0,34785.0,35387.0
2020-02-28,35387.0,35387.0,34052.0,34973.0
2020-02-29,34973.2,34973.2,34973.2,34973.2
2020-03-01,34973.2,34973.2,34973.2,34973.2
2020-03-02,34973.0,36489.0,34964.0,36253.0
2020-03-03,36253.0,37514.0,35860.0,35999.0
2020-03-04,35999.0,37301.0,35999.0,37243.0
2020-03-05,37243.0,37277.0,36466.0,36772.0
2020-03-06,36772.0,36772.0,35204.0,35222.0
2020-03-07,35222.4,35222.4,35222.4,35222.4
2020-03-08,35222.4,35222.4,35222.4,35222.4
2020-03-09,35222.0,35222.0,30242.0,30380.0
2020-03-10,30380.0,33077.0,30380.0,32832.0
2020-03-11,32832.0,32832.0,30915.0,31420.0
2020-03-12,31420.0,31420.0,28113.0,28352.0
2020-03-13,28352.0,29876.0,27780.0,28448.0
2020-03-14,28455.5,28455.5,28455.5,28455.5
2020-03-15,28455.5,28455.5,28455.5,28455.5
2020-03-16,28448.0,28448.0,25400.0,25698.0
2020-03-17,25698.0,26263.0,24965.0,25824.0
2020-03-18,25824.0,25824.0,21739.0,22087.0
2020-03-19,22087.0,23470.0,22087.0,22656.0
2020-03-20,22666.0,25194.0,22666.0,23890.0
2020-03-21,23890.3,23890.3,23890.3,23890.3
2020-03-22,23890.3,23890.3,23890.3,23890.3
2020-03-23,23890.3,23890.3,23890.3,23890.3
2020-03-24,23890.3,23890.3,23890.3,23890.3
2020-03-25,23890.0,26592.0,23890.0,26338.0
2020-03-26,26338.0,27769.0,25322.0,25484.0
2020-03-27,25484.0,25484.0,24039.0,24059.0
2020-03-28,24108.1,24108.1,24108.1,24108.1
2020-03-29,24108.1,24108.1,24108.1,24108.1
2020-03-30,24059.0,24455.0,23591.0,24384.0
2020-03-31,24384.2,24384.2,24384.2,24384.2
2020-04-01,24384.0,25384.0,24384.0,25324.0
2020-04-02,25331.0,26082.0,25201.0,26003.0
2020-04-03,26003.0,26566.0,25685.0,26505.0
2020-04-04,26505.4,26505.4,26505.4,26505.4
2020-04-05,26505.4,26505.4,26505.4,26505.4
2020-04-06,26505.0,27493.0,26335.0,26923.0
2020-04-07,26923.0,27969.0,26546.0,26696.0
2020-04-08,26696.0,28072.0,26696.0,28018.0
2020-04-09,28017.6,28017.6,28017.6,28017.6
2020-04-10,28017.6,28017.6,28017.6,28017.6
2020-04-11,28017.6,28017.6,28017.6,28017.6
2020-04-12,28017.6,28017.6,28017.6,28017.6
2020-04-13,28018.0,28903.0,27318.0,28881.0
2020-04-14,28881.0,31111.0,28881.0,30782.0
2020-04-15,30782.0,32111.0,29420.0,32071.0
2020-04-16,32071.0,32071.0,29601.0,30078.0
2020-04-17,30078.0,31012.0,29557.0,29883.0
2020-04-18,29883.3,29883.3,29883.3,29883.3
2020-04-19,29883.3,29883.3,29883.3,29883.3
2020-04-20,29883.0,30663.0,29712.0,30536.0
2020-04-21,30536.0,30585.0,30099.0,30237.0
2020-04-22,30237.0,30935.0,30237.0,30555.0
2020-04-23,30555.0,30952.0,30122.0,30379.0
2020-04-24,30379.0,30379.0,28406.0,29258.0
2020-04-25,29258.1,29258.1,29258.1,29258.1
2020-04-26,29258.1,29258.1,29258.1,29258.1
2020-04-27,29258.0,30059.0,28974.0,29986.0
2020-04-28,29986.0,33094.0,29986.0,33065.0
2020-04-29,33065.0,33977.0,32363.0,33185.0
2020-04-30,33185.0,33667.0,32322.0,32743.0
2020-05-01,32742.8,32742.8,32742.8,32742.8
2020-05-02,32742.8,32742.8,32742.8,32742.8
2020-05-03,32742.8,32742.8,32742.8,32742.8
2020-05-04,32743.0,32743.0,31216.0,32387.0
2020-05-05,32387.0,33606.0,32387.0,33547.0
2020-05-06,33547.0,34524.0,32836.0,34159.0
2020-05-07,34159.0,36273.0,34042.0,35850.0
2020-05-08,35850.0,37179.0,35850.0,36184.0
2020-05-09,36183.9,36183.9,36183.9,36183.9
2020-05-10,36183.9,36183.9,36183.9,36183.9
2020-05-11,36197.0,38615.0,35358.0,38582.0
2020-05-12,38582.0,40729.0,38582.0,39134.0
2020-05-13,39134.0,39134.0,37335.0,37843.0
2020-05-14,37843.0,39413.0,37286.0,39226.0
2020-05-15,39226.0,40622.0,38959.0,39388.0
2020-05-16,39388.3,39388.3,39388.3,39388.3
2020-05-17,39388.3,39388.3,39388.3,39388.3
2020-05-18,39388.0,41099.0,39388.0,40287.0
2020-05-19,40287.0,40287.0,39247.0,39389.0
2020-05-20,39389.0,40200.0,38949.0,39809.0
2020-05-21,39809.0,41516.0,39732.0,41389.0
2020-05-22,41389.0,41897.0,40241.0,40963.0
2020-05-23,40962.7,40962.7,40962.7,40962.7
2020-05-24,40962.7,40962.7,40962.7,40962.7
2020-05-25,40962.7,40962.7,40962.7,40962.7
2020-05-26,40963.0,42027.0,40963.0,41060.0
2020-05-27,41079.0,41219.0,39592.0,40432.0
2020-05-28,40432.0,40513.0,38869.0,38986.0
2020-05-29,38986.0,39139.0,37532.0,37825.0
2020-05-30,37824.7,37824.7,37824.7,37824.7
2020-05-31,37824.7,37824.7,37824.7,37824.7
2020-06-01,37825.0,40054.0,37825.0,40017.0
2020-06-02,40017.0,42086.0,40017.0,42038.0
2020-06-03,42038.0,44140.0,42038.0,43853.0
2020-06-04,43853.0,44021.0,43115.0,43676.0
2020-06-05,43676.0,45436.0,43676.0,45129.0
2020-06-06,45128.8,45128.8,45128.8,45128.8
2020-06-07,45128.8,45128.8,45128.8,45128.8
2020-06-08,45129.0,48989.0,45129.0,48881.0
2020-06-09,48881.0,48881.0,45666.0,46471.0
2020-06-10,46471.0,47048.0,44830.0,46476.0
2020-06-11,46476.0,46476.0,42633.0,43058.0
2020-06-12,43058.0,44871.0,42382.0,43417.0
2020-06-13,43417.1,43417.1,43417.1,43417.1
2020-06-14,43417.1,43417.1,43417.1,43417.1
2020-06-15,43417.1,43417.1,43417.1,43417.1
2020-06-16,43435.0,44674.0,42592.0,42686.0
2020-06-17,42686.0,42864.0,40415.0,40471.0
2020-06-18,40471.0,40471.0,37896.0,37991.0
2020-06-19,37991.0,41117.0,37991.0,40952.0
2020-06-20,40951.4,40951.4,40951.4,40951.4
2020-06-21,40951.4,40951.4,40951.4,40951.4
2020-06-22,40952.0,41216.0,39294.0,40344.0
2020-06-23,40344.0,41468.0,40344.0,40804.0
2020-06-24,40804.0,40940.0,40087.0,40435.0
2020-06-25,40435.0,42147.0,40435.0,41997.0
2020-06-26,41997.0,42002.0,40492.0,40590.0
2020-06-27,40589.9,40589.9,40589.9,40589.9
2020-06-28,40589.9,40589.9,40589.9,40589.9
2020-06-29,40590.0,41451.0,39983.0,40308.0
2020-06-30,40308.0,40329.0,38410.0,38687.0
2020-07-01,38687.0,39920.0,38687.0,39847.0
2020-07-02,39847.0,40786.0,39317.0,39501.0
2020-07-03,39501.0,39914.0,39418.0,39758.0
2020-07-04,39758.2,39758.2,39758.2,39758.2
2020-07-05,39758.2,39758.2,39758.2,39758.2
2020-07-06,39758.0,43572.0,39758.0,43340.0
2020-07-07,43340.0,43340.0,41913.0,42498.0
2020-07-08,42498.0,43248.0,42458.0,42748.0
2020-07-09,42747.6,42747.6,42747.6,42747.6
2020-07-10,42747.6,42747.6,42747.6,42747.6
2020-07-11,42747.6,42747.6,42747.6,42747.6
2020-07-12,42747.6,42747.6,42747.6,42747.6
2020-07-13,42748.0,44462.0,42748.0,43237.0
2020-07-14,43237.0,44062.0,42934.0,44002.0
2020-07-15,44002.0,45151.0,44002.0,45121.0
2020-07-16,45121.0,45418.0,44403.0,45245.0
2020-07-17,45245.0,45712.0,44930.0,45475.0
2020-07-18,45475.2,45475.2,45475.2,45475.2
2020-07-19,45475.2,45475.2,45475.2,45475.2
2020-07-20,45475.0,45762.0,45240.0,45683.0
2020-07-21,45683.0,47346.0,45683.0,46781.0
2020-07-22,46781.0,48812.0,46582.0,48634.0
2020-07-23,48634.0,50091.0,47746.0,48408.0
2020-07-24,48408.0,48966.0,47789.0,48605.0
2020-07-25,48605.1,48605.1,48605.1,48605.1
2020-07-26,48605.1,48605.1,48605.1,48605.1
2020-07-27,48605.0,50029.0,48605.0,49450.0
2020-07-28,49450.0,49450.0,48099.0,48934.0
2020-07-29,48934.0,49635.0,48395.0,48885.0
2020-07-30,48885.0,49515.0,47104.0,49406.0
2020-07-31,49406.0,49586.0,48704.0,49254.0
2020-08-01,49253.6,49253.6,49253.6,49253.6
2020-08-02,49253.6,49253.6,49253.6,49253.6
2020-08-03,49254.0,53685.0,48691.0,52504.0
2020-08-04,52504.0,56114.0,51553.0,52186.0
2020-08-05,52186.0,53443.0,50512.0,50994.0
2020-08-06,50994.0,51197.0,50097.0,51084.0
2020-08-07,51084.0,52387.0,50600.0,52326.0
2020-08-08,52325.8,52325.8,52325.8,52325.8
2020-08-09,52325.8,52325.8,52325.8,52325.8
2020-08-10,52326.0,52895.0,51837.0,52181.0
2020-08-11,52181.0,52380.0,50822.0,50999.0
2020-08-12,50999.0,51186.0,48781.0,48971.0
2020-08-13,48971.0,50222.0,48971.0,49627.0
2020-08-14,49627.0,49709.0,48253.0,48548.0
2020-08-15,48547.9,48547.9,48547.9,48547.9
2020-08-16,48547.9,48547.9,48547.9,48547.9
2020-08-17,48547.9,48547.9,48547.9,48547.9
2020-08-18,48548.0,48548.0,46167.0,46491.0
2020-08-19,46491.0,47797.0,46438.0,47472.0
2020-08-20,47472.0,47782.0,46877.0,47737.0
2020-08-21,47737.0,48735.0,47330.0,47411.0
2020-08-22,47411.3,47411.3,47411.3,47411.3
2020-08-23,47411.3,47411.3,47411.3,47411.3
2020-08-24,47411.0,47560.0,46285.0,46737.0
2020-08-25,46737.0,46883.0,45439.0,46579.0
2020-08-26,46579.0,47092.0,45740.0,45832.0
2020-08-27,45832.0,46367.0,44195.0,44255.0
2020-08-28,44255.0,46448.0,44255.0,46397.0
2020-08-29,46396.6,46396.6,46396.6,46396.6
2020-08-30,46396.6,46396.6,46396.6,46396.6
2020-08-31,46397.0,47051.0,46280.0,46835.0
2020-09-01,46835.0,47324.0,46373.0,46546.0
2020-09-02,46546.0,46546.0,44802.0,44878.0
2020-09-03,44878.0,45681.0,44301.0,44800.0
2020-09-04,44800.0,45152.0,43748.0,45075.0
2020-09-05,45075.1,45075.1,45075.1,45075.1
2020-09-06,45075.1,45075.1,45075.1,45075.1
2020-09-07,45075.0,45815.0,45075.0,45691.0
2020-09-08,45691.0,45691.0,44350.0,45482.0
2020-09-09,45482.0,46564.0,45482.0,46520.0
2020-09-10,46520.0,47445.0,46520.0,46869.0
2020-09-11,46869.0,46925.0,45655.0,45840.0
2020-09-12,45840.0,45840.0,45840.0,45840.0
2020-09-13,45840.0,45840.0,45840.0,45840.0
2020-09-14,45840.0,45989.0,44554.0,44614.0
2020-09-15,44614.0,44857.0,43648.0,44628.0
2020-09-16,44628.0,44628.0,42095.0,42168.0
2020-09-17,42168.0,42168.0,39561.0,39800.0
2020-09-18,39800.0,41515.0,39501.0,41484.0
2020-09-19,41484.1,41484.1,41484.1,41484.1
2020-09-20,41484.1,41484.1,41484.1,41484.1
2020-09-21,41484.0,41484.0,39850.0,40745.0
2020-09-22,40745.0,41228.0,40108.0,40945.0
2020-09-23,40945.0,41139.0,40471.0,40974.0
2020-09-24,40974.0,42085.0,40974.0,41876.0
2020-09-25,41876.0,42151.0,41425.0,42043.0
2020-09-26,42042.4,42042.4,42042.4,42042.4
2020-09-27,42042.4,42042.4,42042.4,42042.4
2020-09-28,42043.0,42725.0,41865.0,42078.0
2020-09-29,42078.0,42323.0,41391.0,42197.0
2020-09-30,42197.0,42989.0,41213.0,41261.0
2020-10-01,41324.0,43088.0,41324.0,42916.0
2020-10-02,42916.0,43771.0,42268.0,43654.0
2020-10-03,43654.4,43654.4,43654.4,43654.4
2020-10-04,43654.4,43654.4,43654.4,43654.4
2020-10-05,43654.0,44324.0,43534.0,44273.0
2020-10-06,44273.0,45203.0,44181.0,44438.0
2020-10-07,44438.0,44800.0,43714.0,44740.0
2020-10-08,44740.0,45583.0,44605.0,45482.0
2020-10-09,45557.0,45985.0,45136.0,45856.0
2020-10-10,45856.1,45856.1,45856.1,45856.1
2020-10-11,45856.1,45856.1,45856.1,45856.1
2020-10-12,45856.1,45856.1,45856.1,45856.1
2020-10-13,45856.0,46098.0,45296.0,45995.0
2020-10-14,45995.0,47339.0,45973.0,47295.0
2020-10-15,47295.0,48278.0,46768.0,48239.0
2020-10-16,48239.0,49162.0,48184.0,49024.0
2020-10-17,49024.1,49024.1,49024.1,49024.1
2020-10-18,49024.1,49024.1,49024.1,49024.1
2020-10-19,49024.0,50735.0,49024.0,49162.0
2020-10-20,49162.0,49910.0,48724.0,49684.0
2020-10-21,49684.0,50502.0,49431.0,50089.0
2020-10-22,50089.0,51827.0,50030.0,51672.0
2020-10-23,51672.0,52591.0,50133.0,52513.0
2020-10-24,52512.6,52512.6,52512.6,52512.6
2020-10-25,52512.6,52512.6,52512.6,52512.6
2020-10-26,52513.0,52513.0,49552.0,49597.0
2020-10-27,49597.0,50283.0,46627.0,46708.0
2020-10-28,46708.0,46708.0,43471.0,43533.0
2020-10-29,43533.0,45150.0,43432.0,44914.0
2020-10-30,44914.0,45427.0,44289.0,45290.0
2020-10-31,45290.0,45290.0,45290.0,45290.0
2020-11-01,45290.0,45290.0,45290.0,45290.0
2020-11-02,45290.0,47553.0,45290.0,47468.0
2020-11-03,47468.0,49202.0,47468.0,47965.0
2020-11-04,47965.0,48784.0,46851.0,47028.0
2020-11-05,47028.0,48751.0,47028.0,48501.0
2020-11-06,48501.0,49144.0,48021.0,48493.0
2020-11-07,48492.5,48492.5,48492.5,48492.5
2020-11-08,48492.5,48492.5,48492.5,48492.5
2020-11-09,48493.0,50587.0,48493.0,49650.0
2020-11-10,49650.0,52193.0,49576.0,51819.0
2020-11-11,51819.0,52462.0,51109.0,51435.0
2020-11-12,51435.0,51535.0,49544.0,49553.0
2020-11-13,49553.0,50517.0,49539.0,49896.0
2020-11-14,49895.5,49895.5,49895.5,49895.5
2020-11-15,49895.5,49895.5,49895.5,49895.5
2020-11-16,49896.0,51188.0,49896.0,51085.0
2020-11-17,51085.0,52130.0,50336.0,51912.0
2020-11-18,51912.0,52253.0,51240.0,51296.0
2020-11-19,51296.0,51756.0,50858.0,50950.0
2020-11-20,50950.0,51660.0,50919.0,51492.0
2020-11-21,51492.3,51492.3,51492.3,51492.3
2020-11-22,51492.3,51492.3,51492.3,51492.3
2020-11-23,51492.3,51492.3,51492.3,51492.3
2020-11-24,51492.0,54454.0,51492.0,54136.0
2020-11-25,54136.0,54827.0,53915.0,54151.0
2020-11-26,54151.0,54861.0,53998.0,54466.0
2020-11-27,54466.0,55882.0,54254.0,55427.0
2020-11-28,55427.3,55427.3,55427.3,55427.3
2020-11-29,55427.3,55427.3,55427.3,55427.3
2020-11-30,55427.0,55736.0,54304.0,54573.0
2020-12-01,54573.0,55481.0,54531.0,54913.0
2020-12-02,54913.0,55724.0,54632.0,55269.0
2020-12-03,55269.0,55934.0,55040.0,55152.0
2020-12-04,55152.0,55696.0,54529.0,54730.0
2020-12-05,54730.4,54730.4,54730.4,54730.4
2020-12-06,54730.4,54730.4,54730.4,54730.4
2020-12-07,54730.4,54730.4,54730.4,54730.4
2020-12-08,54730.4,54730.4,54730.4,54730.4
2020-12-09,54730.0,54730.0,51830.0,51957.0
2020-12-10,51957.0,53724.0,51872.0,53690.0
2020-12-11,53690.0,54047.0,53479.0,53822.0
2020-12-12,53822.4,53822.4,53822.4,53822.4
2020-12-13,53822.4,53822.4,53822.4,53822.4
2020-12-14,53822.0,54513.0,52764.0,53034.0
2020-12-15,53034.0,53446.0,52898.0,53280.0
2020-12-16,53280.0,53871.0,53059.0,53206.0
2020-12-17,53206.0,53842.0,53077.0,53116.0
2020-12-18,53116.0,53610.0,52201.0,52347.0
2020-12-19,52346.8,52346.8,52346.8,52346.8
2020-12-20,52346.8,52346.8,52346.8,52346.8
2020-12-21,52347.0,52347.0,49567.0,50160.0
2020-12-22,50160.0,51131.0,50160.0,50407.0
2020-12-23,50407.0,51690.0,50407.0,51619.0
2020-12-24,51619.0,51619.0,51619.0,51619.0
2020-12-25,51619.0,51619.0,51619.0,51619.0
2020-12-26,51619.0,51619.0,51619.0,51619.0
2020-12-27,51619.0,51619.0,51619.0,51619.0
2020-12-28,51619.0,51619.0,50433.0,50484.0
2020-12-29,50484.0,51660.0,50484.0,51320.0
2020-12-30,51320.0,52189.0,51053.0,51227.0
2020-12-31,51226.5,51226.5,51226.5,51226.5
2021-01-01,51226.5,51226.5,51226.5,51226.5
2021-01-02,51226.5,51226.5,51226.5,51226.5
2021-01-03,51226.5,51226.5,51226.5,51226.5
2021-01-04,51227.0,51443.0,50054.0,50731.0
2021-01-05,50731.0,51627.0,50531.0,51595.0
2021-01-06,51595.0,52202.0,51595.0,51880.0
2021-01-07,51880.0,52569.0,51814.0,52501.0
2021-01-08,52501.0,52692.0,51634.0,51674.0
2021-01-09,51673.8,51673.8,51673.8,51673.8
2021-01-10,51673.8,51673.8,51673.8,51673.8
2021-01-11,51674.0,51688.0,50878.0,50968.0
2021-01-12,50968.0,51461.0,50806.0,51202.0
2021-01-13,51202.0,51649.0,50610.0,50961.0
2021-01-14,50961.0,51331.0,50515.0,51085.0
2021-01-15,51085.0,51085.0,50232.0,50501.0
2021-01-16,50500.8,50500.8,50500.8,50500.8
2021-01-17,50500.8,50500.8,50500.8,50500.8
2021-01-18,50501.0,50567.0,49793.0,50220.0
2021-01-19,50222.0,50680.0,50122.0,50517.0
2021-01-20,50517.0,50537.0,49583.0,50225.0
2021-01-21,50225.0,50366.0,48276.0,48473.0
2021-01-22,48473.0,49077.0,48165.0,48471.0
2021-01-23,48470.9,48470.9,48470.9,48470.9
2021-01-24,48470.9,48470.9,48470.9,48470.9
2021-01-25,48471.0,49036.0,47388.0,47470.0
2021-01-26,47470.0,49552.0,47470.0,49464.0
2021-01-27,49464.0,50219.0,48604.0,49970.0
2021-01-28,49970.0,50524.0,49344.0,49630.0
2021-01-29,49630.0,50000.0,48203.0,48257.0
2021-01-30,48257.1,48257.1,48257.1,48257.1
2021-01-31,48257.1,48257.1,48257.1,48257.1
2021-02-01,48257.0,49774.0,48257.0,49577.0
2021-02-02,49577.0,50613.0,49577.0,49687.0
2021-02-03,49687.0,50378.0,49673.0,49858.0
2021-02-04,49858.0,50714.0,49699.0,50683.0
2021-02-05,50683.0,51322.0,50650.0,51053.0
2021-02-06,51052.7,51052.7,51052.7,51052.7
2021-02-07,51052.7,51052.7,51052.7,51052.7
2021-02-08,51053.0,52295.0,51053.0,52029.0
2021-02-09,52029.0,52568.0,52009.0,52267.0
2021-02-10,52267.0,52653.0,51931.0,51941.0
2021-02-11,51941.0,52430.0,51564.0,51655.0
2021-02-12,51655.0,52105.0,51246.0,51466.0
2021-02-13,51466.2,51466.2,51466.2,51466.2
2021-02-14,51466.2,51466.2,51466.2,51466.2
2021-02-15,51466.2,51466.2,51466.2,51466.2
2021-02-16,51466.2,51466.2,51466.2,51466.2
2021-02-17,51466.0,52647.0,51466.0,52387.0
2021-02-18,52387.0,53732.0,51401.0,51827.0
2021-02-19,51827.0,52182.0,50842.0,50993.0
2021-02-20,50992.9,50992.9,50992.9,50992.9
2021-02-21,50992.9,50992.9,50992.9,50992.9
2021-02-22,50993.0,51014.0,49085.0,49268.0
2021-02-23,49268.0,49268.0,47382.0,47857.0
2021-02-24,47857.0,49714.0,47857.0,49607.0
2021-02-25,49607.0,50478.0,48705.0,48921.0
2021-02-26,48921.0,49446.0,48136.0,48432.0
2021-02-27,48432.3,48432.3,48432.3,48432.3
2021-02-28,48432.3,48432.3,48432.3,48432.3
2021-03-01,48432.0,49452.0,48432.0,48996.0
2021-03-02,48996.0,49229.0,47921.0,48127.0
2021-03-03,48127.0,48381.0,46971.0,47325.0
2021-03-04,47325.0,49104.0,46907.0,47808.0
2021-03-05,47808.0,48433.0,46925.0,47242.0
2021-03-06,47242.3,47242.3,47242.3,47242.3
2021-03-07,47242.3,47242.3,47242.3,47242.3
2021-03-08,47242.0,47651.0,46061.0,46292.0
2021-03-09,46292.0,46777.0,46012.0,46476.0
2021-03-10,46476.0,47520.0,46476.0,47340.0
2021-03-11,47340.0,48396.0,47340.0,48361.0
2021-03-12,48361.0,49175.0,48098.0,49071.0
2021-03-13,49071.0,49071.0,49071.0,49071.0
2021-03-14,49071.0,49071.0,49071.0,49071.0
2021-03-15,49071.0,50565.0,49071.0,50458.0
2021-03-16,50458.0,50798.0,49533.0,49647.0
2021-03-17,49647.0,49968.0,49180.0,49917.0
2021-03-18,49917.0,49936.0,48433.0,48599.0
2021-03-19,48599.0,49416.0,48414.0,48976.0
2021-03-20,48976.0,48976.0,48976.0,48976.0
2021-03-21,48976.0,48976.0,48976.0,48976.0
2021-03-22,48976.0,49277.0,48600.0,49186.0
2021-03-23,49186.0,49563.0,48433.0,48615.0
2021-03-24,48615.3,48615.3,48615.3,48615.3
2021-03-26,46856.0,47555.0,46121.0,46441.0
2021-03-27,46440.8,46440.8,46440.8,46440.8
2021-03-28,46440.8,46440.8,46440.8,46440.8
2021-03-29,46441.0,47327.0,46231.0,47241.0
2021-03-30,47263.0,48205.0,47263.0,48091.0
2021-03-31,48091.0,48435.0,47731.0,47982.0
2021-04-01,47982.4,47982.4,47982.4,47982.4
2021-04-02,47982.4,47982.4,47982.4,47982.4
2021-04-03,47982.4,47982.4,47982.4,47982.4
2021-04-04,47982.4,47982.4,47982.4,47982.4
2021-04-05,47982.0,48650.0,47981.0,48598.0
2021-04-06,48598.0,50430.0,48598.0,50328.0
2021-04-07,50328.0,50581.0,50003.0,50128.0
2021-04-08,50128.0,50135.0,49524.0,49628.0
2021-04-09,49631.0,49777.0,48767.0,48846.0
2021-04-10,48833.8,48846.0,48833.8,48846.0
2021-04-11,48846.0,48846.0,48846.0,48846.0
2021-04-12,48846.0,48930.0,47978.0,48110.0
2021-04-13,48110.0,48174.0,47604.0,47679.0
2021-04-14,47679.0,48361.0,47215.0,47299.0
2021-04-15,47299.0,47656.0,47041.0,47093.0
2021-04-16,47093.0,47734.0,46813.0,47664.0
2021-04-17,47664.4,47664.4,47664.4,47664.4
2021-04-18,47664.4,47664.4,47664.4,47664.4
2021-04-19,47664.0,48299.0,47628.0,48026.0
2021-04-20,48026.0,48041.0,46657.0,46895.0
2021-04-21,46895.0,47635.0,46507.0,47617.0
2021-04-22,47617.0,47624.0,47074.0,47123.0
2021-04-23,47123.0,47466.0,46826.0,47375.0
2021-04-24,47374.5,47374.5,47374.5,47374.5
2021-04-25,47374.5,47374.5,47374.5,47374.5
2021-04-26,47375.0,48216.0,47375.0,47931.0
2021-04-27,47931.0,49000.0,47931.0,48962.0
2021-04-28,48962.0,50085.0,48962.0,50044.0
2021-04-29,50065.0,50220.0,49635.0,50065.0
2021-04-30,50065.0,50067.0,49056.0,49056.0
2021-05-01,49056.1,49056.1,49056.1,49056.1
2021-05-02,49056.1,49056.1,49056.1,49056.1
2021-05-03,49056.0,49453.0,48712.0,48873.0
2021-05-04,48873.0,48873.0,48270.0,48656.0
2021-05-05,48656.0,49315.0,48656.0,49152.0
2021-05-06,49215.0,49518.0,48818.0,49389.0
2021-05-07,49389.0,51482.0,49389.0,51420.0
2021-05-08,51419.5,51419.5,51419.5,51419.5
2021-05-09,51419.5,51419.5,51419.5,51419.5
2021-05-10,51421.0,52370.0,51421.0,51750.0
2021-05-11,51750.0,51750.0,50866.0,51094.0
2021-05-12,51109.0,51542.0,50923.0,51020.0
2021-05-13,51020.0,52689.0,51016.0,52626.0
2021-05-14,52626.0,54968.0,52626.0,54850.0
2021-05-17,54850.0,56296.0,54303.0,56095.0
2021-05-18,56095.0,56424.0,55659.0,56079.0
2021-05-19,56079.0,56106.0,54778.0,55990.0
2021-05-20,55990.0,57172.0,55987.0,57109.0
2021-05-21,57109.0,57303.0,56151.0,56222.0
2021-05-26,56243.0,56750.0,55253.0,56599.0
2021-05-27,56599.0,57761.0,56596.0,57500.0
2021-05-28,57500.0,59262.0,57500.0,59213.0
2021-05-31,59213.0,59565.0,59148.0,59269.0
2021-06-01,59269.0,61269.0,59269.0,61096.0
2021-06-02,61096.0,62842.0,61096.0,62660.0
2021-06-03,62660.0,64371.0,62222.0,64303.0
2021-06-04,64348.0,66228.0,64072.0,66190.0
2021-06-07,66190.0,68577.0,66190.0,68151.0
2021-06-08,68151.0,68199.0,66146.0,66390.0
2021-06-09,66390.0,68706.0,66340.0,68105.0
2021-06-10,68105.0,69688.0,67998.0,68145.0
2021-06-11,68145.0,68145.0,65687.0,66094.0
2021-06-14,66094.0,67379.0,66094.0,66837.0
2021-06-15,66837.0,67322.0,65238.0,67006.0
2021-06-16,67006.0,67647.0,66851.0,67576.0
2021-06-17,67576.0,67675.0,65982.0,66440.0
2021-06-18,66440.0,66440.0,64700.0,65136.0
2021-06-22,65136.0,66098.0,63393.0,65902.0
2021-06-23,65902.0,67061.0,65544.0,66090.0
2021-06-24,66090.0,67119.0,65872.0,66933.0
2021-06-25,66933.0,66933.0,63093.0,65134.0
2021-06-28,65427.0,65427.0,63947.0,64151.0
2021-06-29,64151.0,64151.0,62829.0,62972.0
2021-06-30,62972.0,63640.0,62221.0,62372.0
2021-07-01,62372.0,63071.0,61868.0,62060.0
2021-07-02,62060.0,63426.0,61960.0,63330.0
2021-07-05,63330.0,64951.0,63330.0,64849.0
2021-07-06,64849.0,64890.0,63121.0,63563.0
2021-07-07,63563.0,63784.0,62524.0,63383.0
2021-07-08,63383.0,63408.0,62161.0,62372.0
2021-07-12,62372.0,64389.0,62309.0,64215.0
2021-07-13,64215.0,64469.0,63760.0,64375.0
2021-07-14,64375.0,65235.0,63827.0,63959.0
2021-07-15,63959.0,64283.0,63254.0,63485.0
2021-07-16,63485.0,63637.0,62954.0,63091.0
2021-07-19,63091.0,63091.0,61175.0,62133.0
2021-07-20,62133.0,63624.0,62065.0,63392.0
2021-07-21,63392.0,65944.0,63392.0,65832.0
2021-07-22,65832.0,65832.0,65170.0,65675.0
2021-07-23,65675.0,65842.0,64773.0,64841.0
2021-07-26,64841.0,66010.0,64841.0,65531.0
2021-07-27,65531.0,65835.0,64899.0,65688.0
2021-07-28,65688.0,66613.0,65600.0,66554.0
2021-07-29,66554.0,67530.0,66554.0,67316.0
2021-07-30,67316.0,67595.0,65899.0,66005.0
2021-08-02,66005.0,66621.0,65631.0,65940.0
2021-08-03,65940.0,66082.0,65343.0,65874.0
2021-08-04,65874.0,66340.0,64531.0,65088.0
2021-08-05,65088.0,66220.0,65056.0,66137.0
2021-08-06,66137.0,66291.0,65768.0,65861.0
2021-08-09,65861.0,66250.0,65601.0,66096.0
2021-08-10,66096.0,68100.0,66096.0,68023.0
2021-08-11,68023.0,69719.0,67715.0,69475.0
2021-08-12,69475.0,69586.0,68723.0,69493.0
2021-08-13,69493.0,69618.0,68377.0,69545.0
2021-08-17,69545.0,69545.0,67456.0,67999.0
2021-08-18,67999.0,67999.0,67000.0,67094.0
2021-08-19,67094.0,67094.0,65601.0,66682.0
2021-08-20,66682.0,67948.0,66682.0,67822.0
2021-08-23,67822.0,69164.0,67822.0,69050.0
2021-08-24,69050.0,71451.0,69050.0,71354.0
2021-08-25,71354.0,72110.0,71193.0,72009.0
2021-08-26,72009.0,72363.0,71242.0,71551.0
2021-08-27,71551.0,73998.0,71551.0,73204.0
2021-08-30,73204.0,76503.0,73204.0,76329.0
2021-08-31,76329.0,76877.0,75324.0,76452.0
2021-09-01,76452.0,77562.0,75107.0,75233.0
2021-09-02,75233.0,76420.0,74642.0,75115.0
2021-09-03,75115.0,75416.0,74374.0,74735.0
2021-09-06,74735.0,76077.0,74594.0,76003.0
2021-09-07,76003.0,79311.0,76003.0,79005.0
2021-09-08,79005.0,79005.0,76507.0,77459.0
2021-09-09,77459.0,78794.0,76357.0,77127.0
2021-09-10,77127.0,77440.0,75814.0,75895.0
2021-09-13,75895.0,83923.0,75895.0,80066.0
2021-09-14,80066.0,80433.0,78339.0,78989.0
2021-09-15,78989.0,79804.0,77166.0,78489.0
2021-09-16,78489.0,80206.0,76374.0,79738.0
2021-09-17,79738.0,80293.0,78512.0,78512.0
2021-09-20,78512.0,78512.0,73488.0,73635.0
2021-09-21,73635.0,74863.0,73635.0,73919.0
2021-09-22,73919.0,75369.0,73919.0,74750.0
2021-09-23,74750.0,75463.0,74305.0,74743.0
2021-09-24,74743.0,74923.0,73919.0,74180.0
2021-09-27,74180.0,75728.0,74180.0,75688.0
2021-09-28,75688.0,76112.0,74810.0,75808.0
2021-09-29,75808.0,77053.0,75808.0,76589.0
2021-09-30,76589.0,77756.0,76589.0,77364.0
2021-10-01,77364.0,77905.0,77034.0,77626.0
2021-10-04,77626.0,78541.0,77164.0,77579.0
2021-10-05,77579.0,78500.0,77579.0,78192.0
2021-10-06,78192.0,78192.0,76757.0,77443.0
2021-10-07,77443.0,78406.0,77401.0,77553.0
2021-10-12,77554.0,79373.0,77554.0,77928.0
2021-10-13,77928.0,78518.0,77101.0,78428.0
2021-10-14,78428.0,80255.0,78428.0,80138.0
2021-10-15,80138.0,82264.0,80138.0,81990.0
2021-10-18,81990.0,83472.0,81819.0,82860.0
2021-10-19,82860.0,84403.0,82474.0,84308.0
2021-10-20,84308.0,87158.0,84308.0,87056.0
2021-10-21,87056.0,87056.0,85654.0,86795.0
2021-10-22,86795.0,87133.0,85710.0,86899.0
2021-10-25,86899.0,89856.0,86899.0,89392.0
2021-10-26,89392.0,90577.0,88837.0,88908.0
2021-10-27,88908.0,88908.0,85317.0,85353.0
2021-10-28,85353.0,86477.0,84646.0,86034.0
2021-10-29,86034.0,86254.0,83296.0,83561.0
2021-11-01,83561.0,87723.0,83561.0,87460.0
2021-11-02,87512.0,89487.0,86700.0,89273.0
2021-11-03,89273.0,92124.0,88983.0,92095.0
2021-11-04,92095.0,92095.0,89744.0,91258.0
2021-11-05,91258.0,93014.0,91201.0,92896.0
2021-11-08,92896.0,96138.0,92896.0,96045.0
2021-11-09,96046.0,97024.0,94025.0,94381.0
2021-11-10,94381.0,96159.0,93754.0,95131.0
2021-11-11,95131.0,96946.0,95026.0,95944.0
2021-11-12,95944.0,96789.0,92491.0,94963.0
2021-11-15,94963.0,96599.0,91222.0,92999.0
2021-11-16,92999.0,93570.0,89271.0,89674.0
2021-11-17,89674.0,90278.0,86380.0,87542.0
2021-11-18,87542.0,89924.0,85650.0,89512.0
2021-11-19,89512.0,90103.0,85437.0,85695.0
2021-11-23,85695.0,85695.0,82837.0,83771.0
2021-11-24,83771.0,85111.0,83210.0,83481.0
2021-11-25,83481.0,84997.0,83160.0,84957.0
2021-11-26,84957.0,84957.0,79417.0,80369.0
2021-11-29,80369.0,82338.0,78612.0,79095.0
2021-11-30,79095.0,79572.0,77707.0,79316.0
2021-12-01,79316.0,85419.0,79316.0,85165.0
2021-12-02,85165.0,87751.0,85165.0,87451.0
2021-12-03,87451.0,88899.0,84646.0,86360.0
2021-12-06,86360.0,88542.0,86170.0,88287.0
2021-12-07,88287.0,89837.0,88287.0,89243.0
2021-12-09,89243.0,89758.0,86190.0,86545.0
2021-12-10,86545.0,87585.0,85241.0,85441.0
2021-12-13,85441.0,85600.0,81841.0,81948.0
2021-12-14,81948.0,83009.0,81255.0,82179.0
2021-12-15,82179.0,82698.0,80533.0,80939.0
2021-12-16,80939.0,83453.0,80939.0,82995.0
2021-12-17,82995.0,83779.0,82491.0,83234.0
2021-12-20,83234.0,83235.0,81241.0,81908.0
2021-12-21,81908.0,84430.0,81908.0,84138.0
2021-12-22,84138.0,85172.0,83568.0,83652.0
2021-12-23,83652.0,85572.0,83652.0,84850.0
2021-12-27,84850.0,85755.0,84230.0,84571.0
2021-12-28,84581.0,85468.0,82380.0,82784.0
2021-12-29,82787.0,84396.0,82224.0,84007.0
2021-12-30,84007.0,85605.0,83421.0,83500.0
2022-01-03,83500.0,85724.0,83500.0,85579.0
2022-01-04,85579.0,86356.0,85003.0,85286.0
2022-01-05,85286.0,85841.0,83812.0,83836.0
2022-01-06,83836.0,84408.0,82672.0,83748.0
2022-01-07,83761.0,84502.0,83409.0,84402.0
2022-01-10,84402.0,84421.0,83352.0,83746.0
2022-01-11,83746.0,84840.0,83600.0,84702.0
2022-01-12,84702.0,85466.0,84500.0,85100.0
2022-01-13,85100.0,86744.0,85089.0,85371.0
2022-01-14,85371.0,85555.0,84629.0,85481.0
2022-01-17,85481.0,85481.0,84759.0,85039.0
2022-01-18,85039.0,85339.0,83249.0,83351.0
2022-01-19,83351.0,84041.0,83158.0,83528.0
2022-01-20,83528.0,85674.0,83528.0,85126.0
2022-01-21,85126.0,85173.0,83382.0,83623.0
2022-01-24,83623.0,83623.0,80403.0,81004.0
2022-01-25,81004.0,85321.0,80790.0,85180.0
2022-01-26,85180.0,86614.0,85180.0,85782.0
2022-01-27,85782.0,86586.0,85319.0,85969.0
2022-01-28,85969.0,90227.0,85969.0,88270.0
2022-01-31,88270.0,91012.0,87937.0,90908.0
2022-02-01,90908.0,91803.0,88669.0,91417.0
2022-02-02,91417.0,92732.0,89491.0,89663.0
2022-02-03,89663.0,89813.0,87746.0,88091.0
2022-02-04,88091.0,88637.0,87226.0,87934.0
2022-02-07,87934.0,89439.0,87934.0,89189.0
2022-02-08,89189.0,89877.0,88092.0,88149.0
2022-02-09,88149.0,89098.0,87309.0,87393.0
2022-02-10,87393.0,88463.0,86994.0,87559.0
2022-02-11,87559.0,89905.0,87468.0,88185.0
2022-02-14,88185.0,88774.0,87322.0,87804.0
2022-02-15,87804.0,88825.0,87594.0,88043.0
2022-02-16,88043.0,90776.0,87992.0,90578.0
2022-02-17,90578.0,91286.0,89978.0,89978.0
2022-02-18,89978.0,90725.0,88325.0,89443.0
2022-02-21,89443.0,90392.0,89333.0,90030.0
2022-02-22,90030.0,91166.0,89789.0,90441.0
2022-02-23,90441.0,91764.0,89401.0,91360.0
2022-02-24,91360.0,91360.0,87312.0,88722.0
2022-02-25,88722.0,89837.0,87786.0,87970.0
2022-03-02,87970.0,90470.0,87970.0,90249.0
2022-03-03,90249.0,91759.0,88416.0,91558.0
2022-03-04,91558.0,91989.0,88451.0,89515.0
2022-03-07,89515.0,90713.0,87789.0,87948.0
2022-03-08,87948.0,88061.0,87948.0,88061.0
2022-03-09,88061.0,89354.0,87003.0,87227.0
2022-03-10,87227.0,90393.0,87139.0,90283.0
2022-03-11,90283.0,91466.0,88620.0,88999.0
2022-03-14,88999.0,89003.0,84748.0,84956.0
2022-03-15,84956.0,84956.0,83570.0,84055.0
2022-03-16,84055.0,87661.0,84055.0,87451.0
2022-03-17,87451.0,89790.0,87451.0,89646.0
2022-03-18,89646.0,90694.0,88790.0,89058.0
2022-03-21,89058.0,90989.0,89033.0,90041.0
2022-03-22,90041.0,91363.0,89979.0,90170.0
2022-03-23,90170.0,91891.0,89773.0,90107.0
2022-03-25,90107.0,93313.0,90107.0,93010.0
2022-03-28,93010.0,93059.0,91644.0,91663.0
2022-03-29,91663.0,92046.0,89875.0,89967.0
2022-03-30,89967.0,91215.0,89966.0,90868.0
2022-03-31,90868.0,92039.0,90703.0,90960.0
2022-04-01,90979.0,92571.0,90979.0,92391.0
2022-04-04,92391.0,93480.0,92391.0,93219.0
2022-04-05,93219.0,94374.0,91812.0,91814.0
2022-04-06,91814.0,91814.0,89922.0,90973.0
2022-04-07,90973.0,91687.0,89848.0,91558.0
2022-04-08,91558.0,92489.0,91558.0,92092.0
2022-04-11,92092.0,92246.0,90488.0,90630.0
2022-04-12,90630.0,91426.0,89925.0,90346.0
2022-04-13,90346.0,91116.0,89983.0,91041.0
2022-04-18,91041.0,92778.0,90977.0,91239.0
2022-04-19,91239.0,92152.0,90939.0,92038.0
2022-04-20,92038.0,92742.0,91120.0,92559.0
2022-04-21,92559.0,93141.0,91263.0,91496.0
2022-04-22,91657.0,92689.0,91414.0,91717.0
2022-04-25,91792.0,91792.0,88790.0,91154.0
2022-04-26,91155.0,91155.0,89214.0,89575.0
2022-04-27,89575.0,90914.0,89364.0,90033.0
2022-04-28,90033.0,91019.0,89338.0,90354.0
2022-04-29,90354.0,91371.0,88176.0,88251.0
2022-05-02,88251.0,88251.0,86662.0,87608.0
2022-05-03,87608.0,89751.0,87516.0,89585.0
2022-05-04,89635.0,89638.0,88416.0,89401.0
2022-05-05,89909.0,89909.0,86229.0,86434.0
2022-05-06,86434.0,87179.0,85156.0,86507.0
2022-05-09,86545.0,86545.0,82167.0,82244.0
2022-05-10,82244.0,83839.0,81963.0,83677.0
2022-05-11,83677.0,85884.0,83677.0,85763.0
2022-05-12,85763.0,86787.0,84286.0,85521.0
2022-05-13,85533.0,88975.0,85533.0,88796.0
2022-05-16,88796.0,90386.0,88501.0,89965.0
2022-05-17,89965.0,91857.0,89965.0,90803.0
2022-05-19,90803.0,90803.0,88634.0,88634.0
2022-05-20,88634.0,89800.0,87331.0,88119.0
2022-05-23,88119.0,90525.0,87698.0,90344.0
2022-05-24,90344.0,91448.0,89836.0,91272.0
2022-05-26,91272.0,93777.0,91272.0,93711.0
2022-05-27,93711.0,94319.0,93519.0,93683.0
2022-05-30,93683.0,94207.0,93120.0,93236.0
2022-05-31,93236.0,93552.0,91792.0,92288.0
2022-06-01,92288.0,92489.0,90608.0,91370.0
2022-06-02,91370.0,92141.0,90732.0,91452.0
2022-06-03,91679.0,92026.0,91344.0,91775.0
2022-06-06,91775.0,92580.0,90035.0,90352.0
2022-06-07,90386.0,91064.0,90142.0,90938.0
2022-06-08,90938.0,91219.0,89844.0,89947.0
2022-06-09,89982.0,89982.0,88282.0,88870.0
2022-06-10,88870.0,89172.0,87330.0,89141.0
2022-06-13,89143.0,89143.0,86617.0,87938.0
2022-06-14,87938.0,88976.0,86633.0,87400.0
2022-06-15,87400.0,88789.0,87400.0,88466.0
2022-06-16,88466.0,88466.0,86565.0,87061.0
2022-06-21,87061.0,87504.0,86392.0,86546.0
2022-06-22,86546.0,86625.0,85412.0,85663.0
2022-06-23,85663.0,85663.0,81978.0,83170.0
2022-06-24,83170.0,84061.0,82296.0,82606.0
2022-06-27,82606.0,85785.0,82374.0,85712.0
2022-06-28,85712.0,88350.0,85712.0,88195.0
2022-06-29,88195.0,88544.0,86567.0,88131.0
2022-06-30,88131.0,89245.0,85765.0,88450.0
2022-07-01,88450.0,90277.0,87761.0,90051.0
2022-07-04,90249.0,90249.0,87006.0,89129.0
2022-07-05,89135.0,92950.0,89066.0,92690.0
2022-07-06,92690.0,95200.0,90919.0,95076.0
2022-07-07,95076.0,102586.0,95076.0,102265.0
2022-07-08,102592.0,106470.0,101144.0,105850.0
2022-07-11,105852.0,105852.0,101922.0,104432.0
2022-07-12,104432.0,104445.0,101791.0,103210.0
2022-07-13,103210.0,103369.0,101955.0,102271.0
2022-07-14,102271.0,102271.0,100027.0,100518.0
2022-07-15,100518.0,104351.0,100431.0,104223.0
2022-07-18,104223.0,106523.0,104223.0,105441.0
2022-07-19,105441.0,107547.0,105441.0,107185.0
2022-07-20,107185.0,107648.0,106017.0,106949.0
2022-07-21,106949.0,113409.0,106334.0,112017.0
2022-07-22,112017.0,114070.0,111070.0,113851.0
2022-07-25,113851.0,119806.0,113851.0,119508.0
2022-07-26,119508.0,121437.0,118521.0,120038.0
2022-07-27,120038.0,126670.0,118814.0,126362.0
2022-07-28,126362.0,130651.0,124417.0,127400.0
2022-07-29,127593.0,130079.0,122223.0,122528.0
2022-08-01,122551.0,122871.0,117255.0,117587.0
2022-08-02,117593.0,120092.0,117145.0,118691.0
2022-08-03,118691.0,120658.0,118114.0,120390.0
2022-08-04,120390.0,121699.0,119097.0,120437.0
2022-08-05,120437.0,122565.0,120437.0,121004.0
2022-08-08,121004.0,124195.0,121004.0,123953.0
2022-08-09,123953.0,123953.0,121708.0,121921.0
2022-08-10,121921.0,123108.0,121243.0,122130.0
2022-08-11,122130.0,124617.0,122130.0,123334.0
2022-08-12,123334.0,126264.0,123334.0,125980.0
2022-08-16,125980.0,127590.0,123682.0,124787.0
2022-08-17,124787.0,126151.0,124106.0,125963.0
2022-08-18,125963.0,131585.0,125963.0,131491.0
2022-08-19,131491.0,131491.0,128620.0,131009.0
2022-08-22,131009.0,132420.0,129649.0,132253.0
2022-08-23,132253.0,137323.0,132253.0,136998.0
2022-08-24,136998.0,140800.0,136291.0,140246.0
2022-08-25,140246.0,143038.0,139343.0,142778.0
2022-08-26,142778.0,143247.0,138833.0,141460.0
2022-08-29,141460.0,145859.0,140996.0,143805.0
2022-08-30,143805.0,143805.0,140447.0,141134.0
2022-08-31,141134.0,142206.0,136051.0,136241.0
2022-09-01,136241.0,137707.0,134329.0,136302.0
2022-09-02,136302.0,136340.0,136302.0,136340.0
2022-09-05,136369.0,139989.0,136369.0,138268.0
2022-09-06,138268.0,138701.0,136596.0,137309.0
2022-09-07,137309.0,141871.0,136326.0,141002.0
2022-09-08,141190.0,144111.0,140530.0,141509.0
2022-09-09,141509.0,144848.0,141509.0,144642.0
2022-09-12,144642.0,147135.0,144269.0,144714.0
2022-09-13,144714.0,145874.0,142768.0,142942.0
2022-09-14,142942.0,146990.0,142942.0,146750.0
2022-09-15,146750.0,148452.0,143894.0,144766.0
2022-09-16,144766.0,146791.0,143423.0,145742.0
2022-09-19,145742.0,150971.0,145297.0,150262.0
2022-09-20,150262.0,150954.0,147228.0,147930.0
2022-09-21,147930.0,148433.0,145632.0,146980.0
2022-09-22,146980.0,149766.0,146578.0,149481.0
2022-09-23,149481.0,149481.0,142610.0,142932.0
2022-09-26,142932.0,143804.0,136991.0,138148.0
2022-09-27,138148.0,140167.0,134815.0,135473.0
2022-09-28,135473.0,138402.0,135473.0,138023.0
2022-09-29,138023.0,138629.0,134865.0,138005.0
2022-09-30,138042.0,140154.0,137832.0,139115.0
2022-10-03,139137.0,145271.0,139137.0,145063.0
2022-10-04,145069.0,147619.0,144399.0,144927.0
2022-10-05,144927.0,148056.0,143550.0,146723.0
2022-10-06,146723.0,147257.0,144519.0,144645.0
2022-10-11,144645.0,144645.0,136713.0,136982.0
2022-10-12,136982.0,137332.0,135658.0,136396.0
2022-10-13,136396.0,140970.0,135791.0,140764.0
2022-10-14,140764.0,140764.0,136910.0,137291.0
2022-10-15,137290.73438,140432.0,137432.0,138953.48438
2022-10-17,137291.0,140432.0,137291.0,138954.0
2022-10-18,138954.0,139751.0,136685.0,137542.0
2022-10-19,137542.0,138156.0,136156.0,136484.0
2022-10-20,136484.0,139713.0,135632.0,136139.0
2022-10-21,136139.0,139219.0,136139.0,138945.0
2022-10-22,138944.79688,140421.0,136189.0,139733.39062
2022-10-24,138945.0,140421.0,136189.0,139733.0
2022-10-25,139733.0,144061.0,139711.0,143959.0
2022-10-26,143963.0,145803.0,143963.0,145029.0
2022-10-27,145029.0,148809.0,144917.0,148110.0
2022-10-28,148147.0,148426.0,145936.0,147845.0
2022-10-31,147868.0,150239.0,147645.0,149938.0
2022-11-01,149938.0,154032.0,149938.0,153002.0
2022-11-02,153002.0,153102.0,149259.0,149309.0
2022-11-03,149315.0,151578.0,147990.0,150451.0
2022-11-04,150451.0,152900.0,150405.0,151263.0
2022-11-07,151492.0,153570.0,147648.0,147830.0
2022-11-08,147830.0,150161.0,145979.0,147924.0
2022-11-09,148060.0,148182.0,142797.0,143092.0
2022-11-10,143092.0,147723.0,143092.0,144879.0
2022-11-11,144879.0,150608.0,144879.0,150413.0
2022-11-14,150413.0,153872.0,148517.0,152685.0
2022-11-15,152685.0,157060.0,152685.0,155159.0
2022-11-16,155159.0,156505.0,153297.0,154109.0
2022-11-17,154109.0,155731.0,152825.0,155259.0
2022-11-18,155259.0,157803.0,154536.0,157254.0
2022-11-22,157254.0,158534.0,155822.0,158169.0
2022-11-23,158169.0,159412.0,157827.0,158564.0
2022-11-24,158564.0,161329.0,158564.0,160936.0
2022-11-25,160936.0,164001.0,160633.0,163717.0
2022-11-28,163717.0,164503.0,161508.0,164278.0
2022-11-29,164278.0,168527.0,164278.0,168195.0
2022-11-30,168195.0,170311.0,166679.0,168525.0
2022-12-01,168525.0,171189.0,166693.0,170604.0
2022-12-02,170664.0,171463.0,169347.0,169692.0
2022-12-05,169698.0,171247.0,164337.0,164467.0
2022-12-06,164467.0,168537.0,164467.0,168090.0
2022-12-07,168090.0,171433.0,168090.0,171178.0
2022-12-12,171178.0,171178.0,164929.0,166467.0
2022-12-13,166467.0,169811.0,165490.0,165500.0
2022-12-14,165500.0,167896.0,162736.0,164217.0
2022-12-15,164217.0,165329.0,163526.0,164733.0
2022-12-16,164733.0,166216.0,164106.0,165110.0
2022-12-19,165110.0,169403.0,165025.0,168966.0
2022-12-20,168966.0,172591.0,168966.0,172336.0
2022-12-21,172339.0,180652.0,172339.0,179852.0
2022-12-22,180094.0,182615.0,179795.0,182460.0
2022-12-23,182460.0,188360.0,182460.0,187784.0
2022-12-26,187784.0,192595.0,187060.0,192477.0
2022-12-27,192477.0,196173.0,191264.0,195543.0
2022-12-28,195734.0,203641.0,195734.0,202560.0
2022-12-29,202564.0,205953.0,198642.0,199361.0
2022-12-30,199361.0,203028.0,194821.0,202085.0
2023-01-02,202085.0,208209.0,202085.0,207054.0
2023-01-03,207054.0,207054.0,197685.0,198361.0
2023-01-04,198361.0,201439.0,197183.0,201061.0
2023-01-05,201380.0,210052.0,201380.0,209646.0
2023-01-06,209646.0,216280.0,209646.0,213794.0
2023-01-09,213794.0,218067.0,213794.0,215725.0
2023-01-10,215725.0,218596.0,213888.0,215811.0
2023-01-11,215811.0,226029.0,215811.0,224628.0
2023-01-12,224628.0,234947.0,223342.0,234154.0
2023-01-13,234154.0,243788.0,232160.0,242155.0
2023-01-16,242155.0,252338.0,242155.0,250556.0
2023-01-17,250556.0,261259.0,250505.0,260750.0
2023-01-18,260750.0,267244.0,234240.0,235372.0
2023-01-19,235372.0,236259.0,222559.0,235180.0
2023-01-20,235180.0,248271.0,235180.0,247680.0
2023-01-23,247680.0,256040.0,247680.0,250362.0
2023-01-24,250362.0,253343.0,247266.0,252108.0
2023-01-25,252108.0,260362.0,248491.0,260074.0
2023-01-26,260074.0,264349.0,259354.0,261499.0
2023-01-27,261499.0,263354.0,254125.0,254295.0
2023-01-30,254295.0,254871.0,245864.0,245875.0
2023-01-31,245875.0,255699.0,245875.0,253549.0
2023-02-01,253549.0,255762.0,246755.0,251062.0
2023-02-02,251062.0,255323.0,247526.0,248855.0
2023-02-03,248855.0,250508.0,239103.0,239370.0
2023-02-06,239370.0,243946.0,235722.0,243608.0
2023-02-07,243608.0,249678.0,243608.0,246804.0
2023-02-08,246804.0,250285.0,244722.0,250125.0
2023-02-09,250125.0,253036.0,246772.0,248239.0
2023-02-10,248239.0,251365.0,247835.0,249898.0
2023-02-13,249898.0,258716.0,248177.0,257626.0
2023-02-14,257626.0,262802.0,257626.0,258464.0
2023-02-15,258464.0,260347.0,252536.0,254970.0
2023-02-16,254970.0,260113.0,254090.0,257247.0
2023-02-17,257247.0,258458.0,245040.0,248979.0
2023-02-22,248979.0,249587.0,242778.0,244719.0
2023-02-23,244719.0,250301.0,244719.0,248006.0
2023-02-24,248006.0,249881.0,244224.0,248325.0
2023-02-27,248325.0,252208.0,248240.0,250466.0
2023-02-28,250466.0,253344.0,245924.0,247459.0
2023-03-01,247459.0,249743.0,246579.0,249581.0
2023-03-02,249581.0,249912.0,242322.0,242749.0
2023-03-03,242749.0,247330.0,242749.0,245865.0
2023-03-06,245865.0,253411.0,244285.0,253019.0
2023-03-07,253019.0,255287.0,245074.0,246501.0
2023-03-08,246501.0,251458.0,245990.0,250912.0
2023-03-09,250912.0,255343.0,247373.0,247554.0
2023-03-10,247554.0,249746.0,234927.0,236419.0
2023-03-13,236419.0,236419.0,224778.0,225228.0
2023-03-14,225228.0,233550.0,219601.0,220447.0
2023-03-15,220447.0,220447.0,207676.0,209824.0
2023-03-16,209824.0,223546.0,209824.0,223388.0
2023-03-17,223388.0,223388.0,217290.0,221740.0
2023-03-20,221740.0,225377.0,220249.0,221059.0
2023-03-21,221059.0,229065.0,221059.0,228790.0
2023-03-22,228790.0,228790.0,223741.0,224915.0
2023-03-23,224915.0,227828.0,217886.0,219277.0
2023-03-27,233739.0,234119.0,219277.0,233739.0
2023-03-28,233739.0,242864.0,233317.0,242386.0
2023-03-29,242386.0,249759.0,242386.0,249104.0
2023-03-30,249104.0,253322.0,248221.0,251639.0
2023-03-31,251639.0,255437.0,243890.0,245716.0
2023-04-03,245716.0,255141.0,245716.0,254697.0
2023-04-04,254697.0,255384.0,249844.0,251488.0
2023-04-05,248919.0,253468.0,247593.0,252849.0
2023-04-10,252849.0,258858.0,252849.0,256748.0
2023-04-11,256748.0,262195.0,256748.0,259963.0
2023-04-12,259963.0,267457.0,259963.0,266850.0
2023-04-13,266850.0,271485.0,266783.0,270329.0
2023-04-14,270611.0,276243.0,270611.0,275717.0
2023-04-17,275993.0,281493.0,274725.0,281295.0
2023-04-18,281295.0,288718.0,281295.0,284299.0
2023-04-19,284299.0,284299.0,274292.0,275406.0
2023-04-20,275406.0,282650.0,274833.0,281828.0
2023-04-21,281828.0,291519.0,281828.0,290891.0
2023-04-24,290891.0,300456.0,290395.0,299422.0
2023-04-25,299422.0,306300.0,297595.0,303058.0
2023-04-26,303058.0,305651.0,292743.0,304797.0
2023-04-27,304797.0,307057.0,295681.0,296809.0
2023-04-28,296809.0,298250.0,290809.0,297960.0
2023-05-02,297960.0,298388.0,288651.0,295631.0
2023-05-03,295631.0,296329.0,287570.0,288008.0
2023-05-04,289394.0,291375.0,281361.0,281753.0
2023-05-05,283553.0,298384.0,283553.0,297140.0
2023-05-08,297146.0,305235.0,297146.0,304396.0
2023-05-09,304396.0,310951.0,304396.0,307773.0
2023-05-10,307773.0,311293.0,304569.0,310497.0
2023-05-11,310497.0,317007.0,307722.0,313281.0
2023-05-12,313281.0,322281.0,313281.0,321530.0
2023-05-15,321530.0,321530.0,312917.0,320583.0
2023-05-16,320583.0,324615.0,318217.0,318792.0
2023-05-17,318792.0,330437.0,318792.0,327789.0
2023-05-18,327789.0,331923.0,322922.0,331211.0
2023-05-19,331211.0,339353.0,331211.0,338678.0
2023-05-22,338678.0,340959.0,335632.0,338979.0
2023-05-23,338979.0,349025.0,338673.0,340786.0
2023-05-24,340832.0,342080.0,336046.0,341669.0
2023-05-29,341669.0,346987.0,339939.0,346369.0
2023-05-30,346369.0,346369.0,338926.0,343392.0
2023-05-31,343392.0,343671.0,338676.0,342079.0
2023-06-01,342079.0,353940.0,342079.0,353374.0
2023-06-02,353374.0,358156.0,352729.0,352937.0
2023-06-05,352937.0,362027.0,352937.0,360826.0
2023-06-06,360826.0,380977.0,360826.0,380758.0
2023-06-07,380758.0,388549.0,380238.0,380431.0
2023-06-08,381078.0,388954.0,375304.0,380908.0
2023-06-09,380908.0,387605.0,377804.0,381764.0
2023-06-12,381764.0,384559.0,376883.0,381673.0
2023-06-13,381719.0,385763.0,378665.0,381896.0
2023-06-14,381896.0,384602.0,376325.0,378695.0
2023-06-15,378695.0,392306.0,378695.0,391831.0
2023-06-16,391831.0,411034.0,391831.0,409417.0
2023-06-21,409417.0,430471.0,409417.0,429909.0
2023-06-22,429909.0,429909.0,414887.0,415186.0
2023-06-23,415186.0,425927.0,413829.0,420737.0
2023-06-26,420737.0,442749.0,420737.0,432406.0
2023-06-27,432406.0,434029.0,415092.0,416376.0
2023-06-28,416376.0,426958.0,408773.0,409623.0
2023-06-29,409623.0,418050.0,409353.0,416467.0
2023-06-30,416950.0,428681.0,413947.0,426281.0
2023-07-03,426281.0,437474.0,423345.0,436619.0
2023-07-04,436619.0,443476.0,436619.0,441469.0
2023-07-05,441469.0,441469.0,430792.0,436733.0
2023-07-06,437402.0,437402.0,414101.0,417549.0
2023-07-07,417549.0,426427.0,417549.0,423581.0
2023-07-10,423581.0,424943.0,418499.0,420773.0
2023-07-11,420773.0,423278.0,416948.0,422765.0
2023-07-12,422811.0,435403.0,422811.0,431551.0
2023-07-13,431551.0,452626.0,431551.0,451139.0
2023-07-14,451346.0,452015.0,439578.0,443304.0
2023-07-17,443304.0,461556.0,443304.0,456843.0
2023-07-18,456843.0,464668.0,456092.0,456881.0
2023-07-19,456881.0,459944.0,447947.0,453207.0
2023-07-20,453207.0,459608.0,450595.0,459108.0
2023-07-21,459108.0,473706.0,459108.0,472974.0
2023-07-24,472974.0,479112.0,466045.0,466663.0
2023-07-25,466663.0,472431.0,463544.0,471449.0
2023-07-26,471449.0,475188.0,467785.0,471103.0
2023-07-27,471103.0,471103.0,450002.0,450211.0
2023-07-28,450211.0,460997.0,450211.0,457788.0
2023-07-31,457788.0,462477.0,454983.0,457138.0
2023-08-01,457138.0,459532.0,449928.0,453024.0
2023-08-02,453232.0,453232.0,438925.0,445226.0
2023-08-03,445226.0,452930.0,439695.0,441516.0
2023-08-04,442187.0,458361.0,442187.0,451571.0
2023-08-07,451571.0,455411.0,450051.0,452401.0
2023-08-08,452401.0,474376.0,452401.0,466194.0
2023-08-09,466194.0,475259.0,460335.0,461281.0
2023-08-10,461281.0,472597.0,461281.0,470381.0
2023-08-11,470381.0,480915.0,470381.0,480253.0
2023-08-14,480299.0,513204.0,463471.0,496115.0
2023-08-15,496115.0,528172.0,496115.0,527243.0
2023-08-16,527243.0,566158.0,527243.0,563125.0
2023-08-17,563125.0,583388.0,563125.0,582323.0
2023-08-18,582323.0,585253.0,567071.0,584293.0
2023-08-22,584293.0,594874.0,575440.0,593947.0
2023-08-23,593947.0,616246.0,591543.0,615499.0
2023-08-24,615499.0,623585.0,609118.0,613509.0
2023-08-25,613509.0,631380.0,612387.0,631166.0
2023-08-28,631166.0,666558.0,631166.0,665524.0
2023-08-29,665524.0,690782.0,665524.0,683588.0
2023-08-30,683588.0,689924.0,667209.0,675841.0
2023-08-31,675841.0,678566.0,646899.0,653603.0
2023-09-01,653603.0,664109.0,633694.0,634792.0
2023-09-02,634999.25,641501.0,632175.0,633243.3125
2023-09-04,634999.0,641501.0,632175.0,633243.0
2023-09-05,633243.0,633243.0,597354.0,598133.0
2023-09-06,598133.0,607515.0,583983.0,583983.0
2023-09-07,584655.0,584655.0,546942.0,548015.0
2023-09-08,548015.0,565737.0,527354.0,532550.0
2023-09-11,532550.0,541899.0,508068.0,514074.0
2023-09-12,514120.0,539661.0,512979.0,538085.0
2023-09-13,538085.0,555404.0,536113.0,553410.0
2023-09-14,553410.0,573118.0,553410.0,571753.0
2023-09-15,571753.0,576881.0,556020.0,567513.0
2023-09-18,567513.0,586457.0,567513.0,585205.0
2023-09-19,585205.0,587217.0,568962.0,576676.0
2023-09-20,576676.0,583319.0,559701.0,562033.0
2023-09-21,562033.0,565511.0,546886.0,553755.0
2023-09-22,553755.0,565017.0,552650.0,553392.0
2023-09-25,553392.0,557496.0,543839.0,548545.0
2023-09-26,548545.0,558703.0,542782.0,543252.0
2023-09-27,543252.0,565447.0,543252.0,557024.0
2023-09-28,557024.0,582633.0,557024.0,581469.0
2023-09-29,581686.0,590524.0,560941.0,562569.0
2023-10-02,562569.0,566430.0,556060.0,556828.0
2023-10-03,556828.0,566521.0,550260.0,561427.0
2023-10-04,561427.0,594748.0,557095.0,593740.0
2023-10-05,593740.0,616012.0,593740.0,613072.0
2023-10-06,613072.0,637030.0,613072.0,628918.0
2023-10-09,628918.0,656249.0,628918.0,648631.0
2023-10-10,649733.0,716691.0,649719.0,697834.0
2023-10-11,697883.0,718981.0,661339.0,716544.0
2023-10-12,716544.0,768068.0,708781.0,760674.0
2023-10-14,701205.1875,734135.0,637483.0,654136.4375
2023-10-17,760674.0,825669.0,760674.0,823683.0
2023-10-18,823683.0,834791.0,786926.0,798907.0
2023-10-19,798907.0,798907.0,750718.0,764079.0
2023-10-20,764079.0,809199.0,764079.0,800805.0
2023-10-23,800805.0,800805.0,699480.0,701205.0
2023-10-24,701205.0,734135.0,637483.0,654137.0
2023-10-25,654137.0,688435.0,629896.0,686238.0
2023-10-26,686455.0,708609.0,666426.0,673103.0
2023-10-27,673103.0,680626.0,650349.0,655565.0
2023-10-30,655565.0,663877.0,590102.0,591692.0
2023-10-31,591692.0,603749.0,568624.0,579150.0
2023-11-01,579150.0,620554.0,579150.0,616255.0
2023-11-02,616255.0,655337.0,616255.0,654095.0
2023-11-03,654095.0,671101.0,630296.0,637284.0
2023-11-07,637284.0,639425.0,610401.0,611207.0
2023-11-08,611365.0,621792.0,584970.0,584970.0
2023-11-09,584970.0,628273.0,578412.0,623996.0
2023-11-10,623996.0,664653.0,623996.0,660275.0
2023-11-13,660275.0,673460.0,632323.0,636964.0
2023-11-14,636964.0,650401.0,628941.0,634516.0
2023-11-15,634516.0,645309.0,625934.0,629362.0
2023-11-16,629362.0,633942.0,601051.0,602278.0
2023-11-17,602278.0,646063.0,601291.0,645080.0
2023-11-21,645080.0,808207.0,645080.0,792443.0
2023-11-22,792443.0,881282.0,792443.0,838617.0
2023-11-23,838617.0,885858.0,831176.0,878971.0
2023-11-24,878971.0,922894.0,877266.0,917599.0
2023-11-27,917599.0,936059.0,834675.0,843665.0
2023-11-28,843665.0,864053.0,772403.0,773420.0
2023-11-29,773420.0,803869.0,772251.0,790377.0
2023-11-30,790377.0,815104.0,766620.0,813394.0
2023-12-01,822337.0,872668.0,812164.0,870169.0
2023-12-04,870169.0,878282.0,820912.0,845384.0
2023-12-05,845384.0,891523.0,844284.0,885270.0
2023-12-06,885270.0,912017.0,859521.0,894502.0
2023-12-07,894727.0,945552.0,890262.0,941830.0
2023-12-11,941830.0,981684.0,932700.0,976823.0
2023-12-12,976823.0,1020221.0,971246.0,1010022.0
2023-12-13,1010022.0,1084545.0,972811.0,1003484.0
2023-12-14,1003484.0,1027984.0,987233.0,989696.0
2023-12-15,989696.0,994546.0,921389.0,925658.0
2023-12-18,925658.0,942503.0,902034.0,921877.0
2023-12-19,921877.0,939261.0,913601.0,914461.0
2023-12-20,914461.0,936241.0,914461.0,919911.0
2023-12-21,919911.0,970604.0,911669.0,942904.0
2023-12-22,943719.0,954958.0,927420.0,948474.0
2023-12-26,948474.0,959125.0,907540.0,913125.0
2023-12-27,913125.0,921368.0,864522.0,872972.0
2023-12-28,872981.0,912721.0,872981.0,904067.0
2023-12-29,904067.0,931409.0,899693.0,929704.0
2024-01-02,929704.0,938302.0,915347.0,930420.0
2024-01-03,930420.0,974070.0,924086.0,972412.0
2024-01-04,972412.0,1006276.0,972412.0,1004790.0
2024-01-05,1004790.0,1062908.0,1002826.0,1055381.0
2024-01-08,1055381.0,1106233.0,1051493.0,1104913.0
2024-01-09,1105340.0,1125924.0,1058869.0,1060581.0
2024-01-10,1060581.0,1074204.0,1047232.0,1070425.0
2024-01-11,1070425.0,1098379.0,1042314.0,1043924.0
2024-01-12,1043924.0,1060577.0,1019806.0,1033123.0
2024-01-15,1033123.0,1044897.0,1031711.0,1038358.0
2024-01-16,1038358.0,1067339.0,1029319.0,1057770.0
2024-01-17,1057770.0,1125296.0,1057770.0,1124212.0
2024-01-18,1124212.0,1159543.0,1124212.0,1133638.0
2024-01-19,1133638.0,1177512.0,1133638.0,1174875.0
2024-01-22,1174875.0,1226022.0,1174875.0,1219960.0
2024-01-23,1219960.0,1242765.0,1190775.0,1206469.0
2024-01-24,1206469.0,1254454.0,1206469.0,1251660.0
2024-01-25,1251660.0,1297641.0,1251660.0,1284940.0
2024-01-26,1284940.0,1294031.0,1240171.0,1253620.0
2024-01-29,1253620.0,1258862.0,1214027.0,1253608.0
2024-01-30,1253608.0,1278752.0,1253608.0,1267134.0
2024-01-31,1267134.0,1279852.0,1230005.0,1260563.0
2024-02-01,1260563.0,1303418.0,1251032.0,1302467.0
2024-02-02,1302467.0,1326322.0,1295987.0,1316204.0
2024-02-05,1316204.0,1334440.0,1238999.0,1260998.0
2024-02-06,1260998.0,1276404.0,1214533.0,1215654.0
2024-02-07,1215654.0,1215654.0,1146036.0,1152888.0
2024-02-08,1152888.0,1164132.0,1105803.0,1115907.0
2024-02-09,1115907.0,1151112.0,1108208.0,1128511.0
2024-02-12,1128510.875,1146480.0,1094040.0,1105579.625
2024-02-14,1128511.0,1146475.0,1094038.0,1105580.0
2024-02-15,1105580.0,1126332.0,1087671.0,1093752.0
2024-02-16,1093752.0,1107756.0,1041031.0,1065369.0
2024-02-19,1065369.0,1089536.0,1055703.0,1072261.0
2024-02-20,1072261.0,1086809.0,1051849.0,1059716.0
2024-02-21,1059716.0,1065420.0,1038924.0,1039512.0
2024-02-22,1039512.0,1090479.0,1039512.0,1076030.0
2024-02-23,1076030.0,1106728.0,1049337.0,1105610.0
2024-02-26,1105610.0,1114862.0,1076518.0,1080444.0
2024-02-27,1080444.0,1092733.0,1032702.0,1034335.0
2024-02-28,1034335.0,1037947.0,997493.0,998835.0
2024-02-29,998835.0,1057217.0,998835.0,1014712.0
2024-03-01,1014712.0,1057903.0,1014712.0,1054959.0
2024-03-04,1054959.0,1109770.0,1044712.0,1047614.0
2024-03-05,1047614.0,1052676.0,991163.0,992684.0
2024-03-06,992684.0,1025156.0,988466.0,999642.0
2024-03-07,999642.0,1010972.0,980158.0,994808.0
2024-03-08,994808.0,1010420.0,985482.0,1002336.0
2024-03-11,1002336.0,1003281.0,955099.0,957778.0
2024-03-12,957778.0,1039983.0,957778.0,1026837.0
2024-03-13,1026837.0,1081197.0,1026837.0,1050711.0
2024-03-14,1050711.0,1054748.0,1027901.0,1039095.0
2024-03-15,1039095.0,1072100.0,1032473.0,1068974.0
2024-03-18,1068974.0,1127043.0,1066664.0,1124137.0
2024-03-19,1124137.0,1154984.0,1113701.0,1129937.0
2024-03-20,1129937.0,1186499.0,1129937.0,1185177.0
2024-03-21,1185177.0,1229258.0,1170498.0,1225494.0
2024-03-22,1225494.0,1235464.0,1211348.0,1227404.0
2024-03-25,1227404.0,1256077.0,1211163.0,1212897.0
2024-03-26,1212897.0,1223912.0,1194006.0,1214656.0
2024-03-27,1214656.0,1228820.0,1199501.0,1213485.0
2024-04-03,1213485.0,1214867.0,1183421.0,1212639.0
2024-04-04,1212639.0,1232024.0,1181455.0,1183127.0
2024-04-05,1183127.0,1216261.0,1183127.0,1214371.0
2024-04-08,1214371.0,1236481.0,1214371.0,1229638.0
2024-04-09,1229638.0,1264174.0,1222449.0,1253210.0
2024-04-10,1253210.0,1253239.0,1225208.0,1233950.0
2024-04-11,1233950.0,1261091.0,1225105.0,1259303.0
2024-04-12,1259303.0,1266046.0,1241782.0,1244524.0
2024-04-15,1246136.0,1248386.0,1193188.0,1197524.0
2024-04-16,1197527.0,1219841.0,1168961.0,1203238.0
2024-04-17,1203238.0,1214662.0,1167717.0,1172353.0
2024-04-18,1172353.0,1192042.0,1168696.0,1172830.0
2024-04-19,1172830.0,1204229.0,1172830.0,1189210.0
2024-04-22,1189210.0,1271412.0,1189210.0,1268376.0
2024-04-23,1268376.0,1280788.0,1245142.0,1245751.0
2024-04-24,1245751.0,1245751.0,1200932.0,1202669.0
2024-04-25,1203570.0,1246725.0,1201168.0,1245144.0
2024-04-26,1245144.0,1283600.0,1245144.0,1279459.0
2024-04-29,1279459.0,1321919.0,1279459.0,1308069.0
2024-04-30,1308069.0,1360232.0,1308069.0,1323586.0
2024-05-01,1323585.875,1372560.0,1323590.0,1369674.0
2024-05-02,1323586.0,1372559.0,1323586.0,1369674.0
2024-05-03,1369674.0,1453774.0,1369674.0,1452002.0
2024-05-06,1452002.0,1498166.0,1452002.0,1495827.0
2024-05-07,1497544.0,1505718.0,1455876.0,1463624.0
2024-05-08,1463624.0,1494252.0,1442693.0,1450499.0
2024-05-09,1450499.0,1450499.0,1413000.0,1434922.0
2024-05-10,1436288.0,1438736.0,1405870.0,1407511.0
2024-05-13,1407511.0,1418958.0,1366131.0,1376939.0
2024-05-14,1376939.0,1416954.0,1365383.0,1409885.0
2024-05-15,1437205.0,1480351.0,1409885.0,1477796.0
2024-05-16,1477796.0,1486517.0,1455291.0,1481343.0
2024-05-17,1481343.0,1488954.0,1461045.0,1473463.0
2024-05-20,1478445.0,1537379.0,1454808.0,1535512.0
2024-05-21,1535512.0,1582365.0,1531537.0,1581107.0
2024-05-22,1581107.0,1584054.0,1544860.0,1562849.0
2024-05-23,1562849.0,1569356.0,1509600.0,1513777.0
2024-05-24,1513777.0,1532284.0,1501731.0,1520809.0
2024-05-27,1520809.0,1520809.0,1520809.0,1520809.0
2024-05-28,1572474.0,1577132.0,1531724.0,1575417.0
2024-05-29,1571028.0,1581141.0,1538117.0,1567731.0
2024-05-30,1567731.0,1644118.0,1567731.0,1643011.0
2024-05-31,1643011.0,1665356.0,1616110.0,1651417.0
2024-06-03,1651417.0,1665774.0,1639149.0,1659248.0
2024-06-04,1659248.0,1659248.0,1573280.0,1581164.0
2024-06-05,1581164.0,1593231.0,1521513.0,1570750.0
2024-06-06,1570750.0,1570750.0,1499905.0,1503728.0
2024-06-07,1503728.0,1532723.0,1503728.0,1519209.0
2024-06-10,1519209.0,1577751.0,1512483.0,1576628.0
2024-06-11,1576628.0,1578561.0,1538297.0,1544869.0
2024-06-12,1544869.0,1589587.0,1544869.0,1568096.0
2024-06-13,1568096.0,1640626.0,1548161.0,1605208.0
2024-06-14,1605208.0,1610891.0,1568646.0,1582372.0
2024-06-18,1582372.0,1583671.0,1548910.0,1557430.0
2024-06-19,1557430.0,1579841.0,1557430.0,1576462.0
2024-06-24,1576462.0,1576462.0,1552385.0,1554951.0
2024-06-25,1570382.0,1583947.0,1559850.0,1570620.0
2024-06-26,1570620.0,1581349.0,1552766.0,1574472.0
2024-06-27,1574472.0,1637738.0,1570707.0,1635667.0
2024-06-28,1635667.0,1640488.0,1605607.0,1611295.0
2024-07-01,1611295.0,1611295.0,1579478.0,1594733.0
2024-07-02,1595166.0,1636867.0,1595166.0,1636391.0
2024-07-03,1634019.0,1660153.0,1593509.0,1603517.0
2024-07-04,1603517.0,1618207.0,1603517.0,1612745.0
2024-07-05,1616836.0,1639875.0,1616836.0,1629030.0
2024-07-08,1629030.0,1649664.0,1624889.0,1643221.0
2024-07-10,1643221.0,1691344.0,1643221.0,1690009.0
2024-07-11,1690009.0,1723015.0,1687755.0,1705676.0
2024-07-12,1705676.0,1722886.0,1698143.0,1715610.0
2024-07-15,1715610.0,1715610.0,1500904.0,1504984.0
2024-07-16,1504984.0,1533699.0,1418421.0,1526268.0
2024-07-17,1526268.0,1533747.0,1495417.0,1524496.0
2024-07-18,1524496.0,1553355.0,1517876.0,1528791.0
2024-07-19,1540105.0,1573703.0,1540105.0,1569019.0
2024-07-22,1569019.0,1595453.0,1568937.0,1590407.0
2024-07-23,1590407.0,1640606.0,1590407.0,1635674.0
2024-07-24,1635674.0,1642098.0,1579181.0,1582113.0
2024-07-25,1582113.0,1583522.0,1536726.0,1538280.0
2024-07-26,1538280.0,1575472.0,1534644.0,1542022.0
2024-07-29,1542022.0,1549589.0,1476097.0,1481242.0
2024-07-30,1481242.0,1482170.0,1409671.0,1411953.0
2024-07-31,1412411.0,1481853.0,1412411.0,1481853.0
2024-08-01,1507785.0,1525753.0,1475571.0,1500217.0
2024-08-02,1500217.0,1500217.0,1431667.0,1433350.0
2024-08-05,1433350.0,1433969.0,1333622.0,1420523.0
2024-08-06,1420523.0,1470161.0,1420523.0,1457571.0
2024-08-07,1457571.0,1492293.0,1442673.0,1452161.0
2024-08-08,1452161.0,1534708.0,1452161.0,1530366.0
2024-08-09,1530366.0,1588836.0,1530366.0,1583895.0
2024-08-10,1738555.75,1738560.0,1681770.0,1683315.5
2024-08-11,1683315.5,1789040.0,1715180.0,1764128.5
2024-08-12,1583895.0,1602498.0,1566657.0,1588905.0
2024-08-13,1588905.0,1598494.0,1577530.0,1591697.0
2024-08-14,1591697.0,1629040.0,1591291.0,1607310.0
2024-08-15,1607310.0,1647641.0,1607310.0,1643875.0
2024-08-16,1643875.0,1670481.0,1643875.0,1649329.0
2024-08-19,1649329.0,1677468.0,1638080.0,1657075.0
2024-08-20,1657075.0,1681583.0,1639626.0,1659275.0
2024-08-21,1659275.0,1663072.0,1617149.0,1621076.0
2024-08-22,1621076.0,1621846.0,1573811.0,1577420.0
2024-08-23,1577420.0,1615290.0,1577420.0,1606967.0
2024-08-24,1606967.375,1627370.0,1580600.0,1593002.5
2024-08-26,1606967.0,1627371.0,1580598.0,1593003.0
2024-08-27,1593003.0,1616930.0,1592352.0,1616134.0
2024-08-28,1616134.0,1624173.0,1599828.0,1617544.0
2024-08-29,1617544.0,1672553.0,1617544.0,1660144.0
2024-08-30,1660144.0,1745638.0,1660144.0,1717564.0
2024-09-02,1717564.0,1765447.0,1715907.0,1754833.0
2024-09-03,1754833.0,1764848.0,1708713.0,1735253.0
2024-09-04,1735253.0,1800902.0,1735253.0,1796920.0
2024-09-05,1796920.0,1830229.0,1752457.0,1765465.0
2024-09-06,1765465.0,1769364.0,1701665.0,1721668.0
2024-09-09,1721668.0,1764707.0,1721668.0,1738556.0
2024-09-10,1738556.0,1738556.0,1677388.0,1715185.0
2024-09-11,1715185.0,1789037.0,1715185.0,1764129.0
2024-09-12,1764129.0,1800382.0,1764129.0,1790058.0
2024-09-13,1790058.0,1819580.0,1790058.0,1817734.0
2024-09-16,1817734.0,1856002.0,1812035.0,1812872.0
2024-09-17,1812872.0,1823758.0,1792757.0,1813298.0
2024-09-18,1813298.0,1838789.0,1781677.0,1815099.0
2024-09-19,1815099.0,1855228.0,1815099.0,1847053.0
2024-09-20,1847053.0,1847053.0,1807284.0,1822928.0
2024-09-23,1822928.0,1833281.0,1776138.0,1790228.0
2024-09-24,1790228.0,1795836.0,1772116.0,1774668.0
2024-09-25,1774668.0,1783110.0,1741543.0,1744131.0
2024-09-26,1744131.0,1752748.0,1708072.0,1715671.0
2024-09-27,1715671.0,1747198.0,1715671.0,1727777.0
2024-09-30,1729033.0,1729560.0,1677592.0,1697401.0
2024-10-01,1697401.0,1737279.0,1681685.0,1728761.0
2024-10-02,1728761.0,1737224.0,1713787.0,1715159.0
2024-10-03,1715159.0,1756900.0,1715159.0,1754992.0
2024-10-04,1754992.0,1763550.0,1747132.0,1756515.0
2024-10-07,1756515.0,1756515.0,1707203.0,1714594.0
2024-10-08,1714594.0,1737431.0,1714418.0,1731370.0
2024-10-09,1731370.0,1784035.0,1712532.0,1771933.0
2024-10-10,1771933.0,1807036.0,1768915.0,1782989.0
2024-10-14,1782989.0,1821032.0,1782989.0,1804415.0
2024-10-15,1804415.0,1822998.0,1786601.0,1816251.0
2024-10-16,1816251.0,1834670.0,1773044.0,1776061.0
2024-10-17,1776061.0,1815012.0,1776061.0,1801604.0
2024-10-18,1801604.0,1826169.0,1781717.0,1823330.0
2024-10-21,1823330.0,1831959.0,1812432.0,1820705.0
2024-10-22,1820705.0,1835511.0,1803589.0,1807539.0
2024-10-23,1807539.0,1810057.0,1759559.0,1774319.0
2024-10-24,1774319.0,1852322.0,1774319.0,1849995.0
2024-10-25,1849995.0,1894257.0,1849995.0,1872785.0
2024-10-28,1872785.0,1902987.0,1845463.0,1851914.0
2024-10-29,1851914.0,1883422.0,1844116.0,1845639.0
2024-10-30,1845639.0,1870921.0,1825750.0,1837535.0
2024-10-31,1837535.0,1857858.0,1815360.0,1848744.0
2024-11-01,1851672.0,1908129.0,1851672.0,1879879.0
2024-11-04,1879879.0,1926471.0,1875847.0,1919066.0
2024-11-05,1921116.0,1942612.0,1905726.0,1931281.0
2024-11-06,1931281.0,2016579.0,1931281.0,1976613.0
2024-11-07,1976613.0,2030329.0,1976613.0,2015558.0
2024-11-08,2015558.0,2056045.0,1928414.0,1964487.0
2024-11-11,1964487.0,1991098.0,1918412.0,1987846.0
2024-11-12,1987846.0,2017031.0,1958182.0,2012041.0
2024-11-13,2012041.0,2049780.0,2012041.0,2042551.0
2024-11-14,2042917.0,2094440.0,2042917.0,2087647.0
2024-11-15,2087647.0,2137920.0,2059359.0,2066915.0
2024-11-19,2066915.0,2186763.0,2066915.0,2124413.0
2024-11-20,2124413.0,2152823.0,2109098.0,2145972.0
2024-11-21,2145972.0,2186534.0,2123362.0,2140096.0
2024-11-22,2140096.0,2224281.0,2133547.0,2211988.0
2024-11-25,2211988.0,2268989.0,2167662.0,2218551.0
2024-11-26,2218551.0,2268221.0,2192630.0,2252266.0
2024-11-27,2252266.0,2268005.0,2190555.0,2205245.0
2024-11-28,2205245.0,2233581.0,2205245.0,2230803.0
2024-11-29,2230803.0,2264235.0,2209296.0,2258295.0
2024-12-02,2258295.0,2297352.0,2256069.0,2295432.0
2024-12-03,2299129.0,2326959.0,2270154.0,2303990.0
2024-12-04,2303990.0,2306929.0,2201825.0,2216278.0
2024-12-05,2216278.0,2250505.0,2197153.0,2211583.0
2024-12-06,2211583.0,2247081.0,2159530.0,2202444.0
2024-12-09,2202444.0,2264665.0,2197906.0,2228859.0
2024-12-10,2228859.0,2247915.0,2184804.0,2201246.0
2024-12-11,2201246.0,2294153.0,2188247.0,2291149.0
2024-12-12,2291149.0,2331767.0,2291149.0,2304090.0
2024-12-13,2304090.0,2374600.0,2304090.0,2370662.0
2024-12-16,2370662.0,2548716.0,2370662.0,2543202.0
2024-12-17,2543202.0,2605895.0,2543202.0,2592201.0
2024-12-18,2592201.0,2680484.0,2517160.0,2521017.0
2024-12-19,2521017.0,2548100.0,2416286.0,2419894.0
2024-12-20,2419894.0,2472778.0,2347468.0,2467562.0
2024-12-23,2467562.0,2521789.0,2436293.0,2501153.0
2024-12-24,2501153.0,2554800.0,2501153.0,2551020.0
2024-12-25,2551020.5,2618540.0,2549440.0,2597388.5
2024-12-26,2551020.0,2618537.0,2549444.0,2597389.0
2024-12-27,2597389.0,2624818.0,2543699.0,2577546.0
2024-12-30,2577689.0,2588511.0,2517966.0,2533635.0
2025-01-02,2533635.0,2700930.0,2533635.0,2695646.0
2025-01-03,2695646.0,2758795.0,2643760.0,2728911.0
2025-01-06,2728911.0,2828294.0,2728911.0,2801221.0
2025-01-07,2801221.0,2867775.0,2765217.0,2822175.0
2025-01-08,2822175.0,2831309.0,2710328.0,2782477.0
2025-01-09,2782477.0,2843736.0,2782477.0,2829730.0
2025-01-10,2829730.0,2839302.0,2737261.0,2805140.0
2025-01-13,2805140.0,2818819.0,2652408.0,2655179.0
2025-01-14,2655179.0,2762831.0,2655179.0,2733273.0
2025-01-15,2733273.0,2791872.0,2680348.0,2704474.0
2025-01-16,2704474.0,2720523.0,2624423.0,2629377.0
2025-01-17,2629377.0,2660213.0,2503741.0,2510886.0
2025-01-19,2933230.0,2942750.0,2901610.0,2913872.0
2025-01-20,2510886.0,2567112.0,2510886.0,2536837.0
2025-01-21,2536837.0,2627516.0,2520830.0,2619719.0
2025-01-22,2619719.0,2685340.0,2617583.0,2680946.0
2025-01-23,2680946.0,2683816.0,2622049.0,2625050.0
2025-01-24,2625050.0,2631626.0,2464334.0,2566082.0
2025-01-27,2566082.0,2566082.0,2422949.0,2439099.0
2025-01-28,2439099.0,2487845.0,2374518.0,2435629.0
2025-01-29,2435629.0,2549697.0,2430901.0,2545356.0
2025-01-30,2545356.0,2619895.0,2545356.0,2599329.0
2025-01-31,2599329.0,2622881.0,2554535.0,2564659.0
2025-02-03,2564659.0,2564659.0,2448946.0,2484136.0
2025-02-04,2484136.0,2548717.0,2484136.0,2523647.0
2025-02-05,2523647.0,2534768.0,2475954.0,2477714.0
2025-02-06,2477714.0,2527850.0,2476905.0,2503483.0
2025-02-07,2503483.0,2541171.0,2396453.0,2416382.0
2025-02-10,2416382.0,2462059.0,2386598.0,2391368.0
2025-02-11,2391368.0,2405362.0,2254927.0,2273568.0
2025-02-12,2273568.0,2332300.0,2199945.0,2285846.0
2025-02-13,2285846.0,2366143.0,2285846.0,2353744.0
2025-02-14,2353744.0,2390258.0,2334352.0,2387386.0
2025-02-17,2387386.0,2387386.0,2236974.0,2254189.0
2025-02-18,2254189.0,2407000.0,2254189.0,2391725.0
2025-02-19,2391725.0,2429851.0,2364105.0,2401580.0
2025-02-20,2401580.0,2414498.0,2357637.0,2410221.0
2025-02-21,2410221.0,2457126.0,2361563.0,2364529.0
2025-02-24,2364529.0,2408913.0,2317817.0,2348398.0
2025-02-25,2348398.0,2363829.0,2252324.0,2282899.0
2025-02-26,2282899.0,2320068.0,2266840.0,2275037.0
2025-02-27,2275037.0,2312080.0,2180987.0,2193657.0
2025-02-28,2193657.0,2247604.0,2149790.0,2205801.0
2025-03-05,2205801.0,2295600.0,2184495.0,2290050.0
2025-03-06,2290050.0,2327823.0,2253707.0,2270181.0
2025-03-07,2270181.0,2305675.0,2192901.0,2262289.0
2025-03-10,2262289.0,2262289.0,2105937.0,2138846.0
2025-03-11,2138846.0,2188768.0,2120805.0,2159500.0
2025-03-12,2159500.0,2287574.0,2159500.0,2272937.0
2025-03-13,2272937.0,2285403.0,2226945.0,2232180.0
2025-03-14,2232180.0,2339960.0,2232180.0,2335575.0
2025-03-17,2335575.0,2374727.0,2330971.0,2346306.0
2025-03-18,2346306.0,2346306.0,2270953.0,2288538.0
2025-03-19,2288538.0,2397160.0,2288538.0,2392030.0
2025-03-20,2392030.0,2392030.0,2351124.0,2361583.0
2025-03-21,2361583.0,2435858.0,2353466.0,2433538.0
2025-03-25,2456158.0,2506952.0,2433538.0,2487680.0
2025-03-26,2487680.0,2512180.0,2429870.0,2439966.0
2025-03-27,2439966.0,2500776.0,2403213.0,2412082.0
2025-03-28,2412082.0,2412082.0,2351718.0,2378563.0
2025-03-31,2378563.0,2378563.0,2309661.0,2338761.0
2025-04-01,2338761.0,2389697.0,2332454.0,2356531.0
2025-04-03,2356531.0,2356531.0,2267110.0,2275659.0
2025-04-04,2275659.0,2275659.0,2032460.0,2107816.0
2025-04-07,2107816.0,2132317.0,2016505.0,2025967.0
2025-04-08,2025967.0,2129441.0,1978887.0,1990621.0
2025-04-09,1990621.0,2195637.0,1889591.0,2182907.0
2025-04-10,2171404.0,2171404.0,2027435.0,2111490.0
2025-04-11,2111490.0,2279363.0,2111490.0,2248803.0
2025-04-12,2248800.0,2248800.0,2248800.0,2248800.0
2025-04-13,2248800.0,2248800.0,2248800.0,2248800.0
2025-04-14,2248803.0,2364950.0,2248803.0,2364950.0
2025-04-15,2364950.0,2368527.0,2275243.0,2284280.0
2025-04-16,2284280.0,2304230.0,2168124.0,2177975.0
2025-04-17,2177980.0,2177980.0,2177980.0,2177980.0
2025-04-18,2177980.0,2177980.0,2177980.0,2177980.0
2025-04-19,2177980.0,2177980.0,2177980.0,2177980.0
2025-04-20,2177980.0,2177980.0,2177980.0,2177980.0
2025-04-21,2177975.0,2177975.0,2025142.0,2045707.0
2025-04-22,2045707.0,2168086.0,2045707.0,2163891.0
2025-04-23,2163891.0,2283593.0,2163891.0,2239402.0
2025-04-24,2239402.0,2331504.0,2229411.0,2232745.0
2025-04-25,2232745.0,2257679.0,2218007.0,2225243.0
2025-04-26,2225240.0,2225240.0,2225240.0,2225240.0
2025-04-27,2225240.0,2225240.0,2225240.0,2225240.0
2025-04-28,2225243.0,2242754.0,2151095.0,2179249.0
2025-04-29,2180826.0,2199194.0,2154901.0,2158848.0
2025-04-30,2158848.0,2158848.0,2097529.0,2100844.0
2025-05-01,2100840.0,2100840.0,2100840.0,2100840.0
2025-05-03,2564659.0,2564660.0,2448950.0,2484135.75
2025-05-05,2100844.0,2100844.0,2032468.0,2059932.0
2025-05-06,2059932.0,2134997.0,2059932.0,2129994.0
2025-05-07,2129994.0,2132279.0,2055401.0,2059915.0
2025-05-08,2059915.0,2085691.0,2028066.0,2061722.0
2025-05-09,2064360.0,2140598.0,2063755.0,2114386.0
2025-05-10,2114390.0,2114390.0,2114390.0,2114390.0
2025-05-11,2114390.0,2114390.0,2114390.0,2114390.0
2025-05-12,2114588.0,2233646.0,2114588.0,2230395.0
2025-05-13,2230395.0,2292721.0,2214326.0,2285483.0
2025-05-14,2288845.0,2313283.0,2246657.0,2301643.0
2025-05-15,2301643.0,2312954.0,2236044.0,2298473.0
2025-05-16,2298473.0,2321689.0,2279256.0,2318360.0
2025-05-17,2318360.0,2318360.0,2318360.0,2318360.0
2025-05-18,2318360.0,2318360.0,2318360.0,2318360.0
2025-05-19,2318360.0,2409196.0,2318360.0,2369505.0
2025-05-20,2369505.0,2399812.0,2346821.0,2378464.0
2025-05-21,2378464.0,2400650.0,2310191.0,2319549.0
2025-05-22,2319549.0,2358258.0,2308352.0,2314897.0
2025-05-23,2314897.0,2352614.0,2281486.0,2345902.0
2025-05-24,2345900.0,2345900.0,2345900.0,2345900.0
2025-05-25,2345900.0,2345900.0,2345900.0,2345900.0
2025-05-26,2345902.0,2384067.0,2345902.0,2370800.0
2025-05-27,2370800.0,2381052.0,2343523.0,2355098.0
2025-05-28,2355098.0,2368473.0,2266196.0,2344330.0
2025-05-29,2344330.0,2345531.0,2296663.0,2308056.0
2025-05-30,2306995.0,2314949.0,2269200.0,2278992.0
2025-06-02,2278992.0,2283473.0,2202360.0,2206291.0
2025-06-03,2206291.0,2250237.0,2181587.0,2224638.0
2025-06-04,2224638.0,2224638.0,2124306.0,2126915.0
2025-06-05,2130736.0,2157326.0,2115655.0,2124156.0
2025-06-06,2124156.0,2176386.0,2102591.0,2156778.0
2025-06-07,2156780.0,2156780.0,2156780.0,2156780.0
2025-06-08,2156780.0,2156780.0,2156780.0,2156780.0
2025-06-09,2156778.0,2156778.0,2109184.0,2111197.0
2025-06-10,2111197.0,2218181.0,2111197.0,2202667.0
2025-06-11,2202667.0,2206353.0,2159664.0,2171272.0
2025-06-12,2171272.0,2212833.0,2171272.0,2187671.0
2025-06-13,2187671.0,2193360.0,2103951.0,2127156.0
2025-06-14,2173300.0,2173300.0,2173300.0,2173300.0
2025-06-15,2173300.0,2173300.0,2173300.0,2173300.0
2025-06-16,2173300.0,2173300.0,2173300.0,2173300.0
2025-06-17,2127156.0,2127156.0,2058979.0,2072440.0
2025-06-18,2072440.0,2087596.0,2047045.0,2050983.0
2025-06-19,2050983.0,2068736.0,2041574.0,2064099.0
2025-06-20,2064100.0,2064100.0,2064100.0,2064100.0
2025-06-21,2064100.0,2064100.0,2064100.0,2064100.0
2025-06-22,2064100.0,2064100.0,2064100.0,2064100.0
2025-06-23,2064099.0,2064099.0,1953993.0,1977116.0
2025-06-24,1977116.0,2074377.0,1977116.0,2064590.0
2025-06-25,2064904.0,2064904.0,2019685.0,2024393.0
2025-06-26,2024393.0,2066813.0,2024393.0,2038948.0
2025-06-27,2040048.0,2057787.0,2027352.0,2041078.0
2025-06-28,2041080.0,2041080.0,2041080.0,2041080.0
2025-06-29,2041080.0,2041080.0,2041080.0,2041080.0
2025-06-30,2041078.0,2062866.0,1969598.0,1994825.0
2025-07-01,1994825.0,2035578.0,1992685.0,2031093.0
2025-07-02,2031093.0,2076173.0,2031093.0,2063027.0
2025-07-03,2063027.0,2093480.0,2063027.0,2078161.0
2025-07-04,2078161.0,2091096.0,2071373.0,2078697.0
2025-07-05,2078700.0,2078700.0,2078700.0,2078700.0
2025-07-06,2078700.0,2078700.0,2078700.0,2078700.0
2025-07-07,2079728.0,2079810.0,2034756.0,2049934.0
2025-07-08,2049934.0,2134248.0,2042105.0,2129786.0
2025-07-09,2129785.5,2129790.0,2053830.0,2068736.0
2025-07-10,2129786.0,2129786.0,2053832.0,2068736.0
2025-07-11,2068736.0,2068736.0,2006368.0,2007433.0
2025-07-14,2007433.0,2066795.0,1982934.0,2064025.0
2025-07-15,2064025.0,2082747.0,2041818.0,2075072.0
2025-07-16,2075072.0,2075072.0,2017248.0,2027274.0
2025-07-17,2027274.0,2075327.0,2027274.0,2066134.0
2025-07-18,2066134.0,2116566.0,2066134.0,2075286.0
2025-07-21,2075286.0,2095371.0,2040919.0,2042466.0
2025-07-22,2042466.0,2064392.0,1995513.0,2010482.0
2025-07-23,2010482.0,2088311.0,2010482.0,2083677.0
2025-07-24,2083677.0,2137480.0,2066892.0,2135087.0
2025-07-25,2135125.0,2210362.0,2135125.0,2197099.0
2025-07-28,2197418.0,2230015.0,2196969.0,2213570.0
2025-07-29,2214689.0,2308980.0,2214689.0,2304343.0
2025-07-30,2304343.0,2320999.0,2268764.0,2306756.0
2025-07-31,2306756.0,2349560.0,2305763.0,2319511.0
2025-08-01,2319511.0,2321491.0,2260026.0,2278849.0
2025-08-02,2319510.0,2319510.0,2319510.0,2319510.0
2025-08-04,2278849.0,2311241.0,2270838.0,2287329.0
2025-08-05,2287329.0,2351294.0,2286108.0,2346867.0
2025-08-06,2346867.0,2423523.0,2346867.0,2415041.0
2025-08-07,2416090.0,2437283.0,2345003.0,2349021.0
2025-08-08,2349021.0,2365013.0,2269726.0,2300926.0
2025-08-09,2349020.0,2349020.0,2349020.0,2349020.0
2025-08-10,2349020.0,2349020.0,2349020.0,2349020.0
2025-08-11,2300926.0,2331601.0,2276230.0,2303302.0
2025-08-12,2303302.0,2353547.0,2293644.0,2311836.0
2025-08-13,2311836.0,2324490.0,2260467.0,2287631.0
2025-08-14,2287631.0,2287679.0,2163386.0,2188543.0
2025-08-15,2188540.0,2188540.0,2188540.0,2188540.0
2025-08-16,2188540.0,2188540.0,2188540.0,2188540.0
2025-08-17,2188540.0,2188540.0,2188540.0,2188540.0
2025-08-18,2188543.0,2225542.0,2166137.0,2198382.0
2025-08-19,2198382.0,2202050.0,2089557.0,2092206.0
2025-08-20,2092206.0,2137977.0,2079378.0,2081951.0
2025-08-21,2081951.0,2129288.0,2073856.0,2103163.0
2025-08-22,2103163.0,2153550.0,2103163.0,2106200.0
2025-08-23,2106200.0,2106200.0,2106200.0,2106200.0
2025-08-24,2106200.0,2106200.0,2106200.0,2106200.0
2025-08-25,2106240.0,2106240.0,2015655.0,2021852.0
2025-08-26,2022178.0,2054391.0,1993856.0,2033345.0
2025-08-27,2034487.0,2034487.0,1966584.0,1974151.0
2025-08-28,1974151.0,2044300.0,1973560.0,1997379.0
2025-08-29,1997379.0,2001555.0,1962871.0,1984845.0
2025-08-30,1984840.0,1984840.0,1984840.0,1984840.0
2025-08-31,1984840.0,1984840.0,1984840.0,1984840.0
2025-09-01,1984845.0,1988251.0,1927627.0,1939743.0
2025-09-02,1939743.0,1980485.0,1905450.0,1975730.0
2025-09-03,1979267.0,1989629.0,1923026.0,1933987.0
2025-09-04,1933987.0,2004015.0,1933200.0,1990320.0
2025-09-05,1991392.0,2030490.0,1948914.0,1997624.0
2025-09-06,1997620.0,1997620.0,1997620.0,1997620.0
2025-09-07,1997620.0,1997620.0,1997620.0,1997620.0
2025-09-08,1997624.0,1997624.0,1723050.0,1732924.0
2025-09-09,1732924.0,1791494.0,1726355.0,1728447.0
2025-09-10,1728447.0,1835484.0,1728447.0,1825228.0
2025-09-11,1825228.0,1850735.0,1795866.0,1805182.0
2025-09-12,1805182.0,1818973.0,1734448.0,1759874.0
2025-09-13,1759870.0,1759870.0,1759870.0,1759870.0
2025-09-14,1759870.0,1759870.0,1759870.0,1759870.0
2025-09-15,1759874.0,1784332.0,1739492.0,1748702.0
2025-09-16,1748702.0,1804760.0,1748702.0,1788269.0
2025-09-17,1788269.0,1819746.0,1776671.0,1783520.0
2025-09-18,1783520.0,1783520.0,1676880.0,1695530.0
2025-09-19,1695530.0,1712206.0,1635451.0,1683960.0
2025-09-20,1683960.0,1683960.0,1683960.0,1683960.0
2025-09-21,1683960.0,1683960.0,1683960.0,1683960.0
2025-09-22,1687361.0,1820531.0,1687361.0,1811039.0
2025-09-23,1811039.0,1847371.0,1760718.0,1815382.0
2025-09-24,1815424.0,1934773.0,1815424.0,1843319.0
2025-09-25,1843667.0,1844057.0,1757533.0,1767848.0
2025-09-26,1769066.0,1823871.0,1762754.0,1791046.0
2025-09-27,1791050.0,1791050.0,1791050.0,1791050.0
2025-09-28,1791050.0,1791050.0,1791050.0,1791050.0
2025-09-29,1791046.0,1807452.0,1765334.0,1793185.0
2025-09-30,1793185.0,1795915.0,1735975.0,1773440.0
2025-10-01,1773440.0,1803804.0,1762032.0,1764590.0
2025-10-02,1764590.0,1813607.0,1740362.0,1808661.0
2025-10-03,1808661.0,1821067.0,1774854.0,1805024.0
2025-10-04,1805020.0,1805020.0,1805020.0,1805020.0
2025-10-05,1805020.0,1805020.0,1805020.0,1805020.0
2025-10-06,1805024.0,1818202.0,1777766.0,1802570.0
2025-10-07,1803907.0,1814529.0,1786251.0,1793952.0
2025-10-08,1793952.0,1823057.0,1779625.0,1819464.0
2025-10-09,1819464.0,1936505.0,1819464.0,1924930.0
2025-10-10,1924930.0,1924930.0,1924930.0,1924930.0
2025-10-11,1924930.0,1924930.0,1924930.0,1924930.0
2025-10-12,1924930.0,1924930.0,1924930.0,1924930.0
2025-10-13,1924930.0,1966791.0,1848406.0,1958155.0
2025-10-14,1924930.0,1995447.0,1857266.0,1884774.0
2025-10-15,1884774.0,1972267.0,1884774.0,1912739.0
2025-10-16,1912739.0,1941202.0,1898083.0,1929505.0
2025-10-17,1929505.0,1991310.0,1923505.0,1989555.0
2025-10-18,1989560.0,1989560.0,1989560.0,1989560.0
2025-10-19,1989560.0,1989560.0,1989560.0,1989560.0
2025-10-20,1989555.0,2045107.0,1959529.0,1978419.0
2025-10-21,1978419.0,2065259.0,1961274.0,2002849.0
2025-10-22,2002849.0,2040915.0,1979965.0,2018811.0
2025-10-23,2018811.0,2124610.0,2014899.0,2055520.0
2025-10-24,2055520.0,2114956.0,2054365.0,2076859.0
2025-10-25,2076860.0,2076860.0,2076860.0,2076860.0
2025-10-26,2076860.0,2076860.0,2076860.0,2076860.0
2025-10-27,2076902.0,2551670.0,2076902.0,2529084.0
2025-10-28,2529442.0,2728291.0,2502468.0,2670388.0
2025-10-29,2671639.0,2838882.0,2671639.0,2801881.0
2025-10-30,2793520.0,2793520.0,2793520.0,2793520.0
2025-10-31,2793520.0,3024831.0,2782234.0,3002607.0
2025-11-01,3002610.0,3002610.0,3002610.0,3002610.0
2025-11-02,3002610.0,3002610.0,3002610.0,3002610.0
2025-11-03,3002607.0,3181450.0,3002607.0,3104495.0
2025-11-04,3080710.0,3080710.0,3080710.0,3080710.0
2025-11-05,3080710.0,3164299.0,3023742.0,3048197.0
2025-11-06,3048197.0,3067194.0,2955222.0,2973544.0
2025-11-07,2974913.0,2977879.0,2832009.0,2864647.0
2025-11-08,2864650.0,2864650.0,2864650.0,2864650.0
2025-11-09,2864650.0,2864650.0,2864650.0,2864650.0
2025-11-10,2864647.0,2976111.0,2864647.0,2951889.0
2025-11-11,2951889.0,3004220.0,2950111.0,2958258.0
2025-11-12,2958511.0,3014275.0,2958453.0,2984608.0
2025-11-13,2984608.0,3011703.0,2847682.0,2883333.0
2025-11-14,2883333.0,3016245.0,2843451.0,2992809.0
2025-11-15,2992810.0,2992810.0,2992810.0,2992810.0
2025-11-16,2992810.0,2992810.0,2992810.0,2992810.0
2025-11-17,2992809.0,3013880.0,2920742.0,2926871.0
2025-11-18,2926871.0,2944022.0,2819497.0,2932664.0
2025-11-19,2932664.0,2954226.0,2867947.0,2869724.0
2025-11-20,2869768.0,2943043.0,2823883.0,2850533.0
2025-11-21,2850533.0,2850533.0,2729589.0,2761615.0
2025-11-22,2850530.0,2850530.0,2850530.0,2850530.0
2025-11-23,2850530.0,2850530.0,2850530.0,2850530.0
2025-11-24,2850530.0,2850530.0,2850530.0,2850530.0
2025-11-25,2761982.0,2871874.0,2730559.0,2865760.0
2025-11-26,2867043.0,2989248.0,2841565.0,2985632.0
2025-11-27,2985632.0,3040611.0,2985632.0,3020019.0
2025-11-28,3020019.0,3079257.0,3014845.0,3026470.0
2025-11-29,3026470.0,3026470.0,3026470.0,3026470.0
2025-11-30,3026470.0,3026470.0,3026470.0,3026470.0
2025-12-01,3026470.0,3071217.0,2999040.0,3060289.0
2025-12-02,3060289.0,3093293.0,3037326.0,3042001.0
2025-12-03,3042001.0,3136936.0,3036279.0,3129449.0
2025-12-04,3129449.0,3182789.0,3093518.0,3096396.0
2025-12-05,3097799.0,3164765.0,3044219.0,3046355.0
2025-12-06,3046350.0,3046350.0,3046350.0,3046350.0
2025-12-07,3046350.0,3046350.0,3046350.0,3046350.0
2025-12-08,3046350.0,3046350.0,3046350.0,3046350.0
2025-12-09,3046355.0,3060577.0,2966247.0,2987064.0
2025-12-10,2987064.0,3045939.0,2971169.0,3013647.0
2025-12-11,3013647.0,3027216.0,2938180.0,2980581.0
2025-12-12,2980581.0,3009196.0,2934956.0,2979065.0
2025-12-13,2979060.0,2979060.0,2979060.0,2979060.0
2025-12-14,2979060.0,2979060.0,2979060.0,2979060.0
2025-12-15,2979065.0,3029138.0,2952567.0,3012681.0
2025-12-16,3012681.0,3065969.0,2969601.0,3034429.0
2025-12-17,3034429.0,3055375.0,3002121.0,3035517.0
2025-12-18,3035517.0,3167802.0,3026880.0,3163224.0
2025-12-19,3163224.0,3195428.0,3136187.0,3139467.0
2025-12-20,3139470.0,3139470.0,3139470.0,3139470.0
2025-12-21,3139470.0,3139470.0,3139470.0,3139470.0
2025-12-22,3140837.0,3181360.0,3131683.0,3136090.0
2025-12-23,3136490.0,3191939.0,3104866.0,3114970.0
2025-12-24,3114970.0,3134907.0,3101905.0,3121145.0
2025-12-26,3121145.0,3151187.0,3096252.0,3112380.0
2025-12-27,3112380.0,3112380.0,3112380.0,3112380.0
2025-12-28,3112380.0,3112380.0,3112380.0,3112380.0
2025-12-29,3113647.0,3176047.0,3086247.0,3100075.0
2025-12-30,3100290.0,3124206.0,3043606.0,3051617.0
2026-01-01,3051620.0,3051620.0,3051620.0,3051620.0
2026-01-02,3051617.0,3134413.0,3049597.0,3126292.0
2026-01-03,3126290.0,3126290.0,3126290.0,3126290.0
2026-01-04,3126290.0,3126290.0,3126290.0,3126290.0
2026-01-05,3126292.0,3133818.0,3068410.0,3130197.0
2026-01-06,3130197.0,3182453.0,3108675.0,3112377.0
2026-01-07,3112377.0,3115798.0,2975131.0,3013957.0
2026-01-08,3013957.0,3078958.0,2980492.0,3074880.0
2026-01-09,3076322.0,3114930.0,3060153.0,3089461.0
2026-01-10,3089460.0,3089460.0,3089460.0,3089460.0
2026-01-11,3089460.0,3089460.0,3089460.0,3089460.0
2026-01-12,3089461.0,3101926.0,3057040.0,3076947.0
2026-01-13,3076947.0,3087179.0,3023830.0,3036293.0
2026-01-14,3036293.0,3060805.0,2944476.0,2950111.0
2026-01-15,2950111.0,2972908.0,2879922.0,2926727.0
2026-01-16,2926727.0,2976933.0,2919517.0,2933230.0
2026-01-17,2933230.0,2933230.0,2933230.0,2933230.0
2026-01-18,2933230.0,2933230.0,2933230.0,2933230.0
2026-01-19,2933230.0,2942752.0,2901614.0,2912976.0
2026-01-20,2912976.0,2969873.0,2860061.0,2942092.0
2026-01-21,2942092.0,3051268.0,2942092.0,3047554.0
2026-01-22,3047554.0,3098340.0,3047554.0,3066435.0
2026-01-23,3066435.0,3117788.0,3061932.0,3093535.0
2026-01-24,3093530.0,3093530.0,3093530.0,3093530.0
2026-01-25,3093530.0,3093530.0,3093530.0,3093530.0
2026-01-26,3093574.0,3210422.0,3077575.0,3131277.0
2026-01-27,3131650.0,3247529.0,3131650.0,3244320.0
2026-01-28,3245625.0,3296502.0,3195798.0,3230714.0
2026-01-29,3230714.0,3259829.0,3151243.0,3211242.0
2026-01-30,3211242.0,3246472.0,3166126.0,3199554.0
2026-01-31,3199550.0,3199550.0,3199550.0,3199550.0
2026-02-01,3199550.0,3199550.0,3199550.0,3199550.0
2026-02-02,3199554.0,3203209.0,3096236.0,3106672.0
2026-02-03,3106672.0,3132125.0,2997745.0,3038541.0
2026-02-04,3038541.0,3086569.0,2961379.0,3015927.0
2026-02-05,3015927.0,3024601.0,2926132.0,2932838.0
2026-02-06,2934322.0,3001265.0,2934322.0,2977119.0
2026-02-07,2977120.0,2977120.0,2977120.0,2977120.0
2026-02-08,2977120.0,2977120.0,2977120.0,2977120.0
2026-02-09,2977119.0,3015431.0,2912782.0,2976664.0
2026-02-10,2976664.0,3068390.0,2929151.0,3060606.0
2026-02-11,3060606.0,3061609.0,2984691.0,3017641.0
2026-02-12,3017641.0,3051946.0,2842391.0,2851780.0
2026-02-13,2851780.0,2877891.0,2809052.0,2816128.0
2026-02-14,2816130.0,2816130.0,2816130.0,2816130.0
2026-02-15,2816130.0,2816130.0,2816130.0,2816130.0
2026-02-16,2816130.0,2816130.0,2816130.0,2816130.0
2026-02-17,2816130.0,2816130.0,2816130.0,2816130.0
2026-02-18,2816128.0,2816128.0,2717263.0,2723175.0
2026-02-19,2723175.0,2856940.0,2710816.0,2839106.0
2026-02-20,2839106.0,2884970.0,2822820.0,2873248.0
2026-02-21,2873250.0,2873250.0,2873250.0,2873250.0
2026-02-22,2873250.0,2873250.0,2873250.0,2873250.0
2026-02-23,2873289.0,2874962.0,2751906.0,2763059.0
2026-02-24,2763443.0,2815458.0,2763124.0,2812414.0
2026-02-25,2813758.0,2828558.0,2759863.0,2799876.0
2026-02-26,2799876.0,2825680.0,2720686.0,2754420.0
2026-02-27,2754420.0,2783192.0,2635350.0,2642106.0
2026-02-28,2642110.0,2642110.0,2642110.0,2642110.0
2026-03-01,2642110.0,2642110.0,2642110.0,2642110.0
2026-03-02,2642106.0,2707246.0,2598372.0,2603094.0
2026-03-03,2603094.0,2620335.0,2516582.0,2597025.0
2026-03-04,2597025.0,2639736.0,2545293.0,2579970.0
2026-03-05,2579970.0,2630732.0,2544060.0,2570733.0
2026-03-06,2572263.0,2647349.0,2572263.0,2626115.0
2026-03-07,2626110.0,2626110.0,2626110.0,2626110.0
2026-03-08,2626110.0,2626110.0,2626110.0,2626110.0
2026-03-09,2626115.0,2651369.0,2601725.0,2632795.0
2026-03-10,2632795.0,2752372.0,2624228.0,2700255.0
2026-03-11,2700255.0,2783543.0,2700255.0,2770635.0
2026-03-12,2770635.0,2781010.0,2693016.0,2695424.0
2026-03-13,2695424.0,2722457.0,2630564.0,2642584.0
2026-03-14,2642580.0,2642580.0,2642580.0,2642580.0
2026-03-15,2642580.0,2642580.0,2642580.0,2642580.0
2026-03-16,2642584.0,2662038.0,2596646.0,2606351.0
2026-03-17,2606351.0,2687126.0,2606351.0,2663049.0
2026-03-18,2663049.0,2708546.0,2661792.0,2693891.0
2026-03-19,2693891.0,2776310.0,2672795.0,2768682.0
2026-03-20,2768682.0,2801581.0,2709175.0,2725326.0
2026-03-21,2725330.0,2725330.0,2725330.0,2725330.0
2026-03-22,2725330.0,2725330.0,2725330.0,2725330.0
2026-03-23,2725326.0,2804335.0,2709229.0,2778025.0
2026-03-24,2778020.0,2778020.0,2778020.0,2778020.0
2026-03-25,2778076.0,2845912.0,2770675.0,2805317.0
2026-03-26,2805730.0,2830650.0,2739077.0,2769369.0
2026-03-27,2770814.0,2848272.0,2737194.0,2793847.0
2026-03-28,2793850.0,2793850.0,2793850.0,2793850.0
2026-03-29,2793850.0,2793850.0,2793850.0,2793850.0
2026-03-30,2793847.0,2887597.0,2793847.0,2865754.0
2026-03-31,2865754.0,3003105.0,2865754.0,2997780.0
2026-04-01,2997780.0,3018034.0,2944673.0,2999342.0
2026-04-02,2999340.0,2999340.0,2999340.0,2999340.0
2026-04-03,2999340.0,2999340.0,2999340.0,2999340.0
2026-04-04,2999340.0,2999340.0,2999340.0,2999340.0
2026-04-05,2999340.0,2999340.0,2999340.0,2999340.0
2026-04-06,2999342.0,3038134.0,2972174.0,3006248.0
2026-04-07,3010864.0,3027220.0,2948770.0,2972630.0
2026-04-08,2972630.0,3018823.0,2953690.0,3011186.0
2026-04-09,3011186.0,3033722.0,2969197.0,2999608.0
2026-04-10,3001258.0,3046566.0,2995131.0,2998770.0
2026-04-11,2998770.0,2998770.0,2998770.0,2998770.0
2026-04-12,2998770.0,2998770.0,2998770.0,2998770.0
2026-04-13,2998770.0,3031730.0,2985795.0,2991782.0
2026-04-14,2991782.0,3016087.0,2944907.0,2950635.0
2026-04-15,2962425.0,2977382.0,2913370.0,2917889.0
2026-04-16,2917889.0,2941752.0,2889179.0,2923833.0
2026-04-17,2923833.0,2923833.0,2869380.0,2889185.0
2026-04-18,2889190.0,2889190.0,2889190.0,2889190.0
2026-04-19,2889190.0,2889190.0,2889190.0,2889190.0
2026-04-20,2889185.0,2938768.0,2865417.0,2931701.0
2026-04-21,2931701.0,2957470.0,2913140.0,2940100.0
2026-04-22,2940100.0,2966954.0,2895585.0,2898692.0
2026-04-23,2898692.0,2904282.0,2830075.0,2831849.0
2026-04-24,2831902.0,2857977.0,2803645.0,2840788.0
2026-04-25,2840790.0,2840790.0,2840790.0,2840790.0
2026-04-26,2840790.0,2840790.0,2840790.0,2840790.0
2026-04-27,2840788.0,2892497.0,2840788.0,2866257.0
2026-04-28,2866257.0,2891219.0,2849166.0,2869560.0
2026-04-29,2869560.0,2885134.0,2826338.0,2838835.0
2026-04-30,2838835.0,2857257.0,2788559.0,2832851.0
2026-05-01,2832850.0,2832850.0,2832850.0,2832850.0
2026-05-02,2832850.0,2832850.0,2832850.0,2832850.0
2026-05-03,2832850.0,2832850.0,2832850.0,2832850.0
2026-05-04,2832851.0,2835420.0,2760020.0,2767137.0
2026-05-05,2773088.0,2797480.0,2744020.0,2759257.0
2026-05-06,2759257.0,2892472.0,2749913.0,2881352.0
2026-05-07,2881352.0,2889234.0,2814711.0,2834283.0
2026-05-08,2834283.0,2849177.0,2757108.0,2769127.0
2026-05-09,2769130.0,2769130.0,2769130.0,2769130.0
2026-05-10,2769130.0,2769130.0,2769130.0,2769130.0
2026-05-11,2769127.0,2837717.0,2754977.0,2833120.0
2026-05-12,2833120.0,2850174.0,2784436.0,2792993.0
2026-05-13,2792993.0,2807294.0,2734952.0,2738355.0
2026-05-14,2738355.0,2775576.0,2736542.0,2747310.0
2026-05-15,2747310.0,2754222.0,2698659.0,2707869.0
2026-05-16,2707870.0,2707870.0,2707870.0,2707870.0
2026-05-17,2707870.0,2707870.0,2707870.0,2707870.0
2026-05-18,2709580.0,2818350.0,2703513.0,2816245.0
2026-05-19,2816245.0,2827785.0,2771122.0,2774731.0
2026-05-20,2774731.0,2805089.0,2753303.0,2788517.0
2026-05-21,2788517.0,2880557.0,2788034.0,2877439.0
2026-05-22,2866690.0,2866690.0,2842298.0,2846220.0
2026-05-26,2846220.0,2933344.0,2846220.0,2924356.0
2026-05-27,2924356.0,3085178.0,2920592.0,3072011.0
2026-05-28,3072011.0,3147754.0,3067605.0,3089497.0
2026-05-29,3089497.0,3175353.0,3082367.0,3166407.0
2026-05-30,3169090.0,3169090.0,3169090.0,3169090.0
2026-05-31,3169090.0,3169090.0,3169090.0,3169090.0
2026-06-01,3166407.0,3269155.0,3166407.0,3242788.0
2026-06-02,3244499.75,3251695.25,3189815.0,3224263.75
2026-06-03,3224263.75,3225899.5,3150234.0,3164196.0
2026-06-04,3164196.0,3204341.25,3155417.5,3174511.25
2026-06-05,3174511.25,3187442.0,3066133.25,3084616.75
2026-06-06,3084620.0,3084620.0,3084620.0,3084620.0
2026-06-07,3084620.0,3084620.0,3084620.0,3084620.0
2026-06-08,3085388.0,3147166.75,3075858.0,3112024.25
2026-06-09,3112024.25,3180262.0,3095906.25,3150726.75
2026-06-10,3166387.75,3187836.75,3143791.0,3170311.25
2026-06-11,3153149.95,3376731.02,3153149.95,3350122.82
2026-06-12,3341045.1,3390505.03,3341045.1,3352746.51
2026-06-16,3235382.37,3361860.61,3235382.37,3250954.64
2026-06-17,3249924.29,3377316.74,3249924.29,3290091.06
2026-06-18,3291882.74,3358990.99,3291882.74,3333636.85
2026-06-19,3265351.99,3337993.94,3265351.99,3294741.82
2026-06-22,3254664.37,3333900.15,3254664.37,3272896.4
2026-06-23,3220422.37,3277511.73,3220422.37,3247960.22
2026-06-24,3100467.12,3248994.69,3100467.12,3112472.54
2026-06-25,3073753.16,3138304.57,3073753.16,3095992.43
2026-06-26,3090172.54,3163705.11,3090172.54,3120104.13
2026-06-29,3123411.23,3228586.82,3123411.23,3176140.85
2026-06-30,3155817.6,3219587.0,3155817.6,3155817.6
2026-07-01,3090986.81,3210227.01,3090986.81,3114988.84
